=== Rebuilding gopurs backend ===
Reading Spago workspace configuration...

✓ Selecting package to build: gopurs

Downloading dependencies...
Building...
[1 of 2] Compiling Gopurs.CodeGen
[2 of 2] Compiling Main
[WARNING 1/85 UnusedFFIImplementations] src/Gopurs/CodeGen.purs:1:1

        v
     1  module Gopurs.CodeGen where
     2  
     3  import Prelude
        ...
  3095            "var " <> exportName <> " = gopurs_runtime.Func(func(_ gopurs_runtime.Value) gopurs_runtime.Value { panic(\"FFI not implemented: " <> pursName <> "\"); return gopurs_runtime.Value{} })"
  3096          Just d ->
  3097            "var " <> exportName <> " = " <> generateWrapperFunc dataDecls d mbTast
                                                                                        ^

  The following definitions in the foreign module for module Gopurs.CodeGen are unused:
    gopursTrace

[WARNING 2/85 UnusedExplicitImport] src/Gopurs/CodeGen.purs:4:1

  4  import PureScript.Backend.Optimizer.Syntax (BackendSyntax(..), BackendAccessor(..), Pair(..), Level(..), BackendOperator(..), BackendOperator1(..), BackendOperator2(..), BackendOperatorOrd(..), BackendOperatorNum(..), BackendEffect(..))
     ^^^^^^^^^^^^^^^^^^^^^^^^^^^^^^^^^^^^^^^^^^^^^^^^^^^^^^^^^^^^^^^^^^^^^^^^^^^^^^^^^^^^^^^^^^^^^^^^^^^^^^^^^^^^^^^^^^^^^^^^^^^^^^^^^^^^^^^^^^^^^^^^^^^^^^^^^^^^^^^^^^^^^^^^^^^^^^^^^^^^^^^^^^^^^^^^^^^^^^^^^^^^^^^^^^^^^^^^^^^^^^^^^^^^^^^^^^^^

  The import of module PureScript.Backend.Optimizer.Syntax contains the following unused references:
    Level
  It could be replaced with:
    import PureScript.Backend.Optimizer.Syntax (BackendAccessor(..), BackendEffect(..), BackendOperator(..), BackendOperator1(..), BackendOperator2(..), BackendOperatorNum(..), BackendOperatorOrd(..), BackendSyntax(..), Pair(..))

[WARNING 3/85 UnusedImport] src/Gopurs/CodeGen.purs:5:1

  5  import PureScript.Backend.Optimizer.Semantics (NeutralExpr(..))
     ^^^^^^^^^^^^^^^^^^^^^^^^^^^^^^^^^^^^^^^^^^^^^^^^^^^^^^^^^^^^^^^

  The import of PureScript.Backend.Optimizer.Semantics is redundant

[WARNING 4/85 UnusedExplicitImport] src/Gopurs/CodeGen.purs:6:1

  6  import PureScript.Backend.Optimizer.Convert (BackendModule, BackendBindingGroup)
     ^^^^^^^^^^^^^^^^^^^^^^^^^^^^^^^^^^^^^^^^^^^^^^^^^^^^^^^^^^^^^^^^^^^^^^^^^^^^^^^^

  The import of module PureScript.Backend.Optimizer.Convert contains the following unused references:
    BackendBindingGroup
  It could be replaced with:
    import PureScript.Backend.Optimizer.Convert (BackendModule)

[WARNING 5/85 UnusedExplicitImport] src/Gopurs/CodeGen.purs:9:1

  9  import Data.Maybe (Maybe(..), fromMaybe, isJust)
     ^^^^^^^^^^^^^^^^^^^^^^^^^^^^^^^^^^^^^^^^^^^^^^^^

  The import of module Data.Maybe contains the following unused references:
    isJust
  It could be replaced with:
    import Data.Maybe (Maybe(..), fromMaybe)

[WARNING 6/85 UnusedExplicitImport] src/Gopurs/CodeGen.purs:11:1

  11  import PureScript.Backend.Optimizer.CoreFn (Ann(..), Bind(..), Binder(..), Binding(..), CaseAlternative(..), CaseGuard(..), Comment, ConstructorType(..), DataConstructor, DataDecl, Expr(..), ExprType(..), Guard(..), Ident(..), Import(..), Literal(..), Meta(..), Module(..), ModuleName(..), Prop(..), ProperName(..), Qualified(..), ReExport, exprAnn, findProp, propKey, propValue, qualifiedModuleName, unQualified)
      ^^^^^^^^^^^^^^^^^^^^^^^^^^^^^^^^^^^^^^^^^^^^^^^^^^^^^^^^^^^^^^^^^^^^^^^^^^^^^^^^^^^^^^^^^^^^^^^^^^^^^^^^^^^^^^^^^^^^^^^^^^^^^^^^^^^^^^^^^^^^^^^^^^^^^^^^^^^^^^^^^^^^^^^^^^^^^^^^^^^^^^^^^^^^^^^^^^^^^^^^^^^^^^^^^^^^^^^^^^^^^^^^^^^^^^^^^^^^^^^^^^^^^^^^^^^^^^^^^^^^^^^^^^^^^^^^^^^^^^^^^^^^^^^^^^^^^^^^^^^^^^^^^^^^^^^^^^^^^^^^^^^^^^^^^^^^^^^^^^^^^^^^^^^^^^^^^^^^^^^^^^^^^^^^^^^^^^^^^^^^^^^^^^^^^^^^^^^^^^^^^^^^^^^^^^^^^

  The import of module PureScript.Backend.Optimizer.CoreFn contains the following unused references:
    Ann
    Bind
    Binder
    Binding
    CaseAlternative
    CaseGuard
    Comment
    ConstructorType
    DataConstructor
    Expr
    Guard
    Import
    Meta
    Module
    ProperName
    ReExport
    exprAnn
    findProp
    propKey
    propValue
    qualifiedModuleName
    unQualified
  It could be replaced with:
    import PureScript.Backend.Optimizer.CoreFn (DataDecl, ExprType(..), Ident(..), Literal(..), ModuleName(..), Prop(..), Qualified(..))

[WARNING 7/85 UnusedImport] src/Gopurs/CodeGen.purs:13:1

  13  import Data.Array.NonEmpty as NonEmptyArray
      ^^^^^^^^^^^^^^^^^^^^^^^^^^^^^^^^^^^^^^^^^^^

  The qualified import of Data.Array.NonEmpty as NonEmptyArray is redundant

[WARNING 8/85 UnusedExplicitImport] src/Gopurs/CodeGen.purs:14:1

  14  import Data.Array.NonEmpty (NonEmptyArray, fromArray, toArray)
      ^^^^^^^^^^^^^^^^^^^^^^^^^^^^^^^^^^^^^^^^^^^^^^^^^^^^^^^^^^^^^^

  The import of module Data.Array.NonEmpty contains the following unused references:
    NonEmptyArray
  It could be replaced with:
    import Data.Array.NonEmpty (fromArray, toArray)

[WARNING 9/85 UnusedImport] src/Gopurs/CodeGen.purs:19:1

  19  import Partial.Unsafe (unsafePartial)
      ^^^^^^^^^^^^^^^^^^^^^^^^^^^^^^^^^^^^^

  The import of Partial.Unsafe is redundant

[WARNING 10/85 DuplicateImport] src/Gopurs/CodeGen.purs:28:1

  28  import Data.Set as Set
      ^^^^^^^^^^^^^^^^^^^^^^

  Duplicate import of Data.Set as Set

[WARNING 11/85 UnusedExplicitImport] src/Gopurs/CodeGen.purs:35:1

  35  import PureScript.Backend.Optimizer.Substitute (unify, substituteExprType, mapTcoExprTypes, substituteAst)
      ^^^^^^^^^^^^^^^^^^^^^^^^^^^^^^^^^^^^^^^^^^^^^^^^^^^^^^^^^^^^^^^^^^^^^^^^^^^^^^^^^^^^^^^^^^^^^^^^^^^^^^^^^^

  The import of module PureScript.Backend.Optimizer.Substitute contains the following unused references:
    substituteExprType
    mapTcoExprTypes
    substituteAst
  It could be replaced with:
    import PureScript.Backend.Optimizer.Substitute (unify)

[WARNING 12/85 UnusedExplicitImport] src/Gopurs/CodeGen.purs:36:1

  36  import Gopurs.GoAst (GoFile, GoDecl, GoExpr(..), GoType(..), goTypeToStr, sanitizeName, goRecordStructName)
      ^^^^^^^^^^^^^^^^^^^^^^^^^^^^^^^^^^^^^^^^^^^^^^^^^^^^^^^^^^^^^^^^^^^^^^^^^^^^^^^^^^^^^^^^^^^^^^^^^^^^^^^^^^^

  The import of module Gopurs.GoAst contains the following unused references:
    GoFile
    goRecordStructName
  It could be replaced with:
    import Gopurs.GoAst (GoDecl, GoExpr(..), GoType(..), goTypeToStr, sanitizeName)

[WARNING 13/85 UnusedExplicitImport] src/Gopurs/CodeGen.purs:40:1

  40  import PureScript.Backend.Optimizer.Codegen.Tco (TcoExpr(..), tcoAnalysisOf)
      ^^^^^^^^^^^^^^^^^^^^^^^^^^^^^^^^^^^^^^^^^^^^^^^^^^^^^^^^^^^^^^^^^^^^^^^^^^^^

  The import of module PureScript.Backend.Optimizer.Codegen.Tco contains the following unused references:
    tcoAnalysisOf
  It could be replaced with:
    import PureScript.Backend.Optimizer.Codegen.Tco (TcoExpr(..))

[WARNING 14/85 UnusedImport] src/Gopurs/CodeGen.purs:42:1

  42  import Node.Path as Path
      ^^^^^^^^^^^^^^^^^^^^^^^^

  The qualified import of Node.Path as Path is redundant

[WARNING 15/85 UnusedImport] src/Gopurs/CodeGen.purs:43:1

  43  import Node.FS.Sync as FS
      ^^^^^^^^^^^^^^^^^^^^^^^^^

  The qualified import of Node.FS.Sync as FS is redundant

[WARNING 16/85 DuplicateSelectiveImport] src/Gopurs/CodeGen.purs:44:1

  44  import Data.Tuple (Tuple(..), fst)
      ^^^^^^^^^^^^^^^^^^^^^^^^^^^^^^^^^^

  There is an existing import of Data.Tuple, consider merging the import lists

[WARNING 17/85 DuplicateSelectiveImport] src/Gopurs/CodeGen.purs:47:1

  47  import Data.Maybe (fromMaybe)
      ^^^^^^^^^^^^^^^^^^^^^^^^^^^^^

  There is an existing import of Data.Maybe, consider merging the import lists

[WARNING 18/85 UnusedName] src/Gopurs/CodeGen.purs:56:41

  56  coerceGoExpr expr (TypeStructPointer b1 f1 s1 a1) (TypeStructPointer b2 f2 s2 a2) | b1 == b2 && s1 == s2 && a1 == a2 = expr
                                              ^^

  Name f1 was introduced but not used.
  in value declaration coerceGoExpr

[WARNING 19/85 UnusedName] src/Gopurs/CodeGen.purs:56:73

  56  coerceGoExpr expr (TypeStructPointer b1 f1 s1 a1) (TypeStructPointer b2 f2 s2 a2) | b1 == b2 && s1 == s2 && a1 == a2 = expr
                                                                              ^^

  Name f2 was introduced but not used.
  in value declaration coerceGoExpr

[WARNING 20/85 UnusedName] src/Gopurs/CodeGen.purs:93:5

  93      cleanType = String.replaceAll (Pattern " ") (Replacement "_") typeStrSafe6
          ^^^^^^^^^^^^^^^^^^^^^^^^^^^^^^^^^^^^^^^^^^^^^^^^^^^^^^^^^^^^^^^^^^^^^^^^^^

  Name cleanType was introduced but not used.
  in value declaration mangleType

[WARNING 21/85 UnusedName] src/Gopurs/CodeGen.purs:105:18

  105  exprTypeToGoType ptrPaths enumAdts elided modNameStr (Record _) = TypeValue
                        ^^^^^^^^

  Name ptrPaths was introduced but not used.
  in value declaration exprTypeToGoType

[WARNING 22/85 UnusedName] src/Gopurs/CodeGen.purs:105:27

  105  exprTypeToGoType ptrPaths enumAdts elided modNameStr (Record _) = TypeValue
                                 ^^^^^^^^

  Name enumAdts was introduced but not used.
  in value declaration exprTypeToGoType

[WARNING 23/85 UnusedName] src/Gopurs/CodeGen.purs:105:36

  105  exprTypeToGoType ptrPaths enumAdts elided modNameStr (Record _) = TypeValue
                                          ^^^^^^

  Name elided was introduced but not used.
  in value declaration exprTypeToGoType

[WARNING 24/85 UnusedName] src/Gopurs/CodeGen.purs:105:43

  105  exprTypeToGoType ptrPaths enumAdts elided modNameStr (Record _) = TypeValue
                                                 ^^^^^^^^^^

  Name modNameStr was introduced but not used.
  in value declaration exprTypeToGoType

[WARNING 25/85 UnusedName] src/Gopurs/CodeGen.purs:141:35

  141  exprTypeToGoType _ _ _ _ (TypeVar v) = TypeValue
                                         ^

  Name v was introduced but not used.
  in value declaration exprTypeToGoType

[WARNING 26/85 UnusedName] src/Gopurs/CodeGen.purs:205:26

  205  instantiateGenericGoType env t = t
                                ^^^

  Name env was introduced but not used.
  in value declaration instantiateGenericGoType

[WARNING 27/85 UserDefinedWarning] src/Gopurs/CodeGen.purs:207:1

  207  unboxGoExpr :: GoExpr -> GoType -> GoType -> GoExpr
       ^^^^^^^^^^^^^^^^^^^^^^^^^^^^^^^^^^^^^^^^^^^^^^^^^^^

  A custom warning occurred while solving type class constraints:
    Debug function usage
  in binding group unboxGoExpr

[WARNING 28/85 UnusedName] src/Gopurs/CodeGen.purs:291:21

  291  extractUncurriedAbs tcoExpr@(TcoExpr _ syntax) = case syntax of
                           ^^^^^^^^^^^^^^^^^^^^^^^^^^

  Name tcoExpr was introduced but not used.
  in value declaration extractUncurriedAbs

[WARNING 29/85 UnusedName] src/Gopurs/CodeGen.purs:347:79

  347  translate enumAdts enumCtors pointerAdtPaths pointerAdtNodes pointerAdtLeaves adtTypes elidedCtors ctorTypes globalTypes rawInstantiations classDeclsMap classDeclsFields importsArray mod =
                                                                                     ^^^^^^^^

  Name adtTypes was introduced but not used.
  in value declaration translate

[WARNING 30/85 UnusedName] src/Gopurs/CodeGen.purs:347:140

  347  translate enumAdts enumCtors pointerAdtPaths pointerAdtNodes pointerAdtLeaves adtTypes elidedCtors ctorTypes globalTypes rawInstantiations classDeclsMap classDeclsFields importsArray mod =
                                                                                                                                                  ^^^^^^^^^^^^^

  Name classDeclsMap was introduced but not used.
  in value declaration translate

[WARNING 31/85 ShadowedName] src/Gopurs/CodeGen.purs:360:26

  360          checkSafe (ADT _ parts args) =
                                ^^^^^

  Name parts was shadowed.
  in value declaration translate

[WARNING 32/85 UnusedName] src/Gopurs/CodeGen.purs:385:5

           v
  385      instantiations = Map.mapMaybe
  386        ( \typeMap ->
  387            let
       ...
  391              if Set.isEmpty safeSet then Nothing else Just safeSet
  392        )
  393        rawInstantiations
                             ^

  Name instantiations was introduced but not used.
  in value declaration translate

[WARNING 33/85 UnusedName] src/Gopurs/CodeGen.purs:450:21

  450                      nameStr = unwrap id
                           ^^^^^^^^^^^^^^^^^^^

  Name nameStr was introduced but not used.
  in value declaration translate

[WARNING 34/85 ShadowedName] src/Gopurs/CodeGen.purs:462:5

  462      getExprType (TcoExpr _ (Typed ty _)) = ty
           ^^^^^^^^^^^^^^^^^^^^^^^^^^^^^^^^^^^^^^^^^

  Name getExprType was shadowed.
  in value declaration translate

[WARNING 35/85 ShadowedName] src/Gopurs/CodeGen.purs:463:5

  463      getExprType _ = Any -- fallback
           ^^^^^^^^^^^^^^^^^^^

  Name getExprType was shadowed.
  in value declaration translate

[WARNING 36/85 UnusedName] src/Gopurs/CodeGen.purs:466:5

  466      setTcoExprType ty (TcoExpr a (Typed _ inner)) = TcoExpr a (Typed ty inner)
           ^^^^^^^^^^^^^^^^^^^^^^^^^^^^^^^^^^^^^^^^^^^^^^^^^^^^^^^^^^^^^^^^^^^^^^^^^^

  Name setTcoExprType was introduced but not used.
  in value declaration translate

[WARNING 37/85 UnusedName] src/Gopurs/CodeGen.purs:467:5

  467      setTcoExprType _ expr = expr
           ^^^^^^^^^^^^^^^^^^^^^^^^^^^^

  Name setTcoExprType was introduced but not used.
  in value declaration translate

[WARNING 38/85 UnusedName] src/Gopurs/CodeGen.purs:476:28

  476                Just { args, body } ->
                                  ^^^^

  Name body was introduced but not used.
  in value declaration translate

[WARNING 39/85 UnusedName] src/Gopurs/CodeGen.purs:526:43

  526                  processBindingGroup binds isRec =
                                                 ^^^^^

  Name isRec was introduced but not used.
  in value declaration translate

[WARNING 40/85 UnusedName] src/Gopurs/CodeGen.purs:533:27

  533                            loopCtxs = map (\fn -> { ident: fn.ident, params: fn.args, loopParams: map (\p -> p <> "_loop") fn.args }) fns
                                 ^^^^^^^^^^^^^^^^^^^^^^^^^^^^^^^^^^^^^^^^^^^^^^^^^^^^^^^^^^^^^^^^^^^^^^^^^^^^^^^^^^^^^^^^^^^^^^^^^^^^^^^^^^^^^^

  Name loopCtxs was introduced but not used.
  in value declaration translate

[WARNING 41/85 UnusedName] src/Gopurs/CodeGen.purs:560:35

  560                                    loopParams = map (\(Tuple idStr _) -> idStr <> "_loop") paramsWithTypes
                                         ^^^^^^^^^^^^^^^^^^^^^^^^^^^^^^^^^^^^^^^^^^^^^^^^^^^^^^^^^^^^^^^^^^^^^^^

  Name loopParams was introduced but not used.
  in value declaration translate

[WARNING 42/85 UnusedName] src/Gopurs/CodeGen.purs:596:75

  596                                              pure $ Array.foldr (\(Tuple p goT) acc -> GoCall (GoSelector (GoVar "gopurs_runtime") "Func") [ GoRaw ("func(" <> p <> "_box gopurs_runtime.Value) gopurs_runtime.Value {\nreturn " <> printGoExpr acc <> "\n}") ]) iife paramsWithTypes
                                                                                 ^^^

  Name goT was introduced but not used.
  in value declaration translate

[WARNING 43/85 UnusedName] src/Gopurs/CodeGen.purs:742:7

  742    Let ident lvl val body -> "Let(" <> printTcoExprShape body <> ")"
             ^^^^^

  Name ident was introduced but not used.
  in value declaration printTcoExprShape

[WARNING 44/85 UnusedName] src/Gopurs/CodeGen.purs:742:13

  742    Let ident lvl val body -> "Let(" <> printTcoExprShape body <> ")"
                   ^^^

  Name lvl was introduced but not used.
  in value declaration printTcoExprShape

[WARNING 45/85 UnusedName] src/Gopurs/CodeGen.purs:742:17

  742    Let ident lvl val body -> "Let(" <> printTcoExprShape body <> ")"
                       ^^^

  Name val was introduced but not used.
  in value declaration printTcoExprShape

[WARNING 46/85 UnusedName] src/Gopurs/CodeGen.purs:743:7

  743    Abs ident body -> "Abs(" <> printTcoExprShape body <> ")"
             ^^^^^

  Name ident was introduced but not used.
  in value declaration printTcoExprShape

[WARNING 47/85 UnusedName] src/Gopurs/CodeGen.purs:744:10

  744    App fn arg -> "App(" <> printTcoExprShape fn <> ")"
                ^^^

  Name arg was introduced but not used.
  in value declaration printTcoExprShape

[WARNING 48/85 UnusedName] src/Gopurs/CodeGen.purs:757:19

  757    UncurriedApp fn args -> "UncurriedApp(" <> printTcoExprShape fn <> ")"
                         ^^^^

  Name args was introduced but not used.
  in value declaration printTcoExprShape

[WARNING 49/85 UnusedName] src/Gopurs/CodeGen.purs:758:25

  758    UncurriedEffectApp fn args -> "UncurriedEffectApp(" <> printTcoExprShape fn <> ")"
                               ^^^^

  Name args was introduced but not used.
  in value declaration printTcoExprShape

[WARNING 50/85 UserDefinedWarning] src/Gopurs/CodeGen.purs:853:1

  853  translateExprImpl__ :: Ref { decls :: Array GoDecl, rawDecls :: Array String, elidedCtors :: Set.Set String, ctorTypes :: Map String { vars :: Array String, fields :: Array ExprType }, pointerAdtPaths :: Map String { ctorName :: String, arity :: Int }, pointerAdtNodes :: Set String, pointerAdtLeaves :: Map String { nodeBaseStruct :: String, nodeCtor :: String }, enumAdts :: Set.Set String, enumCtors :: Set.Set String, globalTypes :: Map.Map String ExprType, classDeclsFields :: Map String { vars :: Array String, fields :: Array { name :: String, "type" :: ExprType } }, globalId :: Int, globalTypeVars :: Array String } -> Int -> String -> Array String -> Map String { fullName :: String, fVars :: Array String, fArgs :: Array GoType, fRet :: GoType, arity :: Int } -> Map String { name :: String, goType :: GoType } -> Maybe String -> Array { ident :: String, params :: Array String, loopParams :: Array String, goTypes :: Array GoType, fVars :: Array String } -> Boolean -> Boolean -> Maybe ExprType -> Int -> TcoExpr -> { stmts :: StmtTree, expr :: GoExpr, exprType :: GoType, nextId :: Int }
       ^^^^^^^^^^^^^^^^^^^^^^^^^^^^^^^^^^^^^^^^^^^^^^^^^^^^^^^^^^^^^^^^^^^^^^^^^^^^^^^^^^^^^^^^^^^^^^^^^^^^^^^^^^^^^^^^^^^^^^^^^^^^^^^^^^^^^^^^^^^^^^^^^^^^^^^^^^^^^^^^^^^^^^^^^^^^^^^^^^^^^^^^^^^^^^^^^^^^^^^^^^^^^^^^^^^^^^^^^^^^^^^^^^^^^^^^^^^^^^^^^^^^^^^^^^^^^^^^^^^^^^^^^^^^^^^^^^^^^^^^^^^^^^^^^^^^^^^^^^^^^^^^^^^^^^^^^^^^^^^^^^^^^^^^^^^^^^^^^^^^^^^^^^^^^^^^^^^^^^^^^^^^^^^^^^^^^^^^^^^^^^^^^^^^^^^^^^^^^^^^^^^^^^^^^^^^^^^^^^^^^^^^^^^^^^^^^^^^^^^^^^^^^^^^^^^^^^^^^^^^^^^^^^^^^^^^^^^^^^^^^^^^^^^^^^^^^^^^^^^^^^^^^^^^^^^^^^^^^^^^^^^^^^^^^^^^^^^^^^^^^^^^^^^^^^^^^^^^^^^^^^^^^^^^^^^^^^^^^^^^^^^^^^^^^^^^^^^^^^^^^^^^^^^^^^^^^^^^^^^^^^^^^^^^^^^^^^^^^^^^^^^^^^^^^^^^^^^^^^^^^^^^^^^^^^^^^^^^^^^^^^^^^^^^^^^^^^^^^^^^^^^^^^^^^^^^^^^^^^^^^^^^^^^^^^^^^^^^^^^^^^^^^^^^^^^^^^^^^^^^^^^^^^^^^^^^^^^^^^^^^^^^^^^^^^^^^^^^^^^^^^^^^^^^^^^^^^^^^^^^^^^^^^^^^^^^^^^^^^^^^^^^^^^^^^^^^^^^^^^^^^^^^^^^^^^^^^^^^^^^^^^^^^^^^^^^^^^^^^^^^^^^^^^^^^^^^^^^^^^^^^^^^^^^^^^^^^^^^^^^^^^^^^^^^^^^^^^^^^^^^^^^^^^^^^^^^^^^^^^^^^^^^^^^^^^^^^^^^^^^^^^^^^^^^^^^^^^^^^^^^^^^^^^^^^^^^^^^^^^^^^^^^^^^^^^^^^^^^^^^^^^^^^^^^^^^^^^^^^^^^^^^^^^^^^^^^^^^^^^^

  A custom warning occurred while solving type class constraints:
    Debug function usage
  in binding group translateExprImpl__, translateExprImpl_

[WARNING 51/85 UserDefinedWarning] src/Gopurs/CodeGen.purs:853:1

  853  translateExprImpl__ :: Ref { decls :: Array GoDecl, rawDecls :: Array String, elidedCtors :: Set.Set String, ctorTypes :: Map String { vars :: Array String, fields :: Array ExprType }, pointerAdtPaths :: Map String { ctorName :: String, arity :: Int }, pointerAdtNodes :: Set String, pointerAdtLeaves :: Map String { nodeBaseStruct :: String, nodeCtor :: String }, enumAdts :: Set.Set String, enumCtors :: Set.Set String, globalTypes :: Map.Map String ExprType, classDeclsFields :: Map String { vars :: Array String, fields :: Array { name :: String, "type" :: ExprType } }, globalId :: Int, globalTypeVars :: Array String } -> Int -> String -> Array String -> Map String { fullName :: String, fVars :: Array String, fArgs :: Array GoType, fRet :: GoType, arity :: Int } -> Map String { name :: String, goType :: GoType } -> Maybe String -> Array { ident :: String, params :: Array String, loopParams :: Array String, goTypes :: Array GoType, fVars :: Array String } -> Boolean -> Boolean -> Maybe ExprType -> Int -> TcoExpr -> { stmts :: StmtTree, expr :: GoExpr, exprType :: GoType, nextId :: Int }
       ^^^^^^^^^^^^^^^^^^^^^^^^^^^^^^^^^^^^^^^^^^^^^^^^^^^^^^^^^^^^^^^^^^^^^^^^^^^^^^^^^^^^^^^^^^^^^^^^^^^^^^^^^^^^^^^^^^^^^^^^^^^^^^^^^^^^^^^^^^^^^^^^^^^^^^^^^^^^^^^^^^^^^^^^^^^^^^^^^^^^^^^^^^^^^^^^^^^^^^^^^^^^^^^^^^^^^^^^^^^^^^^^^^^^^^^^^^^^^^^^^^^^^^^^^^^^^^^^^^^^^^^^^^^^^^^^^^^^^^^^^^^^^^^^^^^^^^^^^^^^^^^^^^^^^^^^^^^^^^^^^^^^^^^^^^^^^^^^^^^^^^^^^^^^^^^^^^^^^^^^^^^^^^^^^^^^^^^^^^^^^^^^^^^^^^^^^^^^^^^^^^^^^^^^^^^^^^^^^^^^^^^^^^^^^^^^^^^^^^^^^^^^^^^^^^^^^^^^^^^^^^^^^^^^^^^^^^^^^^^^^^^^^^^^^^^^^^^^^^^^^^^^^^^^^^^^^^^^^^^^^^^^^^^^^^^^^^^^^^^^^^^^^^^^^^^^^^^^^^^^^^^^^^^^^^^^^^^^^^^^^^^^^^^^^^^^^^^^^^^^^^^^^^^^^^^^^^^^^^^^^^^^^^^^^^^^^^^^^^^^^^^^^^^^^^^^^^^^^^^^^^^^^^^^^^^^^^^^^^^^^^^^^^^^^^^^^^^^^^^^^^^^^^^^^^^^^^^^^^^^^^^^^^^^^^^^^^^^^^^^^^^^^^^^^^^^^^^^^^^^^^^^^^^^^^^^^^^^^^^^^^^^^^^^^^^^^^^^^^^^^^^^^^^^^^^^^^^^^^^^^^^^^^^^^^^^^^^^^^^^^^^^^^^^^^^^^^^^^^^^^^^^^^^^^^^^^^^^^^^^^^^^^^^^^^^^^^^^^^^^^^^^^^^^^^^^^^^^^^^^^^^^^^^^^^^^^^^^^^^^^^^^^^^^^^^^^^^^^^^^^^^^^^^^^^^^^^^^^^^^^^^^^^^^^^^^^^^^^^^^^^^^^^^^^^^^^^^^^^^^^^^^^^^^^^^^^^^^^^^^^^^^^^^^^^^^^^^^^^^^^^^^^^^^^^^^^^^^^^^^^^^^^^^^^^^^^^^^^^^^

  A custom warning occurred while solving type class constraints:
    Debug function usage
  in binding group translateExprImpl__, translateExprImpl_

[WARNING 52/85 UnusedName] src/Gopurs/CodeGen.purs:877:91

  877                  Lit (LitRecord props), TypeStructPointer baseStructName fullName fullPath tArgs ->
                                                                                                 ^^^^^

  Name tArgs was introduced but not used.
  in value declaration translateExprImpl__

[WARNING 53/85 ShadowedName] src/Gopurs/CodeGen.purs:883:31

  883                            ADT fullName _ tArgs ->
                                     ^^^^^^^^

  Name fullName was shadowed.
  in value declaration translateExprImpl__

[WARNING 54/85 ShadowedName] src/Gopurs/CodeGen.purs:883:42

  883                            ADT fullName _ tArgs ->
                                                ^^^^^

  Name tArgs was shadowed.
  in value declaration translateExprImpl__

[WARNING 55/85 ShadowedName] src/Gopurs/CodeGen.purs:1011:15

                      v
  1011                expr =
  1012                  if n == 0.0 && 1.0 / n < 0.0 then GoCall (GoSelector (GoVar "gopurs_runtime") "NegativeZero") []
  1013                  else if nStr == "Infinity" then GoCall (GoSelector (GoVar "math") "Inf") [ GoInt 1 ]
  1014                  else if nStr == "-Infinity" then GoCall (GoSelector (GoVar "math") "Inf") [ GoInt (-1) ]
  1015                  else if nStr == "NaN" then GoCall (GoSelector (GoVar "math") "NaN") []
  1016                  else GoRaw nStr
                                      ^

  Name expr was shadowed.
  in value declaration translateExprImpl__

[WARNING 56/85 ShadowedName] src/Gopurs/CodeGen.purs:1045:50

  1045                      boxedExprs = Array.zipWith (\expr ty -> boxGoExpr expr ty) accXs.exprs accXs.exprTypes
                                                         ^^^^

  Name expr was shadowed.
  in value declaration translateExprImpl__

[WARNING 57/85 UnusedName] src/Gopurs/CodeGen.purs:1093:15

  1093            App fn args ->
                      ^^

  Name fn was introduced but not used.
  in value declaration translateExprImpl__

[WARNING 58/85 UnusedName] src/Gopurs/CodeGen.purs:1095:15

  1095                argsArr = toArray args
                      ^^^^^^^^^^^^^^^^^^^^^^

  Name argsArr was introduced but not used.
  in value declaration translateExprImpl__

[WARNING 59/85 UnusedName] src/Gopurs/CodeGen.purs:1105:34

  1105                    Var (Qualified mbMod (Ident name)) ->
                                         ^^^^^

  Name mbMod was introduced but not used.
  in value declaration translateExprImpl__

[WARNING 60/85 ShadowedName] src/Gopurs/CodeGen.purs:1143:46

  1143                      extractTypeArgs (TypeApp fn args) = extractTypeArgs fn <> args
                                                     ^^

  Name fn was shadowed.
  in value declaration translateExprImpl__

[WARNING 61/85 ShadowedName] src/Gopurs/CodeGen.purs:1143:49

  1143                      extractTypeArgs (TypeApp fn args) = extractTypeArgs fn <> args
                                                        ^^^^

  Name args was shadowed.
  in value declaration translateExprImpl__

[WARNING 62/85 UnusedName] src/Gopurs/CodeGen.purs:1149:48

  1149                      getVar (Local mbIdent lvl) ty =
                                                       ^^

  Name ty was introduced but not used.
  in value declaration translateExprImpl__

[WARNING 63/85 UnusedName] src/Gopurs/CodeGen.purs:1387:50

  1387                                    TypeFunc fArgs fRet | Array.length fArgs == Array.length flatArgs ->
                                                         ^^^^

  Name fRet was introduced but not used.
  in value declaration translateExprImpl__

[WARNING 64/85 UnusedName] src/Gopurs/CodeGen.purs:1673:40

  1673                          Var (Qualified mbMod (Ident name)) ->
                                               ^^^^^

  Name mbMod was introduced but not used.
  in value declaration translateExprImpl__

[WARNING 65/85 UnusedName] src/Gopurs/CodeGen.purs:1906:55

  1906                      funcExpr = Array.foldr (\(Tuple p goT) acc -> GoCall (GoSelector (GoVar "gopurs_runtime") "Func") [ GoRaw ("func(" <> p <> "_loop_val gopurs_runtime.Value) gopurs_runtime.Value {\nreturn " <> printGoExpr acc <> "\n}") ]) nativeCallExpr paramsWithTypes
                                                              ^^^

  Name goT was introduced but not used.
  in value declaration translateExprImpl__

[WARNING 66/85 UnusedName] src/Gopurs/CodeGen.purs:1976:21

  1976                      combinedLoopCtx = loopCtxs <> loopCtx
                            ^^^^^^^^^^^^^^^^^^^^^^^^^^^^^^^^^^^^^

  Name combinedLoopCtx was introduced but not used.
  in value declaration translateExprImpl__

[WARNING 67/85 UnusedName] src/Gopurs/CodeGen.purs:2000:29

  2000                              loopParams = map (\(Tuple idStr _) -> idStr <> "_loop") paramsWithTypes
                                    ^^^^^^^^^^^^^^^^^^^^^^^^^^^^^^^^^^^^^^^^^^^^^^^^^^^^^^^^^^^^^^^^^^^^^^^

  Name loopParams was introduced but not used.
  in value declaration translateExprImpl__

[WARNING 68/85 UnusedName] src/Gopurs/CodeGen.purs:2009:63

  2009                              funcExpr = Array.foldr (\(Tuple p goT) acc -> GoCall (GoSelector (GoVar "gopurs_runtime") "Func") [ GoRaw ("func(" <> p <> "_loop_val gopurs_runtime.Value) gopurs_runtime.Value {\nreturn " <> printGoExpr acc <> "\n}") ]) nativeCallExpr paramsWithTypes
                                                                      ^^^

  Name goT was introduced but not used.
  in value declaration translateExprImpl__

[WARNING 69/85 UnusedName] src/Gopurs/CodeGen.purs:2023:51

  2023                        ( \acc (Tuple (Tuple (Ident ident) val) alloc) ->
                                                          ^^^^^

  Name ident was introduced but not used.
  in value declaration translateExprImpl__

[WARNING 70/85 ShadowedName] src/Gopurs/CodeGen.purs:2198:21

  2198                  ADT fullName _ tArgs ->
                            ^^^^^^^^

  Name fullName was shadowed.
  in value declaration translateExprImpl__

[WARNING 71/85 UnusedName] src/Gopurs/CodeGen.purs:2206:25

  2206                  TypeApp fn arg ->
                                ^^

  Name fn was introduced but not used.
  in value declaration translateExprImpl__

[WARNING 72/85 UnusedName] src/Gopurs/CodeGen.purs:2206:28

  2206                  TypeApp fn arg ->
                                   ^^^

  Name arg was introduced but not used.
  in value declaration translateExprImpl__

[WARNING 73/85 UnusedName] src/Gopurs/CodeGen.purs:2212:34

  2212                        Tuple (ADT fnName _ tArgs) allArgs ->
                                         ^^^^^^

  Name fnName was introduced but not used.
  in value declaration translateExprImpl__

[WARNING 74/85 UnusedName] src/Gopurs/CodeGen.purs:2224:23

                              v
  2224                        expectedExprType = case Array.index fields' i of
  2225                          Just ty -> ty
  2226                          Nothing -> Any
                                             ^

  Name expectedExprType was introduced but not used.
  in value declaration translateExprImpl__

[WARNING 75/85 ShadowedName] src/Gopurs/CodeGen.purs:2316:21

  2316                  ADT fullName _ tArgs ->
                            ^^^^^^^^

  Name fullName was shadowed.
  in value declaration translateExprImpl__

[WARNING 76/85 ShadowedName] src/Gopurs/CodeGen.purs:2371:21

  2371                  ADT fullName _ tArgs ->
                            ^^^^^^^^

  Name fullName was shadowed.
  in value declaration translateExprImpl__

[WARNING 77/85 ShadowedName] src/Gopurs/CodeGen.purs:2380:24

  2380                    Just ctorInfo -> map (const TypeValue) ctorInfo.vars
                               ^^^^^^^^

  Name ctorInfo was shadowed.
  in value declaration translateExprImpl__

[WARNING 78/85 ShadowedName] src/Gopurs/CodeGen.purs:2388:26

  2388                      Just expr -> { expr: boxGoExpr expr (fromMaybe TypeValue (map (exprTypeToGenericGoType (unsafePerformEffect (Ref.read helpersRef)).pointerAdtPaths (unsafePerformEffect (Ref.read helpersRef)).enumAdts (unsafePerformEffect (Ref.read helpersRef)).elidedCtors (unsafePerformEffect (Ref.read helpersRef)).globalTypeVars modNameStr) (Array.index fields 0))), exprType: TypeValue }
                                 ^^^^

  Name expr was shadowed.
  in value declaration translateExprImpl__

[WARNING 79/85 UnusedName] src/Gopurs/CodeGen.purs:2827:10

  2827        ( \i (Tuple fK fT) ->
                 ^

  Name i was introduced but not used.
  in value declaration wrapReturn

[WARNING 80/85 UnusedName] src/Gopurs/CodeGen.purs:2852:16

  2852              ( \i (Tuple fK fT) ->
                       ^

  Name i was introduced but not used.
  in value declaration wrapReturn

[WARNING 81/85 UnusedName] src/Gopurs/CodeGen.purs:2924:19

  2924    ConstrainedType constraints body -> "(ConstrainedType " <> printExprType body <> ")"
                          ^^^^^^^^^^^

  Name constraints was introduced but not used.
  in value declaration printExprType

[WARNING 82/85 UnusedName] src/Gopurs/CodeGen.purs:2925:7

  2925    ADT fullName path args -> "(ADT " <> show path <> " [" <> String.joinWith ", " (map printExprType args) <> "])"
              ^^^^^^^^

  Name fullName was introduced but not used.
  in value declaration printExprType

[WARNING 83/85 UnusedName] src/Gopurs/CodeGen.purs:2947:14

  2947          Just r -> retStr == "any" || retStr == "interface{}" || retStr == "gopurs_runtime.Value"
                     ^

  Name r was introduced but not used.
  in value declaration isStandardPursFunc

[WARNING 84/85 UnusedName] src/Gopurs/CodeGen.purs:2976:11

                  v
  2976            substituteGeneric t =
  2977              let
  2978                s = printTypeNode t
  2979                res = Array.foldl (\acc tp -> String.replaceAll (Pattern ("\\b" <> tp <> "\\b")) (Replacement "gopurs_runtime.Value") acc) s d.typeParams
  2980              in
  2981                TUnknown res
                                 ^

  Name substituteGeneric was introduced but not used.
  in value declaration generateWrapperFunc

[WARNING 85/85 UnusedName] src/Gopurs/CodeGen.purs:2983:11

  2983            newLines = []
                  ^^^^^^^^^^^^^

  Name newLines was introduced but not used.
  in value declaration generateWrapperFunc

           Src   Lib   All
Warnings    85     0    85
Errors       0     0     0

✓ Build succeeded.

Reading Spago workspace configuration...

✓ Selecting package to build: gopurs

Downloading dependencies...
Building...
           Src   Lib   All
Warnings     0     0     0
Errors       0     0     0

✓ Build succeeded.

Bundling...

  bin/gopurs.js  1.4mb ⚠️

⚡ Done in 29ms

✓ Bundle succeeded.

Building...
Reading Spago workspace configuration...

✓ Selecting package to build: ps-go-test

Downloading dependencies...
Building...
[  1 of 307] Compiling Unsafe.Coerce
[  2 of 307] Compiling Type.Proxy
[  3 of 307] Compiling Partial
[  4 of 307] Compiling Record.Unsafe
[  5 of 307] Compiling Spago.Generated.BuildInfo
[  6 of 307] Compiling Test.Implicit
[  7 of 307] Compiling Data.Traversable.Accum
[  9 of 307] Compiling Data.Unit
[  8 of 307] Compiling Type.Equality
[ 10 of 307] Compiling Data.Void
[ 11 of 307] Compiling Data.String.Unsafe
[ 12 of 307] Compiling Data.NaturalTransformation
[ 13 of 307] Compiling Data.Int.Bits
[ 14 of 307] Compiling Data.Boolean
[ 15 of 307] Compiling Control.Semigroupoid
[ 16 of 307] Compiling Control.Lazy
[ 17 of 307] Compiling Partial.Unsafe
[ 19 of 307] Compiling Safe.Coerce
[ 20 of 307] Compiling Data.Exists
[ 21 of 307] Compiling Data.Function.Uncurried
[ 18 of 307] Compiling Data.Symbol
[ 22 of 307] Compiling Data.HeytingAlgebra
[ 23 of 307] Compiling Data.Semigroup
[ 25 of 307] Compiling Control.Category
[ 24 of 307] Compiling Data.Semiring
[ 26 of 307] Compiling Data.Show
[ 27 of 307] Compiling Data.Ring
[ 28 of 307] Compiling Data.Generic.Rep
[ 30 of 307] Compiling Data.BooleanAlgebra
[ 29 of 307] Compiling Data.Eq
[ 31 of 307] Compiling Data.CommutativeRing
[ 32 of 307] Compiling Data.EuclideanRing
[ 33 of 307] Compiling Data.Ordering
[ 34 of 307] Compiling Data.Ord
[ 35 of 307] Compiling Data.DivisionRing
[ 36 of 307] Compiling Data.Field
[ 38 of 307] Compiling Data.Reflectable
[ 40 of 307] Compiling Data.Bounded
[ 37 of 307] Compiling Data.Function
[ 39 of 307] Compiling Data.Monoid
[ 41 of 307] Compiling Data.Functor
[ 44 of 307] Compiling Control.Alt
[ 43 of 307] Compiling Control.Extend
[ 42 of 307] Compiling Control.Apply
[ 45 of 307] Compiling Control.Plus
[ 46 of 307] Compiling Data.Monoid.Generic
[ 47 of 307] Compiling Data.Bounded.Generic
[ 48 of 307] Compiling Control.Comonad
[ 49 of 307] Compiling Control.Applicative
[ 50 of 307] Compiling Control.Alternative
[ 51 of 307] Compiling Control.Bind
[ 52 of 307] Compiling Control.Monad
[ 53 of 307] Compiling Prelude
[ 54 of 307] Compiling Control.MonadPlus
[ 56 of 307] Compiling Data.Semigroup.Last
[ 55 of 307] Compiling Data.Semiring.Generic
[ 57 of 307] Compiling Data.Monoid.Endo
[ 58 of 307] Compiling Data.Traversable.Accum.Internal
[ 59 of 307] Compiling Data.Semigroup.First
[ 60 of 307] Compiling Data.Monoid.Conj
[ 61 of 307] Compiling Data.Number.Format
[ 62 of 307] Compiling Data.Monoid.Additive
[ 63 of 307] Compiling Control.Monad.Cont.Class
[ 64 of 307] Compiling Data.Ord.Generic
[ 65 of 307] Compiling Data.Show.Generic
[ 66 of 307] Compiling Data.Eq.Generic
[ 67 of 307] Compiling Data.Monoid.Disj
[ 68 of 307] Compiling Data.HeytingAlgebra.Generic
[ 69 of 307] Compiling Data.Monoid.Dual
[ 71 of 307] Compiling Control.Monad.Gen.Class
[ 70 of 307] Compiling Control.Monad.Trans.Class
[ 72 of 307] Compiling Control.Monad.Reader.Class
[ 73 of 307] Compiling Data.Semigroup.Generic
[ 75 of 307] Compiling Data.Ring.Generic
[ 74 of 307] Compiling Effect
[ 76 of 307] Compiling Data.Monoid.Multiplicative
[ 77 of 307] Compiling Effect.Class
[ 78 of 307] Compiling Test.Main
[ 79 of 307] Compiling Effect.Uncurried
[ 80 of 307] Compiling Effect.Ref
[ 81 of 307] Compiling Effect.Console
[ 82 of 307] Compiling Effect.Unsafe
[ 83 of 307] Compiling Data.Newtype
[ 85 of 307] Compiling Bench
[ 84 of 307] Compiling Effect.Class.Console
[ 86 of 307] Compiling Test.FileOps
[ 87 of 307] Compiling Data.Time.Duration
[ 88 of 307] Compiling Data.Monoid.Alternate
[ 90 of 307] Compiling Data.Ord.Max
[ 89 of 307] Compiling Data.Profunctor
[ 91 of 307] Compiling Data.String.Pattern
[ 92 of 307] Compiling Data.Ord.Min
[ 93 of 307] Compiling Data.Ord.Down
[ 94 of 307] Compiling Data.Functor.App
[ 95 of 307] Compiling Test.StateMonadFFI
[ 96 of 307] Compiling Test.TCOFFICheatcode
[ 97 of 307] Compiling Test.PolymorphismFFICheatcode
[ 98 of 307] Compiling Test.RecordsFFI
[ 99 of 307] Compiling Test.AstTreeFFICheatcode
[100 of 307] Compiling Test.RBTreeFFI
[101 of 307] Compiling Test.RBTree
[102 of 307] Compiling Test.BenchCheck
[103 of 307] Compiling Test.FibFFI
[104 of 307] Compiling Test.RowToListFFICheatcode
[105 of 307] Compiling Test.RecordsFFICheatcode
[106 of 307] Compiling Test.Records
[108 of 307] Compiling Test.AstTreeFFI
[107 of 307] Compiling Test.ListOpsFFICheatcode
[109 of 307] Compiling Test.FibFFICheatcode
[110 of 307] Compiling Test.Church
[111 of 307] Compiling Test.ListOps
[112 of 307] Compiling Test.ArrayOpsFFI
[113 of 307] Compiling Test.AstTree
[114 of 307] Compiling Test.Polymorphism
[115 of 307] Compiling Test.PrimesFFI
[117 of 307] Compiling Test.ChurchFFI
[116 of 307] Compiling Test.RBTreeFFICheatcode
[118 of 307] Compiling Test.Ackermann
[120 of 307] Compiling Test.StateMonadFFICheatcode
[119 of 307] Compiling Test.AckermannFFI
[121 of 307] Compiling Test.AckermannFFICheatcode
[122 of 307] Compiling Test.RowToListFFI
[123 of 307] Compiling Test.ChurchFFICheatcode
[124 of 307] Compiling Test.LazyEvaluation
[125 of 307] Compiling Test.Primes
[127 of 307] Compiling Test.TCO
[128 of 307] Compiling Test.Fib
[126 of 307] Compiling Test.LazyEvaluationFFICheatcode
[129 of 307] Compiling Test.RowToList
[130 of 307] Compiling Test.ListOpsFFI
[131 of 307] Compiling Test.LazyEvaluationFFI
[133 of 307] Compiling Test.TCOFFI
[132 of 307] Compiling Test.PrimesFFICheatcode
[135 of 307] Compiling Test.ArrayOpsFFICheatcode
[134 of 307] Compiling Test.PolymorphismFFI
[137 of 307] Compiling Data.String.Common
[136 of 307] Compiling Test.StateMonad
[138 of 307] Compiling Data.Functor.Invariant
[139 of 307] Compiling Data.Profunctor.Closed
[140 of 307] Compiling AppTest
[141 of 307] Compiling Data.Functor.Compose
[142 of 307] Compiling AppFFI
[143 of 307] Compiling AppFFICheatcode
[144 of 307] Compiling AppX
[145 of 307] Compiling Data.Profunctor.Join
[146 of 307] Compiling Data.Maybe
[147 of 307] Compiling Data.Profunctor.Split
[148 of 307] Compiling Data.Const
[149 of 307] Compiling Data.Tuple
[150 of 307] Compiling Data.Identity
[151 of 307] Compiling Data.Functor.Contravariant
[152 of 307] Compiling Data.Predicate
[154 of 307] Compiling Data.Op
[153 of 307] Compiling Data.Comparison
[155 of 307] Compiling Data.Equivalence
[156 of 307] Compiling Data.Maybe.First
[157 of 307] Compiling Data.Either
[158 of 307] Compiling Data.Number
[160 of 307] Compiling Data.Maybe.Last
[159 of 307] Compiling Data.String.CodeUnits
[161 of 307] Compiling Data.Number.Approximate
[162 of 307] Compiling Data.Int
[164 of 307] Compiling Data.Profunctor.Strong
[163 of 307] Compiling Data.Tuple.Nested
[165 of 307] Compiling Control.Monad.Writer.Class
[166 of 307] Compiling Data.Divide
[168 of 307] Compiling Data.Profunctor.Costrong
[167 of 307] Compiling Control.Monad.State.Class
[169 of 307] Compiling Data.Distributive
[170 of 307] Compiling Data.Divisible
[171 of 307] Compiling Data.Decide
[172 of 307] Compiling Data.Bifunctor
[174 of 307] Compiling Effect.Exception
[176 of 307] Compiling Data.Profunctor.Cochoice
[175 of 307] Compiling Data.Profunctor.Choice
[173 of 307] Compiling Data.Either.Nested
[177 of 307] Compiling Data.Either.Inject
[179 of 307] Compiling Effect.Exception.Unsafe
[178 of 307] Compiling Control.Monad.Error.Class
[180 of 307] Compiling Data.Profunctor.Star
[181 of 307] Compiling Data.Functor.Coproduct
[182 of 307] Compiling Control.Biapply
[183 of 307] Compiling Data.Functor.Product
[185 of 307] Compiling Data.Functor.Costar
[184 of 307] Compiling Control.Monad.Rec.Class
[186 of 307] Compiling Data.Decidable
[187 of 307] Compiling Control.Biapplicative
[188 of 307] Compiling Data.Functor.Clown
[189 of 307] Compiling Data.Functor.Flip
[190 of 307] Compiling Data.Functor.Product2
[191 of 307] Compiling Data.Bifunctor.Join
[192 of 307] Compiling Data.Functor.Joker
[194 of 307] Compiling Data.Functor.Coproduct.Inject
[193 of 307] Compiling Data.Functor.Coproduct.Nested
[195 of 307] Compiling Data.Functor.Product.Nested
[196 of 307] Compiling Data.FunctorWithIndex
[197 of 307] Compiling Data.Foldable
[198 of 307] Compiling Control.Monad.ST.Internal
[199 of 307] Compiling Control.Monad.ST
[201 of 307] Compiling Control.Monad.ST.Ref
[200 of 307] Compiling Control.Monad.ST.Uncurried
[202 of 307] Compiling Control.Monad.ST.Global
[203 of 307] Compiling Control.Monad.ST.Class
[204 of 307] Compiling Control.Monad.Writer.Trans
[205 of 307] Compiling Control.Monad.Cont.Trans
[206 of 307] Compiling Control.Monad.RWS.Trans
[207 of 307] Compiling Control.Monad.Maybe.Trans
[208 of 307] Compiling Control.Monad.Except.Trans
[210 of 307] Compiling Control.Monad.Reader.Trans
[209 of 307] Compiling Control.Monad.State.Trans
[211 of 307] Compiling Data.Array.ST
[212 of 307] Compiling Test.STArray
[213 of 307] Compiling Data.Array.ST.Iterator
[214 of 307] Compiling Data.Array.ST.Partial
[215 of 307] Compiling Control.Monad.Cont
[216 of 307] Compiling Control.Monad.Reader
[217 of 307] Compiling Control.Monad.Except
[218 of 307] Compiling Control.Monad.State
[219 of 307] Compiling Control.Parallel.Class
[220 of 307] Compiling Control.Monad.Writer
[221 of 307] Compiling Control.Monad.RWS
[222 of 307] Compiling Data.Semigroup.Foldable
[224 of 307] Compiling Data.Bifoldable
[223 of 307] Compiling Data.FoldableWithIndex
[225 of 307] Compiling Data.Traversable
[226 of 307] Compiling Data.Semigroup.Traversable
[227 of 307] Compiling Control.Monad.Identity.Trans
[229 of 307] Compiling Control.Parallel
[228 of 307] Compiling Data.Bitraversable
[230 of 307] Compiling Effect.Aff
[231 of 307] Compiling Data.Unfoldable1
[232 of 307] Compiling Data.TraversableWithIndex
[233 of 307] Compiling Control.Comonad.Trans.Class
[235 of 307] Compiling Control.Comonad.Store.Trans
[234 of 307] Compiling Control.Comonad.Traced.Trans
[236 of 307] Compiling Data.Unfoldable
[237 of 307] Compiling Control.Monad.Gen
[238 of 307] Compiling Data.Enum
[239 of 307] Compiling Data.Time.Duration.Gen
[240 of 307] Compiling Data.Array.NonEmpty.Internal
[241 of 307] Compiling Data.Lazy
[243 of 307] Compiling Control.Comonad.Env.Trans
[242 of 307] Compiling Data.NonEmpty
[244 of 307] Compiling Test.AffOperations
[245 of 307] Compiling Effect.Aff.Compat
[246 of 307] Compiling Data.Array
[247 of 307] Compiling Data.Date.Component
[248 of 307] Compiling Data.Time.Component
[249 of 307] Compiling Data.Enum.Generic
[250 of 307] Compiling Data.Char
[251 of 307] Compiling Control.Comonad.Store.Class
[252 of 307] Compiling Control.Monad.List.Trans
[253 of 307] Compiling Data.List.Lazy.Types
[254 of 307] Compiling Data.Enum.Gen
[255 of 307] Compiling Data.List.Types
[256 of 307] Compiling Control.Monad.Gen.Common
[257 of 307] Compiling Data.Char.Gen
[258 of 307] Compiling Control.Comonad.Store
[259 of 307] Compiling Control.Comonad.Env.Class
[260 of 307] Compiling Data.String.Gen
[262 of 307] Compiling Data.Time.Component.Gen
[261 of 307] Compiling Data.Time
[263 of 307] Compiling Control.Comonad.Env
[264 of 307] Compiling Control.Comonad.Traced.Class
[265 of 307] Compiling Data.Date.Component.Gen
[266 of 307] Compiling Data.Date
[267 of 307] Compiling Control.Comonad.Traced
[268 of 307] Compiling Data.Time.Gen
[270 of 307] Compiling Test.Parallelism
[269 of 307] Compiling Data.Array.NonEmpty
[271 of 307] Compiling Data.Array.Partial
[272 of 307] Compiling Test.ArrayOps
[273 of 307] Compiling Data.String.CodePoints
[274 of 307] Compiling App
[276 of 307] Compiling Data.Date.Gen
[275 of 307] Compiling Data.DateTime
[277 of 307] Compiling Data.List.Internal
[278 of 307] Compiling Main
[279 of 307] Compiling Effect.Aff.Class
[280 of 307] Compiling Data.DateTime.Gen
[281 of 307] Compiling Data.DateTime.Instant
[282 of 307] Compiling Effect.Now
[283 of 307] Compiling Data.String
[284 of 307] Compiling Data.String.CaseInsensitive
[286 of 307] Compiling Data.String.Regex.Flags
[285 of 307] Compiling Data.String.NonEmpty.Internal
[287 of 307] Compiling Data.List.Lazy
[288 of 307] Compiling Data.List
[289 of 307] Compiling Data.String.Regex
[291 of 307] Compiling Data.String.NonEmpty.CodePoints
[290 of 307] Compiling Data.String.NonEmpty.CodeUnits
[292 of 307] Compiling Data.String.Regex.Unsafe
[293 of 307] Compiling Test.StringOps
[294 of 307] Compiling Data.String.NonEmpty
[295 of 307] Compiling Data.String.NonEmpty.CaseInsensitive
[296 of 307] Compiling Data.List.ZipList
[297 of 307] Compiling Data.List.Lazy.NonEmpty
[299 of 307] Compiling Data.List.Partial
[298 of 307] Compiling Data.List.NonEmpty
[300 of 307] Compiling Data.Map.Internal
[301 of 307] Compiling Data.Set
[302 of 307] Compiling Data.Map
[303 of 307] Compiling Data.Set.NonEmpty
[305 of 307] Compiling Data.Map.Gen
[304 of 307] Compiling Data.Interval.Duration
[307 of 307] Compiling Data.Interval
[306 of 307] Compiling Data.Interval.Duration.Iso
           Src   Lib   All
Warnings     0     0     0
Errors       0     0     0

✓ Build succeeded.

findFfiFile [Data.Symbol] -> ../gopurs/gopurs-prelude/src/Data/Symbol.go
findFfiFile [Data.Unit] -> ../gopurs/gopurs-prelude/src/Data/Unit.go
findFfiFile [Record.Unsafe] -> ../gopurs/gopurs-prelude/src/Record/Unsafe.go
findFfiFile [Data.HeytingAlgebra] -> ../gopurs/gopurs-prelude/src/Data/HeytingAlgebra.go
Call=Call_local_Data_Void_spin_1_0_0 arg i=0 actual=gopurs_runtime.Value exp=gopurs_runtime.Value envSize=0 originalExp=gopurs_runtime.Value
Call=Call_local_Data_Void_spin_1_0_1 arg i=0 actual=gopurs_runtime.Value exp=gopurs_runtime.Value envSize=0 originalExp=gopurs_runtime.Value
Call=Call_local_Data_Void_spin_1_0_2 arg i=0 actual=gopurs_runtime.Value exp=gopurs_runtime.Value envSize=0 originalExp=gopurs_runtime.Value
findFfiFile [Data.Eq] -> ../gopurs/gopurs-prelude/src/Data/Eq.go
findFfiFile [Data.Semigroup] -> ../gopurs/gopurs-prelude/src/Data/Semigroup.go
findFfiFile [Data.Show] -> ../gopurs/gopurs-prelude/src/Data/Show.go
findFfiFile [Data.Semiring] -> ../gopurs/gopurs-prelude/src/Data/Semiring.go
findFfiFile [Data.Ring] -> ../gopurs/gopurs-prelude/src/Data/Ring.go
findFfiFile [Data.Ord] -> ../gopurs/gopurs-prelude/src/Data/Ord.go
findFfiFile [Data.Functor] -> ../gopurs/gopurs-prelude/src/Data/Functor.go
findFfiFile [Control.Apply] -> ../gopurs/gopurs-prelude/src/Control/Apply.go
findFfiFile [Control.Bind] -> ../gopurs/gopurs-prelude/src/Control/Bind.go
Call=Call_Data_EuclideanRing_gcd arg i=0 actual=*Constructor_Data_Eq_Eq[T_a] exp=*Constructor_Data_Eq_Eq[gopurs_runtime.Value] envSize=1 originalExp=*Constructor_Data_Eq_Eq[gopurs_runtime.Value]
Call=Call_Data_EuclideanRing_gcd arg i=1 actual=*Constructor_Data_EuclideanRing_EuclideanRing[T_a] exp=*Constructor_Data_EuclideanRing_EuclideanRing[gopurs_runtime.Value] envSize=1 originalExp=*Constructor_Data_EuclideanRing_EuclideanRing[gopurs_runtime.Value]
Call=Call_Data_EuclideanRing_gcd arg i=0 actual=*Constructor_Data_Eq_Eq[T_a] exp=*Constructor_Data_Eq_Eq[gopurs_runtime.Value] envSize=1 originalExp=*Constructor_Data_Eq_Eq[gopurs_runtime.Value]
Call=Call_Data_EuclideanRing_gcd arg i=1 actual=*Constructor_Data_EuclideanRing_EuclideanRing[T_a] exp=*Constructor_Data_EuclideanRing_EuclideanRing[gopurs_runtime.Value] envSize=1 originalExp=*Constructor_Data_EuclideanRing_EuclideanRing[gopurs_runtime.Value]
Call=Call_local_Data_EuclideanRing___local_var_8_688 arg i=0 actual=bool exp=gopurs_runtime.Value envSize=0 originalExp=gopurs_runtime.Value
findFfiFile [Data.EuclideanRing] -> ../gopurs/gopurs-prelude/src/Data/EuclideanRing.go
findFfiFile [Data.Bounded] -> ../gopurs/gopurs-prelude/src/Data/Bounded.go
findFfiFile [Effect] -> ../gopurs/gopurs-effect/src/Effect.go
findFfiFile [Effect.Console] -> ../gopurs/gopurs-console/src/Effect/Console.go
findFfiFile [Bench] -> src/Bench.go
Call=Call_Test_Ackermann_ackermann arg i=0 actual=int64 exp=int64 envSize=0 originalExp=int64
Call=Call_Test_Ackermann_ackermann arg i=1 actual=int64 exp=int64 envSize=0 originalExp=int64
Call=Call_Test_Ackermann_ackermann arg i=0 actual=int64 exp=int64 envSize=0 originalExp=int64
Call=Call_Test_Ackermann_ackermann arg i=1 actual=int64 exp=int64 envSize=0 originalExp=int64
findFfiFile [Control.Extend] -> null
findFfiFile [Unsafe.Coerce] -> ../gopurs/gopurs-unsafe-coerce/src/Unsafe/Coerce.go
findFfiFile [Effect.Ref] -> ../gopurs/gopurs-refs/src/Effect/Ref.go
findFfiFile [Partial] -> ../gopurs/gopurs-partial/src/Partial.go
findFfiFile [Partial.Unsafe] -> ../gopurs/gopurs-partial/src/Partial/Unsafe.go
Call=Call_local_Control_Monad_Rec_Class_go__go_1_0_0 arg i=0 actual=gopurs_runtime.Value exp=gopurs_runtime.Value envSize=0 originalExp=gopurs_runtime.Value
Call=Call_local_Control_Monad_Rec_Class_go__go_3_0_1 arg i=0 actual=T_c exp=gopurs_runtime.Value envSize=0 originalExp=gopurs_runtime.Value
Call=Call_local_Control_Monad_Rec_Class_go__go_4_0_2 arg i=0 actual=T_c exp=gopurs_runtime.Value envSize=0 originalExp=gopurs_runtime.Value
Call=Call_local_Control_Monad_Rec_Class_go__go_3_5_3 arg i=0 actual=gopurs_runtime.Value exp=gopurs_runtime.Value envSize=0 originalExp=gopurs_runtime.Value
Call=Call_local_Control_Monad_Rec_Class_go__go_1_0_4 arg i=0 actual=gopurs_runtime.Value exp=gopurs_runtime.Value envSize=0 originalExp=gopurs_runtime.Value
Call=Call_local_Control_Monad_Rec_Class_go__go_3_0_5 arg i=0 actual=gopurs_runtime.Value exp=gopurs_runtime.Value envSize=0 originalExp=gopurs_runtime.Value
Call=Call_local_Control_Monad_Rec_Class_go__go_3_5_6 arg i=0 actual=gopurs_runtime.Value exp=gopurs_runtime.Value envSize=0 originalExp=gopurs_runtime.Value
findFfiFile [Control.Monad.ST.Internal] -> ../gopurs/gopurs-st/src/Control/Monad/ST/Internal.go
Call=Call_Data_Foldable_traverse_ arg i=0 actual=*Constructor_Control_Applicative_Applicative[T_m] exp=*Constructor_Control_Applicative_Applicative[gopurs_runtime.Value] envSize=4 originalExp=*Constructor_Control_Applicative_Applicative[gopurs_runtime.Value]
Call=Call_Data_Foldable_traverse_ arg i=0 actual=*Constructor_Control_Applicative_Applicative[T_m] exp=*Constructor_Control_Applicative_Applicative[gopurs_runtime.Value] envSize=4 originalExp=*Constructor_Control_Applicative_Applicative[gopurs_runtime.Value]
FOLDL TYPE: (ForAll [f, a, b] (ConstrainedType (Func [(Func [(TypeVar b), (TypeVar a)] (TypeVar b)), (TypeVar b), (TypeApp (TypeVar f) [(TypeVar a)])] (TypeVar b))))
Call=Call_local_Data_Foldable_go__go_1_2_0 arg i=0 actual=gopurs_runtime.Value exp=gopurs_runtime.Value envSize=0 originalExp=gopurs_runtime.Value
Call=Call_local_Data_Foldable_go__go_1_2_0 arg i=1 actual=gopurs_runtime.Value exp=gopurs_runtime.Value envSize=0 originalExp=gopurs_runtime.Value
Call=Call_local_Data_Foldable_go__go_1_2_0 arg i=2 actual=*Constructor_Data_Foldable_Empty[gopurs_runtime.Value] exp=gopurs_runtime.Value envSize=0 originalExp=gopurs_runtime.Value
Call=Call_local_Data_Foldable_go__go_1_8_1 arg i=0 actual=gopurs_runtime.Value exp=gopurs_runtime.Value envSize=0 originalExp=gopurs_runtime.Value
Call=Call_local_Data_Foldable_go__go_1_8_1 arg i=1 actual=*Constructor_Data_Foldable_Empty[gopurs_runtime.Value] exp=gopurs_runtime.Value envSize=0 originalExp=gopurs_runtime.Value
Call=Call_local_Data_Foldable_go__go_1_8_1 arg i=2 actual=gopurs_runtime.Value exp=gopurs_runtime.Value envSize=0 originalExp=gopurs_runtime.Value
Call=Call_local_Data_Foldable_go__go_4_0_2 arg i=0 actual=T_b exp=gopurs_runtime.Value envSize=0 originalExp=T_b
Call=Call_local_Data_Foldable_go__go_4_0_2 arg i=1 actual=gopurs_runtime.Value exp=gopurs_runtime.Value envSize=0 originalExp=gopurs_runtime.Value
Call=Call_local_Data_Foldable_go__go_4_0_2 arg i=2 actual=*Constructor_Data_Foldable_Empty[T_a] exp=gopurs_runtime.Value envSize=0 originalExp=gopurs_runtime.Value
Call=Call_local_Data_Foldable_go__go_4_0_3 arg i=0 actual=T_b exp=gopurs_runtime.Value envSize=0 originalExp=T_b
Call=Call_local_Data_Foldable_go__go_4_0_3 arg i=1 actual=*Constructor_Data_Foldable_Empty[T_a] exp=gopurs_runtime.Value envSize=0 originalExp=gopurs_runtime.Value
Call=Call_local_Data_Foldable_go__go_4_0_3 arg i=2 actual=gopurs_runtime.Value exp=gopurs_runtime.Value envSize=0 originalExp=gopurs_runtime.Value
findFfiFile [Data.Foldable] -> ../gopurs/gopurs-foldable-traversable/src/Data/Foldable.go
findFfiFile [Data.FunctorWithIndex] -> ../gopurs/gopurs-foldable-traversable/src/Data/FunctorWithIndex.go
Call=Call_Data_FoldableWithIndex_traverseWithIndex_ arg i=0 actual=*Constructor_Control_Applicative_Applicative[T_m] exp=*Constructor_Control_Applicative_Applicative[gopurs_runtime.Value] envSize=5 originalExp=*Constructor_Control_Applicative_Applicative[gopurs_runtime.Value]
findFfiFile [Data.Function.Uncurried] -> ../gopurs/gopurs-functions/src/Data/Function/Uncurried.go
Call=Call_Data_Semigroup_Foldable_traverse1_ arg i=0 actual=*Constructor_Data_Semigroup_Foldable_Foldable1[T_t] exp=*Constructor_Data_Semigroup_Foldable_Foldable1[gopurs_runtime.Value] envSize=4 originalExp=*Constructor_Data_Semigroup_Foldable_Foldable1[gopurs_runtime.Value]
Call=Call_Data_Semigroup_Foldable_traverse1_ arg i=1 actual=*Constructor_Control_Apply_Apply[T_f] exp=*Constructor_Control_Apply_Apply[gopurs_runtime.Value] envSize=4 originalExp=*Constructor_Control_Apply_Apply[gopurs_runtime.Value]
Call=Call_Data_Semigroup_Foldable_traverse1_ arg i=0 actual=*Constructor_Data_Semigroup_Foldable_Foldable1[T_t] exp=*Constructor_Data_Semigroup_Foldable_Foldable1[gopurs_runtime.Value] envSize=4 originalExp=*Constructor_Data_Semigroup_Foldable_Foldable1[gopurs_runtime.Value]
Call=Call_Data_Semigroup_Foldable_traverse1_ arg i=1 actual=*Constructor_Control_Apply_Apply[T_f] exp=*Constructor_Control_Apply_Apply[gopurs_runtime.Value] envSize=4 originalExp=*Constructor_Control_Apply_Apply[gopurs_runtime.Value]
Call=Call_Data_Traversable_traversableCompose arg i=0 actual=gopurs_runtime.Value exp=gopurs_runtime.Value envSize=0 originalExp=gopurs_runtime.Value
Call=Call_Data_Traversable_mapAccumR arg i=0 actual=*Constructor_Data_Traversable_Traversable[T_f] exp=*Constructor_Data_Traversable_Traversable[gopurs_runtime.Value] envSize=3 originalExp=*Constructor_Data_Traversable_Traversable[gopurs_runtime.Value]
Call=Call_Data_Traversable_mapAccumR arg i=1 actual=gopurs_runtime.Value exp=gopurs_runtime.Value envSize=3 originalExp=gopurs_runtime.Value
Call=Call_Data_Traversable_mapAccumR arg i=2 actual=T_b exp=gopurs_runtime.Value envSize=3 originalExp=gopurs_runtime.Value
Call=Call_Data_Traversable_mapAccumR arg i=3 actual=gopurs_runtime.Value exp=gopurs_runtime.Value envSize=3 originalExp=gopurs_runtime.Value
Call=Call_Data_Traversable_mapAccumL arg i=0 actual=*Constructor_Data_Traversable_Traversable[T_f] exp=*Constructor_Data_Traversable_Traversable[gopurs_runtime.Value] envSize=3 originalExp=*Constructor_Data_Traversable_Traversable[gopurs_runtime.Value]
Call=Call_Data_Traversable_mapAccumL arg i=1 actual=gopurs_runtime.Value exp=gopurs_runtime.Value envSize=3 originalExp=gopurs_runtime.Value
Call=Call_Data_Traversable_mapAccumL arg i=2 actual=T_b exp=gopurs_runtime.Value envSize=3 originalExp=gopurs_runtime.Value
Call=Call_Data_Traversable_mapAccumL arg i=3 actual=gopurs_runtime.Value exp=gopurs_runtime.Value envSize=3 originalExp=gopurs_runtime.Value
findFfiFile [Data.Traversable] -> ../gopurs/gopurs-foldable-traversable/src/Data/Traversable.go
Call=Call_Data_TraversableWithIndex_mapAccumRWithIndex arg i=0 actual=*Constructor_Data_TraversableWithIndex_TraversableWithIndex[T_i, T_f] exp=*Constructor_Data_TraversableWithIndex_TraversableWithIndex[gopurs_runtime.Value, gopurs_runtime.Value] envSize=4 originalExp=*Constructor_Data_TraversableWithIndex_TraversableWithIndex[gopurs_runtime.Value, gopurs_runtime.Value]
Call=Call_Data_TraversableWithIndex_mapAccumRWithIndex arg i=1 actual=gopurs_runtime.Value exp=gopurs_runtime.Value envSize=4 originalExp=gopurs_runtime.Value
Call=Call_Data_TraversableWithIndex_mapAccumRWithIndex arg i=2 actual=T_b exp=gopurs_runtime.Value envSize=4 originalExp=gopurs_runtime.Value
Call=Call_Data_TraversableWithIndex_mapAccumRWithIndex arg i=3 actual=gopurs_runtime.Value exp=gopurs_runtime.Value envSize=4 originalExp=gopurs_runtime.Value
Call=Call_Data_TraversableWithIndex_mapAccumLWithIndex arg i=0 actual=*Constructor_Data_TraversableWithIndex_TraversableWithIndex[T_i, T_f] exp=*Constructor_Data_TraversableWithIndex_TraversableWithIndex[gopurs_runtime.Value, gopurs_runtime.Value] envSize=4 originalExp=*Constructor_Data_TraversableWithIndex_TraversableWithIndex[gopurs_runtime.Value, gopurs_runtime.Value]
Call=Call_Data_TraversableWithIndex_mapAccumLWithIndex arg i=1 actual=gopurs_runtime.Value exp=gopurs_runtime.Value envSize=4 originalExp=gopurs_runtime.Value
Call=Call_Data_TraversableWithIndex_mapAccumLWithIndex arg i=2 actual=T_b exp=gopurs_runtime.Value envSize=4 originalExp=gopurs_runtime.Value
Call=Call_Data_TraversableWithIndex_mapAccumLWithIndex arg i=3 actual=gopurs_runtime.Value exp=gopurs_runtime.Value envSize=4 originalExp=gopurs_runtime.Value
findFfiFile [Data.Unfoldable1] -> null
findFfiFile [Data.Array.NonEmpty.Internal] -> ../gopurs/gopurs-arrays/src/Data/Array/NonEmpty/Internal.go
findFfiFile [Control.Monad.ST.Uncurried] -> ../gopurs/gopurs-st/src/Control/Monad/ST/Uncurried.go
Call=Call_Data_Array_ST_sortBy arg i=0 actual=gopurs_runtime.Value exp=gopurs_runtime.Value envSize=2 originalExp=gopurs_runtime.Value
Call=Call_Data_Array_ST_sortBy arg i=0 actual=gopurs_runtime.Value exp=gopurs_runtime.Value envSize=2 originalExp=gopurs_runtime.Value
findFfiFile [Data.Array.ST] -> ../gopurs/gopurs-arrays/src/Data/Array/ST.go
findFfiFile [Data.Unfoldable] -> null
Call=Call_Data_Array_sortBy arg i=0 actual=gopurs_runtime.Value exp=gopurs_runtime.Value envSize=1 originalExp=gopurs_runtime.Value
Call=Call_Data_Array_sortBy arg i=1 actual=[]gopurs_runtime.Value exp=[]gopurs_runtime.Value envSize=1 originalExp=[]gopurs_runtime.Value
Call=Call_Data_Array_sortBy arg i=0 actual=gopurs_runtime.Value exp=gopurs_runtime.Value envSize=1 originalExp=gopurs_runtime.Value
Call=Call_Data_Array_sortBy arg i=1 actual=[]*Constructor_Data_Tuple_Tuple[int64, gopurs_runtime.Value] exp=[]gopurs_runtime.Value envSize=1 originalExp=[]gopurs_runtime.Value
Call=Call_Data_Array_sortWith arg i=0 actual=*Constructor_Data_Ord_Ord[int64] exp=*Constructor_Data_Ord_Ord[gopurs_runtime.Value] envSize=2 originalExp=*Constructor_Data_Ord_Ord[gopurs_runtime.Value]
Call=Call_Data_Array_sortWith arg i=1 actual=gopurs_runtime.Value exp=gopurs_runtime.Value envSize=2 originalExp=gopurs_runtime.Value
Call=Call_Data_Array_sortBy arg i=0 actual=gopurs_runtime.Value exp=gopurs_runtime.Value envSize=1 originalExp=gopurs_runtime.Value
Call=Call_Data_Array_sortBy arg i=1 actual=gopurs_runtime.Value exp=[]gopurs_runtime.Value envSize=1 originalExp=[]gopurs_runtime.Value
Call=Call_Data_Array_groupAllBy arg i=0 actual=gopurs_runtime.Value exp=gopurs_runtime.Value envSize=1 originalExp=gopurs_runtime.Value
Call=Call_Data_Array_groupBy arg i=0 actual=gopurs_runtime.Value exp=gopurs_runtime.Value envSize=1 originalExp=gopurs_runtime.Value
Call=Call_Data_Array_groupBy arg i=1 actual=[]gopurs_runtime.Value exp=[]gopurs_runtime.Value envSize=1 originalExp=[]gopurs_runtime.Value
Call=Call_Data_Array_snoc arg i=0 actual=gopurs_runtime.Value exp=[]gopurs_runtime.Value envSize=1 originalExp=[]gopurs_runtime.Value
Call=Call_Data_Array_snoc arg i=1 actual=gopurs_runtime.Value exp=gopurs_runtime.Value envSize=1 originalExp=gopurs_runtime.Value
Call=Call_Data_Array_snoc arg i=0 actual=[][]gopurs_runtime.Value exp=[]gopurs_runtime.Value envSize=1 originalExp=[]gopurs_runtime.Value
Call=Call_Data_Array_snoc arg i=1 actual=[]gopurs_runtime.Value exp=gopurs_runtime.Value envSize=1 originalExp=gopurs_runtime.Value
Call=Call_local_Data_Array_go__go_1_0_0 arg i=0 actual=int64 exp=int64 envSize=0 originalExp=int64
Call=Call_local_Data_Array_go__go_1_0_0 arg i=1 actual=[][]gopurs_runtime.Value exp=[][]gopurs_runtime.Value envSize=0 originalExp=[][]gopurs_runtime.Value
Call=Call_Data_Array_foldM arg i=0 actual=*Constructor_Control_Monad_Monad[T_m] exp=*Constructor_Control_Monad_Monad[gopurs_runtime.Value] envSize=3 originalExp=*Constructor_Control_Monad_Monad[gopurs_runtime.Value]
Call=Call_Data_Array_span arg i=0 actual=gopurs_runtime.Value exp=gopurs_runtime.Value envSize=1 originalExp=gopurs_runtime.Value
Call=Call_Data_Array_span arg i=1 actual=[]gopurs_runtime.Value exp=[]gopurs_runtime.Value envSize=1 originalExp=[]gopurs_runtime.Value
Call=Call_Data_Array_span arg i=0 actual=gopurs_runtime.Value exp=gopurs_runtime.Value envSize=1 originalExp=gopurs_runtime.Value
Call=Call_Data_Array_span arg i=1 actual=[]gopurs_runtime.Value exp=[]gopurs_runtime.Value envSize=1 originalExp=[]gopurs_runtime.Value
Call=Call_Data_Array_many arg i=0 actual=*Constructor_Control_Alternative_Alternative[T_f] exp=*Constructor_Control_Alternative_Alternative[gopurs_runtime.Value] envSize=2 originalExp=*Constructor_Control_Alternative_Alternative[gopurs_runtime.Value]
Call=Call_Data_Array_some arg i=0 actual=*Constructor_Control_Alternative_Alternative[T_f] exp=*Constructor_Control_Alternative_Alternative[gopurs_runtime.Value] envSize=2 originalExp=*Constructor_Control_Alternative_Alternative[gopurs_runtime.Value]
Call=Call_Data_Array_mapMaybe arg i=0 actual=gopurs_runtime.Value exp=gopurs_runtime.Value envSize=2 originalExp=gopurs_runtime.Value
Call=Call_Data_Array_mapMaybe arg i=0 actual=gopurs_runtime.Value exp=gopurs_runtime.Value envSize=2 originalExp=gopurs_runtime.Value
Call=Call_Data_Array_deleteBy arg i=0 actual=gopurs_runtime.Value exp=gopurs_runtime.Value envSize=1 originalExp=gopurs_runtime.Value
Call=Call_Data_Array_deleteBy arg i=1 actual=T_a exp=gopurs_runtime.Value envSize=1 originalExp=gopurs_runtime.Value
Call=Call_Data_Array_deleteBy arg i=2 actual=gopurs_runtime.Value exp=[]gopurs_runtime.Value envSize=1 originalExp=[]gopurs_runtime.Value
Call=Call_Data_Array_nubByEq arg i=0 actual=gopurs_runtime.Value exp=gopurs_runtime.Value envSize=1 originalExp=gopurs_runtime.Value
Call=Call_Data_Array_nubByEq arg i=1 actual=[]gopurs_runtime.Value exp=[]gopurs_runtime.Value envSize=1 originalExp=[]gopurs_runtime.Value
findFfiFile [Data.Array] -> ../gopurs/gopurs-arrays/src/Data/Array.go
Call=Call_Test_ArrayOps_sumEvens arg i=0 actual=int64 exp=int64 envSize=0 originalExp=int64
Call=Call_Test_AstTree_eval arg i=0 actual=gopurs_runtime.Value exp=gopurs_runtime.Value envSize=0 originalExp=gopurs_runtime.Value
Call=Call_Test_AstTree_eval arg i=0 actual=gopurs_runtime.Value exp=gopurs_runtime.Value envSize=0 originalExp=gopurs_runtime.Value
Call=Call_Test_AstTree_eval arg i=0 actual=gopurs_runtime.Value exp=gopurs_runtime.Value envSize=0 originalExp=gopurs_runtime.Value
Call=Call_Test_AstTree_eval arg i=0 actual=gopurs_runtime.Value exp=gopurs_runtime.Value envSize=0 originalExp=gopurs_runtime.Value
Call=Call_Test_AstTree_eval arg i=0 actual=gopurs_runtime.Value exp=gopurs_runtime.Value envSize=0 originalExp=gopurs_runtime.Value
Call=Call_Test_AstTree_eval arg i=0 actual=gopurs_runtime.Value exp=gopurs_runtime.Value envSize=0 originalExp=gopurs_runtime.Value
Call=Call_Test_AstTree_buildTree arg i=0 actual=int64 exp=int64 envSize=0 originalExp=int64
Call=Call_Test_AstTree_buildTree arg i=0 actual=int64 exp=int64 envSize=0 originalExp=int64
Call=Call_Test_AstTree_buildTree arg i=0 actual=int64 exp=int64 envSize=0 originalExp=int64
Call=Call_Test_AstTree_eval arg i=0 actual=gopurs_runtime.Value exp=gopurs_runtime.Value envSize=0 originalExp=gopurs_runtime.Value
Call=Call_Test_Church_fromInt arg i=0 actual=int64 exp=int64 envSize=0 originalExp=int64
Call=Call_Test_Church_fromInt arg i=0 actual=int64 exp=int64 envSize=0 originalExp=int64
Call=Call_Test_Church_fromInt arg i=0 actual=int64 exp=int64 envSize=0 originalExp=int64
Call=Call_Test_Church_fromInt arg i=0 actual=int64 exp=int64 envSize=0 originalExp=int64
Call=Call_Test_Church_c100 arg i=0 actual=int64 exp=int64 envSize=0 originalExp=int64
Call=Call_Test_Church_c100 arg i=0 actual=int64 exp=int64 envSize=0 originalExp=int64
Call=Call_Test_Church_c10k arg i=0 actual=int64 exp=int64 envSize=0 originalExp=int64
Call=Call_Test_Church_fromInt arg i=0 actual=int64 exp=int64 envSize=0 originalExp=int64
Call=Call_Test_Church_c100k arg i=0 actual=int64 exp=int64 envSize=0 originalExp=int64
Call=Call_Test_Fib_fib arg i=0 actual=int64 exp=int64 envSize=0 originalExp=int64
Call=Call_Test_Fib_fib arg i=0 actual=int64 exp=int64 envSize=0 originalExp=int64
Call=Call_Test_Fib_fib arg i=0 actual=int64 exp=int64 envSize=0 originalExp=int64
Call=Call_Test_LazyEvaluation_buildThunks arg i=0 actual=int64 exp=int64 envSize=0 originalExp=int64
Call=Call_Test_LazyEvaluation_buildThunks arg i=1 actual=gopurs_runtime.Value exp=gopurs_runtime.Value envSize=0 originalExp=gopurs_runtime.Value
Call=Call_Test_LazyEvaluation_runManyTimes arg i=0 actual=int64 exp=int64 envSize=0 originalExp=int64
Call=Call_Test_LazyEvaluation_runManyTimes arg i=1 actual=int64 exp=int64 envSize=0 originalExp=int64
Call=Call_local_Test_ListOps_go__go_2_0_0 arg i=0 actual=int64 exp=int64 envSize=0 originalExp=int64
Call=Call_local_Test_ListOps_go__go_2_0_0 arg i=1 actual=*Constructor_Test_ListOps_Cons[int64] exp=*Constructor_Test_ListOps_Cons[int64] envSize=0 originalExp=*Constructor_Test_ListOps_Cons[int64]
FOLDL TYPE: (Func [(Func [(TypeVar b), (TypeVar a)] (TypeVar b)), (TypeVar b), (ADT ["Test","ListOps","List"] [(TypeVar a)])] (TypeVar b))
Call=Call_local_Test_ListOps_go__go_1_0_1 arg i=0 actual=*Constructor_Test_ListOps_Cons[int64] exp=gopurs_runtime.Value envSize=0 originalExp=gopurs_runtime.Value
Call=Call_local_Test_ListOps_go__go_1_0_1 arg i=1 actual=*Constructor_Test_ListOps_Cons[int64] exp=*Constructor_Test_ListOps_Cons[int64] envSize=0 originalExp=*Constructor_Test_ListOps_Cons[int64]
Call=Call_local_Test_ListOps_go__go_1_0_2 arg i=0 actual=int64 exp=int64 envSize=0 originalExp=int64
Call=Call_local_Test_ListOps_go__go_1_0_2 arg i=1 actual=*Constructor_Test_ListOps_Cons[int64] exp=*Constructor_Test_ListOps_Cons[int64] envSize=0 originalExp=*Constructor_Test_ListOps_Cons[int64]
Call=Call_Test_ListOps_filterEvens arg i=0 actual=*Constructor_Test_ListOps_Cons[int64] exp=*Constructor_Test_ListOps_Cons[int64] envSize=0 originalExp=*Constructor_Test_ListOps_Cons[int64]
Call=Call_Test_ListOps_foldl arg i=0 actual=gopurs_runtime.Value exp=gopurs_runtime.Value envSize=2 originalExp=gopurs_runtime.Value
Call=Call_Test_ListOps_foldl arg i=1 actual=int64 exp=gopurs_runtime.Value envSize=2 originalExp=gopurs_runtime.Value
Call=Call_Test_ListOps_foldl arg i=2 actual=*Constructor_Test_ListOps_Cons[int64] exp=*Constructor_Test_ListOps_Cons[gopurs_runtime.Value] envSize=2 originalExp=*Constructor_Test_ListOps_Cons[gopurs_runtime.Value]
Call=Call_Test_ListOps_sumEvens arg i=0 actual=int64 exp=int64 envSize=0 originalExp=int64
Call=Call_local_Test_Polymorphism_go__go_3_0_0 arg i=0 actual=int64 exp=gopurs_runtime.Value envSize=0 originalExp=gopurs_runtime.Value
Call=Call_local_Test_Polymorphism_go__go_3_0_0 arg i=1 actual=T_a exp=gopurs_runtime.Value envSize=0 originalExp=T_a
Call=Call_local_Test_Polymorphism_go__go_2_2_1 arg i=0 actual=int64 exp=gopurs_runtime.Value envSize=0 originalExp=gopurs_runtime.Value
Call=Call_local_Test_Polymorphism_go__go_2_2_1 arg i=1 actual=gopurs_runtime.Value exp=gopurs_runtime.Value envSize=0 originalExp=gopurs_runtime.Value
Call=Call_local_Test_Primes_go__go_1_0_0 arg i=0 actual=*Constructor_Test_Primes_Cons[int64] exp=gopurs_runtime.Value envSize=0 originalExp=gopurs_runtime.Value
Call=Call_local_Test_Primes_go__go_1_0_0 arg i=1 actual=int64 exp=int64 envSize=0 originalExp=int64
Call=Call_local_Test_Primes_go__go_1_0_1 arg i=0 actual=*Constructor_Test_Primes_Cons[T_a] exp=gopurs_runtime.Value envSize=0 originalExp=gopurs_runtime.Value
Call=Call_local_Test_Primes_go__go_1_0_1 arg i=1 actual=*Constructor_Test_Primes_Cons[T_a] exp=*Constructor_Test_Primes_Cons[gopurs_runtime.Value] envSize=0 originalExp=*Constructor_Test_Primes_Cons[T_a]
Call=Call_local_Test_Primes_go__go_2_0_2 arg i=0 actual=int64 exp=int64 envSize=0 originalExp=int64
Call=Call_local_Test_Primes_go__go_2_0_2 arg i=1 actual=*Constructor_Test_Primes_Cons[int64] exp=*Constructor_Test_Primes_Cons[int64] envSize=0 originalExp=*Constructor_Test_Primes_Cons[int64]
Call=Call_local_Test_Primes_go__go_5_1_4 arg i=0 actual=*Constructor_Test_Primes_Cons[T_a] exp=gopurs_runtime.Value envSize=0 originalExp=gopurs_runtime.Value
Call=Call_local_Test_Primes_go__go_5_1_4 arg i=1 actual=*Constructor_Test_Primes_Cons[T_a] exp=*Constructor_Test_Primes_Cons[gopurs_runtime.Value] envSize=0 originalExp=*Constructor_Test_Primes_Cons[T_a]
Call=Call_local_Test_Primes_go__go_2_0_3 arg i=0 actual=*Constructor_Test_Primes_Cons[T_a] exp=gopurs_runtime.Value envSize=0 originalExp=gopurs_runtime.Value
Call=Call_local_Test_Primes_go__go_2_0_3 arg i=1 actual=*Constructor_Test_Primes_Cons[T_a] exp=*Constructor_Test_Primes_Cons[gopurs_runtime.Value] envSize=0 originalExp=*Constructor_Test_Primes_Cons[T_a]
Call=Call_local_Test_Primes_go__go_5_2_6 arg i=0 actual=*Constructor_Test_Primes_Cons[gopurs_runtime.Value] exp=gopurs_runtime.Value envSize=0 originalExp=gopurs_runtime.Value
Call=Call_local_Test_Primes_go__go_5_2_6 arg i=1 actual=*Constructor_Test_Primes_Cons[gopurs_runtime.Value] exp=*Constructor_Test_Primes_Cons[gopurs_runtime.Value] envSize=0 originalExp=*Constructor_Test_Primes_Cons[gopurs_runtime.Value]
Call=Call_local_Test_Primes_go__go_2_1_5 arg i=0 actual=*Constructor_Test_Primes_Cons[gopurs_runtime.Value] exp=gopurs_runtime.Value envSize=0 originalExp=gopurs_runtime.Value
Call=Call_local_Test_Primes_go__go_2_1_5 arg i=1 actual=*Constructor_Test_Primes_Cons[gopurs_runtime.Value] exp=*Constructor_Test_Primes_Cons[gopurs_runtime.Value] envSize=0 originalExp=*Constructor_Test_Primes_Cons[gopurs_runtime.Value]
Call=Call_Test_Primes_sieve arg i=0 actual=*Constructor_Test_Primes_Cons[gopurs_runtime.Value] exp=*Constructor_Test_Primes_Cons[int64] envSize=0 originalExp=*Constructor_Test_Primes_Cons[int64]
Call=Call_local_Test_Primes_go__go_3_4_8 arg i=0 actual=int64 exp=int64 envSize=0 originalExp=int64
Call=Call_local_Test_Primes_go__go_3_4_8 arg i=1 actual=*Constructor_Test_Primes_Cons[int64] exp=*Constructor_Test_Primes_Cons[int64] envSize=0 originalExp=*Constructor_Test_Primes_Cons[int64]
Call=Call_Test_Primes_sieve arg i=0 actual=*Constructor_Test_Primes_Cons[int64] exp=*Constructor_Test_Primes_Cons[int64] envSize=0 originalExp=*Constructor_Test_Primes_Cons[int64]
Call=Call_local_Test_Primes_go__go_2_2_7 arg i=0 actual=*Constructor_Test_Primes_Cons[int64] exp=gopurs_runtime.Value envSize=0 originalExp=gopurs_runtime.Value
Call=Call_local_Test_Primes_go__go_2_2_7 arg i=1 actual=int64 exp=int64 envSize=0 originalExp=int64
Call=Call_Test_RBTree_depth arg i=0 actual=*Constructor_Test_RBTree_T exp=*Constructor_Test_RBTree_T envSize=0 originalExp=*Constructor_Test_RBTree_T
Call=Call_Test_RBTree_depth arg i=0 actual=*Constructor_Test_RBTree_T exp=*Constructor_Test_RBTree_T envSize=0 originalExp=*Constructor_Test_RBTree_T
Call=Call_Test_RBTree_ins arg i=0 actual=int64 exp=int64 envSize=0 originalExp=int64
Call=Call_Test_RBTree_ins arg i=1 actual=*Constructor_Test_RBTree_T exp=*Constructor_Test_RBTree_T envSize=0 originalExp=*Constructor_Test_RBTree_T
Call=Call_Test_RBTree_balance arg i=0 actual=uint32 exp=uint32 envSize=0 originalExp=uint32
Call=Call_Test_RBTree_balance arg i=1 actual=*Constructor_Test_RBTree_T exp=*Constructor_Test_RBTree_T envSize=0 originalExp=*Constructor_Test_RBTree_T
Call=Call_Test_RBTree_balance arg i=2 actual=int64 exp=int64 envSize=0 originalExp=int64
Call=Call_Test_RBTree_balance arg i=3 actual=*Constructor_Test_RBTree_T exp=*Constructor_Test_RBTree_T envSize=0 originalExp=*Constructor_Test_RBTree_T
Call=Call_Test_RBTree_ins arg i=0 actual=int64 exp=int64 envSize=0 originalExp=int64
Call=Call_Test_RBTree_ins arg i=1 actual=*Constructor_Test_RBTree_T exp=*Constructor_Test_RBTree_T envSize=0 originalExp=*Constructor_Test_RBTree_T
Call=Call_Test_RBTree_balance arg i=0 actual=uint32 exp=uint32 envSize=0 originalExp=uint32
Call=Call_Test_RBTree_balance arg i=1 actual=*Constructor_Test_RBTree_T exp=*Constructor_Test_RBTree_T envSize=0 originalExp=*Constructor_Test_RBTree_T
Call=Call_Test_RBTree_balance arg i=2 actual=int64 exp=int64 envSize=0 originalExp=int64
Call=Call_Test_RBTree_balance arg i=3 actual=*Constructor_Test_RBTree_T exp=*Constructor_Test_RBTree_T envSize=0 originalExp=*Constructor_Test_RBTree_T
Call=Call_Test_RBTree_ins arg i=0 actual=int64 exp=int64 envSize=0 originalExp=int64
Call=Call_Test_RBTree_ins arg i=1 actual=*Constructor_Test_RBTree_T exp=*Constructor_Test_RBTree_T envSize=0 originalExp=*Constructor_Test_RBTree_T
Call=Call_Test_RBTree_insert arg i=0 actual=int64 exp=int64 envSize=0 originalExp=int64
Call=Call_Test_RBTree_insert arg i=1 actual=*Constructor_Test_RBTree_T exp=*Constructor_Test_RBTree_T envSize=0 originalExp=*Constructor_Test_RBTree_T
Call=Call_Test_RBTree_buildTree arg i=0 actual=int64 exp=int64 envSize=0 originalExp=int64
Call=Call_Test_RBTree_buildTree arg i=1 actual=*Constructor_Test_RBTree_T exp=*Constructor_Test_RBTree_T envSize=0 originalExp=*Constructor_Test_RBTree_T
Call=Call_Test_RBTree_depth arg i=0 actual=*Constructor_Test_RBTree_T exp=*Constructor_Test_RBTree_T envSize=0 originalExp=*Constructor_Test_RBTree_T
Call=Call_Test_Records_updateRec arg i=0 actual=int64 exp=int64 envSize=0 originalExp=int64
Call=Call_Test_Records_updateRec arg i=1 actual=gopurs_runtime.Value exp=gopurs_runtime.Value envSize=0 originalExp=gopurs_runtime.Value
Call=Call_Test_StateMonad_chainModifications arg i=0 actual=int64 exp=int64 envSize=0 originalExp=int64
Call=Call_Test_StateMonad_chainModifications arg i=0 actual=int64 exp=int64 envSize=0 originalExp=int64
Call=Call_Test_StateMonad_runManyTimes arg i=0 actual=int64 exp=int64 envSize=0 originalExp=int64
Call=Call_Test_StateMonad_runManyTimes arg i=1 actual=int64 exp=int64 envSize=0 originalExp=int64
Call=Call_Test_TCO_deepTailRec arg i=0 actual=int64 exp=int64 envSize=0 originalExp=int64
Call=Call_Test_TCO_deepTailRec arg i=1 actual=int64 exp=int64 envSize=0 originalExp=int64
findFfiFile [Test.AckermannFFI] -> src/Test/AckermannFFI.go
findFfiFile [Test.AckermannFFICheatcode] -> src/Test/AckermannFFICheatcode.go
findFfiFile [Test.ArrayOpsFFI] -> src/Test/ArrayOpsFFI.go
findFfiFile [Test.ArrayOpsFFICheatcode] -> src/Test/ArrayOpsFFICheatcode.go
findFfiFile [Test.AstTreeFFI] -> src/Test/AstTreeFFI.go
findFfiFile [Test.AstTreeFFICheatcode] -> src/Test/AstTreeFFICheatcode.go
findFfiFile [Test.ChurchFFI] -> src/Test/ChurchFFI.go
findFfiFile [Test.ChurchFFICheatcode] -> src/Test/ChurchFFICheatcode.go
findFfiFile [Test.FibFFI] -> src/Test/FibFFI.go
findFfiFile [Test.FibFFICheatcode] -> src/Test/FibFFICheatcode.go
findFfiFile [Test.LazyEvaluationFFI] -> src/Test/LazyEvaluationFFI.go
findFfiFile [Test.LazyEvaluationFFICheatcode] -> src/Test/LazyEvaluationFFICheatcode.go
findFfiFile [Test.ListOpsFFI] -> src/Test/ListOpsFFI.go
findFfiFile [Test.ListOpsFFICheatcode] -> src/Test/ListOpsFFICheatcode.go
findFfiFile [Test.PolymorphismFFI] -> src/Test/PolymorphismFFI.go
findFfiFile [Test.PolymorphismFFICheatcode] -> src/Test/PolymorphismFFICheatcode.go
findFfiFile [Test.PrimesFFI] -> src/Test/PrimesFFI.go
findFfiFile [Test.PrimesFFICheatcode] -> src/Test/PrimesFFICheatcode.go
findFfiFile [Test.RBTreeFFI] -> src/Test/RBTreeFFI.go
findFfiFile [Test.RBTreeFFICheatcode] -> src/Test/RBTreeFFICheatcode.go
findFfiFile [Test.RecordsFFI] -> src/Test/RecordsFFI.go
findFfiFile [Test.RecordsFFICheatcode] -> src/Test/RecordsFFICheatcode.go
findFfiFile [Test.RowToListFFI] -> src/Test/RowToListFFI.go
findFfiFile [Test.RowToListFFICheatcode] -> src/Test/RowToListFFICheatcode.go
findFfiFile [Test.StateMonadFFI] -> src/Test/StateMonadFFI.go
findFfiFile [Test.StateMonadFFICheatcode] -> src/Test/StateMonadFFICheatcode.go
findFfiFile [Test.TCOFFI] -> src/Test/TCOFFI.go
findFfiFile [Test.TCOFFICheatcode] -> src/Test/TCOFFICheatcode.go
findFfiFile [Effect.Exception] -> ../gopurs/gopurs-exceptions/src/Effect/Exception.go
Call=Call_Control_Monad_Error_Class_try arg i=0 actual=*Constructor_Control_Monad_Error_Class_MonadError[T_e, T_m] exp=*Constructor_Control_Monad_Error_Class_MonadError[gopurs_runtime.Value, gopurs_runtime.Value] envSize=3 originalExp=*Constructor_Control_Monad_Error_Class_MonadError[gopurs_runtime.Value, gopurs_runtime.Value]
Call=Call_Control_Monad_Except_Trans_applicativeExceptT arg i=0 actual=gopurs_runtime.Value exp=gopurs_runtime.Value envSize=0 originalExp=gopurs_runtime.Value
Call=Call_Control_Monad_Except_Trans_bindExceptT arg i=0 actual=gopurs_runtime.Value exp=gopurs_runtime.Value envSize=0 originalExp=gopurs_runtime.Value
Call=Call_Control_Monad_Except_Trans_applyExceptT arg i=0 actual=gopurs_runtime.Value exp=gopurs_runtime.Value envSize=0 originalExp=gopurs_runtime.Value
Call=Call_Control_Monad_Except_Trans_applyExceptT arg i=0 actual=gopurs_runtime.Value exp=gopurs_runtime.Value envSize=0 originalExp=gopurs_runtime.Value
Call=Call_Control_Monad_Except_Trans_applicativeExceptT arg i=0 actual=gopurs_runtime.Value exp=gopurs_runtime.Value envSize=0 originalExp=gopurs_runtime.Value
Call=Call_Control_Monad_Except_Trans_applyExceptT arg i=0 actual=gopurs_runtime.Value exp=gopurs_runtime.Value envSize=0 originalExp=gopurs_runtime.Value
Call=Call_Control_Monad_Except_Trans_applicativeExceptT arg i=0 actual=gopurs_runtime.Value exp=gopurs_runtime.Value envSize=0 originalExp=gopurs_runtime.Value
Call=Call_Control_Monad_Except_Trans_applyExceptT arg i=0 actual=gopurs_runtime.Value exp=gopurs_runtime.Value envSize=0 originalExp=gopurs_runtime.Value
Call=Call_Control_Monad_Except_Trans_applyExceptT arg i=0 actual=gopurs_runtime.Value exp=gopurs_runtime.Value envSize=0 originalExp=gopurs_runtime.Value
Call=Call_Control_Monad_Except_Trans_applicativeExceptT arg i=0 actual=gopurs_runtime.Value exp=gopurs_runtime.Value envSize=0 originalExp=gopurs_runtime.Value
Call=Call_Control_Monad_Except_Trans_applyExceptT arg i=0 actual=gopurs_runtime.Value exp=gopurs_runtime.Value envSize=0 originalExp=gopurs_runtime.Value
Call=Call_Control_Monad_Except_Trans_applicativeExceptT arg i=0 actual=gopurs_runtime.Value exp=gopurs_runtime.Value envSize=0 originalExp=gopurs_runtime.Value
Call=Call_Control_Monad_Except_Trans_applicativeExceptT arg i=0 actual=gopurs_runtime.Value exp=gopurs_runtime.Value envSize=0 originalExp=gopurs_runtime.Value
Call=Call_Control_Monad_Except_Trans_applyExceptT arg i=0 actual=gopurs_runtime.Value exp=gopurs_runtime.Value envSize=0 originalExp=gopurs_runtime.Value
Call=Call_Control_Monad_Except_Trans_applyExceptT arg i=0 actual=gopurs_runtime.Value exp=gopurs_runtime.Value envSize=0 originalExp=gopurs_runtime.Value
Call=Call_Control_Monad_Except_Trans_applicativeExceptT arg i=0 actual=gopurs_runtime.Value exp=gopurs_runtime.Value envSize=0 originalExp=gopurs_runtime.Value
Call=Call_Control_Monad_Except_Trans_monadAskExceptT arg i=0 actual=gopurs_runtime.Value exp=gopurs_runtime.Value envSize=0 originalExp=gopurs_runtime.Value
Call=Call_Control_Monad_Except_Trans_applyExceptT arg i=0 actual=gopurs_runtime.Value exp=gopurs_runtime.Value envSize=0 originalExp=gopurs_runtime.Value
Call=Call_Control_Monad_Except_Trans_applicativeExceptT arg i=0 actual=gopurs_runtime.Value exp=gopurs_runtime.Value envSize=0 originalExp=gopurs_runtime.Value
Call=Call_Control_Monad_Except_Trans_applicativeExceptT arg i=0 actual=gopurs_runtime.Value exp=gopurs_runtime.Value envSize=0 originalExp=gopurs_runtime.Value
Call=Call_Control_Monad_Except_Trans_applyExceptT arg i=0 actual=gopurs_runtime.Value exp=gopurs_runtime.Value envSize=0 originalExp=gopurs_runtime.Value
Call=Call_Control_Monad_Except_Trans_applyExceptT arg i=0 actual=gopurs_runtime.Value exp=gopurs_runtime.Value envSize=0 originalExp=gopurs_runtime.Value
Call=Call_Control_Monad_Except_Trans_applicativeExceptT arg i=0 actual=gopurs_runtime.Value exp=gopurs_runtime.Value envSize=0 originalExp=gopurs_runtime.Value
Call=Call_Control_Monad_Except_Trans_applyExceptT arg i=0 actual=gopurs_runtime.Value exp=gopurs_runtime.Value envSize=0 originalExp=gopurs_runtime.Value
Call=Call_Control_Monad_Except_Trans_applicativeExceptT arg i=0 actual=gopurs_runtime.Value exp=gopurs_runtime.Value envSize=0 originalExp=gopurs_runtime.Value
Call=Call_Control_Monad_Except_Trans_applicativeExceptT arg i=0 actual=gopurs_runtime.Value exp=gopurs_runtime.Value envSize=0 originalExp=gopurs_runtime.Value
Call=Call_Control_Monad_Except_Trans_applyExceptT arg i=0 actual=gopurs_runtime.Value exp=gopurs_runtime.Value envSize=0 originalExp=gopurs_runtime.Value
Call=Call_Control_Monad_Except_Trans_applyExceptT arg i=0 actual=gopurs_runtime.Value exp=gopurs_runtime.Value envSize=0 originalExp=gopurs_runtime.Value
Call=Call_Control_Monad_Except_Trans_applicativeExceptT arg i=0 actual=gopurs_runtime.Value exp=gopurs_runtime.Value envSize=0 originalExp=gopurs_runtime.Value
Call=Call_Control_Monad_Except_Trans_applyExceptT arg i=0 actual=gopurs_runtime.Value exp=gopurs_runtime.Value envSize=0 originalExp=gopurs_runtime.Value
Call=Call_Control_Monad_Except_Trans_applicativeExceptT arg i=0 actual=gopurs_runtime.Value exp=gopurs_runtime.Value envSize=0 originalExp=gopurs_runtime.Value
Call=Call_Control_Monad_Except_Trans_applicativeExceptT arg i=0 actual=gopurs_runtime.Value exp=gopurs_runtime.Value envSize=0 originalExp=gopurs_runtime.Value
Call=Call_Control_Monad_Except_Trans_applyExceptT arg i=0 actual=gopurs_runtime.Value exp=gopurs_runtime.Value envSize=0 originalExp=gopurs_runtime.Value
Call=Call_Control_Monad_Except_Trans_applyExceptT arg i=0 actual=gopurs_runtime.Value exp=gopurs_runtime.Value envSize=0 originalExp=gopurs_runtime.Value
Call=Call_Control_Monad_Except_Trans_applicativeExceptT arg i=0 actual=gopurs_runtime.Value exp=gopurs_runtime.Value envSize=0 originalExp=gopurs_runtime.Value
Call=Call_Control_Monad_Except_Trans_applyExceptT arg i=0 actual=gopurs_runtime.Value exp=gopurs_runtime.Value envSize=0 originalExp=gopurs_runtime.Value
Call=Call_Control_Monad_Except_Trans_applicativeExceptT arg i=0 actual=gopurs_runtime.Value exp=gopurs_runtime.Value envSize=0 originalExp=gopurs_runtime.Value
Call=Call_Control_Monad_Except_Trans_applicativeExceptT arg i=0 actual=gopurs_runtime.Value exp=gopurs_runtime.Value envSize=0 originalExp=gopurs_runtime.Value
Call=Call_Control_Monad_Except_Trans_applyExceptT arg i=0 actual=gopurs_runtime.Value exp=gopurs_runtime.Value envSize=0 originalExp=gopurs_runtime.Value
Call=Call_Control_Monad_Except_Trans_applyExceptT arg i=0 actual=gopurs_runtime.Value exp=gopurs_runtime.Value envSize=0 originalExp=gopurs_runtime.Value
Call=Call_Control_Monad_Except_Trans_applicativeExceptT arg i=0 actual=gopurs_runtime.Value exp=gopurs_runtime.Value envSize=0 originalExp=gopurs_runtime.Value
Call=Call_Control_Monad_Except_Trans_applyExceptT arg i=0 actual=gopurs_runtime.Value exp=gopurs_runtime.Value envSize=0 originalExp=gopurs_runtime.Value
Call=Call_Control_Monad_Except_Trans_applicativeExceptT arg i=0 actual=gopurs_runtime.Value exp=gopurs_runtime.Value envSize=0 originalExp=gopurs_runtime.Value
Call=Call_Control_Monad_Except_Trans_applicativeExceptT arg i=0 actual=gopurs_runtime.Value exp=gopurs_runtime.Value envSize=0 originalExp=gopurs_runtime.Value
Call=Call_Control_Monad_Except_Trans_applyExceptT arg i=0 actual=gopurs_runtime.Value exp=gopurs_runtime.Value envSize=0 originalExp=gopurs_runtime.Value
Call=Call_Control_Monad_Except_Trans_applyExceptT arg i=0 actual=gopurs_runtime.Value exp=gopurs_runtime.Value envSize=0 originalExp=gopurs_runtime.Value
Call=Call_Control_Monad_Except_Trans_applicativeExceptT arg i=0 actual=gopurs_runtime.Value exp=gopurs_runtime.Value envSize=0 originalExp=gopurs_runtime.Value
Call=Call_Control_Monad_Except_Trans_monadTellExceptT arg i=0 actual=gopurs_runtime.Value exp=gopurs_runtime.Value envSize=0 originalExp=gopurs_runtime.Value
Call=Call_Control_Monad_Except_Trans_applyExceptT arg i=0 actual=gopurs_runtime.Value exp=gopurs_runtime.Value envSize=0 originalExp=gopurs_runtime.Value
Call=Call_Control_Monad_Except_Trans_applicativeExceptT arg i=0 actual=gopurs_runtime.Value exp=gopurs_runtime.Value envSize=0 originalExp=gopurs_runtime.Value
Call=Call_Control_Monad_Except_Trans_applicativeExceptT arg i=0 actual=gopurs_runtime.Value exp=gopurs_runtime.Value envSize=0 originalExp=gopurs_runtime.Value
Call=Call_Control_Monad_Except_Trans_applyExceptT arg i=0 actual=gopurs_runtime.Value exp=gopurs_runtime.Value envSize=0 originalExp=gopurs_runtime.Value
Call=Call_Control_Monad_Except_Trans_applyExceptT arg i=0 actual=gopurs_runtime.Value exp=gopurs_runtime.Value envSize=0 originalExp=gopurs_runtime.Value
Call=Call_Control_Monad_Except_Trans_applicativeExceptT arg i=0 actual=gopurs_runtime.Value exp=gopurs_runtime.Value envSize=0 originalExp=gopurs_runtime.Value
Call=Call_Control_Monad_Except_Trans_monadThrowExceptT arg i=0 actual=gopurs_runtime.Value exp=gopurs_runtime.Value envSize=0 originalExp=gopurs_runtime.Value
Call=Call_Control_Monad_Except_Trans_applyExceptT arg i=0 actual=gopurs_runtime.Value exp=gopurs_runtime.Value envSize=0 originalExp=gopurs_runtime.Value
Call=Call_Control_Monad_Except_Trans_applicativeExceptT arg i=0 actual=gopurs_runtime.Value exp=gopurs_runtime.Value envSize=0 originalExp=gopurs_runtime.Value
Call=Call_Control_Monad_Except_Trans_applicativeExceptT arg i=0 actual=gopurs_runtime.Value exp=gopurs_runtime.Value envSize=0 originalExp=gopurs_runtime.Value
Call=Call_Control_Monad_Except_Trans_applyExceptT arg i=0 actual=gopurs_runtime.Value exp=gopurs_runtime.Value envSize=0 originalExp=gopurs_runtime.Value
Call=Call_Control_Monad_Except_Trans_applyExceptT arg i=0 actual=gopurs_runtime.Value exp=gopurs_runtime.Value envSize=0 originalExp=gopurs_runtime.Value
Call=Call_Control_Monad_Except_Trans_applicativeExceptT arg i=0 actual=gopurs_runtime.Value exp=gopurs_runtime.Value envSize=0 originalExp=gopurs_runtime.Value
Call=Call_Control_Monad_Except_Trans_applyExceptT arg i=0 actual=gopurs_runtime.Value exp=gopurs_runtime.Value envSize=0 originalExp=gopurs_runtime.Value
Call=Call_Control_Monad_Except_Trans_applicativeExceptT arg i=0 actual=gopurs_runtime.Value exp=gopurs_runtime.Value envSize=0 originalExp=gopurs_runtime.Value
Call=Call_Control_Monad_Except_Trans_applicativeExceptT arg i=0 actual=gopurs_runtime.Value exp=gopurs_runtime.Value envSize=0 originalExp=gopurs_runtime.Value
Call=Call_Control_Monad_Except_Trans_applyExceptT arg i=0 actual=gopurs_runtime.Value exp=gopurs_runtime.Value envSize=0 originalExp=gopurs_runtime.Value
Call=Call_Control_Monad_Except_Trans_applyExceptT arg i=0 actual=gopurs_runtime.Value exp=gopurs_runtime.Value envSize=0 originalExp=gopurs_runtime.Value
Call=Call_Control_Monad_Except_Trans_applicativeExceptT arg i=0 actual=gopurs_runtime.Value exp=gopurs_runtime.Value envSize=0 originalExp=gopurs_runtime.Value
Call=Call_Control_Monad_Except_Trans_applyExceptT arg i=0 actual=gopurs_runtime.Value exp=gopurs_runtime.Value envSize=0 originalExp=gopurs_runtime.Value
Call=Call_Control_Monad_Except_Trans_applyExceptT arg i=0 actual=gopurs_runtime.Value exp=gopurs_runtime.Value envSize=0 originalExp=gopurs_runtime.Value
Call=Call_Control_Monad_Except_Trans_applicativeExceptT arg i=0 actual=gopurs_runtime.Value exp=gopurs_runtime.Value envSize=0 originalExp=gopurs_runtime.Value
Call=Call_Control_Monad_Except_Trans_applyExceptT arg i=0 actual=gopurs_runtime.Value exp=gopurs_runtime.Value envSize=0 originalExp=gopurs_runtime.Value
Call=Call_Control_Monad_Except_Trans_applicativeExceptT arg i=0 actual=gopurs_runtime.Value exp=gopurs_runtime.Value envSize=0 originalExp=gopurs_runtime.Value
Call=Call_Control_Monad_Except_Trans_applicativeExceptT arg i=0 actual=gopurs_runtime.Value exp=gopurs_runtime.Value envSize=0 originalExp=gopurs_runtime.Value
Call=Call_Control_Monad_Except_Trans_monadThrowExceptT arg i=0 actual=gopurs_runtime.Value exp=gopurs_runtime.Value envSize=0 originalExp=gopurs_runtime.Value
Call=Call_Control_Monad_Except_Trans_applyExceptT arg i=0 actual=gopurs_runtime.Value exp=gopurs_runtime.Value envSize=0 originalExp=gopurs_runtime.Value
Call=Call_Control_Monad_Except_Trans_applicativeExceptT arg i=0 actual=gopurs_runtime.Value exp=gopurs_runtime.Value envSize=0 originalExp=gopurs_runtime.Value
Call=Call_Control_Monad_Except_Trans_applicativeExceptT arg i=0 actual=gopurs_runtime.Value exp=gopurs_runtime.Value envSize=0 originalExp=gopurs_runtime.Value
Call=Call_Control_Monad_Except_Trans_monadThrowExceptT arg i=0 actual=gopurs_runtime.Value exp=gopurs_runtime.Value envSize=0 originalExp=gopurs_runtime.Value
Call=Call_Control_Monad_Except_Trans_applyExceptT arg i=0 actual=gopurs_runtime.Value exp=gopurs_runtime.Value envSize=0 originalExp=gopurs_runtime.Value
Call=Call_Control_Monad_Except_Trans_applicativeExceptT arg i=0 actual=gopurs_runtime.Value exp=gopurs_runtime.Value envSize=0 originalExp=gopurs_runtime.Value
Call=Call_Control_Monad_Except_Trans_applicativeExceptT arg i=0 actual=gopurs_runtime.Value exp=gopurs_runtime.Value envSize=0 originalExp=gopurs_runtime.Value
Call=Call_Control_Monad_Except_Trans_applyExceptT arg i=0 actual=gopurs_runtime.Value exp=gopurs_runtime.Value envSize=0 originalExp=gopurs_runtime.Value
Call=Call_Control_Monad_Except_Trans_applyExceptT arg i=0 actual=gopurs_runtime.Value exp=gopurs_runtime.Value envSize=0 originalExp=gopurs_runtime.Value
Call=Call_Control_Monad_Except_Trans_applicativeExceptT arg i=0 actual=gopurs_runtime.Value exp=gopurs_runtime.Value envSize=0 originalExp=gopurs_runtime.Value
Call=Call_Control_Monad_Except_Trans_applyExceptT arg i=0 actual=gopurs_runtime.Value exp=gopurs_runtime.Value envSize=0 originalExp=gopurs_runtime.Value
Call=Call_Control_Monad_Except_Trans_applyExceptT arg i=0 actual=gopurs_runtime.Value exp=gopurs_runtime.Value envSize=0 originalExp=gopurs_runtime.Value
Call=Call_Control_Monad_Except_Trans_applicativeExceptT arg i=0 actual=gopurs_runtime.Value exp=gopurs_runtime.Value envSize=0 originalExp=gopurs_runtime.Value
Call=Call_Control_Monad_Except_Trans_applyExceptT arg i=0 actual=gopurs_runtime.Value exp=gopurs_runtime.Value envSize=0 originalExp=gopurs_runtime.Value
Call=Call_Control_Monad_Except_Trans_applicativeExceptT arg i=0 actual=gopurs_runtime.Value exp=gopurs_runtime.Value envSize=0 originalExp=gopurs_runtime.Value
Call=Call_Control_Monad_Except_Trans_applicativeExceptT arg i=0 actual=gopurs_runtime.Value exp=gopurs_runtime.Value envSize=0 originalExp=gopurs_runtime.Value
Call=Call_Control_Monad_Except_Trans_applyExceptT arg i=0 actual=gopurs_runtime.Value exp=gopurs_runtime.Value envSize=0 originalExp=gopurs_runtime.Value
Call=Call_Control_Monad_Except_Trans_applicativeExceptT arg i=0 actual=gopurs_runtime.Value exp=gopurs_runtime.Value envSize=0 originalExp=gopurs_runtime.Value
Call=Call_Control_Monad_Except_Trans_applicativeExceptT arg i=0 actual=gopurs_runtime.Value exp=gopurs_runtime.Value envSize=0 originalExp=gopurs_runtime.Value
Call=Call_Control_Monad_Except_Trans_monadThrowExceptT arg i=0 actual=gopurs_runtime.Value exp=gopurs_runtime.Value envSize=0 originalExp=gopurs_runtime.Value
Call=Call_local_Control_Monad_Gen_go__go_4_1_0 arg i=0 actual=int64 exp=int64 envSize=0 originalExp=int64
Call=Call_local_Control_Monad_Gen_go__go_4_1_0 arg i=1 actual=*Constructor_Control_Monad_Gen_Cons[T_a] exp=gopurs_runtime.Value envSize=0 originalExp=gopurs_runtime.Value
Call=Call_Control_Monad_Gen_fromIndex arg i=0 actual=*Constructor_Data_Semigroup_Foldable_Foldable1[T_f] exp=*Constructor_Data_Semigroup_Foldable_Foldable1[gopurs_runtime.Value] envSize=2 originalExp=*Constructor_Data_Semigroup_Foldable_Foldable1[gopurs_runtime.Value]
Call=Call_Control_Monad_Gen_filtered arg i=0 actual=*Constructor_Control_Monad_Rec_Class_MonadRec[T_m] exp=*Constructor_Control_Monad_Rec_Class_MonadRec[gopurs_runtime.Value] envSize=2 originalExp=*Constructor_Control_Monad_Rec_Class_MonadRec[gopurs_runtime.Value]
Call=Call_Control_Monad_Gen_filtered arg i=1 actual=*Constructor_Control_Monad_Gen_Class_MonadGen[T_m] exp=*Constructor_Control_Monad_Gen_Class_MonadGen[gopurs_runtime.Value] envSize=2 originalExp=*Constructor_Control_Monad_Gen_Class_MonadGen[gopurs_runtime.Value]
Call=Call_Control_Monad_Gen_fromIndex arg i=0 actual=*Constructor_Data_Semigroup_Foldable_Foldable1[T_f] exp=*Constructor_Data_Semigroup_Foldable_Foldable1[gopurs_runtime.Value] envSize=2 originalExp=*Constructor_Data_Semigroup_Foldable_Foldable1[gopurs_runtime.Value]
FOLDL TYPE: (Func [(Func [(TypeVar b), (TypeVar a)] (TypeVar b)), (TypeVar b), (ADT ["Data","Lazy","Lazy"] [(TypeVar a)])] (TypeVar b))
findFfiFile [Data.Lazy] -> ../gopurs/gopurs-lazy/src/Data/Lazy.go
Call=Call_Control_Monad_List_Trans_unfold arg i=0 actual=*Constructor_Control_Monad_Monad[T_f] exp=*Constructor_Control_Monad_Monad[gopurs_runtime.Value] envSize=3 originalExp=*Constructor_Control_Monad_Monad[gopurs_runtime.Value]
Call=Call_Control_Monad_List_Trans_uncons arg i=0 actual=*Constructor_Control_Monad_Monad[T_f] exp=*Constructor_Control_Monad_Monad[gopurs_runtime.Value] envSize=2 originalExp=*Constructor_Control_Monad_Monad[gopurs_runtime.Value]
Call=Call_Control_Monad_List_Trans_uncons arg i=0 actual=*Constructor_Control_Monad_Monad[T_f] exp=*Constructor_Control_Monad_Monad[gopurs_runtime.Value] envSize=2 originalExp=*Constructor_Control_Monad_Monad[gopurs_runtime.Value]
Call=Call_Control_Monad_List_Trans_takeWhile arg i=0 actual=*Constructor_Control_Applicative_Applicative[T_f] exp=*Constructor_Control_Applicative_Applicative[gopurs_runtime.Value] envSize=2 originalExp=*Constructor_Control_Applicative_Applicative[gopurs_runtime.Value]
Call=Call_Control_Monad_List_Trans_takeWhile arg i=0 actual=*Constructor_Control_Applicative_Applicative[T_f] exp=*Constructor_Control_Applicative_Applicative[gopurs_runtime.Value] envSize=2 originalExp=*Constructor_Control_Applicative_Applicative[gopurs_runtime.Value]
Call=Call_Control_Monad_List_Trans_unfold arg i=0 actual=*Constructor_Control_Monad_Monad[T_f] exp=*Constructor_Control_Monad_Monad[gopurs_runtime.Value] envSize=3 originalExp=*Constructor_Control_Monad_Monad[gopurs_runtime.Value]
Call=Call_Control_Monad_List_Trans_take arg i=0 actual=*Constructor_Control_Applicative_Applicative[T_f] exp=*Constructor_Control_Applicative_Applicative[gopurs_runtime.Value] envSize=2 originalExp=*Constructor_Control_Applicative_Applicative[gopurs_runtime.Value]
Call=Call_Control_Monad_List_Trans_take arg i=0 actual=*Constructor_Control_Applicative_Applicative[T_f] exp=*Constructor_Control_Applicative_Applicative[gopurs_runtime.Value] envSize=2 originalExp=*Constructor_Control_Applicative_Applicative[gopurs_runtime.Value]
Call=Call_Control_Monad_List_Trans_uncons arg i=0 actual=*Constructor_Control_Monad_Monad[T_f] exp=*Constructor_Control_Monad_Monad[gopurs_runtime.Value] envSize=2 originalExp=*Constructor_Control_Monad_Monad[gopurs_runtime.Value]
Call=Call_Control_Monad_List_Trans_uncons arg i=0 actual=*Constructor_Control_Monad_Monad[T_f] exp=*Constructor_Control_Monad_Monad[gopurs_runtime.Value] envSize=2 originalExp=*Constructor_Control_Monad_Monad[gopurs_runtime.Value]
Call=Call_Control_Monad_List_Trans_mapMaybe arg i=0 actual=*Constructor_Data_Functor_Functor[T_f] exp=*Constructor_Data_Functor_Functor[gopurs_runtime.Value] envSize=3 originalExp=*Constructor_Data_Functor_Functor[gopurs_runtime.Value]
Call=Call_Control_Monad_List_Trans_mapMaybe arg i=1 actual=gopurs_runtime.Value exp=gopurs_runtime.Value envSize=3 originalExp=gopurs_runtime.Value
Call=Call_Control_Monad_List_Trans_mapMaybe arg i=2 actual=T_a exp=gopurs_runtime.Value envSize=3 originalExp=gopurs_runtime.Value
Call=Call_Control_Monad_List_Trans_mapMaybe arg i=0 actual=*Constructor_Data_Functor_Functor[T_f] exp=*Constructor_Data_Functor_Functor[gopurs_runtime.Value] envSize=3 originalExp=*Constructor_Data_Functor_Functor[gopurs_runtime.Value]
Call=Call_Control_Monad_List_Trans_mapMaybe arg i=1 actual=gopurs_runtime.Value exp=gopurs_runtime.Value envSize=3 originalExp=gopurs_runtime.Value
Call=Call_Control_Monad_List_Trans_mapMaybe arg i=2 actual=T_a exp=gopurs_runtime.Value envSize=3 originalExp=gopurs_runtime.Value
Call=Call_Control_Monad_List_Trans_unfold arg i=0 actual=*Constructor_Control_Monad_Monad[T_f] exp=*Constructor_Control_Monad_Monad[gopurs_runtime.Value] envSize=3 originalExp=*Constructor_Control_Monad_Monad[gopurs_runtime.Value]
Call=Call_Control_Monad_List_Trans_iterate arg i=0 actual=*Constructor_Control_Monad_Monad[T_f] exp=*Constructor_Control_Monad_Monad[gopurs_runtime.Value] envSize=2 originalExp=*Constructor_Control_Monad_Monad[gopurs_runtime.Value]
Call=Call_Control_Monad_List_Trans_uncons arg i=0 actual=*Constructor_Control_Monad_Monad[T_f] exp=*Constructor_Control_Monad_Monad[gopurs_runtime.Value] envSize=2 originalExp=*Constructor_Control_Monad_Monad[gopurs_runtime.Value]
Call=Call_Control_Monad_List_Trans_functorListT arg i=0 actual=gopurs_runtime.Value exp=gopurs_runtime.Value envSize=0 originalExp=gopurs_runtime.Value
Call=Call_Control_Monad_List_Trans_functorListT arg i=0 actual=gopurs_runtime.Value exp=gopurs_runtime.Value envSize=0 originalExp=gopurs_runtime.Value
Call=Call_Control_Monad_List_Trans_fromEffect arg i=0 actual=gopurs_runtime.Value exp=*Constructor_Control_Applicative_Applicative[gopurs_runtime.Value] envSize=2 originalExp=*Constructor_Control_Applicative_Applicative[gopurs_runtime.Value]
Call=Call_Control_Monad_List_Trans_fromEffect arg i=0 actual=gopurs_runtime.Value exp=*Constructor_Control_Applicative_Applicative[gopurs_runtime.Value] envSize=2 originalExp=*Constructor_Control_Applicative_Applicative[gopurs_runtime.Value]
Call=Call_Control_Monad_List_Trans_uncons arg i=0 actual=*Constructor_Control_Monad_Monad[T_f] exp=*Constructor_Control_Monad_Monad[gopurs_runtime.Value] envSize=2 originalExp=*Constructor_Control_Monad_Monad[gopurs_runtime.Value]
Call=Call_Control_Monad_List_Trans_uncons arg i=0 actual=*Constructor_Control_Monad_Monad[T_f] exp=*Constructor_Control_Monad_Monad[gopurs_runtime.Value] envSize=2 originalExp=*Constructor_Control_Monad_Monad[gopurs_runtime.Value]
Call=Call_Control_Monad_List_Trans_uncons arg i=0 actual=*Constructor_Control_Monad_Monad[T_f] exp=*Constructor_Control_Monad_Monad[gopurs_runtime.Value] envSize=2 originalExp=*Constructor_Control_Monad_Monad[gopurs_runtime.Value]
FOLDL TYPE: (ConstrainedType (Func [(Func [(TypeVar b), (TypeVar a)] (TypeVar b)), (TypeVar b), (TypeApp (TypeVar f) [(ADT ["Control","Monad","List","Trans","Step"] [(TypeVar a), (ADT ["Control","Monad","List","Trans","ListT"] [(TypeVar f), (TypeVar a)])])])] (TypeApp (TypeVar f) [(TypeVar b)])))
Call=Call_Control_Monad_List_Trans_uncons arg i=0 actual=*Constructor_Control_Monad_Monad[T_f] exp=*Constructor_Control_Monad_Monad[gopurs_runtime.Value] envSize=2 originalExp=*Constructor_Control_Monad_Monad[gopurs_runtime.Value]
Call=Call_Control_Monad_List_Trans_filter arg i=0 actual=*Constructor_Data_Functor_Functor[T_f] exp=*Constructor_Data_Functor_Functor[gopurs_runtime.Value] envSize=2 originalExp=*Constructor_Data_Functor_Functor[gopurs_runtime.Value]
Call=Call_Control_Monad_List_Trans_filter arg i=1 actual=gopurs_runtime.Value exp=gopurs_runtime.Value envSize=2 originalExp=gopurs_runtime.Value
Call=Call_Control_Monad_List_Trans_filter arg i=2 actual=T_a exp=gopurs_runtime.Value envSize=2 originalExp=gopurs_runtime.Value
Call=Call_Control_Monad_List_Trans_filter arg i=0 actual=*Constructor_Data_Functor_Functor[T_f] exp=*Constructor_Data_Functor_Functor[gopurs_runtime.Value] envSize=2 originalExp=*Constructor_Data_Functor_Functor[gopurs_runtime.Value]
Call=Call_Control_Monad_List_Trans_filter arg i=1 actual=gopurs_runtime.Value exp=gopurs_runtime.Value envSize=2 originalExp=gopurs_runtime.Value
Call=Call_Control_Monad_List_Trans_filter arg i=2 actual=T_a exp=gopurs_runtime.Value envSize=2 originalExp=gopurs_runtime.Value
Call=Call_Control_Monad_List_Trans_dropWhile arg i=0 actual=*Constructor_Control_Applicative_Applicative[T_f] exp=*Constructor_Control_Applicative_Applicative[gopurs_runtime.Value] envSize=2 originalExp=*Constructor_Control_Applicative_Applicative[gopurs_runtime.Value]
Call=Call_Control_Monad_List_Trans_dropWhile arg i=0 actual=*Constructor_Control_Applicative_Applicative[T_f] exp=*Constructor_Control_Applicative_Applicative[gopurs_runtime.Value] envSize=2 originalExp=*Constructor_Control_Applicative_Applicative[gopurs_runtime.Value]
Call=Call_Control_Monad_List_Trans_drop arg i=0 actual=*Constructor_Control_Applicative_Applicative[T_f] exp=*Constructor_Control_Applicative_Applicative[gopurs_runtime.Value] envSize=2 originalExp=*Constructor_Control_Applicative_Applicative[gopurs_runtime.Value]
Call=Call_Control_Monad_List_Trans_drop arg i=0 actual=*Constructor_Control_Applicative_Applicative[T_f] exp=*Constructor_Control_Applicative_Applicative[gopurs_runtime.Value] envSize=2 originalExp=*Constructor_Control_Applicative_Applicative[gopurs_runtime.Value]
Call=Call_Control_Monad_List_Trans_singleton arg i=0 actual=*Constructor_Control_Applicative_Applicative[gopurs_runtime.Value] exp=*Constructor_Control_Applicative_Applicative[gopurs_runtime.Value] envSize=2 originalExp=*Constructor_Control_Applicative_Applicative[gopurs_runtime.Value]
Call=Call_Control_Monad_List_Trans_singleton arg i=0 actual=*Constructor_Control_Applicative_Applicative[gopurs_runtime.Value] exp=*Constructor_Control_Applicative_Applicative[gopurs_runtime.Value] envSize=2 originalExp=*Constructor_Control_Applicative_Applicative[gopurs_runtime.Value]
Call=Call_Control_Monad_List_Trans_concat arg i=0 actual=gopurs_runtime.Value exp=*Constructor_Control_Applicative_Applicative[gopurs_runtime.Value] envSize=2 originalExp=*Constructor_Control_Applicative_Applicative[gopurs_runtime.Value]
Call=Call_Control_Monad_List_Trans_concat arg i=0 actual=*Constructor_Control_Applicative_Applicative[T_f] exp=*Constructor_Control_Applicative_Applicative[gopurs_runtime.Value] envSize=2 originalExp=*Constructor_Control_Applicative_Applicative[gopurs_runtime.Value]
Call=Call_Control_Monad_List_Trans_concat arg i=0 actual=*Constructor_Control_Applicative_Applicative[T_f] exp=*Constructor_Control_Applicative_Applicative[gopurs_runtime.Value] envSize=2 originalExp=*Constructor_Control_Applicative_Applicative[gopurs_runtime.Value]
Call=Call_Control_Monad_List_Trans_concat arg i=0 actual=gopurs_runtime.Value exp=*Constructor_Control_Applicative_Applicative[gopurs_runtime.Value] envSize=2 originalExp=*Constructor_Control_Applicative_Applicative[gopurs_runtime.Value]
Call=Call_Control_Monad_List_Trans_applicativeListT arg i=0 actual=gopurs_runtime.Value exp=gopurs_runtime.Value envSize=0 originalExp=gopurs_runtime.Value
Call=Call_Control_Monad_List_Trans_bindListT arg i=0 actual=gopurs_runtime.Value exp=gopurs_runtime.Value envSize=0 originalExp=gopurs_runtime.Value
Call=Call_Control_Monad_List_Trans_concat arg i=0 actual=gopurs_runtime.Value exp=*Constructor_Control_Applicative_Applicative[gopurs_runtime.Value] envSize=2 originalExp=*Constructor_Control_Applicative_Applicative[gopurs_runtime.Value]
Call=Call_Control_Monad_List_Trans_applyListT arg i=0 actual=gopurs_runtime.Value exp=gopurs_runtime.Value envSize=0 originalExp=gopurs_runtime.Value
Call=Call_Control_Monad_List_Trans_bindListT arg i=0 actual=gopurs_runtime.Value exp=gopurs_runtime.Value envSize=0 originalExp=gopurs_runtime.Value
Call=Call_Control_Monad_List_Trans_bindListT arg i=0 actual=gopurs_runtime.Value exp=gopurs_runtime.Value envSize=0 originalExp=gopurs_runtime.Value
Call=Call_Control_Monad_List_Trans_functorListT arg i=0 actual=gopurs_runtime.Value exp=gopurs_runtime.Value envSize=0 originalExp=gopurs_runtime.Value
Call=Call_Control_Monad_List_Trans_functorListT arg i=0 actual=gopurs_runtime.Value exp=gopurs_runtime.Value envSize=0 originalExp=gopurs_runtime.Value
Call=Call_Control_Monad_List_Trans_concat arg i=0 actual=gopurs_runtime.Value exp=*Constructor_Control_Applicative_Applicative[gopurs_runtime.Value] envSize=2 originalExp=*Constructor_Control_Applicative_Applicative[gopurs_runtime.Value]
Call=Call_Control_Monad_List_Trans_applyListT arg i=0 actual=gopurs_runtime.Value exp=gopurs_runtime.Value envSize=0 originalExp=gopurs_runtime.Value
Call=Call_Control_Monad_List_Trans_bindListT arg i=0 actual=gopurs_runtime.Value exp=gopurs_runtime.Value envSize=0 originalExp=gopurs_runtime.Value
Call=Call_Control_Monad_List_Trans_bindListT arg i=0 actual=gopurs_runtime.Value exp=gopurs_runtime.Value envSize=0 originalExp=gopurs_runtime.Value
Call=Call_Control_Monad_List_Trans_applicativeListT arg i=0 actual=gopurs_runtime.Value exp=gopurs_runtime.Value envSize=0 originalExp=gopurs_runtime.Value
Call=Call_Control_Monad_List_Trans_functorListT arg i=0 actual=gopurs_runtime.Value exp=gopurs_runtime.Value envSize=0 originalExp=gopurs_runtime.Value
Call=Call_Control_Monad_List_Trans_functorListT arg i=0 actual=gopurs_runtime.Value exp=gopurs_runtime.Value envSize=0 originalExp=gopurs_runtime.Value
Call=Call_Control_Monad_List_Trans_functorListT arg i=0 actual=gopurs_runtime.Value exp=gopurs_runtime.Value envSize=0 originalExp=gopurs_runtime.Value
Call=Call_Control_Monad_List_Trans_functorListT arg i=0 actual=gopurs_runtime.Value exp=gopurs_runtime.Value envSize=0 originalExp=gopurs_runtime.Value
Call=Call_Control_Monad_List_Trans_concat arg i=0 actual=gopurs_runtime.Value exp=*Constructor_Control_Applicative_Applicative[gopurs_runtime.Value] envSize=2 originalExp=*Constructor_Control_Applicative_Applicative[gopurs_runtime.Value]
Call=Call_Control_Monad_List_Trans_applyListT arg i=0 actual=gopurs_runtime.Value exp=gopurs_runtime.Value envSize=0 originalExp=gopurs_runtime.Value
Call=Call_Control_Monad_List_Trans_concat arg i=0 actual=gopurs_runtime.Value exp=*Constructor_Control_Applicative_Applicative[gopurs_runtime.Value] envSize=2 originalExp=*Constructor_Control_Applicative_Applicative[gopurs_runtime.Value]
Call=Call_Control_Monad_List_Trans_bindListT arg i=0 actual=gopurs_runtime.Value exp=gopurs_runtime.Value envSize=0 originalExp=gopurs_runtime.Value
Call=Call_Control_Monad_List_Trans_bindListT arg i=0 actual=gopurs_runtime.Value exp=gopurs_runtime.Value envSize=0 originalExp=gopurs_runtime.Value
Call=Call_Control_Monad_List_Trans_concat arg i=0 actual=gopurs_runtime.Value exp=*Constructor_Control_Applicative_Applicative[gopurs_runtime.Value] envSize=2 originalExp=*Constructor_Control_Applicative_Applicative[gopurs_runtime.Value]
Call=Call_Control_Monad_List_Trans_bindListT arg i=0 actual=gopurs_runtime.Value exp=gopurs_runtime.Value envSize=0 originalExp=gopurs_runtime.Value
Call=Call_Control_Monad_List_Trans_bindListT arg i=0 actual=gopurs_runtime.Value exp=gopurs_runtime.Value envSize=0 originalExp=gopurs_runtime.Value
Call=Call_Control_Monad_List_Trans_applicativeListT arg i=0 actual=gopurs_runtime.Value exp=gopurs_runtime.Value envSize=0 originalExp=gopurs_runtime.Value
Call=Call_Control_Monad_List_Trans_singleton arg i=0 actual=gopurs_runtime.Value exp=*Constructor_Control_Applicative_Applicative[gopurs_runtime.Value] envSize=2 originalExp=*Constructor_Control_Applicative_Applicative[gopurs_runtime.Value]
Call=Call_Control_Monad_List_Trans_functorListT arg i=0 actual=gopurs_runtime.Value exp=gopurs_runtime.Value envSize=0 originalExp=gopurs_runtime.Value
Call=Call_Control_Monad_List_Trans_functorListT arg i=0 actual=gopurs_runtime.Value exp=gopurs_runtime.Value envSize=0 originalExp=gopurs_runtime.Value
Call=Call_local_Control_Monad_List_Trans___local_var_12_6 arg i=0 actual=gopurs_runtime.Value exp=gopurs_runtime.Value envSize=0 originalExp=gopurs_runtime.Value
Call=Call_Control_Monad_List_Trans_functorListT arg i=0 actual=gopurs_runtime.Value exp=gopurs_runtime.Value envSize=0 originalExp=gopurs_runtime.Value
Call=Call_Control_Monad_List_Trans_functorListT arg i=0 actual=gopurs_runtime.Value exp=gopurs_runtime.Value envSize=0 originalExp=gopurs_runtime.Value
Call=Call_local_Control_Monad_List_Trans___local_var_12_13 arg i=0 actual=gopurs_runtime.Value exp=gopurs_runtime.Value envSize=0 originalExp=gopurs_runtime.Value
Call=Call_Control_Monad_List_Trans_functorListT arg i=0 actual=gopurs_runtime.Value exp=gopurs_runtime.Value envSize=0 originalExp=gopurs_runtime.Value
Call=Call_Control_Monad_List_Trans_functorListT arg i=0 actual=gopurs_runtime.Value exp=gopurs_runtime.Value envSize=0 originalExp=gopurs_runtime.Value
Call=Call_local_Control_Monad_List_Trans___local_var_12_22 arg i=0 actual=gopurs_runtime.Value exp=gopurs_runtime.Value envSize=0 originalExp=gopurs_runtime.Value
Call=Call_Control_Monad_List_Trans_functorListT arg i=0 actual=gopurs_runtime.Value exp=gopurs_runtime.Value envSize=0 originalExp=gopurs_runtime.Value
Call=Call_Control_Monad_List_Trans_functorListT arg i=0 actual=gopurs_runtime.Value exp=gopurs_runtime.Value envSize=0 originalExp=gopurs_runtime.Value
Call=Call_local_Control_Monad_List_Trans___local_var_12_29 arg i=0 actual=gopurs_runtime.Value exp=gopurs_runtime.Value envSize=0 originalExp=gopurs_runtime.Value
Call=Call_Control_Monad_List_Trans_concat arg i=0 actual=gopurs_runtime.Value exp=*Constructor_Control_Applicative_Applicative[gopurs_runtime.Value] envSize=2 originalExp=*Constructor_Control_Applicative_Applicative[gopurs_runtime.Value]
Call=Call_Control_Monad_List_Trans_functorListT arg i=0 actual=gopurs_runtime.Value exp=gopurs_runtime.Value envSize=0 originalExp=gopurs_runtime.Value
Call=Call_Control_Monad_List_Trans_functorListT arg i=0 actual=gopurs_runtime.Value exp=gopurs_runtime.Value envSize=0 originalExp=gopurs_runtime.Value
Call=Call_local_Control_Monad_List_Trans___local_var_13_43 arg i=0 actual=gopurs_runtime.Value exp=gopurs_runtime.Value envSize=0 originalExp=gopurs_runtime.Value
Call=Call_Control_Monad_List_Trans_functorListT arg i=0 actual=gopurs_runtime.Value exp=gopurs_runtime.Value envSize=0 originalExp=gopurs_runtime.Value
Call=Call_Control_Monad_List_Trans_functorListT arg i=0 actual=gopurs_runtime.Value exp=gopurs_runtime.Value envSize=0 originalExp=gopurs_runtime.Value
Call=Call_local_Control_Monad_List_Trans___local_var_13_50 arg i=0 actual=gopurs_runtime.Value exp=gopurs_runtime.Value envSize=0 originalExp=gopurs_runtime.Value
Call=Call_Control_Monad_List_Trans_concat arg i=0 actual=gopurs_runtime.Value exp=*Constructor_Control_Applicative_Applicative[gopurs_runtime.Value] envSize=2 originalExp=*Constructor_Control_Applicative_Applicative[gopurs_runtime.Value]
Call=Call_Control_Monad_List_Trans_applyListT arg i=0 actual=gopurs_runtime.Value exp=gopurs_runtime.Value envSize=0 originalExp=gopurs_runtime.Value
Call=Call_Control_Monad_List_Trans_concat arg i=0 actual=gopurs_runtime.Value exp=*Constructor_Control_Applicative_Applicative[gopurs_runtime.Value] envSize=2 originalExp=*Constructor_Control_Applicative_Applicative[gopurs_runtime.Value]
Call=Call_Control_Monad_List_Trans_bindListT arg i=0 actual=gopurs_runtime.Value exp=gopurs_runtime.Value envSize=0 originalExp=gopurs_runtime.Value
Call=Call_Control_Monad_List_Trans_bindListT arg i=0 actual=gopurs_runtime.Value exp=gopurs_runtime.Value envSize=0 originalExp=gopurs_runtime.Value
Call=Call_local_Control_Monad_List_Trans___local_var_19_64 arg i=0 actual=gopurs_runtime.Value exp=gopurs_runtime.Value envSize=0 originalExp=gopurs_runtime.Value
Call=Call_local_Control_Monad_List_Trans___local_var_19_64 arg i=1 actual=gopurs_runtime.Value exp=gopurs_runtime.Value envSize=0 originalExp=gopurs_runtime.Value
Call=Call_Control_Monad_List_Trans_concat arg i=0 actual=gopurs_runtime.Value exp=*Constructor_Control_Applicative_Applicative[gopurs_runtime.Value] envSize=2 originalExp=*Constructor_Control_Applicative_Applicative[gopurs_runtime.Value]
Call=Call_Control_Monad_List_Trans_bindListT arg i=0 actual=gopurs_runtime.Value exp=gopurs_runtime.Value envSize=0 originalExp=gopurs_runtime.Value
Call=Call_Control_Monad_List_Trans_bindListT arg i=0 actual=gopurs_runtime.Value exp=gopurs_runtime.Value envSize=0 originalExp=gopurs_runtime.Value
Call=Call_local_Control_Monad_List_Trans___local_var_18_72 arg i=0 actual=gopurs_runtime.Value exp=gopurs_runtime.Value envSize=0 originalExp=gopurs_runtime.Value
Call=Call_local_Control_Monad_List_Trans___local_var_18_72 arg i=1 actual=gopurs_runtime.Value exp=gopurs_runtime.Value envSize=0 originalExp=gopurs_runtime.Value
Call=Call_Control_Monad_List_Trans_applicativeListT arg i=0 actual=gopurs_runtime.Value exp=gopurs_runtime.Value envSize=0 originalExp=gopurs_runtime.Value
Call=Call_Control_Monad_List_Trans_concat arg i=0 actual=gopurs_runtime.Value exp=*Constructor_Control_Applicative_Applicative[gopurs_runtime.Value] envSize=2 originalExp=*Constructor_Control_Applicative_Applicative[gopurs_runtime.Value]
Call=Call_Control_Monad_List_Trans_concat arg i=0 actual=gopurs_runtime.Value exp=*Constructor_Control_Applicative_Applicative[gopurs_runtime.Value] envSize=2 originalExp=*Constructor_Control_Applicative_Applicative[gopurs_runtime.Value]
Call=Call_Control_Monad_List_Trans_bindListT arg i=0 actual=gopurs_runtime.Value exp=gopurs_runtime.Value envSize=0 originalExp=gopurs_runtime.Value
Call=Call_Control_Monad_List_Trans_bindListT arg i=0 actual=gopurs_runtime.Value exp=gopurs_runtime.Value envSize=0 originalExp=gopurs_runtime.Value
Call=Call_local_Control_Monad_List_Trans___local_var_20_86 arg i=0 actual=gopurs_runtime.Value exp=gopurs_runtime.Value envSize=0 originalExp=gopurs_runtime.Value
Call=Call_local_Control_Monad_List_Trans___local_var_20_86 arg i=1 actual=gopurs_runtime.Value exp=gopurs_runtime.Value envSize=0 originalExp=gopurs_runtime.Value
Call=Call_Control_Monad_List_Trans_concat arg i=0 actual=gopurs_runtime.Value exp=*Constructor_Control_Applicative_Applicative[gopurs_runtime.Value] envSize=2 originalExp=*Constructor_Control_Applicative_Applicative[gopurs_runtime.Value]
Call=Call_Control_Monad_List_Trans_bindListT arg i=0 actual=gopurs_runtime.Value exp=gopurs_runtime.Value envSize=0 originalExp=gopurs_runtime.Value
Call=Call_Control_Monad_List_Trans_bindListT arg i=0 actual=gopurs_runtime.Value exp=gopurs_runtime.Value envSize=0 originalExp=gopurs_runtime.Value
Call=Call_local_Control_Monad_List_Trans___local_var_19_94 arg i=0 actual=gopurs_runtime.Value exp=gopurs_runtime.Value envSize=0 originalExp=gopurs_runtime.Value
Call=Call_local_Control_Monad_List_Trans___local_var_19_94 arg i=1 actual=gopurs_runtime.Value exp=gopurs_runtime.Value envSize=0 originalExp=gopurs_runtime.Value
Call=Call_Control_Monad_List_Trans_concat arg i=0 actual=gopurs_runtime.Value exp=*Constructor_Control_Applicative_Applicative[gopurs_runtime.Value] envSize=2 originalExp=*Constructor_Control_Applicative_Applicative[gopurs_runtime.Value]
Call=Call_Control_Monad_List_Trans_concat arg i=0 actual=gopurs_runtime.Value exp=*Constructor_Control_Applicative_Applicative[gopurs_runtime.Value] envSize=2 originalExp=*Constructor_Control_Applicative_Applicative[gopurs_runtime.Value]
Call=Call_Control_Monad_List_Trans_bindListT arg i=0 actual=gopurs_runtime.Value exp=gopurs_runtime.Value envSize=0 originalExp=gopurs_runtime.Value
Call=Call_Control_Monad_List_Trans_bindListT arg i=0 actual=gopurs_runtime.Value exp=gopurs_runtime.Value envSize=0 originalExp=gopurs_runtime.Value
Call=Call_local_Control_Monad_List_Trans___local_var_19_106 arg i=0 actual=gopurs_runtime.Value exp=gopurs_runtime.Value envSize=0 originalExp=gopurs_runtime.Value
Call=Call_local_Control_Monad_List_Trans___local_var_19_106 arg i=1 actual=gopurs_runtime.Value exp=gopurs_runtime.Value envSize=0 originalExp=gopurs_runtime.Value
Call=Call_Control_Monad_List_Trans_concat arg i=0 actual=gopurs_runtime.Value exp=*Constructor_Control_Applicative_Applicative[gopurs_runtime.Value] envSize=2 originalExp=*Constructor_Control_Applicative_Applicative[gopurs_runtime.Value]
Call=Call_Control_Monad_List_Trans_bindListT arg i=0 actual=gopurs_runtime.Value exp=gopurs_runtime.Value envSize=0 originalExp=gopurs_runtime.Value
Call=Call_Control_Monad_List_Trans_bindListT arg i=0 actual=gopurs_runtime.Value exp=gopurs_runtime.Value envSize=0 originalExp=gopurs_runtime.Value
Call=Call_local_Control_Monad_List_Trans___local_var_18_114 arg i=0 actual=gopurs_runtime.Value exp=gopurs_runtime.Value envSize=0 originalExp=gopurs_runtime.Value
Call=Call_local_Control_Monad_List_Trans___local_var_18_114 arg i=1 actual=gopurs_runtime.Value exp=gopurs_runtime.Value envSize=0 originalExp=gopurs_runtime.Value
Call=Call_Control_Monad_List_Trans_applicativeListT arg i=0 actual=gopurs_runtime.Value exp=gopurs_runtime.Value envSize=0 originalExp=gopurs_runtime.Value
Call=Call_Control_Monad_List_Trans_singleton arg i=0 actual=gopurs_runtime.Value exp=*Constructor_Control_Applicative_Applicative[gopurs_runtime.Value] envSize=2 originalExp=*Constructor_Control_Applicative_Applicative[gopurs_runtime.Value]
Call=Call_Control_Monad_List_Trans_concat arg i=0 actual=gopurs_runtime.Value exp=*Constructor_Control_Applicative_Applicative[gopurs_runtime.Value] envSize=2 originalExp=*Constructor_Control_Applicative_Applicative[gopurs_runtime.Value]
Call=Call_Control_Monad_List_Trans_functorListT arg i=0 actual=gopurs_runtime.Value exp=gopurs_runtime.Value envSize=0 originalExp=gopurs_runtime.Value
Call=Call_Control_Monad_List_Trans_functorListT arg i=0 actual=gopurs_runtime.Value exp=gopurs_runtime.Value envSize=0 originalExp=gopurs_runtime.Value
Call=Call_local_Control_Monad_List_Trans___local_var_11_127 arg i=0 actual=gopurs_runtime.Value exp=gopurs_runtime.Value envSize=0 originalExp=gopurs_runtime.Value
Call=Call_Control_Monad_List_Trans_functorListT arg i=0 actual=gopurs_runtime.Value exp=gopurs_runtime.Value envSize=0 originalExp=gopurs_runtime.Value
Call=Call_Control_Monad_List_Trans_functorListT arg i=0 actual=gopurs_runtime.Value exp=gopurs_runtime.Value envSize=0 originalExp=gopurs_runtime.Value
Call=Call_local_Control_Monad_List_Trans___local_var_11_134 arg i=0 actual=gopurs_runtime.Value exp=gopurs_runtime.Value envSize=0 originalExp=gopurs_runtime.Value
Call=Call_Control_Monad_List_Trans_concat arg i=0 actual=gopurs_runtime.Value exp=*Constructor_Control_Applicative_Applicative[gopurs_runtime.Value] envSize=2 originalExp=*Constructor_Control_Applicative_Applicative[gopurs_runtime.Value]
Call=Call_Control_Monad_List_Trans_applyListT arg i=0 actual=gopurs_runtime.Value exp=gopurs_runtime.Value envSize=0 originalExp=gopurs_runtime.Value
Call=Call_Control_Monad_List_Trans_bindListT arg i=0 actual=gopurs_runtime.Value exp=gopurs_runtime.Value envSize=0 originalExp=gopurs_runtime.Value
Call=Call_Control_Monad_List_Trans_bindListT arg i=0 actual=gopurs_runtime.Value exp=gopurs_runtime.Value envSize=0 originalExp=gopurs_runtime.Value
Call=Call_Control_Monad_List_Trans_functorListT arg i=0 actual=gopurs_runtime.Value exp=gopurs_runtime.Value envSize=0 originalExp=gopurs_runtime.Value
Call=Call_Control_Monad_List_Trans_functorListT arg i=0 actual=gopurs_runtime.Value exp=gopurs_runtime.Value envSize=0 originalExp=gopurs_runtime.Value
Call=Call_local_Control_Monad_List_Trans___local_var_17_153 arg i=0 actual=gopurs_runtime.Value exp=gopurs_runtime.Value envSize=0 originalExp=gopurs_runtime.Value
Call=Call_Control_Monad_List_Trans_functorListT arg i=0 actual=gopurs_runtime.Value exp=gopurs_runtime.Value envSize=0 originalExp=gopurs_runtime.Value
Call=Call_Control_Monad_List_Trans_functorListT arg i=0 actual=gopurs_runtime.Value exp=gopurs_runtime.Value envSize=0 originalExp=gopurs_runtime.Value
Call=Call_local_Control_Monad_List_Trans___local_var_17_160 arg i=0 actual=gopurs_runtime.Value exp=gopurs_runtime.Value envSize=0 originalExp=gopurs_runtime.Value
Call=Call_Control_Monad_List_Trans_functorListT arg i=0 actual=gopurs_runtime.Value exp=gopurs_runtime.Value envSize=0 originalExp=gopurs_runtime.Value
Call=Call_Control_Monad_List_Trans_functorListT arg i=0 actual=gopurs_runtime.Value exp=gopurs_runtime.Value envSize=0 originalExp=gopurs_runtime.Value
Call=Call_local_Control_Monad_List_Trans___local_var_17_169 arg i=0 actual=gopurs_runtime.Value exp=gopurs_runtime.Value envSize=0 originalExp=gopurs_runtime.Value
Call=Call_Control_Monad_List_Trans_functorListT arg i=0 actual=gopurs_runtime.Value exp=gopurs_runtime.Value envSize=0 originalExp=gopurs_runtime.Value
Call=Call_Control_Monad_List_Trans_functorListT arg i=0 actual=gopurs_runtime.Value exp=gopurs_runtime.Value envSize=0 originalExp=gopurs_runtime.Value
Call=Call_local_Control_Monad_List_Trans___local_var_17_176 arg i=0 actual=gopurs_runtime.Value exp=gopurs_runtime.Value envSize=0 originalExp=gopurs_runtime.Value
Call=Call_Control_Monad_List_Trans_concat arg i=0 actual=gopurs_runtime.Value exp=*Constructor_Control_Applicative_Applicative[gopurs_runtime.Value] envSize=2 originalExp=*Constructor_Control_Applicative_Applicative[gopurs_runtime.Value]
Call=Call_Control_Monad_List_Trans_applyListT arg i=0 actual=gopurs_runtime.Value exp=gopurs_runtime.Value envSize=0 originalExp=gopurs_runtime.Value
Call=Call_Control_Monad_List_Trans_concat arg i=0 actual=gopurs_runtime.Value exp=*Constructor_Control_Applicative_Applicative[gopurs_runtime.Value] envSize=2 originalExp=*Constructor_Control_Applicative_Applicative[gopurs_runtime.Value]
Call=Call_Control_Monad_List_Trans_bindListT arg i=0 actual=gopurs_runtime.Value exp=gopurs_runtime.Value envSize=0 originalExp=gopurs_runtime.Value
Call=Call_Control_Monad_List_Trans_bindListT arg i=0 actual=gopurs_runtime.Value exp=gopurs_runtime.Value envSize=0 originalExp=gopurs_runtime.Value
Call=Call_Control_Monad_List_Trans_concat arg i=0 actual=gopurs_runtime.Value exp=*Constructor_Control_Applicative_Applicative[gopurs_runtime.Value] envSize=2 originalExp=*Constructor_Control_Applicative_Applicative[gopurs_runtime.Value]
Call=Call_Control_Monad_List_Trans_bindListT arg i=0 actual=gopurs_runtime.Value exp=gopurs_runtime.Value envSize=0 originalExp=gopurs_runtime.Value
Call=Call_Control_Monad_List_Trans_bindListT arg i=0 actual=gopurs_runtime.Value exp=gopurs_runtime.Value envSize=0 originalExp=gopurs_runtime.Value
Call=Call_Control_Monad_List_Trans_applicativeListT arg i=0 actual=gopurs_runtime.Value exp=gopurs_runtime.Value envSize=0 originalExp=gopurs_runtime.Value
Call=Call_Control_Monad_List_Trans_singleton arg i=0 actual=gopurs_runtime.Value exp=*Constructor_Control_Applicative_Applicative[gopurs_runtime.Value] envSize=2 originalExp=*Constructor_Control_Applicative_Applicative[gopurs_runtime.Value]
Call=Call_Control_Monad_List_Trans_bindListT arg i=0 actual=gopurs_runtime.Value exp=gopurs_runtime.Value envSize=0 originalExp=gopurs_runtime.Value
Call=Call_Control_Monad_List_Trans_bindListT arg i=0 actual=gopurs_runtime.Value exp=gopurs_runtime.Value envSize=0 originalExp=gopurs_runtime.Value
Call=Call_Control_Monad_List_Trans_fromEffect arg i=0 actual=gopurs_runtime.Value exp=*Constructor_Control_Applicative_Applicative[gopurs_runtime.Value] envSize=2 originalExp=*Constructor_Control_Applicative_Applicative[gopurs_runtime.Value]
Call=Call_Control_Monad_List_Trans_functorListT arg i=0 actual=gopurs_runtime.Value exp=gopurs_runtime.Value envSize=0 originalExp=gopurs_runtime.Value
Call=Call_Control_Monad_List_Trans_functorListT arg i=0 actual=gopurs_runtime.Value exp=gopurs_runtime.Value envSize=0 originalExp=gopurs_runtime.Value
Call=Call_local_Control_Monad_List_Trans___local_var_12_6 arg i=0 actual=gopurs_runtime.Value exp=gopurs_runtime.Value envSize=0 originalExp=gopurs_runtime.Value
Call=Call_Control_Monad_List_Trans_functorListT arg i=0 actual=gopurs_runtime.Value exp=gopurs_runtime.Value envSize=0 originalExp=gopurs_runtime.Value
Call=Call_Control_Monad_List_Trans_functorListT arg i=0 actual=gopurs_runtime.Value exp=gopurs_runtime.Value envSize=0 originalExp=gopurs_runtime.Value
Call=Call_local_Control_Monad_List_Trans___local_var_12_13 arg i=0 actual=gopurs_runtime.Value exp=gopurs_runtime.Value envSize=0 originalExp=gopurs_runtime.Value
Call=Call_Control_Monad_List_Trans_functorListT arg i=0 actual=gopurs_runtime.Value exp=gopurs_runtime.Value envSize=0 originalExp=gopurs_runtime.Value
Call=Call_Control_Monad_List_Trans_functorListT arg i=0 actual=gopurs_runtime.Value exp=gopurs_runtime.Value envSize=0 originalExp=gopurs_runtime.Value
Call=Call_local_Control_Monad_List_Trans___local_var_12_22 arg i=0 actual=gopurs_runtime.Value exp=gopurs_runtime.Value envSize=0 originalExp=gopurs_runtime.Value
Call=Call_Control_Monad_List_Trans_functorListT arg i=0 actual=gopurs_runtime.Value exp=gopurs_runtime.Value envSize=0 originalExp=gopurs_runtime.Value
Call=Call_Control_Monad_List_Trans_functorListT arg i=0 actual=gopurs_runtime.Value exp=gopurs_runtime.Value envSize=0 originalExp=gopurs_runtime.Value
Call=Call_local_Control_Monad_List_Trans___local_var_12_29 arg i=0 actual=gopurs_runtime.Value exp=gopurs_runtime.Value envSize=0 originalExp=gopurs_runtime.Value
Call=Call_Control_Monad_List_Trans_concat arg i=0 actual=gopurs_runtime.Value exp=*Constructor_Control_Applicative_Applicative[gopurs_runtime.Value] envSize=2 originalExp=*Constructor_Control_Applicative_Applicative[gopurs_runtime.Value]
Call=Call_Control_Monad_List_Trans_functorListT arg i=0 actual=gopurs_runtime.Value exp=gopurs_runtime.Value envSize=0 originalExp=gopurs_runtime.Value
Call=Call_Control_Monad_List_Trans_functorListT arg i=0 actual=gopurs_runtime.Value exp=gopurs_runtime.Value envSize=0 originalExp=gopurs_runtime.Value
Call=Call_local_Control_Monad_List_Trans___local_var_13_43 arg i=0 actual=gopurs_runtime.Value exp=gopurs_runtime.Value envSize=0 originalExp=gopurs_runtime.Value
Call=Call_Control_Monad_List_Trans_functorListT arg i=0 actual=gopurs_runtime.Value exp=gopurs_runtime.Value envSize=0 originalExp=gopurs_runtime.Value
Call=Call_Control_Monad_List_Trans_functorListT arg i=0 actual=gopurs_runtime.Value exp=gopurs_runtime.Value envSize=0 originalExp=gopurs_runtime.Value
Call=Call_local_Control_Monad_List_Trans___local_var_13_50 arg i=0 actual=gopurs_runtime.Value exp=gopurs_runtime.Value envSize=0 originalExp=gopurs_runtime.Value
Call=Call_Control_Monad_List_Trans_concat arg i=0 actual=gopurs_runtime.Value exp=*Constructor_Control_Applicative_Applicative[gopurs_runtime.Value] envSize=2 originalExp=*Constructor_Control_Applicative_Applicative[gopurs_runtime.Value]
Call=Call_Control_Monad_List_Trans_applyListT arg i=0 actual=gopurs_runtime.Value exp=gopurs_runtime.Value envSize=0 originalExp=gopurs_runtime.Value
Call=Call_Control_Monad_List_Trans_concat arg i=0 actual=gopurs_runtime.Value exp=*Constructor_Control_Applicative_Applicative[gopurs_runtime.Value] envSize=2 originalExp=*Constructor_Control_Applicative_Applicative[gopurs_runtime.Value]
Call=Call_Control_Monad_List_Trans_bindListT arg i=0 actual=gopurs_runtime.Value exp=gopurs_runtime.Value envSize=0 originalExp=gopurs_runtime.Value
Call=Call_Control_Monad_List_Trans_bindListT arg i=0 actual=gopurs_runtime.Value exp=gopurs_runtime.Value envSize=0 originalExp=gopurs_runtime.Value
Call=Call_local_Control_Monad_List_Trans___local_var_19_64 arg i=0 actual=gopurs_runtime.Value exp=gopurs_runtime.Value envSize=0 originalExp=gopurs_runtime.Value
Call=Call_local_Control_Monad_List_Trans___local_var_19_64 arg i=1 actual=gopurs_runtime.Value exp=gopurs_runtime.Value envSize=0 originalExp=gopurs_runtime.Value
Call=Call_Control_Monad_List_Trans_concat arg i=0 actual=gopurs_runtime.Value exp=*Constructor_Control_Applicative_Applicative[gopurs_runtime.Value] envSize=2 originalExp=*Constructor_Control_Applicative_Applicative[gopurs_runtime.Value]
Call=Call_Control_Monad_List_Trans_bindListT arg i=0 actual=gopurs_runtime.Value exp=gopurs_runtime.Value envSize=0 originalExp=gopurs_runtime.Value
Call=Call_Control_Monad_List_Trans_bindListT arg i=0 actual=gopurs_runtime.Value exp=gopurs_runtime.Value envSize=0 originalExp=gopurs_runtime.Value
Call=Call_local_Control_Monad_List_Trans___local_var_18_72 arg i=0 actual=gopurs_runtime.Value exp=gopurs_runtime.Value envSize=0 originalExp=gopurs_runtime.Value
Call=Call_local_Control_Monad_List_Trans___local_var_18_72 arg i=1 actual=gopurs_runtime.Value exp=gopurs_runtime.Value envSize=0 originalExp=gopurs_runtime.Value
Call=Call_Control_Monad_List_Trans_applicativeListT arg i=0 actual=gopurs_runtime.Value exp=gopurs_runtime.Value envSize=0 originalExp=gopurs_runtime.Value
Call=Call_Control_Monad_List_Trans_concat arg i=0 actual=gopurs_runtime.Value exp=*Constructor_Control_Applicative_Applicative[gopurs_runtime.Value] envSize=2 originalExp=*Constructor_Control_Applicative_Applicative[gopurs_runtime.Value]
Call=Call_Control_Monad_List_Trans_concat arg i=0 actual=gopurs_runtime.Value exp=*Constructor_Control_Applicative_Applicative[gopurs_runtime.Value] envSize=2 originalExp=*Constructor_Control_Applicative_Applicative[gopurs_runtime.Value]
Call=Call_Control_Monad_List_Trans_bindListT arg i=0 actual=gopurs_runtime.Value exp=gopurs_runtime.Value envSize=0 originalExp=gopurs_runtime.Value
Call=Call_Control_Monad_List_Trans_bindListT arg i=0 actual=gopurs_runtime.Value exp=gopurs_runtime.Value envSize=0 originalExp=gopurs_runtime.Value
Call=Call_local_Control_Monad_List_Trans___local_var_20_86 arg i=0 actual=gopurs_runtime.Value exp=gopurs_runtime.Value envSize=0 originalExp=gopurs_runtime.Value
Call=Call_local_Control_Monad_List_Trans___local_var_20_86 arg i=1 actual=gopurs_runtime.Value exp=gopurs_runtime.Value envSize=0 originalExp=gopurs_runtime.Value
Call=Call_Control_Monad_List_Trans_concat arg i=0 actual=gopurs_runtime.Value exp=*Constructor_Control_Applicative_Applicative[gopurs_runtime.Value] envSize=2 originalExp=*Constructor_Control_Applicative_Applicative[gopurs_runtime.Value]
Call=Call_Control_Monad_List_Trans_bindListT arg i=0 actual=gopurs_runtime.Value exp=gopurs_runtime.Value envSize=0 originalExp=gopurs_runtime.Value
Call=Call_Control_Monad_List_Trans_bindListT arg i=0 actual=gopurs_runtime.Value exp=gopurs_runtime.Value envSize=0 originalExp=gopurs_runtime.Value
Call=Call_local_Control_Monad_List_Trans___local_var_19_94 arg i=0 actual=gopurs_runtime.Value exp=gopurs_runtime.Value envSize=0 originalExp=gopurs_runtime.Value
Call=Call_local_Control_Monad_List_Trans___local_var_19_94 arg i=1 actual=gopurs_runtime.Value exp=gopurs_runtime.Value envSize=0 originalExp=gopurs_runtime.Value
Call=Call_Control_Monad_List_Trans_concat arg i=0 actual=gopurs_runtime.Value exp=*Constructor_Control_Applicative_Applicative[gopurs_runtime.Value] envSize=2 originalExp=*Constructor_Control_Applicative_Applicative[gopurs_runtime.Value]
Call=Call_Control_Monad_List_Trans_concat arg i=0 actual=gopurs_runtime.Value exp=*Constructor_Control_Applicative_Applicative[gopurs_runtime.Value] envSize=2 originalExp=*Constructor_Control_Applicative_Applicative[gopurs_runtime.Value]
Call=Call_Control_Monad_List_Trans_bindListT arg i=0 actual=gopurs_runtime.Value exp=gopurs_runtime.Value envSize=0 originalExp=gopurs_runtime.Value
Call=Call_Control_Monad_List_Trans_bindListT arg i=0 actual=gopurs_runtime.Value exp=gopurs_runtime.Value envSize=0 originalExp=gopurs_runtime.Value
Call=Call_local_Control_Monad_List_Trans___local_var_19_106 arg i=0 actual=gopurs_runtime.Value exp=gopurs_runtime.Value envSize=0 originalExp=gopurs_runtime.Value
Call=Call_local_Control_Monad_List_Trans___local_var_19_106 arg i=1 actual=gopurs_runtime.Value exp=gopurs_runtime.Value envSize=0 originalExp=gopurs_runtime.Value
Call=Call_Control_Monad_List_Trans_concat arg i=0 actual=gopurs_runtime.Value exp=*Constructor_Control_Applicative_Applicative[gopurs_runtime.Value] envSize=2 originalExp=*Constructor_Control_Applicative_Applicative[gopurs_runtime.Value]
Call=Call_Control_Monad_List_Trans_bindListT arg i=0 actual=gopurs_runtime.Value exp=gopurs_runtime.Value envSize=0 originalExp=gopurs_runtime.Value
Call=Call_Control_Monad_List_Trans_bindListT arg i=0 actual=gopurs_runtime.Value exp=gopurs_runtime.Value envSize=0 originalExp=gopurs_runtime.Value
Call=Call_local_Control_Monad_List_Trans___local_var_18_114 arg i=0 actual=gopurs_runtime.Value exp=gopurs_runtime.Value envSize=0 originalExp=gopurs_runtime.Value
Call=Call_local_Control_Monad_List_Trans___local_var_18_114 arg i=1 actual=gopurs_runtime.Value exp=gopurs_runtime.Value envSize=0 originalExp=gopurs_runtime.Value
Call=Call_Control_Monad_List_Trans_applicativeListT arg i=0 actual=gopurs_runtime.Value exp=gopurs_runtime.Value envSize=0 originalExp=gopurs_runtime.Value
Call=Call_Control_Monad_List_Trans_singleton arg i=0 actual=gopurs_runtime.Value exp=*Constructor_Control_Applicative_Applicative[gopurs_runtime.Value] envSize=2 originalExp=*Constructor_Control_Applicative_Applicative[gopurs_runtime.Value]
Call=Call_Control_Monad_List_Trans_concat arg i=0 actual=gopurs_runtime.Value exp=*Constructor_Control_Applicative_Applicative[gopurs_runtime.Value] envSize=2 originalExp=*Constructor_Control_Applicative_Applicative[gopurs_runtime.Value]
Call=Call_Control_Monad_List_Trans_functorListT arg i=0 actual=gopurs_runtime.Value exp=gopurs_runtime.Value envSize=0 originalExp=gopurs_runtime.Value
Call=Call_Control_Monad_List_Trans_functorListT arg i=0 actual=gopurs_runtime.Value exp=gopurs_runtime.Value envSize=0 originalExp=gopurs_runtime.Value
Call=Call_local_Control_Monad_List_Trans___local_var_11_127 arg i=0 actual=gopurs_runtime.Value exp=gopurs_runtime.Value envSize=0 originalExp=gopurs_runtime.Value
Call=Call_Control_Monad_List_Trans_functorListT arg i=0 actual=gopurs_runtime.Value exp=gopurs_runtime.Value envSize=0 originalExp=gopurs_runtime.Value
Call=Call_Control_Monad_List_Trans_functorListT arg i=0 actual=gopurs_runtime.Value exp=gopurs_runtime.Value envSize=0 originalExp=gopurs_runtime.Value
Call=Call_local_Control_Monad_List_Trans___local_var_11_134 arg i=0 actual=gopurs_runtime.Value exp=gopurs_runtime.Value envSize=0 originalExp=gopurs_runtime.Value
Call=Call_Control_Monad_List_Trans_concat arg i=0 actual=gopurs_runtime.Value exp=*Constructor_Control_Applicative_Applicative[gopurs_runtime.Value] envSize=2 originalExp=*Constructor_Control_Applicative_Applicative[gopurs_runtime.Value]
Call=Call_Control_Monad_List_Trans_applyListT arg i=0 actual=gopurs_runtime.Value exp=gopurs_runtime.Value envSize=0 originalExp=gopurs_runtime.Value
Call=Call_Control_Monad_List_Trans_bindListT arg i=0 actual=gopurs_runtime.Value exp=gopurs_runtime.Value envSize=0 originalExp=gopurs_runtime.Value
Call=Call_Control_Monad_List_Trans_bindListT arg i=0 actual=gopurs_runtime.Value exp=gopurs_runtime.Value envSize=0 originalExp=gopurs_runtime.Value
Call=Call_Control_Monad_List_Trans_functorListT arg i=0 actual=gopurs_runtime.Value exp=gopurs_runtime.Value envSize=0 originalExp=gopurs_runtime.Value
Call=Call_Control_Monad_List_Trans_functorListT arg i=0 actual=gopurs_runtime.Value exp=gopurs_runtime.Value envSize=0 originalExp=gopurs_runtime.Value
Call=Call_local_Control_Monad_List_Trans___local_var_17_153 arg i=0 actual=gopurs_runtime.Value exp=gopurs_runtime.Value envSize=0 originalExp=gopurs_runtime.Value
Call=Call_Control_Monad_List_Trans_functorListT arg i=0 actual=gopurs_runtime.Value exp=gopurs_runtime.Value envSize=0 originalExp=gopurs_runtime.Value
Call=Call_Control_Monad_List_Trans_functorListT arg i=0 actual=gopurs_runtime.Value exp=gopurs_runtime.Value envSize=0 originalExp=gopurs_runtime.Value
Call=Call_local_Control_Monad_List_Trans___local_var_17_160 arg i=0 actual=gopurs_runtime.Value exp=gopurs_runtime.Value envSize=0 originalExp=gopurs_runtime.Value
Call=Call_Control_Monad_List_Trans_functorListT arg i=0 actual=gopurs_runtime.Value exp=gopurs_runtime.Value envSize=0 originalExp=gopurs_runtime.Value
Call=Call_Control_Monad_List_Trans_functorListT arg i=0 actual=gopurs_runtime.Value exp=gopurs_runtime.Value envSize=0 originalExp=gopurs_runtime.Value
Call=Call_local_Control_Monad_List_Trans___local_var_17_169 arg i=0 actual=gopurs_runtime.Value exp=gopurs_runtime.Value envSize=0 originalExp=gopurs_runtime.Value
Call=Call_Control_Monad_List_Trans_functorListT arg i=0 actual=gopurs_runtime.Value exp=gopurs_runtime.Value envSize=0 originalExp=gopurs_runtime.Value
Call=Call_Control_Monad_List_Trans_functorListT arg i=0 actual=gopurs_runtime.Value exp=gopurs_runtime.Value envSize=0 originalExp=gopurs_runtime.Value
Call=Call_local_Control_Monad_List_Trans___local_var_17_176 arg i=0 actual=gopurs_runtime.Value exp=gopurs_runtime.Value envSize=0 originalExp=gopurs_runtime.Value
Call=Call_Control_Monad_List_Trans_concat arg i=0 actual=gopurs_runtime.Value exp=*Constructor_Control_Applicative_Applicative[gopurs_runtime.Value] envSize=2 originalExp=*Constructor_Control_Applicative_Applicative[gopurs_runtime.Value]
Call=Call_Control_Monad_List_Trans_applyListT arg i=0 actual=gopurs_runtime.Value exp=gopurs_runtime.Value envSize=0 originalExp=gopurs_runtime.Value
Call=Call_Control_Monad_List_Trans_concat arg i=0 actual=gopurs_runtime.Value exp=*Constructor_Control_Applicative_Applicative[gopurs_runtime.Value] envSize=2 originalExp=*Constructor_Control_Applicative_Applicative[gopurs_runtime.Value]
Call=Call_Control_Monad_List_Trans_bindListT arg i=0 actual=gopurs_runtime.Value exp=gopurs_runtime.Value envSize=0 originalExp=gopurs_runtime.Value
Call=Call_Control_Monad_List_Trans_bindListT arg i=0 actual=gopurs_runtime.Value exp=gopurs_runtime.Value envSize=0 originalExp=gopurs_runtime.Value
Call=Call_Control_Monad_List_Trans_concat arg i=0 actual=gopurs_runtime.Value exp=*Constructor_Control_Applicative_Applicative[gopurs_runtime.Value] envSize=2 originalExp=*Constructor_Control_Applicative_Applicative[gopurs_runtime.Value]
Call=Call_Control_Monad_List_Trans_bindListT arg i=0 actual=gopurs_runtime.Value exp=gopurs_runtime.Value envSize=0 originalExp=gopurs_runtime.Value
Call=Call_Control_Monad_List_Trans_bindListT arg i=0 actual=gopurs_runtime.Value exp=gopurs_runtime.Value envSize=0 originalExp=gopurs_runtime.Value
Call=Call_Control_Monad_List_Trans_applicativeListT arg i=0 actual=gopurs_runtime.Value exp=gopurs_runtime.Value envSize=0 originalExp=gopurs_runtime.Value
Call=Call_Control_Monad_List_Trans_singleton arg i=0 actual=gopurs_runtime.Value exp=*Constructor_Control_Applicative_Applicative[gopurs_runtime.Value] envSize=2 originalExp=*Constructor_Control_Applicative_Applicative[gopurs_runtime.Value]
Call=Call_Control_Monad_List_Trans_bindListT arg i=0 actual=gopurs_runtime.Value exp=gopurs_runtime.Value envSize=0 originalExp=gopurs_runtime.Value
Call=Call_Control_Monad_List_Trans_bindListT arg i=0 actual=gopurs_runtime.Value exp=gopurs_runtime.Value envSize=0 originalExp=gopurs_runtime.Value
Call=Call_Control_Monad_List_Trans_fromEffect arg i=0 actual=gopurs_runtime.Value exp=*Constructor_Control_Applicative_Applicative[gopurs_runtime.Value] envSize=2 originalExp=*Constructor_Control_Applicative_Applicative[gopurs_runtime.Value]
Call=Call_Control_Monad_List_Trans_functorListT arg i=0 actual=gopurs_runtime.Value exp=gopurs_runtime.Value envSize=0 originalExp=gopurs_runtime.Value
Call=Call_Control_Monad_List_Trans_functorListT arg i=0 actual=gopurs_runtime.Value exp=gopurs_runtime.Value envSize=0 originalExp=gopurs_runtime.Value
Call=Call_Control_Monad_List_Trans_concat arg i=0 actual=gopurs_runtime.Value exp=*Constructor_Control_Applicative_Applicative[gopurs_runtime.Value] envSize=2 originalExp=*Constructor_Control_Applicative_Applicative[gopurs_runtime.Value]
Call=Call_Control_Monad_List_Trans_functorListT arg i=0 actual=gopurs_runtime.Value exp=gopurs_runtime.Value envSize=0 originalExp=gopurs_runtime.Value
Call=Call_Control_Monad_List_Trans_functorListT arg i=0 actual=gopurs_runtime.Value exp=gopurs_runtime.Value envSize=0 originalExp=gopurs_runtime.Value
Call=Call_Control_Monad_List_Trans_functorListT arg i=0 actual=gopurs_runtime.Value exp=gopurs_runtime.Value envSize=0 originalExp=gopurs_runtime.Value
Call=Call_Control_Monad_List_Trans_functorListT arg i=0 actual=gopurs_runtime.Value exp=gopurs_runtime.Value envSize=0 originalExp=gopurs_runtime.Value
Call=Call_Control_Monad_List_Trans_concat arg i=0 actual=gopurs_runtime.Value exp=*Constructor_Control_Applicative_Applicative[gopurs_runtime.Value] envSize=2 originalExp=*Constructor_Control_Applicative_Applicative[gopurs_runtime.Value]
Call=Call_Control_Monad_List_Trans_functorListT arg i=0 actual=gopurs_runtime.Value exp=gopurs_runtime.Value envSize=0 originalExp=gopurs_runtime.Value
Call=Call_Control_Monad_List_Trans_functorListT arg i=0 actual=gopurs_runtime.Value exp=gopurs_runtime.Value envSize=0 originalExp=gopurs_runtime.Value
Call=Call_local_Control_Monad_List_Trans___local_var_10_5 arg i=0 actual=gopurs_runtime.Value exp=gopurs_runtime.Value envSize=0 originalExp=gopurs_runtime.Value
Call=Call_Control_Monad_List_Trans_functorListT arg i=0 actual=gopurs_runtime.Value exp=gopurs_runtime.Value envSize=0 originalExp=gopurs_runtime.Value
Call=Call_Control_Monad_List_Trans_functorListT arg i=0 actual=gopurs_runtime.Value exp=gopurs_runtime.Value envSize=0 originalExp=gopurs_runtime.Value
Call=Call_local_Control_Monad_List_Trans___local_var_10_12 arg i=0 actual=gopurs_runtime.Value exp=gopurs_runtime.Value envSize=0 originalExp=gopurs_runtime.Value
Call=Call_Control_Monad_List_Trans_functorListT arg i=0 actual=gopurs_runtime.Value exp=gopurs_runtime.Value envSize=0 originalExp=gopurs_runtime.Value
Call=Call_Control_Monad_List_Trans_functorListT arg i=0 actual=gopurs_runtime.Value exp=gopurs_runtime.Value envSize=0 originalExp=gopurs_runtime.Value
Call=Call_local_Control_Monad_List_Trans___local_var_10_21 arg i=0 actual=gopurs_runtime.Value exp=gopurs_runtime.Value envSize=0 originalExp=gopurs_runtime.Value
Call=Call_Control_Monad_List_Trans_functorListT arg i=0 actual=gopurs_runtime.Value exp=gopurs_runtime.Value envSize=0 originalExp=gopurs_runtime.Value
Call=Call_Control_Monad_List_Trans_functorListT arg i=0 actual=gopurs_runtime.Value exp=gopurs_runtime.Value envSize=0 originalExp=gopurs_runtime.Value
Call=Call_local_Control_Monad_List_Trans___local_var_10_28 arg i=0 actual=gopurs_runtime.Value exp=gopurs_runtime.Value envSize=0 originalExp=gopurs_runtime.Value
Call=Call_Control_Monad_List_Trans_concat arg i=0 actual=gopurs_runtime.Value exp=*Constructor_Control_Applicative_Applicative[gopurs_runtime.Value] envSize=2 originalExp=*Constructor_Control_Applicative_Applicative[gopurs_runtime.Value]
Call=Call_Control_Monad_List_Trans_functorListT arg i=0 actual=gopurs_runtime.Value exp=gopurs_runtime.Value envSize=0 originalExp=gopurs_runtime.Value
Call=Call_Control_Monad_List_Trans_functorListT arg i=0 actual=gopurs_runtime.Value exp=gopurs_runtime.Value envSize=0 originalExp=gopurs_runtime.Value
Call=Call_local_Control_Monad_List_Trans___local_var_11_42 arg i=0 actual=gopurs_runtime.Value exp=gopurs_runtime.Value envSize=0 originalExp=gopurs_runtime.Value
Call=Call_Control_Monad_List_Trans_functorListT arg i=0 actual=gopurs_runtime.Value exp=gopurs_runtime.Value envSize=0 originalExp=gopurs_runtime.Value
Call=Call_Control_Monad_List_Trans_functorListT arg i=0 actual=gopurs_runtime.Value exp=gopurs_runtime.Value envSize=0 originalExp=gopurs_runtime.Value
Call=Call_local_Control_Monad_List_Trans___local_var_11_49 arg i=0 actual=gopurs_runtime.Value exp=gopurs_runtime.Value envSize=0 originalExp=gopurs_runtime.Value
Call=Call_Control_Monad_List_Trans_concat arg i=0 actual=gopurs_runtime.Value exp=*Constructor_Control_Applicative_Applicative[gopurs_runtime.Value] envSize=2 originalExp=*Constructor_Control_Applicative_Applicative[gopurs_runtime.Value]
Call=Call_Control_Monad_List_Trans_applyListT arg i=0 actual=gopurs_runtime.Value exp=gopurs_runtime.Value envSize=0 originalExp=gopurs_runtime.Value
Call=Call_Control_Monad_List_Trans_concat arg i=0 actual=gopurs_runtime.Value exp=*Constructor_Control_Applicative_Applicative[gopurs_runtime.Value] envSize=2 originalExp=*Constructor_Control_Applicative_Applicative[gopurs_runtime.Value]
Call=Call_Control_Monad_List_Trans_bindListT arg i=0 actual=gopurs_runtime.Value exp=gopurs_runtime.Value envSize=0 originalExp=gopurs_runtime.Value
Call=Call_Control_Monad_List_Trans_bindListT arg i=0 actual=gopurs_runtime.Value exp=gopurs_runtime.Value envSize=0 originalExp=gopurs_runtime.Value
Call=Call_local_Control_Monad_List_Trans___local_var_17_63 arg i=0 actual=gopurs_runtime.Value exp=gopurs_runtime.Value envSize=0 originalExp=gopurs_runtime.Value
Call=Call_local_Control_Monad_List_Trans___local_var_17_63 arg i=1 actual=gopurs_runtime.Value exp=gopurs_runtime.Value envSize=0 originalExp=gopurs_runtime.Value
Call=Call_Control_Monad_List_Trans_concat arg i=0 actual=gopurs_runtime.Value exp=*Constructor_Control_Applicative_Applicative[gopurs_runtime.Value] envSize=2 originalExp=*Constructor_Control_Applicative_Applicative[gopurs_runtime.Value]
Call=Call_Control_Monad_List_Trans_bindListT arg i=0 actual=gopurs_runtime.Value exp=gopurs_runtime.Value envSize=0 originalExp=gopurs_runtime.Value
Call=Call_Control_Monad_List_Trans_bindListT arg i=0 actual=gopurs_runtime.Value exp=gopurs_runtime.Value envSize=0 originalExp=gopurs_runtime.Value
Call=Call_local_Control_Monad_List_Trans___local_var_16_71 arg i=0 actual=gopurs_runtime.Value exp=gopurs_runtime.Value envSize=0 originalExp=gopurs_runtime.Value
Call=Call_local_Control_Monad_List_Trans___local_var_16_71 arg i=1 actual=gopurs_runtime.Value exp=gopurs_runtime.Value envSize=0 originalExp=gopurs_runtime.Value
Call=Call_Control_Monad_List_Trans_applicativeListT arg i=0 actual=gopurs_runtime.Value exp=gopurs_runtime.Value envSize=0 originalExp=gopurs_runtime.Value
Call=Call_Control_Monad_List_Trans_concat arg i=0 actual=gopurs_runtime.Value exp=*Constructor_Control_Applicative_Applicative[gopurs_runtime.Value] envSize=2 originalExp=*Constructor_Control_Applicative_Applicative[gopurs_runtime.Value]
Call=Call_Control_Monad_List_Trans_concat arg i=0 actual=gopurs_runtime.Value exp=*Constructor_Control_Applicative_Applicative[gopurs_runtime.Value] envSize=2 originalExp=*Constructor_Control_Applicative_Applicative[gopurs_runtime.Value]
Call=Call_Control_Monad_List_Trans_bindListT arg i=0 actual=gopurs_runtime.Value exp=gopurs_runtime.Value envSize=0 originalExp=gopurs_runtime.Value
Call=Call_Control_Monad_List_Trans_bindListT arg i=0 actual=gopurs_runtime.Value exp=gopurs_runtime.Value envSize=0 originalExp=gopurs_runtime.Value
Call=Call_local_Control_Monad_List_Trans___local_var_18_85 arg i=0 actual=gopurs_runtime.Value exp=gopurs_runtime.Value envSize=0 originalExp=gopurs_runtime.Value
Call=Call_local_Control_Monad_List_Trans___local_var_18_85 arg i=1 actual=gopurs_runtime.Value exp=gopurs_runtime.Value envSize=0 originalExp=gopurs_runtime.Value
Call=Call_Control_Monad_List_Trans_concat arg i=0 actual=gopurs_runtime.Value exp=*Constructor_Control_Applicative_Applicative[gopurs_runtime.Value] envSize=2 originalExp=*Constructor_Control_Applicative_Applicative[gopurs_runtime.Value]
Call=Call_Control_Monad_List_Trans_bindListT arg i=0 actual=gopurs_runtime.Value exp=gopurs_runtime.Value envSize=0 originalExp=gopurs_runtime.Value
Call=Call_Control_Monad_List_Trans_bindListT arg i=0 actual=gopurs_runtime.Value exp=gopurs_runtime.Value envSize=0 originalExp=gopurs_runtime.Value
Call=Call_local_Control_Monad_List_Trans___local_var_17_93 arg i=0 actual=gopurs_runtime.Value exp=gopurs_runtime.Value envSize=0 originalExp=gopurs_runtime.Value
Call=Call_local_Control_Monad_List_Trans___local_var_17_93 arg i=1 actual=gopurs_runtime.Value exp=gopurs_runtime.Value envSize=0 originalExp=gopurs_runtime.Value
Call=Call_Control_Monad_List_Trans_concat arg i=0 actual=gopurs_runtime.Value exp=*Constructor_Control_Applicative_Applicative[gopurs_runtime.Value] envSize=2 originalExp=*Constructor_Control_Applicative_Applicative[gopurs_runtime.Value]
Call=Call_Control_Monad_List_Trans_concat arg i=0 actual=gopurs_runtime.Value exp=*Constructor_Control_Applicative_Applicative[gopurs_runtime.Value] envSize=2 originalExp=*Constructor_Control_Applicative_Applicative[gopurs_runtime.Value]
Call=Call_Control_Monad_List_Trans_bindListT arg i=0 actual=gopurs_runtime.Value exp=gopurs_runtime.Value envSize=0 originalExp=gopurs_runtime.Value
Call=Call_Control_Monad_List_Trans_bindListT arg i=0 actual=gopurs_runtime.Value exp=gopurs_runtime.Value envSize=0 originalExp=gopurs_runtime.Value
Call=Call_local_Control_Monad_List_Trans___local_var_17_105 arg i=0 actual=gopurs_runtime.Value exp=gopurs_runtime.Value envSize=0 originalExp=gopurs_runtime.Value
Call=Call_local_Control_Monad_List_Trans___local_var_17_105 arg i=1 actual=gopurs_runtime.Value exp=gopurs_runtime.Value envSize=0 originalExp=gopurs_runtime.Value
Call=Call_Control_Monad_List_Trans_concat arg i=0 actual=gopurs_runtime.Value exp=*Constructor_Control_Applicative_Applicative[gopurs_runtime.Value] envSize=2 originalExp=*Constructor_Control_Applicative_Applicative[gopurs_runtime.Value]
Call=Call_Control_Monad_List_Trans_bindListT arg i=0 actual=gopurs_runtime.Value exp=gopurs_runtime.Value envSize=0 originalExp=gopurs_runtime.Value
Call=Call_Control_Monad_List_Trans_bindListT arg i=0 actual=gopurs_runtime.Value exp=gopurs_runtime.Value envSize=0 originalExp=gopurs_runtime.Value
Call=Call_local_Control_Monad_List_Trans___local_var_16_113 arg i=0 actual=gopurs_runtime.Value exp=gopurs_runtime.Value envSize=0 originalExp=gopurs_runtime.Value
Call=Call_local_Control_Monad_List_Trans___local_var_16_113 arg i=1 actual=gopurs_runtime.Value exp=gopurs_runtime.Value envSize=0 originalExp=gopurs_runtime.Value
Call=Call_Control_Monad_List_Trans_applicativeListT arg i=0 actual=gopurs_runtime.Value exp=gopurs_runtime.Value envSize=0 originalExp=gopurs_runtime.Value
Call=Call_Control_Monad_List_Trans_singleton arg i=0 actual=gopurs_runtime.Value exp=*Constructor_Control_Applicative_Applicative[gopurs_runtime.Value] envSize=2 originalExp=*Constructor_Control_Applicative_Applicative[gopurs_runtime.Value]
Call=Call_Control_Monad_List_Trans_functorListT arg i=0 actual=gopurs_runtime.Value exp=gopurs_runtime.Value envSize=0 originalExp=gopurs_runtime.Value
Call=Call_Control_Monad_List_Trans_functorListT arg i=0 actual=gopurs_runtime.Value exp=gopurs_runtime.Value envSize=0 originalExp=gopurs_runtime.Value
Call=Call_local_Control_Monad_List_Trans___local_var_11_128 arg i=0 actual=gopurs_runtime.Value exp=gopurs_runtime.Value envSize=0 originalExp=gopurs_runtime.Value
Call=Call_Control_Monad_List_Trans_functorListT arg i=0 actual=gopurs_runtime.Value exp=gopurs_runtime.Value envSize=0 originalExp=gopurs_runtime.Value
Call=Call_Control_Monad_List_Trans_functorListT arg i=0 actual=gopurs_runtime.Value exp=gopurs_runtime.Value envSize=0 originalExp=gopurs_runtime.Value
Call=Call_local_Control_Monad_List_Trans___local_var_11_135 arg i=0 actual=gopurs_runtime.Value exp=gopurs_runtime.Value envSize=0 originalExp=gopurs_runtime.Value
Call=Call_Control_Monad_List_Trans_functorListT arg i=0 actual=gopurs_runtime.Value exp=gopurs_runtime.Value envSize=0 originalExp=gopurs_runtime.Value
Call=Call_Control_Monad_List_Trans_functorListT arg i=0 actual=gopurs_runtime.Value exp=gopurs_runtime.Value envSize=0 originalExp=gopurs_runtime.Value
Call=Call_local_Control_Monad_List_Trans___local_var_11_144 arg i=0 actual=gopurs_runtime.Value exp=gopurs_runtime.Value envSize=0 originalExp=gopurs_runtime.Value
Call=Call_Control_Monad_List_Trans_functorListT arg i=0 actual=gopurs_runtime.Value exp=gopurs_runtime.Value envSize=0 originalExp=gopurs_runtime.Value
Call=Call_Control_Monad_List_Trans_functorListT arg i=0 actual=gopurs_runtime.Value exp=gopurs_runtime.Value envSize=0 originalExp=gopurs_runtime.Value
Call=Call_local_Control_Monad_List_Trans___local_var_11_151 arg i=0 actual=gopurs_runtime.Value exp=gopurs_runtime.Value envSize=0 originalExp=gopurs_runtime.Value
Call=Call_Control_Monad_List_Trans_concat arg i=0 actual=gopurs_runtime.Value exp=*Constructor_Control_Applicative_Applicative[gopurs_runtime.Value] envSize=2 originalExp=*Constructor_Control_Applicative_Applicative[gopurs_runtime.Value]
Call=Call_Control_Monad_List_Trans_functorListT arg i=0 actual=gopurs_runtime.Value exp=gopurs_runtime.Value envSize=0 originalExp=gopurs_runtime.Value
Call=Call_Control_Monad_List_Trans_functorListT arg i=0 actual=gopurs_runtime.Value exp=gopurs_runtime.Value envSize=0 originalExp=gopurs_runtime.Value
Call=Call_local_Control_Monad_List_Trans___local_var_11_5 arg i=0 actual=gopurs_runtime.Value exp=gopurs_runtime.Value envSize=0 originalExp=gopurs_runtime.Value
Call=Call_Control_Monad_List_Trans_functorListT arg i=0 actual=gopurs_runtime.Value exp=gopurs_runtime.Value envSize=0 originalExp=gopurs_runtime.Value
Call=Call_Control_Monad_List_Trans_functorListT arg i=0 actual=gopurs_runtime.Value exp=gopurs_runtime.Value envSize=0 originalExp=gopurs_runtime.Value
Call=Call_local_Control_Monad_List_Trans___local_var_11_12 arg i=0 actual=gopurs_runtime.Value exp=gopurs_runtime.Value envSize=0 originalExp=gopurs_runtime.Value
Call=Call_Control_Monad_List_Trans_functorListT arg i=0 actual=gopurs_runtime.Value exp=gopurs_runtime.Value envSize=0 originalExp=gopurs_runtime.Value
Call=Call_Control_Monad_List_Trans_functorListT arg i=0 actual=gopurs_runtime.Value exp=gopurs_runtime.Value envSize=0 originalExp=gopurs_runtime.Value
Call=Call_local_Control_Monad_List_Trans___local_var_11_21 arg i=0 actual=gopurs_runtime.Value exp=gopurs_runtime.Value envSize=0 originalExp=gopurs_runtime.Value
Call=Call_Control_Monad_List_Trans_functorListT arg i=0 actual=gopurs_runtime.Value exp=gopurs_runtime.Value envSize=0 originalExp=gopurs_runtime.Value
Call=Call_Control_Monad_List_Trans_functorListT arg i=0 actual=gopurs_runtime.Value exp=gopurs_runtime.Value envSize=0 originalExp=gopurs_runtime.Value
Call=Call_local_Control_Monad_List_Trans___local_var_11_28 arg i=0 actual=gopurs_runtime.Value exp=gopurs_runtime.Value envSize=0 originalExp=gopurs_runtime.Value
Call=Call_Control_Monad_List_Trans_concat arg i=0 actual=gopurs_runtime.Value exp=*Constructor_Control_Applicative_Applicative[gopurs_runtime.Value] envSize=2 originalExp=*Constructor_Control_Applicative_Applicative[gopurs_runtime.Value]
Call=Call_Control_Monad_List_Trans_functorListT arg i=0 actual=gopurs_runtime.Value exp=gopurs_runtime.Value envSize=0 originalExp=gopurs_runtime.Value
Call=Call_Control_Monad_List_Trans_functorListT arg i=0 actual=gopurs_runtime.Value exp=gopurs_runtime.Value envSize=0 originalExp=gopurs_runtime.Value
Call=Call_local_Control_Monad_List_Trans___local_var_12_42 arg i=0 actual=gopurs_runtime.Value exp=gopurs_runtime.Value envSize=0 originalExp=gopurs_runtime.Value
Call=Call_Control_Monad_List_Trans_functorListT arg i=0 actual=gopurs_runtime.Value exp=gopurs_runtime.Value envSize=0 originalExp=gopurs_runtime.Value
Call=Call_Control_Monad_List_Trans_functorListT arg i=0 actual=gopurs_runtime.Value exp=gopurs_runtime.Value envSize=0 originalExp=gopurs_runtime.Value
Call=Call_local_Control_Monad_List_Trans___local_var_12_49 arg i=0 actual=gopurs_runtime.Value exp=gopurs_runtime.Value envSize=0 originalExp=gopurs_runtime.Value
Call=Call_Control_Monad_List_Trans_concat arg i=0 actual=gopurs_runtime.Value exp=*Constructor_Control_Applicative_Applicative[gopurs_runtime.Value] envSize=2 originalExp=*Constructor_Control_Applicative_Applicative[gopurs_runtime.Value]
Call=Call_Control_Monad_List_Trans_applyListT arg i=0 actual=gopurs_runtime.Value exp=gopurs_runtime.Value envSize=0 originalExp=gopurs_runtime.Value
Call=Call_Control_Monad_List_Trans_concat arg i=0 actual=gopurs_runtime.Value exp=*Constructor_Control_Applicative_Applicative[gopurs_runtime.Value] envSize=2 originalExp=*Constructor_Control_Applicative_Applicative[gopurs_runtime.Value]
Call=Call_Control_Monad_List_Trans_bindListT arg i=0 actual=gopurs_runtime.Value exp=gopurs_runtime.Value envSize=0 originalExp=gopurs_runtime.Value
Call=Call_Control_Monad_List_Trans_bindListT arg i=0 actual=gopurs_runtime.Value exp=gopurs_runtime.Value envSize=0 originalExp=gopurs_runtime.Value
Call=Call_local_Control_Monad_List_Trans___local_var_18_63 arg i=0 actual=gopurs_runtime.Value exp=gopurs_runtime.Value envSize=0 originalExp=gopurs_runtime.Value
Call=Call_local_Control_Monad_List_Trans___local_var_18_63 arg i=1 actual=gopurs_runtime.Value exp=gopurs_runtime.Value envSize=0 originalExp=gopurs_runtime.Value
Call=Call_Control_Monad_List_Trans_concat arg i=0 actual=gopurs_runtime.Value exp=*Constructor_Control_Applicative_Applicative[gopurs_runtime.Value] envSize=2 originalExp=*Constructor_Control_Applicative_Applicative[gopurs_runtime.Value]
Call=Call_Control_Monad_List_Trans_bindListT arg i=0 actual=gopurs_runtime.Value exp=gopurs_runtime.Value envSize=0 originalExp=gopurs_runtime.Value
Call=Call_Control_Monad_List_Trans_bindListT arg i=0 actual=gopurs_runtime.Value exp=gopurs_runtime.Value envSize=0 originalExp=gopurs_runtime.Value
Call=Call_local_Control_Monad_List_Trans___local_var_17_71 arg i=0 actual=gopurs_runtime.Value exp=gopurs_runtime.Value envSize=0 originalExp=gopurs_runtime.Value
Call=Call_local_Control_Monad_List_Trans___local_var_17_71 arg i=1 actual=gopurs_runtime.Value exp=gopurs_runtime.Value envSize=0 originalExp=gopurs_runtime.Value
Call=Call_Control_Monad_List_Trans_applicativeListT arg i=0 actual=gopurs_runtime.Value exp=gopurs_runtime.Value envSize=0 originalExp=gopurs_runtime.Value
Call=Call_Control_Monad_List_Trans_concat arg i=0 actual=gopurs_runtime.Value exp=*Constructor_Control_Applicative_Applicative[gopurs_runtime.Value] envSize=2 originalExp=*Constructor_Control_Applicative_Applicative[gopurs_runtime.Value]
Call=Call_Control_Monad_List_Trans_concat arg i=0 actual=gopurs_runtime.Value exp=*Constructor_Control_Applicative_Applicative[gopurs_runtime.Value] envSize=2 originalExp=*Constructor_Control_Applicative_Applicative[gopurs_runtime.Value]
Call=Call_Control_Monad_List_Trans_bindListT arg i=0 actual=gopurs_runtime.Value exp=gopurs_runtime.Value envSize=0 originalExp=gopurs_runtime.Value
Call=Call_Control_Monad_List_Trans_bindListT arg i=0 actual=gopurs_runtime.Value exp=gopurs_runtime.Value envSize=0 originalExp=gopurs_runtime.Value
Call=Call_local_Control_Monad_List_Trans___local_var_19_85 arg i=0 actual=gopurs_runtime.Value exp=gopurs_runtime.Value envSize=0 originalExp=gopurs_runtime.Value
Call=Call_local_Control_Monad_List_Trans___local_var_19_85 arg i=1 actual=gopurs_runtime.Value exp=gopurs_runtime.Value envSize=0 originalExp=gopurs_runtime.Value
Call=Call_Control_Monad_List_Trans_concat arg i=0 actual=gopurs_runtime.Value exp=*Constructor_Control_Applicative_Applicative[gopurs_runtime.Value] envSize=2 originalExp=*Constructor_Control_Applicative_Applicative[gopurs_runtime.Value]
Call=Call_Control_Monad_List_Trans_bindListT arg i=0 actual=gopurs_runtime.Value exp=gopurs_runtime.Value envSize=0 originalExp=gopurs_runtime.Value
Call=Call_Control_Monad_List_Trans_bindListT arg i=0 actual=gopurs_runtime.Value exp=gopurs_runtime.Value envSize=0 originalExp=gopurs_runtime.Value
Call=Call_local_Control_Monad_List_Trans___local_var_18_93 arg i=0 actual=gopurs_runtime.Value exp=gopurs_runtime.Value envSize=0 originalExp=gopurs_runtime.Value
Call=Call_local_Control_Monad_List_Trans___local_var_18_93 arg i=1 actual=gopurs_runtime.Value exp=gopurs_runtime.Value envSize=0 originalExp=gopurs_runtime.Value
Call=Call_Control_Monad_List_Trans_concat arg i=0 actual=gopurs_runtime.Value exp=*Constructor_Control_Applicative_Applicative[gopurs_runtime.Value] envSize=2 originalExp=*Constructor_Control_Applicative_Applicative[gopurs_runtime.Value]
Call=Call_Control_Monad_List_Trans_concat arg i=0 actual=gopurs_runtime.Value exp=*Constructor_Control_Applicative_Applicative[gopurs_runtime.Value] envSize=2 originalExp=*Constructor_Control_Applicative_Applicative[gopurs_runtime.Value]
Call=Call_Control_Monad_List_Trans_bindListT arg i=0 actual=gopurs_runtime.Value exp=gopurs_runtime.Value envSize=0 originalExp=gopurs_runtime.Value
Call=Call_Control_Monad_List_Trans_bindListT arg i=0 actual=gopurs_runtime.Value exp=gopurs_runtime.Value envSize=0 originalExp=gopurs_runtime.Value
Call=Call_local_Control_Monad_List_Trans___local_var_18_105 arg i=0 actual=gopurs_runtime.Value exp=gopurs_runtime.Value envSize=0 originalExp=gopurs_runtime.Value
Call=Call_local_Control_Monad_List_Trans___local_var_18_105 arg i=1 actual=gopurs_runtime.Value exp=gopurs_runtime.Value envSize=0 originalExp=gopurs_runtime.Value
Call=Call_Control_Monad_List_Trans_concat arg i=0 actual=gopurs_runtime.Value exp=*Constructor_Control_Applicative_Applicative[gopurs_runtime.Value] envSize=2 originalExp=*Constructor_Control_Applicative_Applicative[gopurs_runtime.Value]
Call=Call_Control_Monad_List_Trans_bindListT arg i=0 actual=gopurs_runtime.Value exp=gopurs_runtime.Value envSize=0 originalExp=gopurs_runtime.Value
Call=Call_Control_Monad_List_Trans_bindListT arg i=0 actual=gopurs_runtime.Value exp=gopurs_runtime.Value envSize=0 originalExp=gopurs_runtime.Value
Call=Call_local_Control_Monad_List_Trans___local_var_17_113 arg i=0 actual=gopurs_runtime.Value exp=gopurs_runtime.Value envSize=0 originalExp=gopurs_runtime.Value
Call=Call_local_Control_Monad_List_Trans___local_var_17_113 arg i=1 actual=gopurs_runtime.Value exp=gopurs_runtime.Value envSize=0 originalExp=gopurs_runtime.Value
Call=Call_Control_Monad_List_Trans_applicativeListT arg i=0 actual=gopurs_runtime.Value exp=gopurs_runtime.Value envSize=0 originalExp=gopurs_runtime.Value
Call=Call_Control_Monad_List_Trans_singleton arg i=0 actual=gopurs_runtime.Value exp=*Constructor_Control_Applicative_Applicative[gopurs_runtime.Value] envSize=2 originalExp=*Constructor_Control_Applicative_Applicative[gopurs_runtime.Value]
Call=Call_Control_Monad_List_Trans_concat arg i=0 actual=gopurs_runtime.Value exp=*Constructor_Control_Applicative_Applicative[gopurs_runtime.Value] envSize=2 originalExp=*Constructor_Control_Applicative_Applicative[gopurs_runtime.Value]
Call=Call_Control_Monad_List_Trans_functorListT arg i=0 actual=gopurs_runtime.Value exp=gopurs_runtime.Value envSize=0 originalExp=gopurs_runtime.Value
Call=Call_Control_Monad_List_Trans_functorListT arg i=0 actual=gopurs_runtime.Value exp=gopurs_runtime.Value envSize=0 originalExp=gopurs_runtime.Value
Call=Call_local_Control_Monad_List_Trans___local_var_10_126 arg i=0 actual=gopurs_runtime.Value exp=gopurs_runtime.Value envSize=0 originalExp=gopurs_runtime.Value
Call=Call_Control_Monad_List_Trans_functorListT arg i=0 actual=gopurs_runtime.Value exp=gopurs_runtime.Value envSize=0 originalExp=gopurs_runtime.Value
Call=Call_Control_Monad_List_Trans_functorListT arg i=0 actual=gopurs_runtime.Value exp=gopurs_runtime.Value envSize=0 originalExp=gopurs_runtime.Value
Call=Call_local_Control_Monad_List_Trans___local_var_10_133 arg i=0 actual=gopurs_runtime.Value exp=gopurs_runtime.Value envSize=0 originalExp=gopurs_runtime.Value
Call=Call_Control_Monad_List_Trans_concat arg i=0 actual=gopurs_runtime.Value exp=*Constructor_Control_Applicative_Applicative[gopurs_runtime.Value] envSize=2 originalExp=*Constructor_Control_Applicative_Applicative[gopurs_runtime.Value]
Call=Call_Control_Monad_List_Trans_applyListT arg i=0 actual=gopurs_runtime.Value exp=gopurs_runtime.Value envSize=0 originalExp=gopurs_runtime.Value
Call=Call_Control_Monad_List_Trans_bindListT arg i=0 actual=gopurs_runtime.Value exp=gopurs_runtime.Value envSize=0 originalExp=gopurs_runtime.Value
Call=Call_Control_Monad_List_Trans_bindListT arg i=0 actual=gopurs_runtime.Value exp=gopurs_runtime.Value envSize=0 originalExp=gopurs_runtime.Value
Call=Call_Control_Monad_List_Trans_functorListT arg i=0 actual=gopurs_runtime.Value exp=gopurs_runtime.Value envSize=0 originalExp=gopurs_runtime.Value
Call=Call_Control_Monad_List_Trans_functorListT arg i=0 actual=gopurs_runtime.Value exp=gopurs_runtime.Value envSize=0 originalExp=gopurs_runtime.Value
Call=Call_local_Control_Monad_List_Trans___local_var_16_152 arg i=0 actual=gopurs_runtime.Value exp=gopurs_runtime.Value envSize=0 originalExp=gopurs_runtime.Value
Call=Call_Control_Monad_List_Trans_functorListT arg i=0 actual=gopurs_runtime.Value exp=gopurs_runtime.Value envSize=0 originalExp=gopurs_runtime.Value
Call=Call_Control_Monad_List_Trans_functorListT arg i=0 actual=gopurs_runtime.Value exp=gopurs_runtime.Value envSize=0 originalExp=gopurs_runtime.Value
Call=Call_local_Control_Monad_List_Trans___local_var_16_159 arg i=0 actual=gopurs_runtime.Value exp=gopurs_runtime.Value envSize=0 originalExp=gopurs_runtime.Value
Call=Call_Control_Monad_List_Trans_functorListT arg i=0 actual=gopurs_runtime.Value exp=gopurs_runtime.Value envSize=0 originalExp=gopurs_runtime.Value
Call=Call_Control_Monad_List_Trans_functorListT arg i=0 actual=gopurs_runtime.Value exp=gopurs_runtime.Value envSize=0 originalExp=gopurs_runtime.Value
Call=Call_local_Control_Monad_List_Trans___local_var_16_168 arg i=0 actual=gopurs_runtime.Value exp=gopurs_runtime.Value envSize=0 originalExp=gopurs_runtime.Value
Call=Call_Control_Monad_List_Trans_functorListT arg i=0 actual=gopurs_runtime.Value exp=gopurs_runtime.Value envSize=0 originalExp=gopurs_runtime.Value
Call=Call_Control_Monad_List_Trans_functorListT arg i=0 actual=gopurs_runtime.Value exp=gopurs_runtime.Value envSize=0 originalExp=gopurs_runtime.Value
Call=Call_local_Control_Monad_List_Trans___local_var_16_175 arg i=0 actual=gopurs_runtime.Value exp=gopurs_runtime.Value envSize=0 originalExp=gopurs_runtime.Value
Call=Call_Control_Monad_List_Trans_concat arg i=0 actual=gopurs_runtime.Value exp=*Constructor_Control_Applicative_Applicative[gopurs_runtime.Value] envSize=2 originalExp=*Constructor_Control_Applicative_Applicative[gopurs_runtime.Value]
Call=Call_Control_Monad_List_Trans_applyListT arg i=0 actual=gopurs_runtime.Value exp=gopurs_runtime.Value envSize=0 originalExp=gopurs_runtime.Value
Call=Call_Control_Monad_List_Trans_concat arg i=0 actual=gopurs_runtime.Value exp=*Constructor_Control_Applicative_Applicative[gopurs_runtime.Value] envSize=2 originalExp=*Constructor_Control_Applicative_Applicative[gopurs_runtime.Value]
Call=Call_Control_Monad_List_Trans_bindListT arg i=0 actual=gopurs_runtime.Value exp=gopurs_runtime.Value envSize=0 originalExp=gopurs_runtime.Value
Call=Call_Control_Monad_List_Trans_bindListT arg i=0 actual=gopurs_runtime.Value exp=gopurs_runtime.Value envSize=0 originalExp=gopurs_runtime.Value
Call=Call_Control_Monad_List_Trans_concat arg i=0 actual=gopurs_runtime.Value exp=*Constructor_Control_Applicative_Applicative[gopurs_runtime.Value] envSize=2 originalExp=*Constructor_Control_Applicative_Applicative[gopurs_runtime.Value]
Call=Call_Control_Monad_List_Trans_bindListT arg i=0 actual=gopurs_runtime.Value exp=gopurs_runtime.Value envSize=0 originalExp=gopurs_runtime.Value
Call=Call_Control_Monad_List_Trans_bindListT arg i=0 actual=gopurs_runtime.Value exp=gopurs_runtime.Value envSize=0 originalExp=gopurs_runtime.Value
Call=Call_Control_Monad_List_Trans_applicativeListT arg i=0 actual=gopurs_runtime.Value exp=gopurs_runtime.Value envSize=0 originalExp=gopurs_runtime.Value
Call=Call_Control_Monad_List_Trans_singleton arg i=0 actual=gopurs_runtime.Value exp=*Constructor_Control_Applicative_Applicative[gopurs_runtime.Value] envSize=2 originalExp=*Constructor_Control_Applicative_Applicative[gopurs_runtime.Value]
Call=Call_Control_Monad_List_Trans_bindListT arg i=0 actual=gopurs_runtime.Value exp=gopurs_runtime.Value envSize=0 originalExp=gopurs_runtime.Value
Call=Call_Control_Monad_List_Trans_bindListT arg i=0 actual=gopurs_runtime.Value exp=gopurs_runtime.Value envSize=0 originalExp=gopurs_runtime.Value
Call=Call_Control_Monad_List_Trans_alternativeListT arg i=0 actual=gopurs_runtime.Value exp=gopurs_runtime.Value envSize=0 originalExp=gopurs_runtime.Value
Call=Call_Control_Monad_Maybe_Trans_applicativeMaybeT arg i=0 actual=gopurs_runtime.Value exp=gopurs_runtime.Value envSize=0 originalExp=gopurs_runtime.Value
Call=Call_Control_Monad_Maybe_Trans_bindMaybeT arg i=0 actual=gopurs_runtime.Value exp=gopurs_runtime.Value envSize=0 originalExp=gopurs_runtime.Value
Call=Call_Control_Monad_Maybe_Trans_applyMaybeT arg i=0 actual=gopurs_runtime.Value exp=gopurs_runtime.Value envSize=0 originalExp=gopurs_runtime.Value
Call=Call_Control_Monad_Maybe_Trans_applyMaybeT arg i=0 actual=gopurs_runtime.Value exp=gopurs_runtime.Value envSize=0 originalExp=gopurs_runtime.Value
Call=Call_Control_Monad_Maybe_Trans_applicativeMaybeT arg i=0 actual=gopurs_runtime.Value exp=gopurs_runtime.Value envSize=0 originalExp=gopurs_runtime.Value
Call=Call_Control_Monad_Maybe_Trans_applyMaybeT arg i=0 actual=gopurs_runtime.Value exp=gopurs_runtime.Value envSize=0 originalExp=gopurs_runtime.Value
Call=Call_Control_Monad_Maybe_Trans_applicativeMaybeT arg i=0 actual=gopurs_runtime.Value exp=gopurs_runtime.Value envSize=0 originalExp=gopurs_runtime.Value
Call=Call_Control_Monad_Maybe_Trans_applyMaybeT arg i=0 actual=gopurs_runtime.Value exp=gopurs_runtime.Value envSize=0 originalExp=gopurs_runtime.Value
Call=Call_Control_Monad_Maybe_Trans_applyMaybeT arg i=0 actual=gopurs_runtime.Value exp=gopurs_runtime.Value envSize=0 originalExp=gopurs_runtime.Value
Call=Call_Control_Monad_Maybe_Trans_applicativeMaybeT arg i=0 actual=gopurs_runtime.Value exp=gopurs_runtime.Value envSize=0 originalExp=gopurs_runtime.Value
Call=Call_Control_Monad_Maybe_Trans_applyMaybeT arg i=0 actual=gopurs_runtime.Value exp=gopurs_runtime.Value envSize=0 originalExp=gopurs_runtime.Value
Call=Call_Control_Monad_Maybe_Trans_applicativeMaybeT arg i=0 actual=gopurs_runtime.Value exp=gopurs_runtime.Value envSize=0 originalExp=gopurs_runtime.Value
Call=Call_Control_Monad_Maybe_Trans_applicativeMaybeT arg i=0 actual=gopurs_runtime.Value exp=gopurs_runtime.Value envSize=0 originalExp=gopurs_runtime.Value
Call=Call_Control_Monad_Maybe_Trans_applyMaybeT arg i=0 actual=gopurs_runtime.Value exp=gopurs_runtime.Value envSize=0 originalExp=gopurs_runtime.Value
Call=Call_Control_Monad_Maybe_Trans_applyMaybeT arg i=0 actual=gopurs_runtime.Value exp=gopurs_runtime.Value envSize=0 originalExp=gopurs_runtime.Value
Call=Call_Control_Monad_Maybe_Trans_applicativeMaybeT arg i=0 actual=gopurs_runtime.Value exp=gopurs_runtime.Value envSize=0 originalExp=gopurs_runtime.Value
Call=Call_Control_Monad_Maybe_Trans_monadAskMaybeT arg i=0 actual=gopurs_runtime.Value exp=gopurs_runtime.Value envSize=0 originalExp=gopurs_runtime.Value
Call=Call_Control_Monad_Maybe_Trans_applyMaybeT arg i=0 actual=gopurs_runtime.Value exp=gopurs_runtime.Value envSize=0 originalExp=gopurs_runtime.Value
Call=Call_Control_Monad_Maybe_Trans_applicativeMaybeT arg i=0 actual=gopurs_runtime.Value exp=gopurs_runtime.Value envSize=0 originalExp=gopurs_runtime.Value
Call=Call_Control_Monad_Maybe_Trans_applicativeMaybeT arg i=0 actual=gopurs_runtime.Value exp=gopurs_runtime.Value envSize=0 originalExp=gopurs_runtime.Value
Call=Call_Control_Monad_Maybe_Trans_applyMaybeT arg i=0 actual=gopurs_runtime.Value exp=gopurs_runtime.Value envSize=0 originalExp=gopurs_runtime.Value
Call=Call_Control_Monad_Maybe_Trans_applyMaybeT arg i=0 actual=gopurs_runtime.Value exp=gopurs_runtime.Value envSize=0 originalExp=gopurs_runtime.Value
Call=Call_Control_Monad_Maybe_Trans_applicativeMaybeT arg i=0 actual=gopurs_runtime.Value exp=gopurs_runtime.Value envSize=0 originalExp=gopurs_runtime.Value
Call=Call_Control_Monad_Maybe_Trans_applyMaybeT arg i=0 actual=gopurs_runtime.Value exp=gopurs_runtime.Value envSize=0 originalExp=gopurs_runtime.Value
Call=Call_Control_Monad_Maybe_Trans_applicativeMaybeT arg i=0 actual=gopurs_runtime.Value exp=gopurs_runtime.Value envSize=0 originalExp=gopurs_runtime.Value
Call=Call_Control_Monad_Maybe_Trans_applicativeMaybeT arg i=0 actual=gopurs_runtime.Value exp=gopurs_runtime.Value envSize=0 originalExp=gopurs_runtime.Value
Call=Call_Control_Monad_Maybe_Trans_applyMaybeT arg i=0 actual=gopurs_runtime.Value exp=gopurs_runtime.Value envSize=0 originalExp=gopurs_runtime.Value
Call=Call_Control_Monad_Maybe_Trans_applyMaybeT arg i=0 actual=gopurs_runtime.Value exp=gopurs_runtime.Value envSize=0 originalExp=gopurs_runtime.Value
Call=Call_Control_Monad_Maybe_Trans_applicativeMaybeT arg i=0 actual=gopurs_runtime.Value exp=gopurs_runtime.Value envSize=0 originalExp=gopurs_runtime.Value
Call=Call_Control_Monad_Maybe_Trans_applyMaybeT arg i=0 actual=gopurs_runtime.Value exp=gopurs_runtime.Value envSize=0 originalExp=gopurs_runtime.Value
Call=Call_Control_Monad_Maybe_Trans_applicativeMaybeT arg i=0 actual=gopurs_runtime.Value exp=gopurs_runtime.Value envSize=0 originalExp=gopurs_runtime.Value
Call=Call_Control_Monad_Maybe_Trans_applicativeMaybeT arg i=0 actual=gopurs_runtime.Value exp=gopurs_runtime.Value envSize=0 originalExp=gopurs_runtime.Value
Call=Call_Control_Monad_Maybe_Trans_applyMaybeT arg i=0 actual=gopurs_runtime.Value exp=gopurs_runtime.Value envSize=0 originalExp=gopurs_runtime.Value
Call=Call_Control_Monad_Maybe_Trans_applyMaybeT arg i=0 actual=gopurs_runtime.Value exp=gopurs_runtime.Value envSize=0 originalExp=gopurs_runtime.Value
Call=Call_Control_Monad_Maybe_Trans_applicativeMaybeT arg i=0 actual=gopurs_runtime.Value exp=gopurs_runtime.Value envSize=0 originalExp=gopurs_runtime.Value
Call=Call_Control_Monad_Maybe_Trans_applyMaybeT arg i=0 actual=gopurs_runtime.Value exp=gopurs_runtime.Value envSize=0 originalExp=gopurs_runtime.Value
Call=Call_Control_Monad_Maybe_Trans_applicativeMaybeT arg i=0 actual=gopurs_runtime.Value exp=gopurs_runtime.Value envSize=0 originalExp=gopurs_runtime.Value
Call=Call_Control_Monad_Maybe_Trans_applicativeMaybeT arg i=0 actual=gopurs_runtime.Value exp=gopurs_runtime.Value envSize=0 originalExp=gopurs_runtime.Value
Call=Call_Control_Monad_Maybe_Trans_applyMaybeT arg i=0 actual=gopurs_runtime.Value exp=gopurs_runtime.Value envSize=0 originalExp=gopurs_runtime.Value
Call=Call_Control_Monad_Maybe_Trans_applyMaybeT arg i=0 actual=gopurs_runtime.Value exp=gopurs_runtime.Value envSize=0 originalExp=gopurs_runtime.Value
Call=Call_Control_Monad_Maybe_Trans_applicativeMaybeT arg i=0 actual=gopurs_runtime.Value exp=gopurs_runtime.Value envSize=0 originalExp=gopurs_runtime.Value
Call=Call_Control_Monad_Maybe_Trans_applyMaybeT arg i=0 actual=gopurs_runtime.Value exp=gopurs_runtime.Value envSize=0 originalExp=gopurs_runtime.Value
Call=Call_Control_Monad_Maybe_Trans_applicativeMaybeT arg i=0 actual=gopurs_runtime.Value exp=gopurs_runtime.Value envSize=0 originalExp=gopurs_runtime.Value
Call=Call_Control_Monad_Maybe_Trans_applicativeMaybeT arg i=0 actual=gopurs_runtime.Value exp=gopurs_runtime.Value envSize=0 originalExp=gopurs_runtime.Value
Call=Call_Control_Monad_Maybe_Trans_applyMaybeT arg i=0 actual=gopurs_runtime.Value exp=gopurs_runtime.Value envSize=0 originalExp=gopurs_runtime.Value
Call=Call_Control_Monad_Maybe_Trans_applyMaybeT arg i=0 actual=gopurs_runtime.Value exp=gopurs_runtime.Value envSize=0 originalExp=gopurs_runtime.Value
Call=Call_Control_Monad_Maybe_Trans_applicativeMaybeT arg i=0 actual=gopurs_runtime.Value exp=gopurs_runtime.Value envSize=0 originalExp=gopurs_runtime.Value
Call=Call_Control_Monad_Maybe_Trans_monadTellMaybeT arg i=0 actual=gopurs_runtime.Value exp=gopurs_runtime.Value envSize=0 originalExp=gopurs_runtime.Value
Call=Call_Control_Monad_Maybe_Trans_applyMaybeT arg i=0 actual=gopurs_runtime.Value exp=gopurs_runtime.Value envSize=0 originalExp=gopurs_runtime.Value
Call=Call_Control_Monad_Maybe_Trans_applicativeMaybeT arg i=0 actual=gopurs_runtime.Value exp=gopurs_runtime.Value envSize=0 originalExp=gopurs_runtime.Value
Call=Call_Control_Monad_Maybe_Trans_applicativeMaybeT arg i=0 actual=gopurs_runtime.Value exp=gopurs_runtime.Value envSize=0 originalExp=gopurs_runtime.Value
Call=Call_Control_Monad_Maybe_Trans_applyMaybeT arg i=0 actual=gopurs_runtime.Value exp=gopurs_runtime.Value envSize=0 originalExp=gopurs_runtime.Value
Call=Call_Control_Monad_Maybe_Trans_applyMaybeT arg i=0 actual=gopurs_runtime.Value exp=gopurs_runtime.Value envSize=0 originalExp=gopurs_runtime.Value
Call=Call_Control_Monad_Maybe_Trans_applicativeMaybeT arg i=0 actual=gopurs_runtime.Value exp=gopurs_runtime.Value envSize=0 originalExp=gopurs_runtime.Value
Call=Call_Control_Monad_Maybe_Trans_monadThrowMaybeT arg i=0 actual=gopurs_runtime.Value exp=gopurs_runtime.Value envSize=0 originalExp=gopurs_runtime.Value
Call=Call_Control_Monad_Maybe_Trans_applyMaybeT arg i=0 actual=gopurs_runtime.Value exp=gopurs_runtime.Value envSize=0 originalExp=gopurs_runtime.Value
Call=Call_Control_Monad_Maybe_Trans_applicativeMaybeT arg i=0 actual=gopurs_runtime.Value exp=gopurs_runtime.Value envSize=0 originalExp=gopurs_runtime.Value
Call=Call_Control_Monad_Maybe_Trans_applicativeMaybeT arg i=0 actual=gopurs_runtime.Value exp=gopurs_runtime.Value envSize=0 originalExp=gopurs_runtime.Value
Call=Call_Control_Monad_Maybe_Trans_applyMaybeT arg i=0 actual=gopurs_runtime.Value exp=gopurs_runtime.Value envSize=0 originalExp=gopurs_runtime.Value
Call=Call_Control_Monad_Maybe_Trans_applyMaybeT arg i=0 actual=gopurs_runtime.Value exp=gopurs_runtime.Value envSize=0 originalExp=gopurs_runtime.Value
Call=Call_Control_Monad_Maybe_Trans_applicativeMaybeT arg i=0 actual=gopurs_runtime.Value exp=gopurs_runtime.Value envSize=0 originalExp=gopurs_runtime.Value
Call=Call_Control_Monad_Maybe_Trans_applyMaybeT arg i=0 actual=gopurs_runtime.Value exp=gopurs_runtime.Value envSize=0 originalExp=gopurs_runtime.Value
Call=Call_Control_Monad_Maybe_Trans_applicativeMaybeT arg i=0 actual=gopurs_runtime.Value exp=gopurs_runtime.Value envSize=0 originalExp=gopurs_runtime.Value
Call=Call_Control_Monad_Maybe_Trans_applicativeMaybeT arg i=0 actual=gopurs_runtime.Value exp=gopurs_runtime.Value envSize=0 originalExp=gopurs_runtime.Value
Call=Call_Control_Monad_Maybe_Trans_applyMaybeT arg i=0 actual=gopurs_runtime.Value exp=gopurs_runtime.Value envSize=0 originalExp=gopurs_runtime.Value
Call=Call_Control_Monad_Maybe_Trans_applyMaybeT arg i=0 actual=gopurs_runtime.Value exp=gopurs_runtime.Value envSize=0 originalExp=gopurs_runtime.Value
Call=Call_Control_Monad_Maybe_Trans_applicativeMaybeT arg i=0 actual=gopurs_runtime.Value exp=gopurs_runtime.Value envSize=0 originalExp=gopurs_runtime.Value
Call=Call_Control_Monad_Maybe_Trans_applyMaybeT arg i=0 actual=gopurs_runtime.Value exp=gopurs_runtime.Value envSize=0 originalExp=gopurs_runtime.Value
Call=Call_Control_Monad_Maybe_Trans_applyMaybeT arg i=0 actual=gopurs_runtime.Value exp=gopurs_runtime.Value envSize=0 originalExp=gopurs_runtime.Value
Call=Call_Control_Monad_Maybe_Trans_applicativeMaybeT arg i=0 actual=gopurs_runtime.Value exp=gopurs_runtime.Value envSize=0 originalExp=gopurs_runtime.Value
Call=Call_Control_Monad_Maybe_Trans_applyMaybeT arg i=0 actual=gopurs_runtime.Value exp=gopurs_runtime.Value envSize=0 originalExp=gopurs_runtime.Value
Call=Call_Control_Monad_Maybe_Trans_applicativeMaybeT arg i=0 actual=gopurs_runtime.Value exp=gopurs_runtime.Value envSize=0 originalExp=gopurs_runtime.Value
Call=Call_Control_Monad_Maybe_Trans_applicativeMaybeT arg i=0 actual=gopurs_runtime.Value exp=gopurs_runtime.Value envSize=0 originalExp=gopurs_runtime.Value
Call=Call_Control_Monad_Maybe_Trans_applyMaybeT arg i=0 actual=gopurs_runtime.Value exp=gopurs_runtime.Value envSize=0 originalExp=gopurs_runtime.Value
Call=Call_Control_Monad_Maybe_Trans_applicativeMaybeT arg i=0 actual=gopurs_runtime.Value exp=gopurs_runtime.Value envSize=0 originalExp=gopurs_runtime.Value
Call=Call_Control_Monad_Maybe_Trans_applicativeMaybeT arg i=0 actual=gopurs_runtime.Value exp=gopurs_runtime.Value envSize=0 originalExp=gopurs_runtime.Value
Call=Call_Control_Monad_Maybe_Trans_applyMaybeT arg i=0 actual=gopurs_runtime.Value exp=gopurs_runtime.Value envSize=0 originalExp=gopurs_runtime.Value
Call=Call_Control_Monad_Maybe_Trans_applicativeMaybeT arg i=0 actual=gopurs_runtime.Value exp=gopurs_runtime.Value envSize=0 originalExp=gopurs_runtime.Value
Call=Call_Control_Monad_Maybe_Trans_applicativeMaybeT arg i=0 actual=gopurs_runtime.Value exp=gopurs_runtime.Value envSize=0 originalExp=gopurs_runtime.Value
Call=Call_Control_Monad_Maybe_Trans_applyMaybeT arg i=0 actual=gopurs_runtime.Value exp=gopurs_runtime.Value envSize=0 originalExp=gopurs_runtime.Value
Call=Call_Control_Monad_Maybe_Trans_applyMaybeT arg i=0 actual=gopurs_runtime.Value exp=gopurs_runtime.Value envSize=0 originalExp=gopurs_runtime.Value
Call=Call_Control_Monad_Maybe_Trans_applicativeMaybeT arg i=0 actual=gopurs_runtime.Value exp=gopurs_runtime.Value envSize=0 originalExp=gopurs_runtime.Value
Call=Call_Control_Monad_Maybe_Trans_applyMaybeT arg i=0 actual=gopurs_runtime.Value exp=gopurs_runtime.Value envSize=0 originalExp=gopurs_runtime.Value
Call=Call_Control_Monad_Maybe_Trans_applyMaybeT arg i=0 actual=gopurs_runtime.Value exp=gopurs_runtime.Value envSize=0 originalExp=gopurs_runtime.Value
Call=Call_Control_Monad_Maybe_Trans_applicativeMaybeT arg i=0 actual=gopurs_runtime.Value exp=gopurs_runtime.Value envSize=0 originalExp=gopurs_runtime.Value
Call=Call_Control_Monad_Maybe_Trans_applyMaybeT arg i=0 actual=gopurs_runtime.Value exp=gopurs_runtime.Value envSize=0 originalExp=gopurs_runtime.Value
Call=Call_Control_Monad_Maybe_Trans_applicativeMaybeT arg i=0 actual=gopurs_runtime.Value exp=gopurs_runtime.Value envSize=0 originalExp=gopurs_runtime.Value
Call=Call_Control_Monad_Maybe_Trans_applicativeMaybeT arg i=0 actual=gopurs_runtime.Value exp=gopurs_runtime.Value envSize=0 originalExp=gopurs_runtime.Value
Call=Call_Control_Monad_Maybe_Trans_applyMaybeT arg i=0 actual=gopurs_runtime.Value exp=gopurs_runtime.Value envSize=0 originalExp=gopurs_runtime.Value
Call=Call_Control_Monad_Maybe_Trans_applicativeMaybeT arg i=0 actual=gopurs_runtime.Value exp=gopurs_runtime.Value envSize=0 originalExp=gopurs_runtime.Value
Call=Call_Control_Monad_Maybe_Trans_applicativeMaybeT arg i=0 actual=gopurs_runtime.Value exp=gopurs_runtime.Value envSize=0 originalExp=gopurs_runtime.Value
Call=Call_Data_Distributive_distributiveTuple arg i=0 actual=gopurs_runtime.Value exp=gopurs_runtime.Value envSize=0 originalExp=gopurs_runtime.Value
Call=Call_Control_Monad_Reader_Trans_distributiveReaderT arg i=0 actual=gopurs_runtime.Value exp=gopurs_runtime.Value envSize=0 originalExp=gopurs_runtime.Value
Call=Call_Control_Monad_State_Trans_applicativeStateT arg i=0 actual=gopurs_runtime.Value exp=gopurs_runtime.Value envSize=0 originalExp=gopurs_runtime.Value
Call=Call_Control_Monad_State_Trans_bindStateT arg i=0 actual=gopurs_runtime.Value exp=gopurs_runtime.Value envSize=0 originalExp=gopurs_runtime.Value
Call=Call_Control_Monad_State_Trans_applyStateT arg i=0 actual=gopurs_runtime.Value exp=gopurs_runtime.Value envSize=0 originalExp=gopurs_runtime.Value
Call=Call_Control_Monad_State_Trans_applyStateT arg i=0 actual=gopurs_runtime.Value exp=gopurs_runtime.Value envSize=0 originalExp=gopurs_runtime.Value
Call=Call_Control_Monad_State_Trans_applicativeStateT arg i=0 actual=gopurs_runtime.Value exp=gopurs_runtime.Value envSize=0 originalExp=gopurs_runtime.Value
Call=Call_Control_Monad_State_Trans_applyStateT arg i=0 actual=gopurs_runtime.Value exp=gopurs_runtime.Value envSize=0 originalExp=gopurs_runtime.Value
Call=Call_Control_Monad_State_Trans_applicativeStateT arg i=0 actual=gopurs_runtime.Value exp=gopurs_runtime.Value envSize=0 originalExp=gopurs_runtime.Value
Call=Call_Control_Monad_State_Trans_applyStateT arg i=0 actual=gopurs_runtime.Value exp=gopurs_runtime.Value envSize=0 originalExp=gopurs_runtime.Value
Call=Call_Control_Monad_State_Trans_applyStateT arg i=0 actual=gopurs_runtime.Value exp=gopurs_runtime.Value envSize=0 originalExp=gopurs_runtime.Value
Call=Call_Control_Monad_State_Trans_applicativeStateT arg i=0 actual=gopurs_runtime.Value exp=gopurs_runtime.Value envSize=0 originalExp=gopurs_runtime.Value
Call=Call_Control_Monad_State_Trans_applyStateT arg i=0 actual=gopurs_runtime.Value exp=gopurs_runtime.Value envSize=0 originalExp=gopurs_runtime.Value
Call=Call_Control_Monad_State_Trans_applicativeStateT arg i=0 actual=gopurs_runtime.Value exp=gopurs_runtime.Value envSize=0 originalExp=gopurs_runtime.Value
Call=Call_Control_Monad_State_Trans_applicativeStateT arg i=0 actual=gopurs_runtime.Value exp=gopurs_runtime.Value envSize=0 originalExp=gopurs_runtime.Value
Call=Call_Control_Monad_State_Trans_applyStateT arg i=0 actual=gopurs_runtime.Value exp=gopurs_runtime.Value envSize=0 originalExp=gopurs_runtime.Value
Call=Call_Control_Monad_State_Trans_applyStateT arg i=0 actual=gopurs_runtime.Value exp=gopurs_runtime.Value envSize=0 originalExp=gopurs_runtime.Value
Call=Call_Control_Monad_State_Trans_applicativeStateT arg i=0 actual=gopurs_runtime.Value exp=gopurs_runtime.Value envSize=0 originalExp=gopurs_runtime.Value
Call=Call_Control_Monad_State_Trans_applyStateT arg i=0 actual=gopurs_runtime.Value exp=gopurs_runtime.Value envSize=0 originalExp=gopurs_runtime.Value
Call=Call_Control_Monad_State_Trans_applyStateT arg i=0 actual=gopurs_runtime.Value exp=gopurs_runtime.Value envSize=0 originalExp=gopurs_runtime.Value
Call=Call_Control_Monad_State_Trans_applicativeStateT arg i=0 actual=gopurs_runtime.Value exp=gopurs_runtime.Value envSize=0 originalExp=gopurs_runtime.Value
Call=Call_Control_Monad_State_Trans_applyStateT arg i=0 actual=gopurs_runtime.Value exp=gopurs_runtime.Value envSize=0 originalExp=gopurs_runtime.Value
Call=Call_Control_Monad_State_Trans_applicativeStateT arg i=0 actual=gopurs_runtime.Value exp=gopurs_runtime.Value envSize=0 originalExp=gopurs_runtime.Value
Call=Call_Control_Monad_State_Trans_applicativeStateT arg i=0 actual=gopurs_runtime.Value exp=gopurs_runtime.Value envSize=0 originalExp=gopurs_runtime.Value
Call=Call_Control_Monad_State_Trans_applyStateT arg i=0 actual=gopurs_runtime.Value exp=gopurs_runtime.Value envSize=0 originalExp=gopurs_runtime.Value
Call=Call_Control_Monad_State_Trans_applicativeStateT arg i=0 actual=gopurs_runtime.Value exp=gopurs_runtime.Value envSize=0 originalExp=gopurs_runtime.Value
Call=Call_Control_Monad_State_Trans_applicativeStateT arg i=0 actual=gopurs_runtime.Value exp=gopurs_runtime.Value envSize=0 originalExp=gopurs_runtime.Value
Call=Call_Control_Monad_State_Trans_applyStateT arg i=0 actual=gopurs_runtime.Value exp=gopurs_runtime.Value envSize=0 originalExp=gopurs_runtime.Value
Call=Call_Control_Monad_State_Trans_applyStateT arg i=0 actual=gopurs_runtime.Value exp=gopurs_runtime.Value envSize=0 originalExp=gopurs_runtime.Value
Call=Call_Control_Monad_State_Trans_applicativeStateT arg i=0 actual=gopurs_runtime.Value exp=gopurs_runtime.Value envSize=0 originalExp=gopurs_runtime.Value
Call=Call_Control_Monad_State_Trans_applyStateT arg i=0 actual=gopurs_runtime.Value exp=gopurs_runtime.Value envSize=0 originalExp=gopurs_runtime.Value
Call=Call_Control_Monad_State_Trans_applyStateT arg i=0 actual=gopurs_runtime.Value exp=gopurs_runtime.Value envSize=0 originalExp=gopurs_runtime.Value
Call=Call_Control_Monad_State_Trans_applicativeStateT arg i=0 actual=gopurs_runtime.Value exp=gopurs_runtime.Value envSize=0 originalExp=gopurs_runtime.Value
Call=Call_Control_Monad_State_Trans_applyStateT arg i=0 actual=gopurs_runtime.Value exp=gopurs_runtime.Value envSize=0 originalExp=gopurs_runtime.Value
Call=Call_Control_Monad_State_Trans_applicativeStateT arg i=0 actual=gopurs_runtime.Value exp=gopurs_runtime.Value envSize=0 originalExp=gopurs_runtime.Value
Call=Call_Control_Monad_State_Trans_applicativeStateT arg i=0 actual=gopurs_runtime.Value exp=gopurs_runtime.Value envSize=0 originalExp=gopurs_runtime.Value
Call=Call_Control_Monad_State_Trans_applyStateT arg i=0 actual=gopurs_runtime.Value exp=gopurs_runtime.Value envSize=0 originalExp=gopurs_runtime.Value
Call=Call_Control_Monad_State_Trans_applicativeStateT arg i=0 actual=gopurs_runtime.Value exp=gopurs_runtime.Value envSize=0 originalExp=gopurs_runtime.Value
Call=Call_Control_Monad_State_Trans_applicativeStateT arg i=0 actual=gopurs_runtime.Value exp=gopurs_runtime.Value envSize=0 originalExp=gopurs_runtime.Value
Call=Call_Control_Monad_State_Trans_applyStateT arg i=0 actual=gopurs_runtime.Value exp=gopurs_runtime.Value envSize=0 originalExp=gopurs_runtime.Value
Call=Call_Control_Monad_State_Trans_applyStateT arg i=0 actual=gopurs_runtime.Value exp=gopurs_runtime.Value envSize=0 originalExp=gopurs_runtime.Value
Call=Call_Control_Monad_State_Trans_applicativeStateT arg i=0 actual=gopurs_runtime.Value exp=gopurs_runtime.Value envSize=0 originalExp=gopurs_runtime.Value
Call=Call_Control_Monad_State_Trans_applyStateT arg i=0 actual=gopurs_runtime.Value exp=gopurs_runtime.Value envSize=0 originalExp=gopurs_runtime.Value
Call=Call_Control_Monad_State_Trans_applicativeStateT arg i=0 actual=gopurs_runtime.Value exp=gopurs_runtime.Value envSize=0 originalExp=gopurs_runtime.Value
Call=Call_Control_Monad_State_Trans_applicativeStateT arg i=0 actual=gopurs_runtime.Value exp=gopurs_runtime.Value envSize=0 originalExp=gopurs_runtime.Value
Call=Call_Control_Monad_State_Trans_applyStateT arg i=0 actual=gopurs_runtime.Value exp=gopurs_runtime.Value envSize=0 originalExp=gopurs_runtime.Value
Call=Call_Control_Monad_State_Trans_applyStateT arg i=0 actual=gopurs_runtime.Value exp=gopurs_runtime.Value envSize=0 originalExp=gopurs_runtime.Value
Call=Call_Control_Monad_State_Trans_applicativeStateT arg i=0 actual=gopurs_runtime.Value exp=gopurs_runtime.Value envSize=0 originalExp=gopurs_runtime.Value
Call=Call_Control_Monad_State_Trans_applyStateT arg i=0 actual=gopurs_runtime.Value exp=gopurs_runtime.Value envSize=0 originalExp=gopurs_runtime.Value
Call=Call_Control_Monad_State_Trans_applicativeStateT arg i=0 actual=gopurs_runtime.Value exp=gopurs_runtime.Value envSize=0 originalExp=gopurs_runtime.Value
Call=Call_Control_Monad_State_Trans_applicativeStateT arg i=0 actual=gopurs_runtime.Value exp=gopurs_runtime.Value envSize=0 originalExp=gopurs_runtime.Value
Call=Call_Control_Monad_State_Trans_applyStateT arg i=0 actual=gopurs_runtime.Value exp=gopurs_runtime.Value envSize=0 originalExp=gopurs_runtime.Value
Call=Call_Control_Monad_State_Trans_applyStateT arg i=0 actual=gopurs_runtime.Value exp=gopurs_runtime.Value envSize=0 originalExp=gopurs_runtime.Value
Call=Call_Control_Monad_State_Trans_applicativeStateT arg i=0 actual=gopurs_runtime.Value exp=gopurs_runtime.Value envSize=0 originalExp=gopurs_runtime.Value
Call=Call_Control_Monad_State_Trans_applyStateT arg i=0 actual=gopurs_runtime.Value exp=gopurs_runtime.Value envSize=0 originalExp=gopurs_runtime.Value
Call=Call_Control_Monad_State_Trans_applicativeStateT arg i=0 actual=gopurs_runtime.Value exp=gopurs_runtime.Value envSize=0 originalExp=gopurs_runtime.Value
Call=Call_Control_Monad_State_Trans_applicativeStateT arg i=0 actual=gopurs_runtime.Value exp=gopurs_runtime.Value envSize=0 originalExp=gopurs_runtime.Value
Call=Call_Control_Monad_State_Trans_applyStateT arg i=0 actual=gopurs_runtime.Value exp=gopurs_runtime.Value envSize=0 originalExp=gopurs_runtime.Value
Call=Call_Control_Monad_State_Trans_applyStateT arg i=0 actual=gopurs_runtime.Value exp=gopurs_runtime.Value envSize=0 originalExp=gopurs_runtime.Value
Call=Call_Control_Monad_State_Trans_applicativeStateT arg i=0 actual=gopurs_runtime.Value exp=gopurs_runtime.Value envSize=0 originalExp=gopurs_runtime.Value
Call=Call_Control_Monad_State_Trans_applyStateT arg i=0 actual=gopurs_runtime.Value exp=gopurs_runtime.Value envSize=0 originalExp=gopurs_runtime.Value
Call=Call_Control_Monad_State_Trans_applicativeStateT arg i=0 actual=gopurs_runtime.Value exp=gopurs_runtime.Value envSize=0 originalExp=gopurs_runtime.Value
Call=Call_Control_Monad_State_Trans_applicativeStateT arg i=0 actual=gopurs_runtime.Value exp=gopurs_runtime.Value envSize=0 originalExp=gopurs_runtime.Value
Call=Call_Control_Monad_State_Trans_applyStateT arg i=0 actual=gopurs_runtime.Value exp=gopurs_runtime.Value envSize=0 originalExp=gopurs_runtime.Value
Call=Call_Control_Monad_State_Trans_applyStateT arg i=0 actual=gopurs_runtime.Value exp=gopurs_runtime.Value envSize=0 originalExp=gopurs_runtime.Value
Call=Call_Control_Monad_State_Trans_applicativeStateT arg i=0 actual=gopurs_runtime.Value exp=gopurs_runtime.Value envSize=0 originalExp=gopurs_runtime.Value
Call=Call_Control_Monad_State_Trans_applyStateT arg i=0 actual=gopurs_runtime.Value exp=gopurs_runtime.Value envSize=0 originalExp=gopurs_runtime.Value
Call=Call_Control_Monad_State_Trans_applyStateT arg i=0 actual=gopurs_runtime.Value exp=gopurs_runtime.Value envSize=0 originalExp=gopurs_runtime.Value
Call=Call_Control_Monad_State_Trans_applicativeStateT arg i=0 actual=gopurs_runtime.Value exp=gopurs_runtime.Value envSize=0 originalExp=gopurs_runtime.Value
Call=Call_Control_Monad_State_Trans_applyStateT arg i=0 actual=gopurs_runtime.Value exp=gopurs_runtime.Value envSize=0 originalExp=gopurs_runtime.Value
Call=Call_Control_Monad_State_Trans_applicativeStateT arg i=0 actual=gopurs_runtime.Value exp=gopurs_runtime.Value envSize=0 originalExp=gopurs_runtime.Value
Call=Call_Control_Monad_State_Trans_applicativeStateT arg i=0 actual=gopurs_runtime.Value exp=gopurs_runtime.Value envSize=0 originalExp=gopurs_runtime.Value
Call=Call_Control_Monad_State_Trans_applyStateT arg i=0 actual=gopurs_runtime.Value exp=gopurs_runtime.Value envSize=0 originalExp=gopurs_runtime.Value
Call=Call_Control_Monad_State_Trans_applicativeStateT arg i=0 actual=gopurs_runtime.Value exp=gopurs_runtime.Value envSize=0 originalExp=gopurs_runtime.Value
Call=Call_Control_Monad_State_Trans_applicativeStateT arg i=0 actual=gopurs_runtime.Value exp=gopurs_runtime.Value envSize=0 originalExp=gopurs_runtime.Value
Call=Call_Control_Monad_State_Trans_applyStateT arg i=0 actual=gopurs_runtime.Value exp=gopurs_runtime.Value envSize=0 originalExp=gopurs_runtime.Value
Call=Call_Control_Monad_State_Trans_applyStateT arg i=0 actual=gopurs_runtime.Value exp=gopurs_runtime.Value envSize=0 originalExp=gopurs_runtime.Value
Call=Call_Control_Monad_State_Trans_applicativeStateT arg i=0 actual=gopurs_runtime.Value exp=gopurs_runtime.Value envSize=0 originalExp=gopurs_runtime.Value
Call=Call_Control_Monad_State_Trans_applyStateT arg i=0 actual=gopurs_runtime.Value exp=gopurs_runtime.Value envSize=0 originalExp=gopurs_runtime.Value
Call=Call_Control_Monad_State_Trans_applyStateT arg i=0 actual=gopurs_runtime.Value exp=gopurs_runtime.Value envSize=0 originalExp=gopurs_runtime.Value
Call=Call_Control_Monad_State_Trans_applicativeStateT arg i=0 actual=gopurs_runtime.Value exp=gopurs_runtime.Value envSize=0 originalExp=gopurs_runtime.Value
Call=Call_Control_Monad_State_Trans_applyStateT arg i=0 actual=gopurs_runtime.Value exp=gopurs_runtime.Value envSize=0 originalExp=gopurs_runtime.Value
Call=Call_Control_Monad_State_Trans_applicativeStateT arg i=0 actual=gopurs_runtime.Value exp=gopurs_runtime.Value envSize=0 originalExp=gopurs_runtime.Value
Call=Call_Control_Monad_State_Trans_applicativeStateT arg i=0 actual=gopurs_runtime.Value exp=gopurs_runtime.Value envSize=0 originalExp=gopurs_runtime.Value
Call=Call_Control_Monad_State_Trans_applyStateT arg i=0 actual=gopurs_runtime.Value exp=gopurs_runtime.Value envSize=0 originalExp=gopurs_runtime.Value
Call=Call_Control_Monad_State_Trans_applicativeStateT arg i=0 actual=gopurs_runtime.Value exp=gopurs_runtime.Value envSize=0 originalExp=gopurs_runtime.Value
Call=Call_Control_Monad_State_Trans_applicativeStateT arg i=0 actual=gopurs_runtime.Value exp=gopurs_runtime.Value envSize=0 originalExp=gopurs_runtime.Value
Call=Call_Control_Monad_State_Trans_applyStateT arg i=0 actual=gopurs_runtime.Value exp=gopurs_runtime.Value envSize=0 originalExp=gopurs_runtime.Value
Call=Call_Control_Monad_State_Trans_applyStateT arg i=0 actual=gopurs_runtime.Value exp=gopurs_runtime.Value envSize=0 originalExp=gopurs_runtime.Value
Call=Call_Control_Monad_State_Trans_applicativeStateT arg i=0 actual=gopurs_runtime.Value exp=gopurs_runtime.Value envSize=0 originalExp=gopurs_runtime.Value
Call=Call_Control_Monad_State_Trans_applyStateT arg i=0 actual=gopurs_runtime.Value exp=gopurs_runtime.Value envSize=0 originalExp=gopurs_runtime.Value
Call=Call_Control_Monad_State_Trans_applyStateT arg i=0 actual=gopurs_runtime.Value exp=gopurs_runtime.Value envSize=0 originalExp=gopurs_runtime.Value
Call=Call_Control_Monad_State_Trans_applicativeStateT arg i=0 actual=gopurs_runtime.Value exp=gopurs_runtime.Value envSize=0 originalExp=gopurs_runtime.Value
Call=Call_Control_Monad_State_Trans_applyStateT arg i=0 actual=gopurs_runtime.Value exp=gopurs_runtime.Value envSize=0 originalExp=gopurs_runtime.Value
Call=Call_Control_Monad_State_Trans_applicativeStateT arg i=0 actual=gopurs_runtime.Value exp=gopurs_runtime.Value envSize=0 originalExp=gopurs_runtime.Value
Call=Call_Control_Monad_State_Trans_applicativeStateT arg i=0 actual=gopurs_runtime.Value exp=gopurs_runtime.Value envSize=0 originalExp=gopurs_runtime.Value
Call=Call_Control_Monad_State_Trans_applyStateT arg i=0 actual=gopurs_runtime.Value exp=gopurs_runtime.Value envSize=0 originalExp=gopurs_runtime.Value
Call=Call_Control_Monad_State_Trans_applicativeStateT arg i=0 actual=gopurs_runtime.Value exp=gopurs_runtime.Value envSize=0 originalExp=gopurs_runtime.Value
Call=Call_Control_Monad_State_Trans_applicativeStateT arg i=0 actual=gopurs_runtime.Value exp=gopurs_runtime.Value envSize=0 originalExp=gopurs_runtime.Value
Call=Call_Control_Monad_State_Trans_applyStateT arg i=0 actual=gopurs_runtime.Value exp=gopurs_runtime.Value envSize=0 originalExp=gopurs_runtime.Value
Call=Call_Control_Monad_State_Trans_applyStateT arg i=0 actual=gopurs_runtime.Value exp=gopurs_runtime.Value envSize=0 originalExp=gopurs_runtime.Value
Call=Call_Control_Monad_State_Trans_applicativeStateT arg i=0 actual=gopurs_runtime.Value exp=gopurs_runtime.Value envSize=0 originalExp=gopurs_runtime.Value
Call=Call_Control_Monad_State_Trans_applyStateT arg i=0 actual=gopurs_runtime.Value exp=gopurs_runtime.Value envSize=0 originalExp=gopurs_runtime.Value
Call=Call_Control_Monad_State_Trans_applyStateT arg i=0 actual=gopurs_runtime.Value exp=gopurs_runtime.Value envSize=0 originalExp=gopurs_runtime.Value
Call=Call_Control_Monad_State_Trans_applicativeStateT arg i=0 actual=gopurs_runtime.Value exp=gopurs_runtime.Value envSize=0 originalExp=gopurs_runtime.Value
Call=Call_Control_Monad_State_Trans_applyStateT arg i=0 actual=gopurs_runtime.Value exp=gopurs_runtime.Value envSize=0 originalExp=gopurs_runtime.Value
Call=Call_Control_Monad_State_Trans_applicativeStateT arg i=0 actual=gopurs_runtime.Value exp=gopurs_runtime.Value envSize=0 originalExp=gopurs_runtime.Value
Call=Call_Control_Monad_State_Trans_applicativeStateT arg i=0 actual=gopurs_runtime.Value exp=gopurs_runtime.Value envSize=0 originalExp=gopurs_runtime.Value
Call=Call_Control_Monad_State_Trans_applyStateT arg i=0 actual=gopurs_runtime.Value exp=gopurs_runtime.Value envSize=0 originalExp=gopurs_runtime.Value
Call=Call_Control_Monad_State_Trans_applicativeStateT arg i=0 actual=gopurs_runtime.Value exp=gopurs_runtime.Value envSize=0 originalExp=gopurs_runtime.Value
Call=Call_Control_Monad_State_Trans_applicativeStateT arg i=0 actual=gopurs_runtime.Value exp=gopurs_runtime.Value envSize=0 originalExp=gopurs_runtime.Value
Call=Call_Control_Monad_State_Trans_applyStateT arg i=0 actual=gopurs_runtime.Value exp=gopurs_runtime.Value envSize=0 originalExp=gopurs_runtime.Value
Call=Call_Control_Monad_State_Trans_applyStateT arg i=0 actual=gopurs_runtime.Value exp=gopurs_runtime.Value envSize=0 originalExp=gopurs_runtime.Value
Call=Call_Control_Monad_State_Trans_applicativeStateT arg i=0 actual=gopurs_runtime.Value exp=gopurs_runtime.Value envSize=0 originalExp=gopurs_runtime.Value
Call=Call_Control_Monad_State_Trans_applyStateT arg i=0 actual=gopurs_runtime.Value exp=gopurs_runtime.Value envSize=0 originalExp=gopurs_runtime.Value
Call=Call_Control_Monad_State_Trans_applicativeStateT arg i=0 actual=gopurs_runtime.Value exp=gopurs_runtime.Value envSize=0 originalExp=gopurs_runtime.Value
Call=Call_Control_Monad_State_Trans_applicativeStateT arg i=0 actual=gopurs_runtime.Value exp=gopurs_runtime.Value envSize=0 originalExp=gopurs_runtime.Value
Call=Call_Control_Monad_State_Trans_applyStateT arg i=0 actual=gopurs_runtime.Value exp=gopurs_runtime.Value envSize=0 originalExp=gopurs_runtime.Value
Call=Call_Control_Monad_State_Trans_applyStateT arg i=0 actual=gopurs_runtime.Value exp=gopurs_runtime.Value envSize=0 originalExp=gopurs_runtime.Value
Call=Call_Control_Monad_State_Trans_applicativeStateT arg i=0 actual=gopurs_runtime.Value exp=gopurs_runtime.Value envSize=0 originalExp=gopurs_runtime.Value
Call=Call_Control_Monad_State_Trans_applyStateT arg i=0 actual=gopurs_runtime.Value exp=gopurs_runtime.Value envSize=0 originalExp=gopurs_runtime.Value
Call=Call_Control_Monad_State_Trans_applyStateT arg i=0 actual=gopurs_runtime.Value exp=gopurs_runtime.Value envSize=0 originalExp=gopurs_runtime.Value
Call=Call_Control_Monad_State_Trans_applicativeStateT arg i=0 actual=gopurs_runtime.Value exp=gopurs_runtime.Value envSize=0 originalExp=gopurs_runtime.Value
Call=Call_Control_Monad_State_Trans_applyStateT arg i=0 actual=gopurs_runtime.Value exp=gopurs_runtime.Value envSize=0 originalExp=gopurs_runtime.Value
Call=Call_Control_Monad_State_Trans_applicativeStateT arg i=0 actual=gopurs_runtime.Value exp=gopurs_runtime.Value envSize=0 originalExp=gopurs_runtime.Value
Call=Call_Control_Monad_State_Trans_applicativeStateT arg i=0 actual=gopurs_runtime.Value exp=gopurs_runtime.Value envSize=0 originalExp=gopurs_runtime.Value
Call=Call_Control_Monad_State_Trans_applyStateT arg i=0 actual=gopurs_runtime.Value exp=gopurs_runtime.Value envSize=0 originalExp=gopurs_runtime.Value
Call=Call_Control_Monad_State_Trans_applicativeStateT arg i=0 actual=gopurs_runtime.Value exp=gopurs_runtime.Value envSize=0 originalExp=gopurs_runtime.Value
Call=Call_Control_Monad_State_Trans_applicativeStateT arg i=0 actual=gopurs_runtime.Value exp=gopurs_runtime.Value envSize=0 originalExp=gopurs_runtime.Value
Call=Call_Control_Monad_State_Trans_applyStateT arg i=0 actual=gopurs_runtime.Value exp=gopurs_runtime.Value envSize=0 originalExp=gopurs_runtime.Value
Call=Call_Control_Monad_State_Trans_applicativeStateT arg i=0 actual=gopurs_runtime.Value exp=gopurs_runtime.Value envSize=0 originalExp=gopurs_runtime.Value
Call=Call_Control_Monad_State_Trans_applicativeStateT arg i=0 actual=gopurs_runtime.Value exp=gopurs_runtime.Value envSize=0 originalExp=gopurs_runtime.Value
Call=Call_Control_Monad_State_Trans_applyStateT arg i=0 actual=gopurs_runtime.Value exp=gopurs_runtime.Value envSize=0 originalExp=gopurs_runtime.Value
Call=Call_Control_Monad_State_Trans_applyStateT arg i=0 actual=gopurs_runtime.Value exp=gopurs_runtime.Value envSize=0 originalExp=gopurs_runtime.Value
Call=Call_Control_Monad_State_Trans_applicativeStateT arg i=0 actual=gopurs_runtime.Value exp=gopurs_runtime.Value envSize=0 originalExp=gopurs_runtime.Value
Call=Call_Control_Monad_State_Trans_applyStateT arg i=0 actual=gopurs_runtime.Value exp=gopurs_runtime.Value envSize=0 originalExp=gopurs_runtime.Value
Call=Call_Control_Monad_State_Trans_applyStateT arg i=0 actual=gopurs_runtime.Value exp=gopurs_runtime.Value envSize=0 originalExp=gopurs_runtime.Value
Call=Call_Control_Monad_State_Trans_applicativeStateT arg i=0 actual=gopurs_runtime.Value exp=gopurs_runtime.Value envSize=0 originalExp=gopurs_runtime.Value
Call=Call_Control_Monad_State_Trans_applyStateT arg i=0 actual=gopurs_runtime.Value exp=gopurs_runtime.Value envSize=0 originalExp=gopurs_runtime.Value
Call=Call_Control_Monad_State_Trans_applicativeStateT arg i=0 actual=gopurs_runtime.Value exp=gopurs_runtime.Value envSize=0 originalExp=gopurs_runtime.Value
Call=Call_Control_Monad_State_Trans_applicativeStateT arg i=0 actual=gopurs_runtime.Value exp=gopurs_runtime.Value envSize=0 originalExp=gopurs_runtime.Value
Call=Call_Control_Monad_State_Trans_applyStateT arg i=0 actual=gopurs_runtime.Value exp=gopurs_runtime.Value envSize=0 originalExp=gopurs_runtime.Value
Call=Call_Control_Monad_State_Trans_applicativeStateT arg i=0 actual=gopurs_runtime.Value exp=gopurs_runtime.Value envSize=0 originalExp=gopurs_runtime.Value
Call=Call_Control_Monad_State_Trans_applicativeStateT arg i=0 actual=gopurs_runtime.Value exp=gopurs_runtime.Value envSize=0 originalExp=gopurs_runtime.Value
Call=Call_Data_Profunctor_Star_distributiveStar arg i=0 actual=gopurs_runtime.Value exp=gopurs_runtime.Value envSize=0 originalExp=gopurs_runtime.Value
Call=Call_Control_Parallel_Class_applyParCont arg i=0 actual=gopurs_runtime.Value exp=gopurs_runtime.Value envSize=0 originalExp=gopurs_runtime.Value
Call=Call_Control_Parallel_parTraverse_ arg i=0 actual=*Constructor_Control_Parallel_Class_Parallel[T_f, T_m] exp=*Constructor_Control_Parallel_Class_Parallel[gopurs_runtime.Value, gopurs_runtime.Value] envSize=5 originalExp=*Constructor_Control_Parallel_Class_Parallel[gopurs_runtime.Value, gopurs_runtime.Value]
Call=Call_Control_Parallel_parTraverse_ arg i=1 actual=*Constructor_Control_Applicative_Applicative[T_f] exp=*Constructor_Control_Applicative_Applicative[gopurs_runtime.Value] envSize=5 originalExp=*Constructor_Control_Applicative_Applicative[gopurs_runtime.Value]
Call=Call_Control_Parallel_parTraverse_ arg i=2 actual=*Constructor_Data_Foldable_Foldable[T_t] exp=*Constructor_Data_Foldable_Foldable[gopurs_runtime.Value] envSize=5 originalExp=*Constructor_Data_Foldable_Foldable[gopurs_runtime.Value]
Call=Call_Control_Parallel_parTraverse_ arg i=3 actual=gopurs_runtime.Value exp=gopurs_runtime.Value envSize=5 originalExp=gopurs_runtime.Value
Call=Call_Data_Array_NonEmpty_uncons arg i=0 actual=gopurs_runtime.Value exp=[]gopurs_runtime.Value envSize=0 originalExp=[]gopurs_runtime.Value
findFfiFile [Data.Array.ST.Partial] -> ../gopurs/gopurs-arrays/src/Data/Array/ST/Partial.go
Call=Call_Data_Bifoldable_bitraverse_ arg i=0 actual=*Constructor_Data_Bifoldable_Bifoldable[T_t] exp=*Constructor_Data_Bifoldable_Bifoldable[gopurs_runtime.Value] envSize=6 originalExp=*Constructor_Data_Bifoldable_Bifoldable[gopurs_runtime.Value]
Call=Call_Data_Bifoldable_bitraverse_ arg i=1 actual=*Constructor_Control_Applicative_Applicative[T_f] exp=*Constructor_Control_Applicative_Applicative[gopurs_runtime.Value] envSize=6 originalExp=*Constructor_Control_Applicative_Applicative[gopurs_runtime.Value]
Call=Call_Data_Bifoldable_bitraverse_ arg i=0 actual=*Constructor_Data_Bifoldable_Bifoldable[T_t] exp=*Constructor_Data_Bifoldable_Bifoldable[gopurs_runtime.Value] envSize=6 originalExp=*Constructor_Data_Bifoldable_Bifoldable[gopurs_runtime.Value]
Call=Call_Data_Bifoldable_bitraverse_ arg i=1 actual=*Constructor_Control_Applicative_Applicative[T_f] exp=*Constructor_Control_Applicative_Applicative[gopurs_runtime.Value] envSize=6 originalExp=*Constructor_Control_Applicative_Applicative[gopurs_runtime.Value]
Call=Call_Data_Bifoldable_bifoldableProduct2 arg i=0 actual=gopurs_runtime.Value exp=gopurs_runtime.Value envSize=0 originalExp=gopurs_runtime.Value
Call=Call_Data_Bifoldable_bifoldableProduct2 arg i=1 actual=gopurs_runtime.Value exp=gopurs_runtime.Value envSize=0 originalExp=gopurs_runtime.Value
Call=Call_Data_Bifoldable_bifoldlDefault arg i=0 actual=*Constructor_Data_Bifoldable_Bifoldable[*Constructor_Data_Functor_Product2_Product2[gopurs_runtime.Value, gopurs_runtime.Value, gopurs_runtime.Value, gopurs_runtime.Value]] exp=*Constructor_Data_Bifoldable_Bifoldable[gopurs_runtime.Value] envSize=4 originalExp=*Constructor_Data_Bifoldable_Bifoldable[gopurs_runtime.Value]
Call=Call_Data_Bifoldable_bifoldlDefault arg i=1 actual=gopurs_runtime.Value exp=gopurs_runtime.Value envSize=4 originalExp=gopurs_runtime.Value
Call=Call_Data_Bifoldable_bifoldlDefault arg i=2 actual=gopurs_runtime.Value exp=gopurs_runtime.Value envSize=4 originalExp=gopurs_runtime.Value
Call=Call_Data_Bifoldable_bifoldlDefault arg i=3 actual=gopurs_runtime.Value exp=gopurs_runtime.Value envSize=4 originalExp=gopurs_runtime.Value
Call=Call_Data_Bifoldable_bifoldlDefault arg i=4 actual=*Constructor_Data_Functor_Product2_Product2[gopurs_runtime.Value, gopurs_runtime.Value, gopurs_runtime.Value, gopurs_runtime.Value] exp=gopurs_runtime.Value envSize=4 originalExp=gopurs_runtime.Value
Call=Call_Data_Bifoldable_bifoldableProduct2 arg i=0 actual=gopurs_runtime.Value exp=gopurs_runtime.Value envSize=0 originalExp=gopurs_runtime.Value
Call=Call_Data_Bifoldable_bifoldableProduct2 arg i=1 actual=gopurs_runtime.Value exp=gopurs_runtime.Value envSize=0 originalExp=gopurs_runtime.Value
Call=Call_local_Data_Enum_go__go_3_0_0 arg i=0 actual=int64 exp=gopurs_runtime.Value envSize=0 originalExp=gopurs_runtime.Value
Call=Call_local_Data_Enum_go__go_3_0_0 arg i=1 actual=T_a exp=gopurs_runtime.Value envSize=0 originalExp=T_a
Call=Call_local_Data_Enum_go__go_3_1_2 arg i=0 actual=int64 exp=int64 envSize=0 originalExp=int64
Call=Call_local_Data_Enum_go__go_3_1_2 arg i=1 actual=gopurs_runtime.Value exp=gopurs_runtime.Value envSize=0 originalExp=gopurs_runtime.Value
Call=Call_Data_Enum_charToEnum arg i=0 actual=int64 exp=int64 envSize=0 originalExp=int64
Call=Call_Data_Enum_charToEnum arg i=0 actual=int64 exp=int64 envSize=0 originalExp=int64
findFfiFile [Data.Enum] -> ../gopurs/gopurs-enums/src/Data/Enum.go
Call=Call_Data_Char_Gen_genAlphaLowercase arg i=0 actual=*Constructor_Control_Monad_Gen_Class_MonadGen[gopurs_runtime.Value] exp=gopurs_runtime.Value envSize=0 originalExp=gopurs_runtime.Value
Call=Call_Data_Char_Gen_genAlphaUppercase arg i=0 actual=gopurs_runtime.Value exp=gopurs_runtime.Value envSize=0 originalExp=gopurs_runtime.Value
findFfiFile [Data.Int.Bits] -> ../gopurs/gopurs-integers/src/Data/Int/Bits.go
findFfiFile [Data.Number] -> ../gopurs/gopurs-numbers/src/Data/Number.go
Call=Call_Data_Int_unsafeClamp arg i=0 actual=gopurs_runtime.Value exp=float64 envSize=0 originalExp=float64
Call=Call_Data_Int_unsafeClamp arg i=0 actual=gopurs_runtime.Value exp=float64 envSize=0 originalExp=float64
Call=Call_Data_Int_unsafeClamp arg i=0 actual=gopurs_runtime.Value exp=float64 envSize=0 originalExp=float64
Call=Call_Data_Int_unsafeClamp arg i=0 actual=gopurs_runtime.Value exp=float64 envSize=0 originalExp=float64
findFfiFile [Data.Int] -> ../gopurs/gopurs-integers/src/Data/Int.go
Call=Call_Data_Date_isLeapYear arg i=0 actual=int64 exp=int64 envSize=0 originalExp=int64
Call=Call_Data_Date_lastDayOfMonth arg i=0 actual=int64 exp=int64 envSize=0 originalExp=int64
Call=Call_Data_Date_lastDayOfMonth arg i=1 actual=uint32 exp=uint32 envSize=0 originalExp=uint32
Call=Call_Data_Date_lastDayOfMonth arg i=0 actual=int64 exp=int64 envSize=0 originalExp=int64
Call=Call_Data_Date_lastDayOfMonth arg i=1 actual=uint32 exp=uint32 envSize=0 originalExp=uint32
Call=Call_Data_Date_lastDayOfMonth arg i=0 actual=int64 exp=int64 envSize=0 originalExp=int64
Call=Call_Data_Date_lastDayOfMonth arg i=1 actual=uint32 exp=uint32 envSize=0 originalExp=uint32
Call=Call_Data_Date_canonicalDate arg i=0 actual=int64 exp=int64 envSize=0 originalExp=int64
Call=Call_Data_Date_canonicalDate arg i=1 actual=uint32 exp=uint32 envSize=0 originalExp=uint32
Call=Call_Data_Date_canonicalDate arg i=2 actual=int64 exp=int64 envSize=0 originalExp=int64
Call=Call_Data_Date_lastDayOfMonth arg i=0 actual=int64 exp=int64 envSize=0 originalExp=int64
Call=Call_Data_Date_lastDayOfMonth arg i=1 actual=uint32 exp=uint32 envSize=0 originalExp=uint32
Call=Call_Data_Date_lastDayOfMonth arg i=0 actual=int64 exp=int64 envSize=0 originalExp=int64
Call=Call_Data_Date_lastDayOfMonth arg i=1 actual=uint32 exp=uint32 envSize=0 originalExp=uint32
Call=Call_Data_Date_lastDayOfMonth arg i=0 actual=int64 exp=int64 envSize=0 originalExp=int64
Call=Call_Data_Date_lastDayOfMonth arg i=1 actual=uint32 exp=uint32 envSize=0 originalExp=uint32
Call=Call_Data_Date_lastDayOfMonth arg i=0 actual=int64 exp=int64 envSize=0 originalExp=int64
Call=Call_Data_Date_lastDayOfMonth arg i=1 actual=uint32 exp=uint32 envSize=0 originalExp=uint32
Call=Call_Data_Date_lastDayOfMonth arg i=0 actual=int64 exp=int64 envSize=0 originalExp=int64
Call=Call_Data_Date_lastDayOfMonth arg i=1 actual=uint32 exp=uint32 envSize=0 originalExp=uint32
Call=Call_Data_Date_lastDayOfMonth arg i=0 actual=int64 exp=int64 envSize=0 originalExp=int64
Call=Call_Data_Date_lastDayOfMonth arg i=1 actual=uint32 exp=uint32 envSize=0 originalExp=uint32
Call=Call_Data_Date_lastDayOfMonth arg i=0 actual=int64 exp=int64 envSize=0 originalExp=int64
Call=Call_Data_Date_lastDayOfMonth arg i=1 actual=uint32 exp=uint32 envSize=0 originalExp=uint32
findFfiFile [Data.Date] -> ../gopurs/gopurs-datetime/src/Data/Date.go
Call=Call_Data_Time_timeToMillis arg i=0 actual=*Constructor_Data_Time_Time exp=*Constructor_Data_Time_Time envSize=0 originalExp=*Constructor_Data_Time_Time
Call=Call_Data_Time_timeToMillis arg i=0 actual=*Constructor_Data_Time_Time exp=*Constructor_Data_Time_Time envSize=0 originalExp=*Constructor_Data_Time_Time
Call=Call_Data_Time_timeToMillis arg i=0 actual=*Constructor_Data_Time_Time exp=*Constructor_Data_Time_Time envSize=0 originalExp=*Constructor_Data_Time_Time
Call=Call_Data_Time_timeToMillis arg i=0 actual=*Constructor_Data_Time_Time exp=*Constructor_Data_Time_Time envSize=0 originalExp=*Constructor_Data_Time_Time
Call=Call_Data_Time_timeToMillis arg i=0 actual=*Constructor_Data_Time_Time exp=*Constructor_Data_Time_Time envSize=0 originalExp=*Constructor_Data_Time_Time
Call=Call_Data_Time_millisToTime arg i=0 actual=float64 exp=float64 envSize=0 originalExp=float64
Call=Call_Data_DateTime_toRecord arg i=0 actual=*Constructor_Data_DateTime_DateTime exp=*Constructor_Data_DateTime_DateTime envSize=0 originalExp=*Constructor_Data_DateTime_DateTime
Call=Call_Data_DateTime_toRecord arg i=0 actual=*Constructor_Data_DateTime_DateTime exp=*Constructor_Data_DateTime_DateTime envSize=0 originalExp=*Constructor_Data_DateTime_DateTime
Call=Call_Data_DateTime_toRecord arg i=0 actual=*Constructor_Data_DateTime_DateTime exp=*Constructor_Data_DateTime_DateTime envSize=0 originalExp=*Constructor_Data_DateTime_DateTime
findFfiFile [Data.DateTime] -> ../gopurs/gopurs-datetime/src/Data/DateTime.go
findFfiFile [Data.DateTime.Instant] -> ../gopurs/gopurs-datetime/src/Data/DateTime/Instant.go
Call=Call_local_Data_Decidable_spin_2_0_0 arg i=0 actual=gopurs_runtime.Value exp=gopurs_runtime.Value envSize=0 originalExp=gopurs_runtime.Value
Call=Call_local_Data_Decidable_spin_5_2_1 arg i=0 actual=gopurs_runtime.Value exp=gopurs_runtime.Value envSize=0 originalExp=gopurs_runtime.Value
Call=Call_local_Data_Decidable_spin_2_0_2 arg i=0 actual=gopurs_runtime.Value exp=gopurs_runtime.Value envSize=0 originalExp=gopurs_runtime.Value
Call=Call_local_Data_Decidable_spin_3_0_3 arg i=0 actual=gopurs_runtime.Value exp=gopurs_runtime.Value envSize=0 originalExp=gopurs_runtime.Value
Call=Call_local_Data_Either_Nested_spin_10_16_0 arg i=0 actual=gopurs_runtime.Value exp=gopurs_runtime.Value envSize=0 originalExp=gopurs_runtime.Value
Call=Call_local_Data_Either_Nested_spin_9_14_1 arg i=0 actual=gopurs_runtime.Value exp=gopurs_runtime.Value envSize=0 originalExp=gopurs_runtime.Value
Call=Call_local_Data_Either_Nested_spin_8_12_2 arg i=0 actual=gopurs_runtime.Value exp=gopurs_runtime.Value envSize=0 originalExp=gopurs_runtime.Value
Call=Call_local_Data_Either_Nested_spin_7_10_3 arg i=0 actual=gopurs_runtime.Value exp=gopurs_runtime.Value envSize=0 originalExp=gopurs_runtime.Value
Call=Call_local_Data_Either_Nested_spin_6_8_4 arg i=0 actual=gopurs_runtime.Value exp=gopurs_runtime.Value envSize=0 originalExp=gopurs_runtime.Value
Call=Call_local_Data_Either_Nested_spin_5_6_5 arg i=0 actual=gopurs_runtime.Value exp=gopurs_runtime.Value envSize=0 originalExp=gopurs_runtime.Value
Call=Call_local_Data_Either_Nested_spin_4_4_6 arg i=0 actual=gopurs_runtime.Value exp=gopurs_runtime.Value envSize=0 originalExp=gopurs_runtime.Value
Call=Call_local_Data_Either_Nested_spin_3_2_7 arg i=0 actual=gopurs_runtime.Value exp=gopurs_runtime.Value envSize=0 originalExp=gopurs_runtime.Value
Call=Call_local_Data_Either_Nested_spin_11_18_8 arg i=0 actual=gopurs_runtime.Value exp=gopurs_runtime.Value envSize=0 originalExp=gopurs_runtime.Value
Call=Call_local_Data_Either_Nested_spin_1_0_9 arg i=0 actual=gopurs_runtime.Value exp=gopurs_runtime.Value envSize=0 originalExp=gopurs_runtime.Value
Call=Call_local_Data_Functor_Coproduct_Nested_spin_10_16_0 arg i=0 actual=gopurs_runtime.Value exp=gopurs_runtime.Value envSize=0 originalExp=gopurs_runtime.Value
Call=Call_local_Data_Functor_Coproduct_Nested_spin_9_14_1 arg i=0 actual=gopurs_runtime.Value exp=gopurs_runtime.Value envSize=0 originalExp=gopurs_runtime.Value
Call=Call_local_Data_Functor_Coproduct_Nested_spin_8_12_2 arg i=0 actual=gopurs_runtime.Value exp=gopurs_runtime.Value envSize=0 originalExp=gopurs_runtime.Value
Call=Call_local_Data_Functor_Coproduct_Nested_spin_7_10_3 arg i=0 actual=gopurs_runtime.Value exp=gopurs_runtime.Value envSize=0 originalExp=gopurs_runtime.Value
Call=Call_local_Data_Functor_Coproduct_Nested_spin_6_8_4 arg i=0 actual=gopurs_runtime.Value exp=gopurs_runtime.Value envSize=0 originalExp=gopurs_runtime.Value
Call=Call_local_Data_Functor_Coproduct_Nested_spin_5_6_5 arg i=0 actual=gopurs_runtime.Value exp=gopurs_runtime.Value envSize=0 originalExp=gopurs_runtime.Value
Call=Call_local_Data_Functor_Coproduct_Nested_spin_4_4_6 arg i=0 actual=gopurs_runtime.Value exp=gopurs_runtime.Value envSize=0 originalExp=gopurs_runtime.Value
Call=Call_local_Data_Functor_Coproduct_Nested_spin_3_2_7 arg i=0 actual=gopurs_runtime.Value exp=gopurs_runtime.Value envSize=0 originalExp=gopurs_runtime.Value
Call=Call_local_Data_Functor_Coproduct_Nested_spin_11_18_8 arg i=0 actual=gopurs_runtime.Value exp=gopurs_runtime.Value envSize=0 originalExp=gopurs_runtime.Value
Call=Call_local_Data_Functor_Coproduct_Nested_spin_1_0_9 arg i=0 actual=gopurs_runtime.Value exp=gopurs_runtime.Value envSize=0 originalExp=gopurs_runtime.Value
Call=Call_local_Data_List_Types_reverseUnrolledMap_4_1_1 arg i=0 actual=*Constructor_Data_List_Types_Cons[*Constructor_Data_List_Types_Cons[T_a]] exp=gopurs_runtime.Value envSize=0 originalExp=gopurs_runtime.Value
Call=Call_local_Data_List_Types_reverseUnrolledMap_4_1_1 arg i=1 actual=*Constructor_Data_List_Types_Cons[T_b] exp=*Constructor_Data_List_Types_Cons[gopurs_runtime.Value] envSize=0 originalExp=*Constructor_Data_List_Types_Cons[T_b]
Call=Call_Data_List_Types_listMap arg i=0 actual=gopurs_runtime.Value exp=gopurs_runtime.Value envSize=2 originalExp=gopurs_runtime.Value
Call=Call_local_Data_List_Types_go__go_5_2_6 arg i=0 actual=gopurs_runtime.Value exp=gopurs_runtime.Value envSize=0 originalExp=gopurs_runtime.Value
Call=Call_local_Data_List_Types_go__go_5_2_6 arg i=1 actual=gopurs_runtime.Value exp=gopurs_runtime.Value envSize=0 originalExp=gopurs_runtime.Value
Call=Call_local_Data_List_Types_go__go_3_4_7 arg i=0 actual=gopurs_runtime.Value exp=gopurs_runtime.Value envSize=0 originalExp=gopurs_runtime.Value
Call=Call_local_Data_List_Types_go__go_3_4_7 arg i=1 actual=gopurs_runtime.Value exp=gopurs_runtime.Value envSize=0 originalExp=gopurs_runtime.Value
Call=Call_local_Data_List_Types_go__go_4_8_9 arg i=0 actual=*Constructor_Data_List_Types_Cons[gopurs_runtime.Value] exp=*Constructor_Data_List_Types_Cons[gopurs_runtime.Value] envSize=0 originalExp=*Constructor_Data_List_Types_Cons[gopurs_runtime.Value]
Call=Call_local_Data_List_Types_go__go_4_8_9 arg i=1 actual=gopurs_runtime.Value exp=gopurs_runtime.Value envSize=0 originalExp=gopurs_runtime.Value
Call=Call_local_Data_List_Types_go__go_3_6_8 arg i=0 actual=gopurs_runtime.Value exp=gopurs_runtime.Value envSize=0 originalExp=gopurs_runtime.Value
Call=Call_local_Data_List_Types_go__go_3_6_8 arg i=1 actual=*Constructor_Data_List_Types_Cons[gopurs_runtime.Value] exp=gopurs_runtime.Value envSize=0 originalExp=gopurs_runtime.Value
Call=Call_local_Data_List_Types_go__go_3_9_12 arg i=0 actual=*Constructor_Data_Tuple_Tuple[int64, *Constructor_Data_List_Types_Cons[gopurs_runtime.Value]] exp=gopurs_runtime.Value envSize=0 originalExp=gopurs_runtime.Value
Call=Call_local_Data_List_Types_go__go_3_9_12 arg i=1 actual=*Constructor_Data_List_Types_Cons[gopurs_runtime.Value] exp=gopurs_runtime.Value envSize=0 originalExp=gopurs_runtime.Value
Call=Call_local_Data_List_Types_go__go_4_11_13 arg i=0 actual=*Constructor_Data_Tuple_Tuple[int64, gopurs_runtime.Value] exp=gopurs_runtime.Value envSize=0 originalExp=gopurs_runtime.Value
Call=Call_local_Data_List_Types_go__go_4_11_13 arg i=1 actual=*Constructor_Data_List_Types_Cons[gopurs_runtime.Value] exp=gopurs_runtime.Value envSize=0 originalExp=gopurs_runtime.Value
Call=Call_local_Data_List_Types_go__go_2_1_14 arg i=0 actual=*Constructor_Data_Tuple_Tuple[int64, *Constructor_Data_List_Types_Cons[gopurs_runtime.Value]] exp=gopurs_runtime.Value envSize=0 originalExp=gopurs_runtime.Value
Call=Call_local_Data_List_Types_go__go_2_1_14 arg i=1 actual=*Constructor_Data_List_Types_Cons[gopurs_runtime.Value] exp=gopurs_runtime.Value envSize=0 originalExp=gopurs_runtime.Value
Call=Call_local_Data_List_Types_go__go_3_3_15 arg i=0 actual=*Constructor_Data_Tuple_Tuple[int64, gopurs_runtime.Value] exp=gopurs_runtime.Value envSize=0 originalExp=gopurs_runtime.Value
Call=Call_local_Data_List_Types_go__go_3_3_15 arg i=1 actual=*Constructor_Data_List_Types_Cons[gopurs_runtime.Value] exp=gopurs_runtime.Value envSize=0 originalExp=gopurs_runtime.Value
Call=Call_Data_List_Types_listMap arg i=0 actual=gopurs_runtime.Value exp=gopurs_runtime.Value envSize=2 originalExp=gopurs_runtime.Value
Call=Call_local_Data_List_Types_go__go_3_2_16 arg i=0 actual=*Constructor_Data_Tuple_Tuple[int64, *Constructor_Data_List_Types_Cons[gopurs_runtime.Value]] exp=gopurs_runtime.Value envSize=0 originalExp=gopurs_runtime.Value
Call=Call_local_Data_List_Types_go__go_3_2_16 arg i=1 actual=*Constructor_Data_List_Types_Cons[gopurs_runtime.Value] exp=gopurs_runtime.Value envSize=0 originalExp=gopurs_runtime.Value
Call=Call_local_Data_List_Types_go__go_4_4_17 arg i=0 actual=*Constructor_Data_Tuple_Tuple[int64, gopurs_runtime.Value] exp=gopurs_runtime.Value envSize=0 originalExp=gopurs_runtime.Value
Call=Call_local_Data_List_Types_go__go_4_4_17 arg i=1 actual=*Constructor_Data_List_Types_Cons[gopurs_runtime.Value] exp=gopurs_runtime.Value envSize=0 originalExp=gopurs_runtime.Value
Call=Call_local_Data_List_Types_go__go_2_1_18 arg i=0 actual=*Constructor_Data_Tuple_Tuple[int64, *Constructor_Data_List_Types_Cons[gopurs_runtime.Value]] exp=gopurs_runtime.Value envSize=0 originalExp=gopurs_runtime.Value
Call=Call_local_Data_List_Types_go__go_2_1_18 arg i=1 actual=*Constructor_Data_List_Types_Cons[gopurs_runtime.Value] exp=gopurs_runtime.Value envSize=0 originalExp=gopurs_runtime.Value
Call=Call_local_Data_List_Types_go__go_3_3_19 arg i=0 actual=*Constructor_Data_Tuple_Tuple[int64, gopurs_runtime.Value] exp=gopurs_runtime.Value envSize=0 originalExp=gopurs_runtime.Value
Call=Call_local_Data_List_Types_go__go_3_3_19 arg i=1 actual=*Constructor_Data_List_Types_Cons[gopurs_runtime.Value] exp=gopurs_runtime.Value envSize=0 originalExp=gopurs_runtime.Value
Call=Call_local_Data_List_Types_go__go_3_2_21 arg i=0 actual=*Constructor_Data_List_Types_Cons[gopurs_runtime.Value] exp=*Constructor_Data_List_Types_Cons[gopurs_runtime.Value] envSize=0 originalExp=*Constructor_Data_List_Types_Cons[gopurs_runtime.Value]
Call=Call_local_Data_List_Types_go__go_3_2_21 arg i=1 actual=*Constructor_Data_List_Types_Cons[gopurs_runtime.Value] exp=gopurs_runtime.Value envSize=0 originalExp=gopurs_runtime.Value
Call=Call_local_Data_List_Types_go__go_2_0_20 arg i=0 actual=*Constructor_Data_List_Types_Cons[gopurs_runtime.Value] exp=gopurs_runtime.Value envSize=0 originalExp=gopurs_runtime.Value
Call=Call_local_Data_List_Types_go__go_2_0_20 arg i=1 actual=*Constructor_Data_List_Types_Cons[gopurs_runtime.Value] exp=gopurs_runtime.Value envSize=0 originalExp=gopurs_runtime.Value
Call=Call_local_Data_List_Types_go__go_3_2_23 arg i=0 actual=*Constructor_Data_List_Types_Cons[gopurs_runtime.Value] exp=*Constructor_Data_List_Types_Cons[gopurs_runtime.Value] envSize=0 originalExp=*Constructor_Data_List_Types_Cons[gopurs_runtime.Value]
Call=Call_local_Data_List_Types_go__go_3_2_23 arg i=1 actual=*Constructor_Data_List_Types_Cons[gopurs_runtime.Value] exp=gopurs_runtime.Value envSize=0 originalExp=gopurs_runtime.Value
Call=Call_local_Data_List_Types_go__go_2_0_22 arg i=0 actual=*Constructor_Data_List_Types_Cons[gopurs_runtime.Value] exp=gopurs_runtime.Value envSize=0 originalExp=gopurs_runtime.Value
Call=Call_local_Data_List_Types_go__go_2_0_22 arg i=1 actual=*Constructor_Data_List_Types_Cons[gopurs_runtime.Value] exp=gopurs_runtime.Value envSize=0 originalExp=gopurs_runtime.Value
Call=Call_Data_List_Types_listMap arg i=0 actual=gopurs_runtime.Value exp=gopurs_runtime.Value envSize=2 originalExp=gopurs_runtime.Value
Call=Call_local_Data_List_Types_go__go_3_1_24 arg i=0 actual=gopurs_runtime.Value exp=gopurs_runtime.Value envSize=0 originalExp=gopurs_runtime.Value
Call=Call_local_Data_List_Types_go__go_3_1_24 arg i=1 actual=*Constructor_Data_List_Types_Cons[gopurs_runtime.Value] exp=gopurs_runtime.Value envSize=0 originalExp=gopurs_runtime.Value
Call=Call_Data_List_Types_listMap arg i=0 actual=gopurs_runtime.Value exp=gopurs_runtime.Value envSize=2 originalExp=gopurs_runtime.Value
Call=Call_local_Data_List_Types_go__go_3_3_25 arg i=0 actual=gopurs_runtime.Value exp=gopurs_runtime.Value envSize=0 originalExp=gopurs_runtime.Value
Call=Call_local_Data_List_Types_go__go_3_3_25 arg i=1 actual=*Constructor_Data_List_Types_Cons[gopurs_runtime.Value] exp=gopurs_runtime.Value envSize=0 originalExp=gopurs_runtime.Value
Call=Call_local_Data_List_Types_go__go_6_4_31 arg i=0 actual=*Constructor_Data_List_Types_Cons[gopurs_runtime.Value] exp=gopurs_runtime.Value envSize=0 originalExp=gopurs_runtime.Value
Call=Call_local_Data_List_Types_go__go_6_4_31 arg i=1 actual=*Constructor_Data_List_Types_Cons[gopurs_runtime.Value] exp=gopurs_runtime.Value envSize=0 originalExp=gopurs_runtime.Value
Call=Call_local_Data_List_Types_go__go_2_0_30 arg i=0 actual=gopurs_runtime.Value exp=gopurs_runtime.Value envSize=0 originalExp=gopurs_runtime.Value
Call=Call_local_Data_List_Types_go__go_2_0_30 arg i=1 actual=*Constructor_Data_List_Types_Cons[gopurs_runtime.Value] exp=gopurs_runtime.Value envSize=0 originalExp=gopurs_runtime.Value
Call=Call_local_Data_List_Types_go__go_6_2_33 arg i=0 actual=*Constructor_Data_List_Types_Cons[gopurs_runtime.Value] exp=gopurs_runtime.Value envSize=0 originalExp=gopurs_runtime.Value
Call=Call_local_Data_List_Types_go__go_6_2_33 arg i=1 actual=*Constructor_Data_List_Types_Cons[gopurs_runtime.Value] exp=gopurs_runtime.Value envSize=0 originalExp=gopurs_runtime.Value
Call=Call_local_Data_List_Types_go__go_2_0_32 arg i=0 actual=gopurs_runtime.Value exp=gopurs_runtime.Value envSize=0 originalExp=gopurs_runtime.Value
Call=Call_local_Data_List_Types_go__go_2_0_32 arg i=1 actual=*Constructor_Data_List_Types_Cons[gopurs_runtime.Value] exp=*Constructor_Data_List_Types_Cons[gopurs_runtime.Value] envSize=0 originalExp=*Constructor_Data_List_Types_Cons[gopurs_runtime.Value]
Call=Call_local_Data_List_Types_go__go_6_3_35 arg i=0 actual=*Constructor_Data_List_Types_Cons[gopurs_runtime.Value] exp=gopurs_runtime.Value envSize=0 originalExp=gopurs_runtime.Value
Call=Call_local_Data_List_Types_go__go_6_3_35 arg i=1 actual=*Constructor_Data_List_Types_Cons[gopurs_runtime.Value] exp=gopurs_runtime.Value envSize=0 originalExp=gopurs_runtime.Value
Call=Call_local_Data_List_Types_go__go_3_2_34 arg i=0 actual=gopurs_runtime.Value exp=gopurs_runtime.Value envSize=0 originalExp=gopurs_runtime.Value
Call=Call_local_Data_List_Types_go__go_3_2_34 arg i=1 actual=*Constructor_Data_List_Types_Cons[gopurs_runtime.Value] exp=*Constructor_Data_List_Types_Cons[gopurs_runtime.Value] envSize=0 originalExp=*Constructor_Data_List_Types_Cons[gopurs_runtime.Value]
Call=Call_local_Data_List_Types_go__go_3_2_37 arg i=0 actual=*Constructor_Data_List_Types_Cons[gopurs_runtime.Value] exp=*Constructor_Data_List_Types_Cons[gopurs_runtime.Value] envSize=0 originalExp=*Constructor_Data_List_Types_Cons[gopurs_runtime.Value]
Call=Call_local_Data_List_Types_go__go_3_2_37 arg i=1 actual=*Constructor_Data_List_Types_Cons[gopurs_runtime.Value] exp=gopurs_runtime.Value envSize=0 originalExp=gopurs_runtime.Value
Call=Call_local_Data_List_Types_go__go_2_0_36 arg i=0 actual=gopurs_runtime.Value exp=gopurs_runtime.Value envSize=0 originalExp=gopurs_runtime.Value
Call=Call_local_Data_List_Types_go__go_2_0_36 arg i=1 actual=*Constructor_Data_List_Types_Cons[gopurs_runtime.Value] exp=gopurs_runtime.Value envSize=0 originalExp=gopurs_runtime.Value
Call=Call_local_Data_List_Types_go__go_3_2_39 arg i=0 actual=*Constructor_Data_List_Types_Cons[gopurs_runtime.Value] exp=*Constructor_Data_List_Types_Cons[gopurs_runtime.Value] envSize=0 originalExp=*Constructor_Data_List_Types_Cons[gopurs_runtime.Value]
Call=Call_local_Data_List_Types_go__go_3_2_39 arg i=1 actual=*Constructor_Data_List_Types_Cons[gopurs_runtime.Value] exp=gopurs_runtime.Value envSize=0 originalExp=gopurs_runtime.Value
Call=Call_local_Data_List_Types_go__go_2_0_38 arg i=0 actual=gopurs_runtime.Value exp=gopurs_runtime.Value envSize=0 originalExp=gopurs_runtime.Value
Call=Call_local_Data_List_Types_go__go_2_0_38 arg i=1 actual=*Constructor_Data_List_Types_Cons[gopurs_runtime.Value] exp=gopurs_runtime.Value envSize=0 originalExp=gopurs_runtime.Value
Call=Call_local_Data_List_Types_go__go_3_0_46 arg i=0 actual=*Constructor_Data_List_Types_Cons[gopurs_runtime.Value] exp=gopurs_runtime.Value envSize=0 originalExp=gopurs_runtime.Value
Call=Call_local_Data_List_Types_go__go_3_0_46 arg i=1 actual=*Constructor_Data_List_Types_Cons[gopurs_runtime.Value] exp=gopurs_runtime.Value envSize=0 originalExp=gopurs_runtime.Value
Call=Call_local_Data_List_Types_go__go_3_0_47 arg i=0 actual=*Constructor_Data_List_Types_Cons[T_a] exp=gopurs_runtime.Value envSize=0 originalExp=gopurs_runtime.Value
Call=Call_local_Data_List_Types_go__go_3_0_47 arg i=1 actual=*Constructor_Data_List_Types_Cons[T_a] exp=gopurs_runtime.Value envSize=0 originalExp=gopurs_runtime.Value
Call=Call_local_Data_List_Types_go__go_5_5_49 arg i=0 actual=*Constructor_Data_List_Types_Cons[gopurs_runtime.Value] exp=gopurs_runtime.Value envSize=0 originalExp=gopurs_runtime.Value
Call=Call_local_Data_List_Types_go__go_5_5_49 arg i=1 actual=*Constructor_Data_List_Types_Cons[gopurs_runtime.Value] exp=gopurs_runtime.Value envSize=0 originalExp=gopurs_runtime.Value
Call=Call_local_Data_List_Types_go__go_4_4_51 arg i=0 actual=*Constructor_Data_List_Types_Cons[gopurs_runtime.Value] exp=gopurs_runtime.Value envSize=0 originalExp=gopurs_runtime.Value
Call=Call_local_Data_List_Types_go__go_4_4_51 arg i=1 actual=*Constructor_Data_List_Types_Cons[gopurs_runtime.Value] exp=gopurs_runtime.Value envSize=0 originalExp=gopurs_runtime.Value
Call=Call_Data_List_Types_listMap arg i=0 actual=gopurs_runtime.Value exp=gopurs_runtime.Value envSize=2 originalExp=gopurs_runtime.Value
Call=Call_local_Data_List_Types_go__go_3_2_53 arg i=0 actual=*Constructor_Data_List_Types_Cons[gopurs_runtime.Value] exp=*Constructor_Data_List_Types_Cons[gopurs_runtime.Value] envSize=0 originalExp=*Constructor_Data_List_Types_Cons[gopurs_runtime.Value]
Call=Call_local_Data_List_Types_go__go_3_2_53 arg i=1 actual=*Constructor_Data_List_Types_Cons[gopurs_runtime.Value] exp=gopurs_runtime.Value envSize=0 originalExp=gopurs_runtime.Value
Call=Call_local_Data_List_Types_go__go_2_0_52 arg i=0 actual=*Constructor_Data_List_Types_Cons[gopurs_runtime.Value] exp=gopurs_runtime.Value envSize=0 originalExp=gopurs_runtime.Value
Call=Call_local_Data_List_Types_go__go_2_0_52 arg i=1 actual=*Constructor_Data_List_Types_Cons[gopurs_runtime.Value] exp=gopurs_runtime.Value envSize=0 originalExp=gopurs_runtime.Value
Call=Call_Data_List_Types_listMap arg i=0 actual=gopurs_runtime.Value exp=gopurs_runtime.Value envSize=2 originalExp=gopurs_runtime.Value
Call=Call_local_Data_List_Types_go__go_5_6_57 arg i=0 actual=*Constructor_Data_List_Types_Cons[gopurs_runtime.Value] exp=*Constructor_Data_List_Types_Cons[gopurs_runtime.Value] envSize=0 originalExp=*Constructor_Data_List_Types_Cons[gopurs_runtime.Value]
Call=Call_local_Data_List_Types_go__go_5_6_57 arg i=1 actual=*Constructor_Data_List_Types_Cons[gopurs_runtime.Value] exp=gopurs_runtime.Value envSize=0 originalExp=gopurs_runtime.Value
Call=Call_local_Data_List_Types_go__go_4_4_56 arg i=0 actual=*Constructor_Data_List_Types_Cons[gopurs_runtime.Value] exp=gopurs_runtime.Value envSize=0 originalExp=gopurs_runtime.Value
Call=Call_local_Data_List_Types_go__go_4_4_56 arg i=1 actual=*Constructor_Data_List_Types_Cons[gopurs_runtime.Value] exp=gopurs_runtime.Value envSize=0 originalExp=gopurs_runtime.Value
Call=Call_Data_List_Types_listMap arg i=0 actual=gopurs_runtime.Value exp=gopurs_runtime.Value envSize=2 originalExp=gopurs_runtime.Value
Call=Call_local_Data_List_Types_go__go_5_12_59 arg i=0 actual=*Constructor_Data_List_Types_Cons[gopurs_runtime.Value] exp=*Constructor_Data_List_Types_Cons[gopurs_runtime.Value] envSize=0 originalExp=*Constructor_Data_List_Types_Cons[gopurs_runtime.Value]
Call=Call_local_Data_List_Types_go__go_5_12_59 arg i=1 actual=*Constructor_Data_List_Types_Cons[gopurs_runtime.Value] exp=gopurs_runtime.Value envSize=0 originalExp=gopurs_runtime.Value
Call=Call_local_Data_List_Types_go__go_4_10_58 arg i=0 actual=*Constructor_Data_List_Types_Cons[gopurs_runtime.Value] exp=gopurs_runtime.Value envSize=0 originalExp=gopurs_runtime.Value
Call=Call_local_Data_List_Types_go__go_4_10_58 arg i=1 actual=*Constructor_Data_List_Types_Cons[gopurs_runtime.Value] exp=gopurs_runtime.Value envSize=0 originalExp=gopurs_runtime.Value
Call=Call_local_Data_List_Types_go__go_3_2_55 arg i=0 actual=*Constructor_Data_List_Types_Cons[gopurs_runtime.Value] exp=*Constructor_Data_List_Types_Cons[gopurs_runtime.Value] envSize=0 originalExp=*Constructor_Data_List_Types_Cons[gopurs_runtime.Value]
Call=Call_local_Data_List_Types_go__go_3_2_55 arg i=1 actual=*Constructor_Data_List_Types_Cons[gopurs_runtime.Value] exp=gopurs_runtime.Value envSize=0 originalExp=gopurs_runtime.Value
Call=Call_local_Data_List_Types_go__go_2_0_54 arg i=0 actual=*Constructor_Data_List_Types_Cons[gopurs_runtime.Value] exp=gopurs_runtime.Value envSize=0 originalExp=gopurs_runtime.Value
Call=Call_local_Data_List_Types_go__go_2_0_54 arg i=1 actual=*Constructor_Data_List_Types_Cons[gopurs_runtime.Value] exp=gopurs_runtime.Value envSize=0 originalExp=gopurs_runtime.Value
Call=Call_local_Data_List_Types_go__go_3_2_61 arg i=0 actual=*Constructor_Data_List_Types_Cons[gopurs_runtime.Value] exp=*Constructor_Data_List_Types_Cons[gopurs_runtime.Value] envSize=0 originalExp=*Constructor_Data_List_Types_Cons[gopurs_runtime.Value]
Call=Call_local_Data_List_Types_go__go_3_2_61 arg i=1 actual=*Constructor_Data_List_Types_Cons[gopurs_runtime.Value] exp=gopurs_runtime.Value envSize=0 originalExp=gopurs_runtime.Value
Call=Call_local_Data_List_Types_go__go_2_0_60 arg i=0 actual=*Constructor_Data_List_Types_Cons[gopurs_runtime.Value] exp=gopurs_runtime.Value envSize=0 originalExp=gopurs_runtime.Value
Call=Call_local_Data_List_Types_go__go_2_0_60 arg i=1 actual=*Constructor_Data_List_Types_Cons[gopurs_runtime.Value] exp=gopurs_runtime.Value envSize=0 originalExp=gopurs_runtime.Value
Call=Call_local_Data_List_Types_go__go_6_9_65 arg i=0 actual=*Constructor_Data_List_Types_Cons[gopurs_runtime.Value] exp=*Constructor_Data_List_Types_Cons[gopurs_runtime.Value] envSize=0 originalExp=*Constructor_Data_List_Types_Cons[gopurs_runtime.Value]
Call=Call_local_Data_List_Types_go__go_6_9_65 arg i=1 actual=*Constructor_Data_List_Types_Cons[gopurs_runtime.Value] exp=gopurs_runtime.Value envSize=0 originalExp=gopurs_runtime.Value
Call=Call_local_Data_List_Types_go__go_5_7_64 arg i=0 actual=*Constructor_Data_List_Types_Cons[gopurs_runtime.Value] exp=gopurs_runtime.Value envSize=0 originalExp=gopurs_runtime.Value
Call=Call_local_Data_List_Types_go__go_5_7_64 arg i=1 actual=*Constructor_Data_List_Types_Cons[gopurs_runtime.Value] exp=gopurs_runtime.Value envSize=0 originalExp=gopurs_runtime.Value
Call=Call_local_Data_List_Types_go__go_4_3_63 arg i=0 actual=*Constructor_Data_List_Types_Cons[gopurs_runtime.Value] exp=*Constructor_Data_List_Types_Cons[gopurs_runtime.Value] envSize=0 originalExp=*Constructor_Data_List_Types_Cons[gopurs_runtime.Value]
Call=Call_local_Data_List_Types_go__go_4_3_63 arg i=1 actual=*Constructor_Data_List_Types_Cons[gopurs_runtime.Value] exp=gopurs_runtime.Value envSize=0 originalExp=gopurs_runtime.Value
Call=Call_local_Data_List_Types_go__go_3_1_62 arg i=0 actual=*Constructor_Data_List_Types_Cons[gopurs_runtime.Value] exp=gopurs_runtime.Value envSize=0 originalExp=gopurs_runtime.Value
Call=Call_local_Data_List_Types_go__go_3_1_62 arg i=1 actual=*Constructor_Data_List_Types_Cons[gopurs_runtime.Value] exp=gopurs_runtime.Value envSize=0 originalExp=gopurs_runtime.Value
Call=Call_local_Data_List_Types_go__go_3_2_67 arg i=0 actual=*Constructor_Data_List_Types_Cons[gopurs_runtime.Value] exp=*Constructor_Data_List_Types_Cons[gopurs_runtime.Value] envSize=0 originalExp=*Constructor_Data_List_Types_Cons[gopurs_runtime.Value]
Call=Call_local_Data_List_Types_go__go_3_2_67 arg i=1 actual=*Constructor_Data_List_Types_Cons[gopurs_runtime.Value] exp=gopurs_runtime.Value envSize=0 originalExp=gopurs_runtime.Value
Call=Call_local_Data_List_Types_go__go_2_0_66 arg i=0 actual=*Constructor_Data_List_Types_Cons[gopurs_runtime.Value] exp=gopurs_runtime.Value envSize=0 originalExp=gopurs_runtime.Value
Call=Call_local_Data_List_Types_go__go_2_0_66 arg i=1 actual=*Constructor_Data_List_Types_Cons[gopurs_runtime.Value] exp=gopurs_runtime.Value envSize=0 originalExp=gopurs_runtime.Value
Call=Call_local_Data_List_Types_go__go_3_2_69 arg i=0 actual=*Constructor_Data_List_Types_Cons[gopurs_runtime.Value] exp=*Constructor_Data_List_Types_Cons[gopurs_runtime.Value] envSize=0 originalExp=*Constructor_Data_List_Types_Cons[gopurs_runtime.Value]
Call=Call_local_Data_List_Types_go__go_3_2_69 arg i=1 actual=*Constructor_Data_List_Types_Cons[gopurs_runtime.Value] exp=gopurs_runtime.Value envSize=0 originalExp=gopurs_runtime.Value
Call=Call_local_Data_List_Types_go__go_2_0_68 arg i=0 actual=*Constructor_Data_List_Types_Cons[gopurs_runtime.Value] exp=gopurs_runtime.Value envSize=0 originalExp=gopurs_runtime.Value
Call=Call_local_Data_List_Types_go__go_2_0_68 arg i=1 actual=*Constructor_Data_List_Types_Cons[gopurs_runtime.Value] exp=gopurs_runtime.Value envSize=0 originalExp=gopurs_runtime.Value
Call=Call_local_Data_List_Types_go__go_5_1_70 arg i=0 actual=*Constructor_Data_NonEmpty_NonEmpty[gopurs_runtime.Value, gopurs_runtime.Value] exp=gopurs_runtime.Value envSize=0 originalExp=gopurs_runtime.Value
Call=Call_local_Data_List_Types_go__go_5_1_70 arg i=1 actual=*Constructor_Data_List_Types_Cons[gopurs_runtime.Value] exp=gopurs_runtime.Value envSize=0 originalExp=gopurs_runtime.Value
Call=Call_local_Data_List_Types_go__go_4_3_71 arg i=0 actual=gopurs_runtime.Value exp=gopurs_runtime.Value envSize=0 originalExp=gopurs_runtime.Value
Call=Call_local_Data_List_Types_go__go_4_3_71 arg i=1 actual=*Constructor_Data_List_Types_Cons[gopurs_runtime.Value] exp=gopurs_runtime.Value envSize=0 originalExp=gopurs_runtime.Value
Call=Call_Data_List_Internal_fromZipper arg i=0 actual=*Constructor_Data_List_Types_Cons[gopurs_runtime.Value] exp=*Constructor_Data_List_Types_Cons[gopurs_runtime.Value] envSize=1 originalExp=*Constructor_Data_List_Types_Cons[gopurs_runtime.Value]
Call=Call_Data_List_Internal_fromZipper arg i=1 actual=*Constructor_Data_List_Internal_Three[T_k] exp=gopurs_runtime.Value envSize=1 originalExp=gopurs_runtime.Value
Call=Call_Data_List_Internal_fromZipper arg i=0 actual=*Constructor_Data_List_Types_Cons[gopurs_runtime.Value] exp=*Constructor_Data_List_Types_Cons[gopurs_runtime.Value] envSize=1 originalExp=*Constructor_Data_List_Types_Cons[gopurs_runtime.Value]
Call=Call_Data_List_Internal_fromZipper arg i=1 actual=*Constructor_Data_List_Internal_Three[T_k] exp=gopurs_runtime.Value envSize=1 originalExp=gopurs_runtime.Value
Call=Call_local_Data_List_Internal_up_3_0_0 arg i=0 actual=*Constructor_Data_List_Types_Cons[gopurs_runtime.Value] exp=gopurs_runtime.Value envSize=0 originalExp=gopurs_runtime.Value
Call=Call_local_Data_List_Internal_up_3_0_0 arg i=1 actual=*Constructor_Data_List_Internal_KickUp[T_k] exp=gopurs_runtime.Value envSize=0 originalExp=gopurs_runtime.Value
Call=Call_local_Data_List_Internal_down_4_8_1 arg i=0 actual=*Constructor_Data_List_Types_Cons[gopurs_runtime.Value] exp=*Constructor_Data_List_Types_Cons[gopurs_runtime.Value] envSize=0 originalExp=*Constructor_Data_List_Types_Cons[gopurs_runtime.Value]
Call=Call_local_Data_List_Internal_down_4_8_1 arg i=1 actual=gopurs_runtime.Value exp=gopurs_runtime.Value envSize=0 originalExp=gopurs_runtime.Value
Call=Call_Data_List_updateAt arg i=0 actual=int64 exp=int64 envSize=1 originalExp=int64
Call=Call_Data_List_updateAt arg i=1 actual=T_a exp=gopurs_runtime.Value envSize=1 originalExp=gopurs_runtime.Value
Call=Call_Data_List_updateAt arg i=2 actual=*Constructor_Data_List_Types_Cons[T_a] exp=*Constructor_Data_List_Types_Cons[gopurs_runtime.Value] envSize=1 originalExp=*Constructor_Data_List_Types_Cons[gopurs_runtime.Value]
Call=Call_local_Data_List___local_var_3_0 arg i=0 actual=T_a exp=gopurs_runtime.Value envSize=0 originalExp=gopurs_runtime.Value
Call=Call_local_Data_List___local_var_3_0 arg i=1 actual=gopurs_runtime.Value exp=gopurs_runtime.Value envSize=0 originalExp=gopurs_runtime.Value
Call=Call_local_Data_List___local_var_3_0 arg i=0 actual=T_a exp=gopurs_runtime.Value envSize=0 originalExp=gopurs_runtime.Value
Call=Call_local_Data_List___local_var_3_0 arg i=1 actual=gopurs_runtime.Value exp=gopurs_runtime.Value envSize=0 originalExp=gopurs_runtime.Value
Call=Call_local_Data_List_go__go_6_10_2 arg i=0 actual=gopurs_runtime.Value exp=gopurs_runtime.Value envSize=0 originalExp=gopurs_runtime.Value
Call=Call_Data_List_span arg i=0 actual=gopurs_runtime.Value exp=gopurs_runtime.Value envSize=1 originalExp=gopurs_runtime.Value
Call=Call_Data_List_span arg i=1 actual=*Constructor_Data_List_Types_Cons[T_a] exp=*Constructor_Data_List_Types_Cons[gopurs_runtime.Value] envSize=1 originalExp=*Constructor_Data_List_Types_Cons[gopurs_runtime.Value]
Call=Call_local_Data_List_go__go_3_2_4 arg i=0 actual=*Constructor_Data_List_Types_Cons[T_a] exp=*Constructor_Data_List_Types_Cons[gopurs_runtime.Value] envSize=0 originalExp=*Constructor_Data_List_Types_Cons[T_a]
Call=Call_local_Data_List_go__go_3_2_4 arg i=1 actual=*Constructor_Data_List_Types_Cons[T_a] exp=gopurs_runtime.Value envSize=0 originalExp=gopurs_runtime.Value
Call=Call_local_Data_List_go__go_2_0_3 arg i=0 actual=*Constructor_Data_List_Types_Cons[T_a] exp=gopurs_runtime.Value envSize=0 originalExp=gopurs_runtime.Value
Call=Call_local_Data_List_go__go_2_0_3 arg i=1 actual=*Constructor_Data_List_Types_Cons[T_a] exp=gopurs_runtime.Value envSize=0 originalExp=gopurs_runtime.Value
Call=Call_local_Data_List_mergeAll_3_9_7 arg i=0 actual=gopurs_runtime.Value exp=*Constructor_Data_List_Types_Cons[*Constructor_Data_List_Types_Cons[gopurs_runtime.Value]] envSize=0 originalExp=*Constructor_Data_List_Types_Cons[*Constructor_Data_List_Types_Cons[T_a]]
Call=Call_Data_List_sortBy arg i=0 actual=gopurs_runtime.Value exp=gopurs_runtime.Value envSize=1 originalExp=gopurs_runtime.Value
Call=Call_Data_List_tails arg i=0 actual=*Constructor_Data_List_Types_Cons[T_a] exp=*Constructor_Data_List_Types_Cons[gopurs_runtime.Value] envSize=1 originalExp=*Constructor_Data_List_Types_Cons[gopurs_runtime.Value]
Call=Call_local_Data_List_go__go_4_1_13 arg i=0 actual=*Constructor_Data_List_Types_Cons[gopurs_runtime.Value] exp=*Constructor_Data_List_Types_Cons[gopurs_runtime.Value] envSize=0 originalExp=*Constructor_Data_List_Types_Cons[gopurs_runtime.Value]
Call=Call_local_Data_List_go__go_4_1_13 arg i=1 actual=gopurs_runtime.Value exp=gopurs_runtime.Value envSize=0 originalExp=gopurs_runtime.Value
Call=Call_local_Data_List_go__go_4_3_14 arg i=0 actual=*Constructor_Data_List_Types_Cons[gopurs_runtime.Value] exp=*Constructor_Data_List_Types_Cons[gopurs_runtime.Value] envSize=0 originalExp=*Constructor_Data_List_Types_Cons[gopurs_runtime.Value]
Call=Call_local_Data_List_go__go_4_3_14 arg i=1 actual=gopurs_runtime.Value exp=gopurs_runtime.Value envSize=0 originalExp=gopurs_runtime.Value
Call=Call_local_Data_List_go__go_4_1_16 arg i=0 actual=*Constructor_Data_List_Types_Cons[T_a] exp=*Constructor_Data_List_Types_Cons[gopurs_runtime.Value] envSize=0 originalExp=*Constructor_Data_List_Types_Cons[T_a]
Call=Call_local_Data_List_go__go_4_1_16 arg i=1 actual=gopurs_runtime.Value exp=gopurs_runtime.Value envSize=0 originalExp=gopurs_runtime.Value
Call=Call_local_Data_List_go__go_1_0_17 arg i=0 actual=*Constructor_Data_List_Types_Cons[T_a] exp=gopurs_runtime.Value envSize=0 originalExp=gopurs_runtime.Value
Call=Call_local_Data_List_go__go_1_0_17 arg i=1 actual=*Constructor_Data_List_Types_Cons[T_a] exp=*Constructor_Data_List_Types_Cons[gopurs_runtime.Value] envSize=0 originalExp=*Constructor_Data_List_Types_Cons[T_a]
Call=Call_local_Data_List_go__go_3_5_18 arg i=0 actual=*Constructor_Data_List_Types_Cons[T_a] exp=*Constructor_Data_List_Types_Cons[gopurs_runtime.Value] envSize=0 originalExp=*Constructor_Data_List_Types_Cons[T_a]
Call=Call_local_Data_List_go__go_3_5_18 arg i=1 actual=gopurs_runtime.Value exp=gopurs_runtime.Value envSize=0 originalExp=gopurs_runtime.Value
Call=Call_local_Data_List_go__go_3_0_19 arg i=0 actual=*Constructor_Data_List_Types_Cons[T_a] exp=gopurs_runtime.Value envSize=0 originalExp=gopurs_runtime.Value
Call=Call_local_Data_List_go__go_3_0_19 arg i=1 actual=*Constructor_Data_List_Types_Cons[T_b] exp=gopurs_runtime.Value envSize=0 originalExp=gopurs_runtime.Value
Call=Call_local_Data_List_go__go_3_0_19 arg i=2 actual=*Constructor_Data_List_Types_Cons[T_c] exp=*Constructor_Data_List_Types_Cons[gopurs_runtime.Value] envSize=0 originalExp=*Constructor_Data_List_Types_Cons[T_c]
Call=Call_local_Data_List_go__go_4_2_20 arg i=0 actual=*Constructor_Data_List_Types_Cons[T_a] exp=*Constructor_Data_List_Types_Cons[gopurs_runtime.Value] envSize=0 originalExp=*Constructor_Data_List_Types_Cons[T_a]
Call=Call_local_Data_List_go__go_4_2_20 arg i=1 actual=gopurs_runtime.Value exp=gopurs_runtime.Value envSize=0 originalExp=gopurs_runtime.Value
Call=Call_local_Data_List_go__go_2_0_21 arg i=0 actual=*Constructor_Data_List_Types_Cons[T_a] exp=gopurs_runtime.Value envSize=0 originalExp=gopurs_runtime.Value
Call=Call_local_Data_List_go__go_2_0_21 arg i=1 actual=*Constructor_Data_List_Types_Cons[T_b] exp=gopurs_runtime.Value envSize=0 originalExp=gopurs_runtime.Value
Call=Call_local_Data_List_go__go_2_0_21 arg i=2 actual=*Constructor_Data_List_Types_Cons[gopurs_runtime.Value] exp=*Constructor_Data_List_Types_Cons[gopurs_runtime.Value] envSize=0 originalExp=*Constructor_Data_List_Types_Cons[gopurs_runtime.Value]
Call=Call_local_Data_List_go__go_3_2_22 arg i=0 actual=*Constructor_Data_List_Types_Cons[T_a] exp=*Constructor_Data_List_Types_Cons[gopurs_runtime.Value] envSize=0 originalExp=*Constructor_Data_List_Types_Cons[T_a]
Call=Call_local_Data_List_go__go_3_2_22 arg i=1 actual=gopurs_runtime.Value exp=gopurs_runtime.Value envSize=0 originalExp=gopurs_runtime.Value
Call=Call_local_Data_List_go__go_4_0_23 arg i=0 actual=*Constructor_Data_List_Types_Cons[T_a] exp=gopurs_runtime.Value envSize=0 originalExp=gopurs_runtime.Value
Call=Call_local_Data_List_go__go_4_0_23 arg i=1 actual=*Constructor_Data_List_Types_Cons[T_b] exp=gopurs_runtime.Value envSize=0 originalExp=gopurs_runtime.Value
Call=Call_local_Data_List_go__go_4_0_23 arg i=2 actual=*Constructor_Data_List_Types_Cons[T_c] exp=*Constructor_Data_List_Types_Cons[gopurs_runtime.Value] envSize=0 originalExp=*Constructor_Data_List_Types_Cons[T_c]
Call=Call_local_Data_List_go__go_5_2_24 arg i=0 actual=*Constructor_Data_List_Types_Cons[T_a] exp=*Constructor_Data_List_Types_Cons[gopurs_runtime.Value] envSize=0 originalExp=*Constructor_Data_List_Types_Cons[T_a]
Call=Call_local_Data_List_go__go_5_2_24 arg i=1 actual=gopurs_runtime.Value exp=gopurs_runtime.Value envSize=0 originalExp=gopurs_runtime.Value
Call=Call_local_Data_List_go__go_2_0_25 arg i=0 actual=int64 exp=gopurs_runtime.Value envSize=0 originalExp=gopurs_runtime.Value
Call=Call_local_Data_List_go__go_2_0_25 arg i=1 actual=int64 exp=int64 envSize=0 originalExp=int64
Call=Call_local_Data_List_go__go_2_0_25 arg i=2 actual=int64 exp=int64 envSize=0 originalExp=int64
Call=Call_local_Data_List_go__go_2_0_25 arg i=3 actual=*Constructor_Data_List_Types_Cons[int64] exp=gopurs_runtime.Value envSize=0 originalExp=gopurs_runtime.Value
Call=Call_local_Data_List_go__go_3_3_27 arg i=0 actual=*Constructor_Data_List_Types_Cons[T_a] exp=*Constructor_Data_List_Types_Cons[gopurs_runtime.Value] envSize=0 originalExp=*Constructor_Data_List_Types_Cons[T_a]
Call=Call_local_Data_List_go__go_3_3_27 arg i=1 actual=*Constructor_Data_List_Types_Cons[T_a] exp=gopurs_runtime.Value envSize=0 originalExp=gopurs_runtime.Value
Call=Call_local_Data_List_go__go_2_0_26 arg i=0 actual=gopurs_runtime.Value exp=gopurs_runtime.Value envSize=0 originalExp=gopurs_runtime.Value
Call=Call_local_Data_List_go__go_2_0_26 arg i=1 actual=*Constructor_Data_List_Types_Cons[T_a] exp=gopurs_runtime.Value envSize=0 originalExp=gopurs_runtime.Value
Call=Call_local_Data_List_go__go_4_5_29 arg i=0 actual=*Constructor_Data_List_Types_Cons[T_a] exp=*Constructor_Data_List_Types_Cons[gopurs_runtime.Value] envSize=0 originalExp=*Constructor_Data_List_Types_Cons[T_a]
Call=Call_local_Data_List_go__go_4_5_29 arg i=1 actual=gopurs_runtime.Value exp=gopurs_runtime.Value envSize=0 originalExp=gopurs_runtime.Value
Call=Call_Data_List_nubBy arg i=0 actual=gopurs_runtime.Value exp=gopurs_runtime.Value envSize=1 originalExp=gopurs_runtime.Value
Call=Call_local_Data_List_go__go_4_1_31 arg i=0 actual=*Constructor_Data_List_Types_Cons[T_a] exp=*Constructor_Data_List_Types_Cons[gopurs_runtime.Value] envSize=0 originalExp=*Constructor_Data_List_Types_Cons[T_a]
Call=Call_local_Data_List_go__go_4_1_31 arg i=1 actual=*Constructor_Data_List_Types_Cons[T_b] exp=gopurs_runtime.Value envSize=0 originalExp=gopurs_runtime.Value
Call=Call_local_Data_List_go__go_11_6_32 arg i=0 actual=*Constructor_Data_List_Types_Cons[T_a] exp=*Constructor_Data_List_Types_Cons[gopurs_runtime.Value] envSize=0 originalExp=*Constructor_Data_List_Types_Cons[T_a]
Call=Call_local_Data_List_go__go_11_6_32 arg i=1 actual=gopurs_runtime.Value exp=gopurs_runtime.Value envSize=0 originalExp=gopurs_runtime.Value
Call=Call_Data_List_manyRec arg i=0 actual=*Constructor_Control_Monad_Rec_Class_MonadRec[T_f] exp=*Constructor_Control_Monad_Rec_Class_MonadRec[gopurs_runtime.Value] envSize=2 originalExp=*Constructor_Control_Monad_Rec_Class_MonadRec[gopurs_runtime.Value]
Call=Call_Data_List_many arg i=0 actual=*Constructor_Control_Alternative_Alternative[T_f] exp=*Constructor_Control_Alternative_Alternative[gopurs_runtime.Value] envSize=2 originalExp=*Constructor_Control_Alternative_Alternative[gopurs_runtime.Value]
Call=Call_Data_List_some arg i=0 actual=*Constructor_Control_Alternative_Alternative[T_f] exp=*Constructor_Control_Alternative_Alternative[gopurs_runtime.Value] envSize=2 originalExp=*Constructor_Control_Alternative_Alternative[gopurs_runtime.Value]
Call=Call_Data_List_insertBy arg i=0 actual=gopurs_runtime.Value exp=gopurs_runtime.Value envSize=1 originalExp=gopurs_runtime.Value
Call=Call_Data_List_insertBy arg i=1 actual=T_a exp=gopurs_runtime.Value envSize=1 originalExp=gopurs_runtime.Value
Call=Call_Data_List_insertBy arg i=2 actual=*Constructor_Data_List_Types_Cons[T_a] exp=*Constructor_Data_List_Types_Cons[gopurs_runtime.Value] envSize=1 originalExp=*Constructor_Data_List_Types_Cons[gopurs_runtime.Value]
Call=Call_Data_List_insertAt arg i=0 actual=int64 exp=int64 envSize=1 originalExp=int64
Call=Call_Data_List_insertAt arg i=1 actual=T_a exp=gopurs_runtime.Value envSize=1 originalExp=gopurs_runtime.Value
Call=Call_Data_List_insertAt arg i=2 actual=*Constructor_Data_List_Types_Cons[T_a] exp=*Constructor_Data_List_Types_Cons[gopurs_runtime.Value] envSize=1 originalExp=*Constructor_Data_List_Types_Cons[gopurs_runtime.Value]
Call=Call_Data_List_unsnoc arg i=0 actual=*Constructor_Data_List_Types_Cons[T_a] exp=*Constructor_Data_List_Types_Cons[gopurs_runtime.Value] envSize=1 originalExp=*Constructor_Data_List_Types_Cons[gopurs_runtime.Value]
Call=Call_local_Data_List_go__go_4_3_35 arg i=0 actual=*Constructor_Data_List_Types_Cons[T_a] exp=*Constructor_Data_List_Types_Cons[gopurs_runtime.Value] envSize=0 originalExp=*Constructor_Data_List_Types_Cons[T_a]
Call=Call_local_Data_List_go__go_4_3_35 arg i=1 actual=*Constructor_Data_List_Types_Cons[gopurs_runtime.Value] exp=gopurs_runtime.Value envSize=0 originalExp=gopurs_runtime.Value
Call=Call_local_Data_List_go__go_1_2_34 arg i=0 actual=*Constructor_Data_List_Types_Cons[gopurs_runtime.Value] exp=*Constructor_Data_List_Types_Cons[gopurs_runtime.Value] envSize=0 originalExp=*Constructor_Data_List_Types_Cons[gopurs_runtime.Value]
Call=Call_local_Data_List_go__go_1_2_34 arg i=1 actual=*Constructor_Data_List_Types_Cons[T_a] exp=gopurs_runtime.Value envSize=0 originalExp=gopurs_runtime.Value
Call=Call_local_Data_List_go__go_4_10_37 arg i=0 actual=*Constructor_Data_List_Types_Cons[T_a] exp=*Constructor_Data_List_Types_Cons[gopurs_runtime.Value] envSize=0 originalExp=*Constructor_Data_List_Types_Cons[T_a]
Call=Call_local_Data_List_go__go_4_10_37 arg i=1 actual=*Constructor_Data_List_Types_Cons[gopurs_runtime.Value] exp=gopurs_runtime.Value envSize=0 originalExp=gopurs_runtime.Value
Call=Call_local_Data_List_go__go_1_9_36 arg i=0 actual=*Constructor_Data_List_Types_Cons[gopurs_runtime.Value] exp=*Constructor_Data_List_Types_Cons[gopurs_runtime.Value] envSize=0 originalExp=*Constructor_Data_List_Types_Cons[gopurs_runtime.Value]
Call=Call_local_Data_List_go__go_1_9_36 arg i=1 actual=*Constructor_Data_List_Types_Cons[T_a] exp=gopurs_runtime.Value envSize=0 originalExp=gopurs_runtime.Value
Call=Call_Data_List_transpose arg i=0 actual=*Constructor_Data_List_Types_Cons[*Constructor_Data_List_Types_Cons[T_a]] exp=*Constructor_Data_List_Types_Cons[*Constructor_Data_List_Types_Cons[gopurs_runtime.Value]] envSize=1 originalExp=*Constructor_Data_List_Types_Cons[*Constructor_Data_List_Types_Cons[gopurs_runtime.Value]]
Call=Call_Data_List_span arg i=0 actual=gopurs_runtime.Value exp=gopurs_runtime.Value envSize=1 originalExp=gopurs_runtime.Value
Call=Call_Data_List_span arg i=1 actual=*Constructor_Data_List_Types_Cons[T_a] exp=*Constructor_Data_List_Types_Cons[gopurs_runtime.Value] envSize=1 originalExp=*Constructor_Data_List_Types_Cons[gopurs_runtime.Value]
Call=Call_Data_List_groupBy arg i=0 actual=gopurs_runtime.Value exp=gopurs_runtime.Value envSize=1 originalExp=gopurs_runtime.Value
Call=Call_Data_List_groupBy arg i=1 actual=*Constructor_Data_List_Types_Cons[T_a] exp=*Constructor_Data_List_Types_Cons[gopurs_runtime.Value] envSize=1 originalExp=*Constructor_Data_List_Types_Cons[gopurs_runtime.Value]
Call=Call_Data_List_sortBy arg i=0 actual=gopurs_runtime.Value exp=gopurs_runtime.Value envSize=1 originalExp=gopurs_runtime.Value
Call=Call_Data_List_group arg i=0 actual=gopurs_runtime.Value exp=*Constructor_Data_Eq_Eq[gopurs_runtime.Value] envSize=1 originalExp=*Constructor_Data_Eq_Eq[gopurs_runtime.Value]
Call=Call_Data_List_sortBy arg i=0 actual=gopurs_runtime.Value exp=gopurs_runtime.Value envSize=1 originalExp=gopurs_runtime.Value
Call=Call_Data_List_foldM arg i=0 actual=*Constructor_Control_Monad_Monad[T_m] exp=*Constructor_Control_Monad_Monad[gopurs_runtime.Value] envSize=3 originalExp=*Constructor_Control_Monad_Monad[gopurs_runtime.Value]
Call=Call_local_Data_List_go__go_3_4_40 arg i=0 actual=*Constructor_Data_List_Types_Cons[T_a] exp=*Constructor_Data_List_Types_Cons[gopurs_runtime.Value] envSize=0 originalExp=*Constructor_Data_List_Types_Cons[T_a]
Call=Call_local_Data_List_go__go_3_4_40 arg i=1 actual=*Constructor_Data_List_Types_Cons[T_a] exp=gopurs_runtime.Value envSize=0 originalExp=gopurs_runtime.Value
Call=Call_local_Data_List_go__go_2_1_39 arg i=0 actual=int64 exp=gopurs_runtime.Value envSize=0 originalExp=gopurs_runtime.Value
Call=Call_local_Data_List_go__go_2_1_39 arg i=1 actual=*Constructor_Data_List_Types_Cons[T_a] exp=gopurs_runtime.Value envSize=0 originalExp=gopurs_runtime.Value
Call=Call_local_Data_List_go__go_3_6_41 arg i=0 actual=int64 exp=gopurs_runtime.Value envSize=0 originalExp=gopurs_runtime.Value
Call=Call_local_Data_List_go__go_3_6_41 arg i=1 actual=*Constructor_Data_List_Types_Cons[T_a] exp=gopurs_runtime.Value envSize=0 originalExp=gopurs_runtime.Value
Call=Call_Data_List_filterM arg i=0 actual=*Constructor_Control_Monad_Monad[T_m] exp=*Constructor_Control_Monad_Monad[gopurs_runtime.Value] envSize=2 originalExp=*Constructor_Control_Monad_Monad[gopurs_runtime.Value]
Call=Call_local_Data_List_go__go_4_1_43 arg i=0 actual=*Constructor_Data_List_Types_Cons[T_a] exp=*Constructor_Data_List_Types_Cons[gopurs_runtime.Value] envSize=0 originalExp=*Constructor_Data_List_Types_Cons[T_a]
Call=Call_local_Data_List_go__go_4_1_43 arg i=1 actual=*Constructor_Data_List_Types_Cons[T_a] exp=gopurs_runtime.Value envSize=0 originalExp=gopurs_runtime.Value
Call=Call_local_Data_List_go__go_6_1_45 arg i=0 actual=*Constructor_Data_List_Types_Cons[T_a] exp=*Constructor_Data_List_Types_Cons[gopurs_runtime.Value] envSize=0 originalExp=*Constructor_Data_List_Types_Cons[T_a]
Call=Call_local_Data_List_go__go_6_1_45 arg i=1 actual=*Constructor_Data_List_Types_Cons[T_a] exp=gopurs_runtime.Value envSize=0 originalExp=gopurs_runtime.Value
Call=Call_local_Data_List_go__go_10_7_46 arg i=0 actual=gopurs_runtime.Value exp=gopurs_runtime.Value envSize=0 originalExp=gopurs_runtime.Value
Call=Call_local_Data_List_go__go_10_7_46 arg i=1 actual=*Constructor_Data_List_Types_Cons[T_a] exp=gopurs_runtime.Value envSize=0 originalExp=gopurs_runtime.Value
Call=Call_local_Data_List_go__go_3_0_44 arg i=0 actual=*Constructor_Data_List_Types_Cons[T_a] exp=*Constructor_Data_List_Types_Cons[gopurs_runtime.Value] envSize=0 originalExp=*Constructor_Data_List_Types_Cons[T_a]
Call=Call_local_Data_List_go__go_3_0_44 arg i=1 actual=*Constructor_Data_List_Types_Cons[T_a] exp=gopurs_runtime.Value envSize=0 originalExp=gopurs_runtime.Value
Call=Call_local_Data_List_go__go_6_2_48 arg i=0 actual=*Constructor_Data_List_Types_Cons[T_a] exp=*Constructor_Data_List_Types_Cons[gopurs_runtime.Value] envSize=0 originalExp=*Constructor_Data_List_Types_Cons[T_a]
Call=Call_local_Data_List_go__go_6_2_48 arg i=1 actual=*Constructor_Data_List_Types_Cons[T_a] exp=gopurs_runtime.Value envSize=0 originalExp=gopurs_runtime.Value
Call=Call_local_Data_List_go__go_3_1_47 arg i=0 actual=*Constructor_Data_List_Types_Cons[T_a] exp=*Constructor_Data_List_Types_Cons[gopurs_runtime.Value] envSize=0 originalExp=*Constructor_Data_List_Types_Cons[T_a]
Call=Call_local_Data_List_go__go_3_1_47 arg i=1 actual=*Constructor_Data_List_Types_Cons[T_a] exp=gopurs_runtime.Value envSize=0 originalExp=gopurs_runtime.Value
Call=Call_Data_List_nubByEq arg i=0 actual=gopurs_runtime.Value exp=gopurs_runtime.Value envSize=1 originalExp=gopurs_runtime.Value
Call=Call_Data_List_nubByEq arg i=1 actual=*Constructor_Data_List_Types_Cons[T_a] exp=*Constructor_Data_List_Types_Cons[gopurs_runtime.Value] envSize=1 originalExp=*Constructor_Data_List_Types_Cons[gopurs_runtime.Value]
Call=Call_local_Data_List_go__go_2_0_53 arg i=0 actual=int64 exp=gopurs_runtime.Value envSize=0 originalExp=gopurs_runtime.Value
Call=Call_local_Data_List_go__go_2_0_53 arg i=1 actual=*Constructor_Data_List_Types_Cons[T_a] exp=gopurs_runtime.Value envSize=0 originalExp=gopurs_runtime.Value
Call=Call_Data_List_drop arg i=0 actual=int64 exp=int64 envSize=1 originalExp=int64
Call=Call_Data_List_drop arg i=1 actual=*Constructor_Data_List_Types_Cons[T_a] exp=*Constructor_Data_List_Types_Cons[gopurs_runtime.Value] envSize=1 originalExp=*Constructor_Data_List_Types_Cons[gopurs_runtime.Value]
Call=Call_local_Data_List_go__go_2_0_54 arg i=0 actual=int64 exp=gopurs_runtime.Value envSize=0 originalExp=gopurs_runtime.Value
Call=Call_local_Data_List_go__go_2_0_54 arg i=1 actual=*Constructor_Data_List_Types_Cons[T_a] exp=gopurs_runtime.Value envSize=0 originalExp=gopurs_runtime.Value
Call=Call_Data_List_drop arg i=0 actual=int64 exp=int64 envSize=1 originalExp=int64
Call=Call_Data_List_drop arg i=1 actual=*Constructor_Data_List_Types_Cons[T_a] exp=*Constructor_Data_List_Types_Cons[gopurs_runtime.Value] envSize=1 originalExp=*Constructor_Data_List_Types_Cons[gopurs_runtime.Value]
Call=Call_Data_List_deleteBy arg i=0 actual=gopurs_runtime.Value exp=gopurs_runtime.Value envSize=1 originalExp=gopurs_runtime.Value
Call=Call_Data_List_deleteBy arg i=1 actual=T_a exp=gopurs_runtime.Value envSize=1 originalExp=gopurs_runtime.Value
Call=Call_Data_List_deleteBy arg i=2 actual=*Constructor_Data_List_Types_Cons[T_a] exp=*Constructor_Data_List_Types_Cons[gopurs_runtime.Value] envSize=1 originalExp=*Constructor_Data_List_Types_Cons[gopurs_runtime.Value]
Call=Call_Data_List_deleteBy arg i=0 actual=gopurs_runtime.Value exp=gopurs_runtime.Value envSize=1 originalExp=gopurs_runtime.Value
Call=Call_Data_List_deleteBy arg i=1 actual=T_a exp=gopurs_runtime.Value envSize=1 originalExp=gopurs_runtime.Value
Call=Call_Data_List_deleteBy arg i=2 actual=gopurs_runtime.Value exp=*Constructor_Data_List_Types_Cons[gopurs_runtime.Value] envSize=1 originalExp=*Constructor_Data_List_Types_Cons[gopurs_runtime.Value]
Call=Call_Data_List_nubByEq arg i=0 actual=gopurs_runtime.Value exp=gopurs_runtime.Value envSize=1 originalExp=gopurs_runtime.Value
Call=Call_Data_List_nubByEq arg i=1 actual=*Constructor_Data_List_Types_Cons[T_a] exp=*Constructor_Data_List_Types_Cons[gopurs_runtime.Value] envSize=1 originalExp=*Constructor_Data_List_Types_Cons[gopurs_runtime.Value]
Call=Call_local_Data_List_go__go_5_4_57 arg i=0 actual=*Constructor_Data_List_Types_Cons[gopurs_runtime.Value] exp=gopurs_runtime.Value envSize=0 originalExp=gopurs_runtime.Value
Call=Call_local_Data_List_go__go_5_4_57 arg i=1 actual=*Constructor_Data_List_Types_Cons[T_a] exp=gopurs_runtime.Value envSize=0 originalExp=gopurs_runtime.Value
Call=Call_local_Data_List_go__go_4_2_56 arg i=0 actual=*Constructor_Data_List_Types_Cons[T_a] exp=*Constructor_Data_List_Types_Cons[gopurs_runtime.Value] envSize=0 originalExp=*Constructor_Data_List_Types_Cons[T_a]
Call=Call_local_Data_List_go__go_4_2_56 arg i=1 actual=*Constructor_Data_List_Types_Cons[T_a] exp=gopurs_runtime.Value envSize=0 originalExp=gopurs_runtime.Value
Call=Call_local_Data_List_go__go_3_0_55 arg i=0 actual=gopurs_runtime.Value exp=gopurs_runtime.Value envSize=0 originalExp=gopurs_runtime.Value
Call=Call_local_Data_List_go__go_3_0_55 arg i=1 actual=*Constructor_Data_List_Types_Cons[T_a] exp=gopurs_runtime.Value envSize=0 originalExp=gopurs_runtime.Value
Call=Call_Data_List_deleteAt arg i=0 actual=int64 exp=int64 envSize=1 originalExp=int64
Call=Call_Data_List_deleteAt arg i=1 actual=*Constructor_Data_List_Types_Cons[T_a] exp=*Constructor_Data_List_Types_Cons[gopurs_runtime.Value] envSize=1 originalExp=*Constructor_Data_List_Types_Cons[gopurs_runtime.Value]
Call=Call_Data_List_deleteBy arg i=0 actual=gopurs_runtime.Value exp=gopurs_runtime.Value envSize=1 originalExp=gopurs_runtime.Value
Call=Call_Data_List_deleteBy arg i=1 actual=T_a exp=gopurs_runtime.Value envSize=1 originalExp=gopurs_runtime.Value
Call=Call_Data_List_deleteBy arg i=2 actual=gopurs_runtime.Value exp=*Constructor_Data_List_Types_Cons[gopurs_runtime.Value] envSize=1 originalExp=*Constructor_Data_List_Types_Cons[gopurs_runtime.Value]
Call=Call_local_Data_List_go__go_3_1_60 arg i=0 actual=*Constructor_Data_List_Types_Cons[gopurs_runtime.Value] exp=*Constructor_Data_List_Types_Cons[gopurs_runtime.Value] envSize=0 originalExp=*Constructor_Data_List_Types_Cons[gopurs_runtime.Value]
Call=Call_local_Data_List_go__go_3_1_60 arg i=1 actual=*Constructor_Data_List_Types_Cons[gopurs_runtime.Value] exp=gopurs_runtime.Value envSize=0 originalExp=gopurs_runtime.Value
Call=Call_Data_List_alterAt arg i=0 actual=int64 exp=int64 envSize=1 originalExp=int64
Call=Call_Data_List_alterAt arg i=1 actual=gopurs_runtime.Value exp=gopurs_runtime.Value envSize=1 originalExp=gopurs_runtime.Value
Call=Call_Data_List_alterAt arg i=2 actual=*Constructor_Data_List_Types_Cons[T_a] exp=*Constructor_Data_List_Types_Cons[gopurs_runtime.Value] envSize=1 originalExp=*Constructor_Data_List_Types_Cons[gopurs_runtime.Value]
Call=Call_Data_Map_Internal_mapMaybeWithKey arg i=0 actual=*Constructor_Data_Ord_Ord[T_k] exp=*Constructor_Data_Ord_Ord[gopurs_runtime.Value] envSize=3 originalExp=*Constructor_Data_Ord_Ord[gopurs_runtime.Value]
Call=Call_Data_Map_Internal_mapMaybeWithKey arg i=1 actual=gopurs_runtime.Value exp=gopurs_runtime.Value envSize=3 originalExp=gopurs_runtime.Value
Call=Call_Data_Map_Internal_stepWith arg i=0 actual=gopurs_runtime.Value exp=gopurs_runtime.Value envSize=3 originalExp=gopurs_runtime.Value
Call=Call_Data_Map_Internal_stepWith arg i=1 actual=gopurs_runtime.Value exp=gopurs_runtime.Value envSize=3 originalExp=gopurs_runtime.Value
Call=Call_Data_Map_Internal_stepWith arg i=2 actual=gopurs_runtime.Value exp=gopurs_runtime.Value envSize=3 originalExp=gopurs_runtime.Value
Call=Call_Data_Map_Internal_stepWith arg i=0 actual=gopurs_runtime.Value exp=gopurs_runtime.Value envSize=3 originalExp=gopurs_runtime.Value
Call=Call_Data_Map_Internal_stepWith arg i=1 actual=gopurs_runtime.Value exp=gopurs_runtime.Value envSize=3 originalExp=gopurs_runtime.Value
Call=Call_Data_Map_Internal_stepWith arg i=2 actual=gopurs_runtime.Value exp=gopurs_runtime.Value envSize=3 originalExp=gopurs_runtime.Value
Call=Call_Data_Map_Internal_stepWith arg i=0 actual=gopurs_runtime.Value exp=gopurs_runtime.Value envSize=3 originalExp=gopurs_runtime.Value
Call=Call_Data_Map_Internal_stepWith arg i=1 actual=gopurs_runtime.Value exp=gopurs_runtime.Value envSize=3 originalExp=gopurs_runtime.Value
Call=Call_Data_Map_Internal_stepWith arg i=2 actual=gopurs_runtime.Value exp=gopurs_runtime.Value envSize=3 originalExp=gopurs_runtime.Value
Call=Call_Data_Map_Internal_stepWith arg i=0 actual=gopurs_runtime.Value exp=gopurs_runtime.Value envSize=3 originalExp=gopurs_runtime.Value
Call=Call_Data_Map_Internal_stepWith arg i=1 actual=gopurs_runtime.Value exp=gopurs_runtime.Value envSize=3 originalExp=gopurs_runtime.Value
Call=Call_Data_Map_Internal_stepWith arg i=2 actual=gopurs_runtime.Value exp=gopurs_runtime.Value envSize=3 originalExp=gopurs_runtime.Value
Call=Call_Data_Map_Internal_stepWith arg i=0 actual=gopurs_runtime.Value exp=gopurs_runtime.Value envSize=3 originalExp=gopurs_runtime.Value
Call=Call_Data_Map_Internal_stepWith arg i=1 actual=gopurs_runtime.Value exp=gopurs_runtime.Value envSize=3 originalExp=gopurs_runtime.Value
Call=Call_Data_Map_Internal_stepWith arg i=2 actual=gopurs_runtime.Value exp=gopurs_runtime.Value envSize=3 originalExp=gopurs_runtime.Value
Call=Call_local_Data_Map_Internal_go__go_5_1_14 arg i=0 actual=*Constructor_Data_Map_Internal_Node[T_k, T_v] exp=gopurs_runtime.Value envSize=0 originalExp=gopurs_runtime.Value
Call=Call_Data_Map_Internal_findMin arg i=0 actual=*Constructor_Data_Map_Internal_Node[T_k, T_v] exp=*Constructor_Data_Map_Internal_Node[gopurs_runtime.Value, gopurs_runtime.Value] envSize=2 originalExp=*Constructor_Data_Map_Internal_Node[gopurs_runtime.Value, gopurs_runtime.Value]
Call=Call_Data_Map_Internal_findMax arg i=0 actual=*Constructor_Data_Map_Internal_Node[T_k, T_v] exp=*Constructor_Data_Map_Internal_Node[gopurs_runtime.Value, gopurs_runtime.Value] envSize=2 originalExp=*Constructor_Data_Map_Internal_Node[gopurs_runtime.Value, gopurs_runtime.Value]
Call=Call_Data_Map_Internal_filterWithKey arg i=0 actual=*Constructor_Data_Ord_Ord[T_k] exp=*Constructor_Data_Ord_Ord[gopurs_runtime.Value] envSize=2 originalExp=*Constructor_Data_Ord_Ord[gopurs_runtime.Value]
Call=Call_Data_Map_Internal_filterWithKey arg i=1 actual=gopurs_runtime.Value exp=gopurs_runtime.Value envSize=2 originalExp=gopurs_runtime.Value
Call=Call_Data_Map_Internal_insert arg i=0 actual=*Constructor_Data_Ord_Ord[T_k] exp=*Constructor_Data_Ord_Ord[gopurs_runtime.Value] envSize=2 originalExp=*Constructor_Data_Ord_Ord[gopurs_runtime.Value]
Call=Call_Data_Map_Internal_insert arg i=1 actual=T_k exp=gopurs_runtime.Value envSize=2 originalExp=gopurs_runtime.Value
Call=Call_Data_Map_Internal_insert arg i=2 actual=T_v exp=gopurs_runtime.Value envSize=2 originalExp=gopurs_runtime.Value
Call=Call_Data_Map_Internal_insertWith arg i=0 actual=*Constructor_Data_Ord_Ord[T_k] exp=*Constructor_Data_Ord_Ord[gopurs_runtime.Value] envSize=2 originalExp=*Constructor_Data_Ord_Ord[gopurs_runtime.Value]
Call=Call_Data_Map_Internal_insertWith arg i=1 actual=gopurs_runtime.Value exp=gopurs_runtime.Value envSize=2 originalExp=gopurs_runtime.Value
Call=Call_Data_Map_Internal_insertWith arg i=2 actual=T_k exp=gopurs_runtime.Value envSize=2 originalExp=gopurs_runtime.Value
Call=Call_Data_Map_Internal_insertWith arg i=3 actual=T_v exp=gopurs_runtime.Value envSize=2 originalExp=gopurs_runtime.Value
Call=Call_Data_Map_Internal_insert arg i=0 actual=*Constructor_Data_Ord_Ord[T_k] exp=*Constructor_Data_Ord_Ord[gopurs_runtime.Value] envSize=2 originalExp=*Constructor_Data_Ord_Ord[gopurs_runtime.Value]
Call=Call_Data_Map_Internal_insert arg i=1 actual=T_k exp=gopurs_runtime.Value envSize=2 originalExp=gopurs_runtime.Value
Call=Call_Data_Map_Internal_insert arg i=2 actual=T_v exp=gopurs_runtime.Value envSize=2 originalExp=gopurs_runtime.Value
Call=Call_Data_Map_Internal_foldSubmapBy arg i=0 actual=*Constructor_Data_Ord_Ord[T_k] exp=*Constructor_Data_Ord_Ord[gopurs_runtime.Value] envSize=3 originalExp=*Constructor_Data_Ord_Ord[gopurs_runtime.Value]
Call=Call_Data_Map_Internal_foldSubmapBy arg i=1 actual=gopurs_runtime.Value exp=gopurs_runtime.Value envSize=3 originalExp=gopurs_runtime.Value
Call=Call_Data_Map_Internal_foldSubmapBy arg i=2 actual=*Constructor_Data_Map_Internal_Node[T_k, T_v] exp=gopurs_runtime.Value envSize=3 originalExp=gopurs_runtime.Value
Call=Call_Data_Map_Internal_foldSubmapBy arg i=3 actual=*Constructor_Data_Maybe_Just[T_k] exp=*Constructor_Data_Maybe_Just[gopurs_runtime.Value] envSize=3 originalExp=*Constructor_Data_Maybe_Just[gopurs_runtime.Value]
Call=Call_Data_Map_Internal_foldSubmapBy arg i=4 actual=*Constructor_Data_Maybe_Just[T_k] exp=*Constructor_Data_Maybe_Just[gopurs_runtime.Value] envSize=3 originalExp=*Constructor_Data_Maybe_Just[gopurs_runtime.Value]
Call=Call_Data_Map_Internal_foldSubmapBy arg i=5 actual=gopurs_runtime.Value exp=gopurs_runtime.Value envSize=3 originalExp=gopurs_runtime.Value
Call=Call_Data_Map_Internal_mapMaybeWithKey arg i=0 actual=*Constructor_Data_Ord_Ord[T_k] exp=*Constructor_Data_Ord_Ord[gopurs_runtime.Value] envSize=3 originalExp=*Constructor_Data_Ord_Ord[gopurs_runtime.Value]
Call=Call_Data_Map_Internal_mapMaybeWithKey arg i=1 actual=gopurs_runtime.Value exp=gopurs_runtime.Value envSize=3 originalExp=gopurs_runtime.Value
Call=Call_local_Data_Map_Internal_go__go_5_2_44 arg i=0 actual=gopurs_runtime.Value exp=gopurs_runtime.Value envSize=0 originalExp=gopurs_runtime.Value
Call=Call_Data_Map_Internal_mapMaybeWithKey arg i=0 actual=*Constructor_Data_Ord_Ord[gopurs_runtime.Value] exp=*Constructor_Data_Ord_Ord[gopurs_runtime.Value] envSize=3 originalExp=*Constructor_Data_Ord_Ord[gopurs_runtime.Value]
Call=Call_Data_Map_Internal_mapMaybeWithKey arg i=1 actual=gopurs_runtime.Value exp=gopurs_runtime.Value envSize=3 originalExp=gopurs_runtime.Value
Call=Call_Data_Set_mapMaybe arg i=0 actual=*Constructor_Data_Ord_Ord[T_a] exp=*Constructor_Data_Ord_Ord[gopurs_runtime.Value] envSize=2 originalExp=*Constructor_Data_Ord_Ord[gopurs_runtime.Value]
Call=Call_Data_Set_mapMaybe arg i=1 actual=gopurs_runtime.Value exp=gopurs_runtime.Value envSize=2 originalExp=gopurs_runtime.Value
Call=Call_Data_Interval_over arg i=0 actual=*Constructor_Data_Functor_Functor[gopurs_runtime.Value] exp=*Constructor_Data_Functor_Functor[gopurs_runtime.Value] envSize=5 originalExp=*Constructor_Data_Functor_Functor[gopurs_runtime.Value]
Call=Call_Data_Interval_over arg i=1 actual=gopurs_runtime.Value exp=gopurs_runtime.Value envSize=5 originalExp=gopurs_runtime.Value
Call=Call_Data_Interval_over arg i=2 actual=*Constructor_Data_Interval_RecurringInterval[gopurs_runtime.Value, gopurs_runtime.Value] exp=*Constructor_Data_Interval_RecurringInterval[gopurs_runtime.Value, gopurs_runtime.Value] envSize=5 originalExp=*Constructor_Data_Interval_RecurringInterval[gopurs_runtime.Value, gopurs_runtime.Value]
Call=Call_Data_Interval_over arg i=0 actual=*Constructor_Data_Functor_Functor[gopurs_runtime.Value] exp=*Constructor_Data_Functor_Functor[gopurs_runtime.Value] envSize=5 originalExp=*Constructor_Data_Functor_Functor[gopurs_runtime.Value]
Call=Call_Data_Interval_over arg i=1 actual=gopurs_runtime.Value exp=gopurs_runtime.Value envSize=5 originalExp=gopurs_runtime.Value
Call=Call_Data_Interval_over arg i=2 actual=*Constructor_Data_Interval_RecurringInterval[gopurs_runtime.Value, gopurs_runtime.Value] exp=*Constructor_Data_Interval_RecurringInterval[gopurs_runtime.Value, gopurs_runtime.Value] envSize=5 originalExp=*Constructor_Data_Interval_RecurringInterval[gopurs_runtime.Value, gopurs_runtime.Value]
Call=Call_local_Data_List_NonEmpty_go__go_3_0_0 arg i=0 actual=*Constructor_Data_List_Types_Cons[T_a] exp=gopurs_runtime.Value envSize=0 originalExp=gopurs_runtime.Value
Call=Call_local_Data_List_NonEmpty_go__go_3_0_0 arg i=1 actual=*Constructor_Data_List_Types_Cons[T_b] exp=gopurs_runtime.Value envSize=0 originalExp=gopurs_runtime.Value
Call=Call_local_Data_List_NonEmpty_go__go_3_0_0 arg i=2 actual=*Constructor_Data_List_Types_Cons[T_c] exp=*Constructor_Data_List_Types_Cons[gopurs_runtime.Value] envSize=0 originalExp=*Constructor_Data_List_Types_Cons[T_c]
Call=Call_local_Data_List_NonEmpty_go__go_4_2_1 arg i=0 actual=*Constructor_Data_List_Types_Cons[T_a] exp=*Constructor_Data_List_Types_Cons[gopurs_runtime.Value] envSize=0 originalExp=*Constructor_Data_List_Types_Cons[T_a]
Call=Call_local_Data_List_NonEmpty_go__go_4_2_1 arg i=1 actual=gopurs_runtime.Value exp=gopurs_runtime.Value envSize=0 originalExp=gopurs_runtime.Value
Call=Call_Data_List_NonEmpty_zipWith arg i=0 actual=gopurs_runtime.Value exp=gopurs_runtime.Value envSize=3 originalExp=gopurs_runtime.Value
Call=Call_Data_List_NonEmpty_zipWith arg i=1 actual=*Constructor_Data_NonEmpty_NonEmpty[*Constructor_Data_List_Types_Cons[gopurs_runtime.Value], T_a] exp=*Constructor_Data_NonEmpty_NonEmpty[*Constructor_Data_List_Types_Cons[gopurs_runtime.Value], gopurs_runtime.Value] envSize=3 originalExp=*Constructor_Data_NonEmpty_NonEmpty[*Constructor_Data_List_Types_Cons[gopurs_runtime.Value], gopurs_runtime.Value]
Call=Call_Data_List_NonEmpty_zipWith arg i=2 actual=*Constructor_Data_NonEmpty_NonEmpty[*Constructor_Data_List_Types_Cons[gopurs_runtime.Value], T_b] exp=*Constructor_Data_NonEmpty_NonEmpty[*Constructor_Data_List_Types_Cons[gopurs_runtime.Value], gopurs_runtime.Value] envSize=3 originalExp=*Constructor_Data_NonEmpty_NonEmpty[*Constructor_Data_List_Types_Cons[gopurs_runtime.Value], gopurs_runtime.Value]
Call=Call_Data_List_NonEmpty_wrappedOperation arg i=0 actual=string exp=string envSize=2 originalExp=string
Call=Call_Data_List_NonEmpty_wrappedOperation arg i=1 actual=gopurs_runtime.Value exp=gopurs_runtime.Value envSize=2 originalExp=gopurs_runtime.Value
Call=Call_Data_List_NonEmpty_wrappedOperation arg i=2 actual=gopurs_runtime.Value exp=*Constructor_Data_NonEmpty_NonEmpty[*Constructor_Data_List_Types_Cons[gopurs_runtime.Value], gopurs_runtime.Value] envSize=2 originalExp=*Constructor_Data_NonEmpty_NonEmpty[*Constructor_Data_List_Types_Cons[gopurs_runtime.Value], gopurs_runtime.Value]
Call=Call_local_Data_List_NonEmpty_go__go_3_2_3 arg i=0 actual=*Constructor_Data_List_Types_Cons[T_a] exp=*Constructor_Data_List_Types_Cons[gopurs_runtime.Value] envSize=0 originalExp=*Constructor_Data_List_Types_Cons[T_a]
Call=Call_local_Data_List_NonEmpty_go__go_3_2_3 arg i=1 actual=*Constructor_Data_List_Types_Cons[T_a] exp=gopurs_runtime.Value envSize=0 originalExp=gopurs_runtime.Value
Call=Call_local_Data_List_NonEmpty_go__go_2_0_2 arg i=0 actual=*Constructor_Data_List_Types_Cons[T_a] exp=gopurs_runtime.Value envSize=0 originalExp=gopurs_runtime.Value
Call=Call_local_Data_List_NonEmpty_go__go_2_0_2 arg i=1 actual=*Constructor_Data_List_Types_Cons[T_a] exp=gopurs_runtime.Value envSize=0 originalExp=gopurs_runtime.Value
Call=Call_local_Data_List_NonEmpty_go__go_3_2_5 arg i=0 actual=*Constructor_Data_List_Types_Cons[T_a] exp=*Constructor_Data_List_Types_Cons[gopurs_runtime.Value] envSize=0 originalExp=*Constructor_Data_List_Types_Cons[T_a]
Call=Call_local_Data_List_NonEmpty_go__go_3_2_5 arg i=1 actual=*Constructor_Data_List_Types_Cons[T_a] exp=gopurs_runtime.Value envSize=0 originalExp=gopurs_runtime.Value
Call=Call_local_Data_List_NonEmpty_go__go_2_0_4 arg i=0 actual=*Constructor_Data_List_Types_Cons[T_a] exp=gopurs_runtime.Value envSize=0 originalExp=gopurs_runtime.Value
Call=Call_local_Data_List_NonEmpty_go__go_2_0_4 arg i=1 actual=*Constructor_Data_List_Types_Cons[T_a] exp=gopurs_runtime.Value envSize=0 originalExp=gopurs_runtime.Value
Call=Call_local_Data_List_NonEmpty_go__go_4_1_7 arg i=0 actual=*Constructor_Data_List_Types_Cons[T_a] exp=*Constructor_Data_List_Types_Cons[gopurs_runtime.Value] envSize=0 originalExp=*Constructor_Data_List_Types_Cons[T_a]
Call=Call_local_Data_List_NonEmpty_go__go_4_1_7 arg i=1 actual=*Constructor_Data_List_Types_Cons[T_b] exp=gopurs_runtime.Value envSize=0 originalExp=gopurs_runtime.Value
Call=Call_local_Data_List_NonEmpty_go__go_1_0_6 arg i=0 actual=*Constructor_Data_List_Types_Cons[T_b] exp=*Constructor_Data_List_Types_Cons[gopurs_runtime.Value] envSize=0 originalExp=*Constructor_Data_List_Types_Cons[T_b]
Call=Call_local_Data_List_NonEmpty_go__go_1_0_6 arg i=1 actual=*Constructor_Data_List_Types_Cons[T_a] exp=gopurs_runtime.Value envSize=0 originalExp=gopurs_runtime.Value
Call=Call_local_Data_List_NonEmpty_go__go_4_1_9 arg i=0 actual=*Constructor_Data_List_Types_Cons[T_a] exp=*Constructor_Data_List_Types_Cons[gopurs_runtime.Value] envSize=0 originalExp=*Constructor_Data_List_Types_Cons[T_a]
Call=Call_local_Data_List_NonEmpty_go__go_4_1_9 arg i=1 actual=gopurs_runtime.Value exp=gopurs_runtime.Value envSize=0 originalExp=gopurs_runtime.Value
Call=Call_local_Data_List_NonEmpty_go__go_1_0_8 arg i=0 actual=*Constructor_Data_List_Types_Cons[T_a] exp=gopurs_runtime.Value envSize=0 originalExp=gopurs_runtime.Value
Call=Call_local_Data_List_NonEmpty_go__go_1_0_8 arg i=1 actual=*Constructor_Data_List_Types_Cons[T_a] exp=gopurs_runtime.Value envSize=0 originalExp=gopurs_runtime.Value
Call=Call_local_Data_List_NonEmpty_go__go_1_0_10 arg i=0 actual=int64 exp=gopurs_runtime.Value envSize=0 originalExp=gopurs_runtime.Value
Call=Call_local_Data_List_NonEmpty_go__go_1_0_10 arg i=1 actual=gopurs_runtime.Value exp=gopurs_runtime.Value envSize=0 originalExp=gopurs_runtime.Value
Call=Call_local_Data_List_NonEmpty_go__go_2_1_11 arg i=0 actual=int64 exp=gopurs_runtime.Value envSize=0 originalExp=gopurs_runtime.Value
Call=Call_local_Data_List_NonEmpty_go__go_2_1_11 arg i=1 actual=*Constructor_Data_List_Types_Cons[T_a] exp=gopurs_runtime.Value envSize=0 originalExp=gopurs_runtime.Value
Call=Call_local_Data_List_NonEmpty_go__go_4_1_13 arg i=0 actual=*Constructor_Data_List_Types_Cons[T_a] exp=*Constructor_Data_List_Types_Cons[gopurs_runtime.Value] envSize=0 originalExp=*Constructor_Data_List_Types_Cons[T_a]
Call=Call_local_Data_List_NonEmpty_go__go_4_1_13 arg i=1 actual=*Constructor_Data_List_Types_Cons[T_a] exp=gopurs_runtime.Value envSize=0 originalExp=gopurs_runtime.Value
Call=Call_local_Data_List_NonEmpty_go__go_1_0_12 arg i=0 actual=*Constructor_Data_List_Types_Cons[T_a] exp=*Constructor_Data_List_Types_Cons[gopurs_runtime.Value] envSize=0 originalExp=*Constructor_Data_List_Types_Cons[T_a]
Call=Call_local_Data_List_NonEmpty_go__go_1_0_12 arg i=1 actual=*Constructor_Data_List_Types_Cons[T_a] exp=gopurs_runtime.Value envSize=0 originalExp=gopurs_runtime.Value
Call=Call_local_Data_List_NonEmpty_go__go_3_1_14 arg i=0 actual=int64 exp=gopurs_runtime.Value envSize=0 originalExp=gopurs_runtime.Value
Call=Call_local_Data_List_NonEmpty_go__go_3_1_14 arg i=1 actual=*Constructor_Data_List_Types_Cons[T_a] exp=gopurs_runtime.Value envSize=0 originalExp=gopurs_runtime.Value
Call=Call_local_Data_List_NonEmpty_go__go_1_0_15 arg i=0 actual=*Constructor_Data_List_Types_Cons[T_a] exp=*Constructor_Data_List_Types_Cons[gopurs_runtime.Value] envSize=0 originalExp=*Constructor_Data_List_Types_Cons[T_a]
Call=Call_local_Data_List_NonEmpty_go__go_4_1_17 arg i=0 actual=*Constructor_Data_List_Types_Cons[T_a] exp=*Constructor_Data_List_Types_Cons[gopurs_runtime.Value] envSize=0 originalExp=*Constructor_Data_List_Types_Cons[T_a]
Call=Call_local_Data_List_NonEmpty_go__go_4_1_17 arg i=1 actual=*Constructor_Data_List_Types_Cons[gopurs_runtime.Value] exp=gopurs_runtime.Value envSize=0 originalExp=gopurs_runtime.Value
Call=Call_local_Data_List_NonEmpty_go__go_1_0_16 arg i=0 actual=*Constructor_Data_List_Types_Cons[gopurs_runtime.Value] exp=*Constructor_Data_List_Types_Cons[gopurs_runtime.Value] envSize=0 originalExp=*Constructor_Data_List_Types_Cons[gopurs_runtime.Value]
Call=Call_local_Data_List_NonEmpty_go__go_1_0_16 arg i=1 actual=*Constructor_Data_List_Types_Cons[gopurs_runtime.Value] exp=gopurs_runtime.Value envSize=0 originalExp=gopurs_runtime.Value
Call=Call_local_Data_List_NonEmpty_go__go_4_2_19 arg i=0 actual=*Constructor_Data_List_Types_Cons[T_a] exp=*Constructor_Data_List_Types_Cons[gopurs_runtime.Value] envSize=0 originalExp=*Constructor_Data_List_Types_Cons[T_a]
Call=Call_local_Data_List_NonEmpty_go__go_4_2_19 arg i=1 actual=*Constructor_Data_List_Types_Cons[T_a] exp=gopurs_runtime.Value envSize=0 originalExp=gopurs_runtime.Value
Call=Call_local_Data_List_NonEmpty_go__go_3_0_18 arg i=0 actual=*Constructor_Data_List_Types_Cons[T_a] exp=gopurs_runtime.Value envSize=0 originalExp=gopurs_runtime.Value
Call=Call_local_Data_List_NonEmpty_go__go_3_0_18 arg i=1 actual=*Constructor_Data_List_Types_Cons[T_a] exp=gopurs_runtime.Value envSize=0 originalExp=gopurs_runtime.Value
Call=Call_local_Data_Interval_Duration_Iso_go__go_5_3_2 arg i=0 actual=*Constructor_Data_List_Types_Cons[gopurs_runtime.Value] exp=*Constructor_Data_List_Types_Cons[gopurs_runtime.Value] envSize=0 originalExp=*Constructor_Data_List_Types_Cons[gopurs_runtime.Value]
Call=Call_local_Data_Interval_Duration_Iso_go__go_5_3_2 arg i=1 actual=*Constructor_Data_List_Types_Cons[gopurs_runtime.Value] exp=gopurs_runtime.Value envSize=0 originalExp=gopurs_runtime.Value
Call=Call_local_Data_Interval_Duration_Iso_go__go_4_1_1 arg i=0 actual=*Constructor_Data_List_Types_Cons[gopurs_runtime.Value] exp=gopurs_runtime.Value envSize=0 originalExp=gopurs_runtime.Value
Call=Call_local_Data_Interval_Duration_Iso_go__go_4_1_1 arg i=1 actual=*Constructor_Data_List_Types_Cons[gopurs_runtime.Value] exp=gopurs_runtime.Value envSize=0 originalExp=gopurs_runtime.Value
Call=Call_local_Data_Interval_Duration_Iso_go__go_4_3_4 arg i=0 actual=*Constructor_Data_List_Types_Cons[gopurs_runtime.Value] exp=*Constructor_Data_List_Types_Cons[gopurs_runtime.Value] envSize=0 originalExp=*Constructor_Data_List_Types_Cons[gopurs_runtime.Value]
Call=Call_local_Data_Interval_Duration_Iso_go__go_4_3_4 arg i=1 actual=*Constructor_Data_List_Types_Cons[gopurs_runtime.Value] exp=gopurs_runtime.Value envSize=0 originalExp=gopurs_runtime.Value
Call=Call_local_Data_Interval_Duration_Iso_go__go_3_1_3 arg i=0 actual=*Constructor_Data_List_Types_Cons[gopurs_runtime.Value] exp=gopurs_runtime.Value envSize=0 originalExp=gopurs_runtime.Value
Call=Call_local_Data_Interval_Duration_Iso_go__go_3_1_3 arg i=1 actual=*Constructor_Data_List_Types_Cons[gopurs_runtime.Value] exp=gopurs_runtime.Value envSize=0 originalExp=gopurs_runtime.Value
Call=Call_local_Data_Interval_Duration_Iso_go__go_1_0_5 arg i=0 actual=*Constructor_Data_Map_Internal_Node[uint32, float64] exp=gopurs_runtime.Value envSize=0 originalExp=gopurs_runtime.Value
Call=Call_local_Data_Interval_Duration_Iso_go__go_5_3_8 arg i=0 actual=*Constructor_Data_List_Types_Cons[gopurs_runtime.Value] exp=*Constructor_Data_List_Types_Cons[gopurs_runtime.Value] envSize=0 originalExp=*Constructor_Data_List_Types_Cons[gopurs_runtime.Value]
Call=Call_local_Data_Interval_Duration_Iso_go__go_5_3_8 arg i=1 actual=*Constructor_Data_List_Types_Cons[gopurs_runtime.Value] exp=gopurs_runtime.Value envSize=0 originalExp=gopurs_runtime.Value
Call=Call_local_Data_Interval_Duration_Iso_go__go_4_1_7 arg i=0 actual=*Constructor_Data_List_Types_Cons[gopurs_runtime.Value] exp=gopurs_runtime.Value envSize=0 originalExp=gopurs_runtime.Value
Call=Call_local_Data_Interval_Duration_Iso_go__go_4_1_7 arg i=1 actual=*Constructor_Data_List_Types_Cons[gopurs_runtime.Value] exp=gopurs_runtime.Value envSize=0 originalExp=gopurs_runtime.Value
Call=Call_local_Data_Interval_Duration_Iso_go__go_1_0_6 arg i=0 actual=*Constructor_Data_List_Types_Cons[gopurs_runtime.Value] exp=gopurs_runtime.Value envSize=0 originalExp=gopurs_runtime.Value
Call=Call_local_Data_Interval_Duration_Iso_go__go_1_0_6 arg i=1 actual=*Constructor_Data_List_Types_Cons[*Constructor_Data_Tuple_Tuple[uint32, float64]] exp=gopurs_runtime.Value envSize=0 originalExp=gopurs_runtime.Value
Call=Call_local_Data_Interval_Duration_Iso_go__go_5_4_9 arg i=0 actual=gopurs_runtime.Value exp=gopurs_runtime.Value envSize=0 originalExp=gopurs_runtime.Value
Call=Call_local_Data_Interval_Duration_Iso_go__go_5_4_9 arg i=1 actual=*Constructor_Data_List_Types_Cons[gopurs_runtime.Value] exp=gopurs_runtime.Value envSize=0 originalExp=gopurs_runtime.Value
Call=Call_local_Data_Interval_Duration_Iso_go__go_5_3_11 arg i=0 actual=*Constructor_Data_List_Types_Cons[gopurs_runtime.Value] exp=*Constructor_Data_List_Types_Cons[gopurs_runtime.Value] envSize=0 originalExp=*Constructor_Data_List_Types_Cons[gopurs_runtime.Value]
Call=Call_local_Data_Interval_Duration_Iso_go__go_5_3_11 arg i=1 actual=*Constructor_Data_List_Types_Cons[gopurs_runtime.Value] exp=gopurs_runtime.Value envSize=0 originalExp=gopurs_runtime.Value
Call=Call_local_Data_Interval_Duration_Iso_go__go_4_1_10 arg i=0 actual=*Constructor_Data_List_Types_Cons[gopurs_runtime.Value] exp=gopurs_runtime.Value envSize=0 originalExp=gopurs_runtime.Value
Call=Call_local_Data_Interval_Duration_Iso_go__go_4_1_10 arg i=1 actual=*Constructor_Data_List_Types_Cons[gopurs_runtime.Value] exp=gopurs_runtime.Value envSize=0 originalExp=gopurs_runtime.Value
Call=Call_local_Data_Interval_Duration_Iso_go__go_6_9_14 arg i=0 actual=*Constructor_Data_List_Types_Cons[gopurs_runtime.Value] exp=gopurs_runtime.Value envSize=0 originalExp=gopurs_runtime.Value
Call=Call_local_Data_Interval_Duration_Iso_go__go_6_9_14 arg i=1 actual=*Constructor_Data_List_Types_Cons[gopurs_runtime.Value] exp=gopurs_runtime.Value envSize=0 originalExp=gopurs_runtime.Value
Call=Call_local_Data_Interval_Duration_Iso_go__go_2_7_13 arg i=0 actual=*Constructor_Data_Map_Internal_IterNode[gopurs_runtime.Value, gopurs_runtime.Value] exp=gopurs_runtime.Value envSize=0 originalExp=gopurs_runtime.Value
Call=Call_local_Data_Interval_Duration_Iso_go__go_2_7_13 arg i=1 actual=*Constructor_Data_List_Types_Cons[gopurs_runtime.Value] exp=*Constructor_Data_List_Types_Cons[gopurs_runtime.Value] envSize=0 originalExp=*Constructor_Data_List_Types_Cons[gopurs_runtime.Value]
Call=Call_local_Data_Interval_Duration_Iso_go__go_1_5_12 arg i=0 actual=*Constructor_Data_List_Types_Cons[gopurs_runtime.Value] exp=*Constructor_Data_List_Types_Cons[gopurs_runtime.Value] envSize=0 originalExp=*Constructor_Data_List_Types_Cons[gopurs_runtime.Value]
Call=Call_local_Data_Interval_Duration_Iso_go__go_1_5_12 arg i=1 actual=*Constructor_Data_List_Types_Cons[gopurs_runtime.Value] exp=gopurs_runtime.Value envSize=0 originalExp=gopurs_runtime.Value
Call=Call_Data_Interval_Duration_Iso_checkValidIsoDuration arg i=0 actual=*Constructor_Data_Map_Internal_Node[uint32, float64] exp=*Constructor_Data_Map_Internal_Node[uint32, float64] envSize=0 originalExp=*Constructor_Data_Map_Internal_Node[uint32, float64]
Call=Call_local_Data_List_Lazy_Types_go__go_3_0_6 arg i=0 actual=*Constructor_Data_List_Lazy_Types_Cons[gopurs_runtime.Value] exp=gopurs_runtime.Value envSize=0 originalExp=gopurs_runtime.Value
Call=Call_local_Data_List_Lazy_Types_go__go_3_0_6 arg i=1 actual=*Constructor_Data_List_Lazy_Types_Cons[gopurs_runtime.Value] exp=gopurs_runtime.Value envSize=0 originalExp=gopurs_runtime.Value
Call=Call_local_Data_List_Lazy_Types_go__go_3_0_7 arg i=0 actual=*Constructor_Data_List_Lazy_Types_Cons[T_a] exp=gopurs_runtime.Value envSize=0 originalExp=gopurs_runtime.Value
Call=Call_local_Data_List_Lazy_Types_go__go_3_0_7 arg i=1 actual=*Constructor_Data_List_Lazy_Types_Cons[T_a] exp=gopurs_runtime.Value envSize=0 originalExp=gopurs_runtime.Value
Call=Call_local_Data_List_Lazy_Types_go__go_4_4_9 arg i=0 actual=*Constructor_Data_List_Lazy_Types_Cons[gopurs_runtime.Value] exp=gopurs_runtime.Value envSize=0 originalExp=gopurs_runtime.Value
Call=Call_local_Data_List_Lazy_Types_go__go_4_4_9 arg i=1 actual=*Constructor_Data_List_Lazy_Types_Cons[gopurs_runtime.Value] exp=gopurs_runtime.Value envSize=0 originalExp=gopurs_runtime.Value
Call=Call_local_Data_List_Lazy_Types_go__go_5_2_11 arg i=0 actual=gopurs_runtime.Value exp=gopurs_runtime.Value envSize=0 originalExp=gopurs_runtime.Value
Call=Call_local_Data_List_Lazy_Types_go__go_5_2_11 arg i=1 actual=gopurs_runtime.Value exp=gopurs_runtime.Value envSize=0 originalExp=gopurs_runtime.Value
Call=Call_local_Data_List_Lazy_Types_go__go_3_5_12 arg i=0 actual=gopurs_runtime.Value exp=gopurs_runtime.Value envSize=0 originalExp=gopurs_runtime.Value
Call=Call_local_Data_List_Lazy_Types_go__go_3_5_12 arg i=1 actual=gopurs_runtime.Value exp=gopurs_runtime.Value envSize=0 originalExp=gopurs_runtime.Value
Call=Call_local_Data_List_Lazy_Types_go__go_4_11_14 arg i=0 actual=gopurs_runtime.Value exp=gopurs_runtime.Value envSize=0 originalExp=gopurs_runtime.Value
Call=Call_local_Data_List_Lazy_Types_go__go_4_11_14 arg i=1 actual=gopurs_runtime.Value exp=gopurs_runtime.Value envSize=0 originalExp=gopurs_runtime.Value
Call=Call_local_Data_List_Lazy_Types_go__go_3_8_13 arg i=0 actual=gopurs_runtime.Value exp=gopurs_runtime.Value envSize=0 originalExp=gopurs_runtime.Value
Call=Call_local_Data_List_Lazy_Types_go__go_3_8_13 arg i=1 actual=gopurs_runtime.Value exp=gopurs_runtime.Value envSize=0 originalExp=gopurs_runtime.Value
Call=Call_local_Data_List_Lazy_Types_go__go_5_10_16 arg i=0 actual=gopurs_runtime.Value exp=gopurs_runtime.Value envSize=0 originalExp=gopurs_runtime.Value
Call=Call_local_Data_List_Lazy_Types_go__go_5_10_16 arg i=1 actual=gopurs_runtime.Value exp=gopurs_runtime.Value envSize=0 originalExp=gopurs_runtime.Value
Call=Call_local_Data_List_Lazy_Types_go__go_4_2_15 arg i=0 actual=gopurs_runtime.Value exp=gopurs_runtime.Value envSize=0 originalExp=gopurs_runtime.Value
Call=Call_local_Data_List_Lazy_Types_go__go_4_2_15 arg i=1 actual=gopurs_runtime.Value exp=gopurs_runtime.Value envSize=0 originalExp=gopurs_runtime.Value
Call=Call_local_Data_List_Lazy_Types_go__go_5_7_18 arg i=0 actual=gopurs_runtime.Value exp=gopurs_runtime.Value envSize=0 originalExp=gopurs_runtime.Value
Call=Call_local_Data_List_Lazy_Types_go__go_5_7_18 arg i=1 actual=gopurs_runtime.Value exp=gopurs_runtime.Value envSize=0 originalExp=gopurs_runtime.Value
Call=Call_local_Data_List_Lazy_Types_go__go_4_1_17 arg i=0 actual=gopurs_runtime.Value exp=gopurs_runtime.Value envSize=0 originalExp=gopurs_runtime.Value
Call=Call_local_Data_List_Lazy_Types_go__go_4_1_17 arg i=1 actual=gopurs_runtime.Value exp=gopurs_runtime.Value envSize=0 originalExp=gopurs_runtime.Value
Call=Call_local_Data_List_Lazy_Types_go__go_3_1_19 arg i=0 actual=string exp=gopurs_runtime.Value envSize=0 originalExp=gopurs_runtime.Value
Call=Call_local_Data_List_Lazy_Types_go__go_3_1_19 arg i=1 actual=gopurs_runtime.Value exp=gopurs_runtime.Value envSize=0 originalExp=gopurs_runtime.Value
Call=Call_local_Data_List_Lazy_Types_go__go_3_3_20 arg i=0 actual=string exp=gopurs_runtime.Value envSize=0 originalExp=gopurs_runtime.Value
Call=Call_local_Data_List_Lazy_Types_go__go_3_3_20 arg i=1 actual=gopurs_runtime.Value exp=gopurs_runtime.Value envSize=0 originalExp=gopurs_runtime.Value
Call=Call_local_Data_List_Lazy_Types_go__go_3_2_21 arg i=0 actual=string exp=gopurs_runtime.Value envSize=0 originalExp=gopurs_runtime.Value
Call=Call_local_Data_List_Lazy_Types_go__go_3_2_21 arg i=1 actual=gopurs_runtime.Value exp=gopurs_runtime.Value envSize=0 originalExp=gopurs_runtime.Value
Call=Call_local_Data_List_Lazy_Types_go__go_3_9_23 arg i=0 actual=*Constructor_Data_Tuple_Tuple[int64, gopurs_runtime.Value] exp=gopurs_runtime.Value envSize=0 originalExp=gopurs_runtime.Value
Call=Call_local_Data_List_Lazy_Types_go__go_3_9_23 arg i=1 actual=gopurs_runtime.Value exp=gopurs_runtime.Value envSize=0 originalExp=gopurs_runtime.Value
Call=Call_local_Data_List_Lazy_Types_go__go_4_14_24 arg i=0 actual=*Constructor_Data_Tuple_Tuple[int64, gopurs_runtime.Value] exp=gopurs_runtime.Value envSize=0 originalExp=gopurs_runtime.Value
Call=Call_local_Data_List_Lazy_Types_go__go_4_14_24 arg i=1 actual=gopurs_runtime.Value exp=gopurs_runtime.Value envSize=0 originalExp=gopurs_runtime.Value
Call=Call_local_Data_List_Lazy_Types_go__go_2_1_25 arg i=0 actual=*Constructor_Data_Tuple_Tuple[int64, gopurs_runtime.Value] exp=gopurs_runtime.Value envSize=0 originalExp=gopurs_runtime.Value
Call=Call_local_Data_List_Lazy_Types_go__go_2_1_25 arg i=1 actual=gopurs_runtime.Value exp=gopurs_runtime.Value envSize=0 originalExp=gopurs_runtime.Value
Call=Call_local_Data_List_Lazy_Types_go__go_3_6_26 arg i=0 actual=*Constructor_Data_Tuple_Tuple[int64, gopurs_runtime.Value] exp=gopurs_runtime.Value envSize=0 originalExp=gopurs_runtime.Value
Call=Call_local_Data_List_Lazy_Types_go__go_3_6_26 arg i=1 actual=gopurs_runtime.Value exp=gopurs_runtime.Value envSize=0 originalExp=gopurs_runtime.Value
Call=Call_local_Data_List_Lazy_Types_go__go_3_5_27 arg i=0 actual=*Constructor_Data_Tuple_Tuple[int64, gopurs_runtime.Value] exp=gopurs_runtime.Value envSize=0 originalExp=gopurs_runtime.Value
Call=Call_local_Data_List_Lazy_Types_go__go_3_5_27 arg i=1 actual=gopurs_runtime.Value exp=gopurs_runtime.Value envSize=0 originalExp=gopurs_runtime.Value
Call=Call_local_Data_List_Lazy_Types_go__go_4_10_28 arg i=0 actual=*Constructor_Data_Tuple_Tuple[int64, gopurs_runtime.Value] exp=gopurs_runtime.Value envSize=0 originalExp=gopurs_runtime.Value
Call=Call_local_Data_List_Lazy_Types_go__go_4_10_28 arg i=1 actual=gopurs_runtime.Value exp=gopurs_runtime.Value envSize=0 originalExp=gopurs_runtime.Value
Call=Call_local_Data_List_Lazy_Types_go__go_4_2_29 arg i=0 actual=*Constructor_Data_Tuple_Tuple[int64, gopurs_runtime.Value] exp=gopurs_runtime.Value envSize=0 originalExp=gopurs_runtime.Value
Call=Call_local_Data_List_Lazy_Types_go__go_4_2_29 arg i=1 actual=gopurs_runtime.Value exp=gopurs_runtime.Value envSize=0 originalExp=gopurs_runtime.Value
Call=Call_local_Data_List_Lazy_Types_go__go_5_7_30 arg i=0 actual=*Constructor_Data_Tuple_Tuple[int64, gopurs_runtime.Value] exp=gopurs_runtime.Value envSize=0 originalExp=gopurs_runtime.Value
Call=Call_local_Data_List_Lazy_Types_go__go_5_7_30 arg i=1 actual=gopurs_runtime.Value exp=gopurs_runtime.Value envSize=0 originalExp=gopurs_runtime.Value
Call=Call_Data_List_Lazy_Types_toList arg i=0 actual=gopurs_runtime.Value exp=gopurs_runtime.Value envSize=1 originalExp=gopurs_runtime.Value
Call=Call_local_Data_List_Lazy_Types_go__go_7_6_32 arg i=0 actual=gopurs_runtime.Value exp=gopurs_runtime.Value envSize=0 originalExp=gopurs_runtime.Value
Call=Call_local_Data_List_Lazy_Types_go__go_7_6_32 arg i=1 actual=gopurs_runtime.Value exp=gopurs_runtime.Value envSize=0 originalExp=gopurs_runtime.Value
Call=Call_local_Data_List_Lazy_Types_go__go_6_3_31 arg i=0 actual=gopurs_runtime.Value exp=gopurs_runtime.Value envSize=0 originalExp=gopurs_runtime.Value
Call=Call_local_Data_List_Lazy_Types_go__go_6_3_31 arg i=1 actual=gopurs_runtime.Value exp=gopurs_runtime.Value envSize=0 originalExp=gopurs_runtime.Value
Call=Call_local_Data_List_Lazy_Types_go__go_6_4_33 arg i=0 actual=*Constructor_Data_Tuple_Tuple[int64, gopurs_runtime.Value] exp=gopurs_runtime.Value envSize=0 originalExp=gopurs_runtime.Value
Call=Call_local_Data_List_Lazy_Types_go__go_6_4_33 arg i=1 actual=gopurs_runtime.Value exp=gopurs_runtime.Value envSize=0 originalExp=gopurs_runtime.Value
Call=Call_local_Data_List_Lazy_Types_go__go_7_9_34 arg i=0 actual=*Constructor_Data_Tuple_Tuple[int64, gopurs_runtime.Value] exp=gopurs_runtime.Value envSize=0 originalExp=gopurs_runtime.Value
Call=Call_local_Data_List_Lazy_Types_go__go_7_9_34 arg i=1 actual=gopurs_runtime.Value exp=gopurs_runtime.Value envSize=0 originalExp=gopurs_runtime.Value
Call=Call_local_Data_List_Lazy_Types___local_var_2_0 arg i=0 actual=gopurs_runtime.Value exp=gopurs_runtime.Value envSize=0 originalExp=gopurs_runtime.Value
Call=Call_local_Data_List_Lazy_Types___local_var_10_8 arg i=0 actual=gopurs_runtime.Value exp=gopurs_runtime.Value envSize=0 originalExp=gopurs_runtime.Value
Call=Call_local_Data_List_Lazy_Types___local_var_10_8 arg i=0 actual=gopurs_runtime.Value exp=gopurs_runtime.Value envSize=0 originalExp=gopurs_runtime.Value
Call=Call_local_Data_List_Lazy_Types___local_var_11_58 arg i=0 actual=gopurs_runtime.Value exp=gopurs_runtime.Value envSize=0 originalExp=gopurs_runtime.Value
Call=Call_local_Data_List_Lazy_Types___local_var_11_58 arg i=0 actual=gopurs_runtime.Value exp=gopurs_runtime.Value envSize=0 originalExp=gopurs_runtime.Value
Call=Call_Data_List_Lazy_Types_toList arg i=0 actual=gopurs_runtime.Value exp=gopurs_runtime.Value envSize=1 originalExp=gopurs_runtime.Value
Call=Call_Data_List_Lazy_Types_toList arg i=0 actual=gopurs_runtime.Value exp=gopurs_runtime.Value envSize=1 originalExp=gopurs_runtime.Value
Call=Call_Data_List_Lazy_Types_toList arg i=0 actual=gopurs_runtime.Value exp=gopurs_runtime.Value envSize=1 originalExp=gopurs_runtime.Value
Call=Call_Data_List_Lazy_zipWith arg i=0 actual=gopurs_runtime.Value exp=gopurs_runtime.Value envSize=3 originalExp=gopurs_runtime.Value
Call=Call_Data_List_Lazy_zipWith arg i=1 actual=gopurs_runtime.Value exp=gopurs_runtime.Value envSize=3 originalExp=gopurs_runtime.Value
Call=Call_Data_List_Lazy_zipWith arg i=2 actual=gopurs_runtime.Value exp=gopurs_runtime.Value envSize=3 originalExp=gopurs_runtime.Value
Call=Call_Data_List_Lazy_zipWith arg i=0 actual=gopurs_runtime.Value exp=gopurs_runtime.Value envSize=3 originalExp=gopurs_runtime.Value
Call=Call_Data_List_Lazy_zipWith arg i=1 actual=gopurs_runtime.Value exp=gopurs_runtime.Value envSize=3 originalExp=gopurs_runtime.Value
Call=Call_Data_List_Lazy_zipWith arg i=2 actual=gopurs_runtime.Value exp=gopurs_runtime.Value envSize=3 originalExp=gopurs_runtime.Value
Call=Call_Data_List_Lazy_updateAt arg i=0 actual=int64 exp=int64 envSize=1 originalExp=int64
Call=Call_Data_List_Lazy_updateAt arg i=1 actual=T_a exp=gopurs_runtime.Value envSize=1 originalExp=gopurs_runtime.Value
Call=Call_Data_List_Lazy_updateAt arg i=2 actual=gopurs_runtime.Value exp=gopurs_runtime.Value envSize=1 originalExp=gopurs_runtime.Value
Call=Call_Data_List_Lazy_uncons arg i=0 actual=gopurs_runtime.Value exp=gopurs_runtime.Value envSize=1 originalExp=gopurs_runtime.Value
Call=Call_Data_List_Lazy_takeWhile arg i=0 actual=gopurs_runtime.Value exp=gopurs_runtime.Value envSize=1 originalExp=gopurs_runtime.Value
Call=Call_Data_List_Lazy_take arg i=0 actual=int64 exp=int64 envSize=1 originalExp=int64
Call=Call_Data_List_Lazy_uncons arg i=0 actual=gopurs_runtime.Value exp=gopurs_runtime.Value envSize=1 originalExp=gopurs_runtime.Value
Call=Call_local_Data_List_Lazy___local_var_3_0 arg i=0 actual=T_a exp=gopurs_runtime.Value envSize=0 originalExp=gopurs_runtime.Value
Call=Call_local_Data_List_Lazy___local_var_3_0 arg i=1 actual=gopurs_runtime.Value exp=gopurs_runtime.Value envSize=0 originalExp=gopurs_runtime.Value
Call=Call_local_Data_List_Lazy___local_var_3_0 arg i=0 actual=T_a exp=gopurs_runtime.Value envSize=0 originalExp=gopurs_runtime.Value
Call=Call_local_Data_List_Lazy___local_var_3_0 arg i=1 actual=gopurs_runtime.Value exp=gopurs_runtime.Value envSize=0 originalExp=gopurs_runtime.Value
Call=Call_local_Data_List_Lazy_go__go_6_11_0 arg i=0 actual=gopurs_runtime.Value exp=gopurs_runtime.Value envSize=0 originalExp=gopurs_runtime.Value
Call=Call_Data_List_Lazy_uncons arg i=0 actual=gopurs_runtime.Value exp=gopurs_runtime.Value envSize=1 originalExp=gopurs_runtime.Value
Call=Call_Data_List_Lazy_span arg i=0 actual=gopurs_runtime.Value exp=gopurs_runtime.Value envSize=1 originalExp=gopurs_runtime.Value
Call=Call_Data_List_Lazy_span arg i=1 actual=gopurs_runtime.Value exp=gopurs_runtime.Value envSize=1 originalExp=gopurs_runtime.Value
Call=Call_Data_List_Lazy_scanlLazy arg i=0 actual=gopurs_runtime.Value exp=gopurs_runtime.Value envSize=2 originalExp=gopurs_runtime.Value
Call=Call_Data_List_Lazy_scanlLazy arg i=1 actual=T_b exp=gopurs_runtime.Value envSize=2 originalExp=gopurs_runtime.Value
Call=Call_Data_List_Lazy_scanlLazy arg i=2 actual=gopurs_runtime.Value exp=gopurs_runtime.Value envSize=2 originalExp=gopurs_runtime.Value
Call=Call_Data_List_Lazy_replicateM arg i=0 actual=*Constructor_Control_Monad_Monad[T_m] exp=*Constructor_Control_Monad_Monad[gopurs_runtime.Value] envSize=2 originalExp=*Constructor_Control_Monad_Monad[gopurs_runtime.Value]
Call=Call_Data_List_Lazy_repeat arg i=0 actual=T_a exp=gopurs_runtime.Value envSize=1 originalExp=gopurs_runtime.Value
Call=Call_Data_List_Lazy_take arg i=0 actual=int64 exp=int64 envSize=1 originalExp=int64
Call=Call_Data_List_Lazy_uncons arg i=0 actual=gopurs_runtime.Value exp=gopurs_runtime.Value envSize=1 originalExp=gopurs_runtime.Value
Call=Call_Data_List_Lazy_nubBy arg i=0 actual=gopurs_runtime.Value exp=gopurs_runtime.Value envSize=1 originalExp=gopurs_runtime.Value
Call=Call_Data_List_Lazy_mapMaybe arg i=0 actual=gopurs_runtime.Value exp=gopurs_runtime.Value envSize=2 originalExp=gopurs_runtime.Value
Call=Call_local_Data_List_Lazy_go__go_1_0_4 arg i=0 actual=T_a exp=gopurs_runtime.Value envSize=0 originalExp=gopurs_runtime.Value
Call=Call_Data_List_Lazy_many arg i=0 actual=*Constructor_Control_Alternative_Alternative[T_f] exp=*Constructor_Control_Alternative_Alternative[gopurs_runtime.Value] envSize=2 originalExp=*Constructor_Control_Alternative_Alternative[gopurs_runtime.Value]
Call=Call_Data_List_Lazy_some arg i=0 actual=*Constructor_Control_Alternative_Alternative[T_f] exp=*Constructor_Control_Alternative_Alternative[gopurs_runtime.Value] envSize=2 originalExp=*Constructor_Control_Alternative_Alternative[gopurs_runtime.Value]
Call=Call_Data_List_Lazy_uncons arg i=0 actual=gopurs_runtime.Value exp=gopurs_runtime.Value envSize=1 originalExp=gopurs_runtime.Value
Call=Call_local_Data_List_Lazy_go__go_0_0_5 arg i=0 actual=gopurs_runtime.Value exp=gopurs_runtime.Value envSize=0 originalExp=gopurs_runtime.Value
Call=Call_Data_List_Lazy_insertAt arg i=0 actual=int64 exp=int64 envSize=1 originalExp=int64
Call=Call_Data_List_Lazy_insertAt arg i=1 actual=T_a exp=gopurs_runtime.Value envSize=1 originalExp=gopurs_runtime.Value
Call=Call_Data_List_Lazy_insertAt arg i=2 actual=gopurs_runtime.Value exp=gopurs_runtime.Value envSize=1 originalExp=gopurs_runtime.Value
Call=Call_Data_List_Lazy_uncons arg i=0 actual=gopurs_runtime.Value exp=gopurs_runtime.Value envSize=1 originalExp=gopurs_runtime.Value
Call=Call_Data_List_Lazy_uncons arg i=0 actual=gopurs_runtime.Value exp=gopurs_runtime.Value envSize=1 originalExp=gopurs_runtime.Value
Call=Call_Data_List_Lazy_uncons arg i=0 actual=gopurs_runtime.Value exp=gopurs_runtime.Value envSize=1 originalExp=gopurs_runtime.Value
Call=Call_Data_List_Lazy_uncons arg i=0 actual=gopurs_runtime.Value exp=gopurs_runtime.Value envSize=1 originalExp=gopurs_runtime.Value
Call=Call_Data_List_Lazy_mapMaybe arg i=0 actual=gopurs_runtime.Value exp=gopurs_runtime.Value envSize=2 originalExp=gopurs_runtime.Value
Call=Call_Data_List_Lazy_mapMaybe arg i=0 actual=gopurs_runtime.Value exp=gopurs_runtime.Value envSize=2 originalExp=gopurs_runtime.Value
Call=Call_Data_List_Lazy_transpose arg i=0 actual=gopurs_runtime.Value exp=gopurs_runtime.Value envSize=1 originalExp=gopurs_runtime.Value
Call=Call_Data_List_Lazy_span arg i=0 actual=gopurs_runtime.Value exp=gopurs_runtime.Value envSize=1 originalExp=gopurs_runtime.Value
Call=Call_Data_List_Lazy_span arg i=1 actual=gopurs_runtime.Value exp=gopurs_runtime.Value envSize=1 originalExp=gopurs_runtime.Value
Call=Call_Data_List_Lazy_groupBy arg i=0 actual=gopurs_runtime.Value exp=gopurs_runtime.Value envSize=1 originalExp=gopurs_runtime.Value
Call=Call_Data_List_Lazy_groupBy arg i=0 actual=gopurs_runtime.Value exp=gopurs_runtime.Value envSize=1 originalExp=gopurs_runtime.Value
Call=Call_Data_List_Lazy_insertBy arg i=0 actual=gopurs_runtime.Value exp=gopurs_runtime.Value envSize=1 originalExp=gopurs_runtime.Value
Call=Call_Data_List_Lazy_insertBy arg i=1 actual=T_a exp=gopurs_runtime.Value envSize=1 originalExp=gopurs_runtime.Value
Call=Call_Data_List_Lazy_insertBy arg i=2 actual=gopurs_runtime.Value exp=gopurs_runtime.Value envSize=1 originalExp=gopurs_runtime.Value
Call=Call_Data_List_Lazy_uncons arg i=0 actual=gopurs_runtime.Value exp=gopurs_runtime.Value envSize=1 originalExp=gopurs_runtime.Value
Call=Call_Data_List_Lazy_foldM arg i=0 actual=*Constructor_Control_Monad_Monad[T_m] exp=*Constructor_Control_Monad_Monad[gopurs_runtime.Value] envSize=3 originalExp=*Constructor_Control_Monad_Monad[gopurs_runtime.Value]
Call=Call_Data_List_Lazy_uncons arg i=0 actual=gopurs_runtime.Value exp=gopurs_runtime.Value envSize=1 originalExp=gopurs_runtime.Value
Call=Call_Data_List_Lazy_reverse arg i=0 actual=gopurs_runtime.Value exp=gopurs_runtime.Value envSize=1 originalExp=gopurs_runtime.Value
Call=Call_Data_List_Lazy_findIndex arg i=0 actual=gopurs_runtime.Value exp=gopurs_runtime.Value envSize=1 originalExp=gopurs_runtime.Value
Call=Call_Data_List_Lazy_uncons arg i=0 actual=gopurs_runtime.Value exp=gopurs_runtime.Value envSize=1 originalExp=gopurs_runtime.Value
Call=Call_Data_List_Lazy_filterM arg i=0 actual=*Constructor_Control_Monad_Monad[T_m] exp=*Constructor_Control_Monad_Monad[gopurs_runtime.Value] envSize=2 originalExp=*Constructor_Control_Monad_Monad[gopurs_runtime.Value]
Call=Call_Data_List_Lazy_filter arg i=0 actual=gopurs_runtime.Value exp=gopurs_runtime.Value envSize=1 originalExp=gopurs_runtime.Value
Call=Call_local_Data_List_Lazy_go__go_1_0_11 arg i=0 actual=T_a exp=gopurs_runtime.Value envSize=0 originalExp=gopurs_runtime.Value
Call=Call_Data_List_Lazy_filter arg i=0 actual=gopurs_runtime.Value exp=gopurs_runtime.Value envSize=1 originalExp=gopurs_runtime.Value
Call=Call_Data_List_Lazy_filter arg i=0 actual=gopurs_runtime.Value exp=gopurs_runtime.Value envSize=1 originalExp=gopurs_runtime.Value
Call=Call_Data_List_Lazy_nubByEq arg i=0 actual=gopurs_runtime.Value exp=gopurs_runtime.Value envSize=1 originalExp=gopurs_runtime.Value
Call=Call_Data_List_Lazy_nubByEq arg i=0 actual=gopurs_runtime.Value exp=gopurs_runtime.Value envSize=1 originalExp=gopurs_runtime.Value
Call=Call_Data_List_Lazy_findIndex arg i=0 actual=gopurs_runtime.Value exp=gopurs_runtime.Value envSize=1 originalExp=gopurs_runtime.Value
Call=Call_local_Data_List_Lazy_go__go_1_0_12 arg i=0 actual=gopurs_runtime.Value exp=gopurs_runtime.Value envSize=0 originalExp=T_a
Call=Call_Data_List_Lazy_drop arg i=0 actual=int64 exp=int64 envSize=1 originalExp=int64
Call=Call_Data_List_Lazy_take arg i=0 actual=int64 exp=int64 envSize=1 originalExp=int64
Call=Call_Data_List_Lazy_deleteBy arg i=0 actual=gopurs_runtime.Value exp=gopurs_runtime.Value envSize=1 originalExp=gopurs_runtime.Value
Call=Call_Data_List_Lazy_deleteBy arg i=1 actual=T_a exp=gopurs_runtime.Value envSize=1 originalExp=gopurs_runtime.Value
Call=Call_Data_List_Lazy_deleteBy arg i=2 actual=gopurs_runtime.Value exp=gopurs_runtime.Value envSize=1 originalExp=gopurs_runtime.Value
Call=Call_Data_List_Lazy_deleteBy arg i=0 actual=gopurs_runtime.Value exp=gopurs_runtime.Value envSize=1 originalExp=gopurs_runtime.Value
Call=Call_Data_List_Lazy_deleteBy arg i=1 actual=T_a exp=gopurs_runtime.Value envSize=1 originalExp=gopurs_runtime.Value
Call=Call_Data_List_Lazy_deleteBy arg i=2 actual=gopurs_runtime.Value exp=gopurs_runtime.Value envSize=1 originalExp=gopurs_runtime.Value
Call=Call_Data_List_Lazy_nubByEq arg i=0 actual=gopurs_runtime.Value exp=gopurs_runtime.Value envSize=1 originalExp=gopurs_runtime.Value
Call=Call_Data_List_Lazy_deleteAt arg i=0 actual=int64 exp=int64 envSize=1 originalExp=int64
Call=Call_Data_List_Lazy_deleteAt arg i=1 actual=gopurs_runtime.Value exp=gopurs_runtime.Value envSize=1 originalExp=gopurs_runtime.Value
Call=Call_Data_List_Lazy_deleteBy arg i=0 actual=gopurs_runtime.Value exp=gopurs_runtime.Value envSize=1 originalExp=gopurs_runtime.Value
Call=Call_Data_List_Lazy_deleteBy arg i=1 actual=gopurs_runtime.Value exp=gopurs_runtime.Value envSize=1 originalExp=gopurs_runtime.Value
Call=Call_Data_List_Lazy_deleteBy arg i=2 actual=gopurs_runtime.Value exp=gopurs_runtime.Value envSize=1 originalExp=gopurs_runtime.Value
Call=Call_Data_List_Lazy_mapMaybe arg i=0 actual=gopurs_runtime.Value exp=gopurs_runtime.Value envSize=2 originalExp=gopurs_runtime.Value
Call=Call_Data_List_Lazy_alterAt arg i=0 actual=int64 exp=int64 envSize=1 originalExp=int64
Call=Call_Data_List_Lazy_alterAt arg i=1 actual=gopurs_runtime.Value exp=gopurs_runtime.Value envSize=1 originalExp=gopurs_runtime.Value
Call=Call_Data_List_Lazy_alterAt arg i=2 actual=gopurs_runtime.Value exp=gopurs_runtime.Value envSize=1 originalExp=gopurs_runtime.Value
Call=Call_Data_List_Lazy_NonEmpty_toList arg i=0 actual=gopurs_runtime.Value exp=gopurs_runtime.Value envSize=1 originalExp=gopurs_runtime.Value
Call=Call_Data_List_Lazy_NonEmpty_fromList arg i=0 actual=gopurs_runtime.Value exp=gopurs_runtime.Value envSize=1 originalExp=gopurs_runtime.Value
Call=Call_Data_Number_Approximate_eqRelative arg i=0 actual=float64 exp=float64 envSize=0 originalExp=float64
Call=Call_Data_Number_Approximate_eqRelative arg i=1 actual=float64 exp=float64 envSize=0 originalExp=float64
Call=Call_Data_Number_Approximate_eqRelative arg i=2 actual=float64 exp=float64 envSize=0 originalExp=float64
findFfiFile [Data.Number.Format] -> ../gopurs/gopurs-numbers/src/Data/Number/Format.go
findFfiFile [Data.Reflectable] -> ../gopurs/gopurs-prelude/src/Data/Reflectable.go
Call=Call_Data_Set_NonEmpty_toUnfoldable1 arg i=0 actual=*Constructor_Data_Unfoldable1_Unfoldable1[*Constructor_Data_NonEmpty_NonEmpty[*Constructor_Data_List_Types_Cons[gopurs_runtime.Value], gopurs_runtime.Value]] exp=*Constructor_Data_Unfoldable1_Unfoldable1[gopurs_runtime.Value] envSize=2 originalExp=*Constructor_Data_Unfoldable1_Unfoldable1[gopurs_runtime.Value]
Call=Call_Data_Set_NonEmpty_toUnfoldable1 arg i=0 actual=*Constructor_Data_Unfoldable1_Unfoldable1[gopurs_runtime.Value] exp=*Constructor_Data_Unfoldable1_Unfoldable1[gopurs_runtime.Value] envSize=2 originalExp=*Constructor_Data_Unfoldable1_Unfoldable1[gopurs_runtime.Value]
Call=Call_Data_Set_NonEmpty_toUnfoldable1 arg i=0 actual=*Constructor_Data_Unfoldable1_Unfoldable1[*Constructor_Data_NonEmpty_NonEmpty[*Constructor_Data_List_Types_Cons[gopurs_runtime.Value], gopurs_runtime.Value]] exp=*Constructor_Data_Unfoldable1_Unfoldable1[gopurs_runtime.Value] envSize=2 originalExp=*Constructor_Data_Unfoldable1_Unfoldable1[gopurs_runtime.Value]
Call=Call_Data_Set_NonEmpty_toUnfoldable1 arg i=0 actual=*Constructor_Data_Unfoldable1_Unfoldable1[*Constructor_Data_NonEmpty_NonEmpty[*Constructor_Data_List_Types_Cons[gopurs_runtime.Value], gopurs_runtime.Value]] exp=*Constructor_Data_Unfoldable1_Unfoldable1[gopurs_runtime.Value] envSize=2 originalExp=*Constructor_Data_Unfoldable1_Unfoldable1[gopurs_runtime.Value]
Call=Call_Data_Set_NonEmpty_toUnfoldable1 arg i=0 actual=*Constructor_Data_Unfoldable1_Unfoldable1[*Constructor_Data_NonEmpty_NonEmpty[*Constructor_Data_List_Types_Cons[gopurs_runtime.Value], gopurs_runtime.Value]] exp=*Constructor_Data_Unfoldable1_Unfoldable1[gopurs_runtime.Value] envSize=2 originalExp=*Constructor_Data_Unfoldable1_Unfoldable1[gopurs_runtime.Value]
findFfiFile [Data.Show.Generic] -> ../gopurs/gopurs-prelude/src/Data/Show/Generic.go
findFfiFile [Data.String.Unsafe] -> ../gopurs/gopurs-strings/src/Data/String/Unsafe.go
Call=Call_Data_String_CodeUnits_stripPrefix arg i=0 actual=string exp=string envSize=0 originalExp=string
Call=Call_Data_String_CodeUnits_stripPrefix arg i=1 actual=gopurs_runtime.Value exp=string envSize=0 originalExp=string
Call=Call_Data_String_CodeUnits_stripSuffix arg i=0 actual=string exp=string envSize=0 originalExp=string
Call=Call_Data_String_CodeUnits_stripSuffix arg i=1 actual=gopurs_runtime.Value exp=string envSize=0 originalExp=string
findFfiFile [Data.String.CodeUnits] -> ../gopurs/gopurs-strings/src/Data/String/CodeUnits.go
findFfiFile [Data.String.Common] -> ../gopurs/gopurs-strings/src/Data/String/Common.go
Call=Call_Data_String_CodePoints_uncons arg i=0 actual=string exp=string envSize=0 originalExp=string
Call=Call_Data_String_CodePoints_fromCharCode arg i=0 actual=int64 exp=int64 envSize=0 originalExp=int64
Call=Call_Data_String_CodePoints_fromCharCode arg i=0 actual=int64 exp=int64 envSize=0 originalExp=int64
Call=Call_Data_String_CodePoints_fromCharCode arg i=0 actual=int64 exp=int64 envSize=0 originalExp=int64
Call=Call_Data_String_CodePoints_uncons arg i=0 actual=string exp=string envSize=0 originalExp=string
Call=Call_Data_String_CodePoints_takeFallback arg i=0 actual=int64 exp=int64 envSize=0 originalExp=int64
Call=Call_Data_String_CodePoints_takeFallback arg i=1 actual=string exp=string envSize=0 originalExp=string
Call=Call_Data_String_CodePoints_uncons arg i=0 actual=string exp=string envSize=0 originalExp=string
Call=Call_Data_String_CodePoints_countTail arg i=0 actual=gopurs_runtime.Value exp=gopurs_runtime.Value envSize=0 originalExp=gopurs_runtime.Value
Call=Call_Data_String_CodePoints_countTail arg i=1 actual=string exp=string envSize=0 originalExp=string
Call=Call_Data_String_CodePoints_countTail arg i=2 actual=int64 exp=int64 envSize=0 originalExp=int64
Call=Call_Data_String_CodePoints_uncons arg i=0 actual=string exp=string envSize=0 originalExp=string
findFfiFile [Data.String.CodePoints] -> ../gopurs/gopurs-strings/src/Data/String/CodePoints.go
Call=Call_Data_String_Gen_genString arg i=0 actual=*Constructor_Control_Monad_Rec_Class_MonadRec[gopurs_runtime.Value] exp=*Constructor_Control_Monad_Rec_Class_MonadRec[gopurs_runtime.Value] envSize=1 originalExp=*Constructor_Control_Monad_Rec_Class_MonadRec[gopurs_runtime.Value]
Call=Call_Data_String_Gen_genString arg i=1 actual=*Constructor_Control_Monad_Gen_Class_MonadGen[gopurs_runtime.Value] exp=*Constructor_Control_Monad_Gen_Class_MonadGen[gopurs_runtime.Value] envSize=1 originalExp=*Constructor_Control_Monad_Gen_Class_MonadGen[gopurs_runtime.Value]
Call=Call_Data_String_Gen_genString arg i=0 actual=*Constructor_Control_Monad_Rec_Class_MonadRec[gopurs_runtime.Value] exp=*Constructor_Control_Monad_Rec_Class_MonadRec[gopurs_runtime.Value] envSize=1 originalExp=*Constructor_Control_Monad_Rec_Class_MonadRec[gopurs_runtime.Value]
Call=Call_Data_String_Gen_genString arg i=1 actual=*Constructor_Control_Monad_Gen_Class_MonadGen[gopurs_runtime.Value] exp=*Constructor_Control_Monad_Gen_Class_MonadGen[gopurs_runtime.Value] envSize=1 originalExp=*Constructor_Control_Monad_Gen_Class_MonadGen[gopurs_runtime.Value]
Call=Call_Data_String_Gen_genString arg i=0 actual=*Constructor_Control_Monad_Rec_Class_MonadRec[gopurs_runtime.Value] exp=*Constructor_Control_Monad_Rec_Class_MonadRec[gopurs_runtime.Value] envSize=1 originalExp=*Constructor_Control_Monad_Rec_Class_MonadRec[gopurs_runtime.Value]
Call=Call_Data_String_Gen_genString arg i=1 actual=*Constructor_Control_Monad_Gen_Class_MonadGen[gopurs_runtime.Value] exp=*Constructor_Control_Monad_Gen_Class_MonadGen[gopurs_runtime.Value] envSize=1 originalExp=*Constructor_Control_Monad_Gen_Class_MonadGen[gopurs_runtime.Value]
Call=Call_Data_String_Gen_genString arg i=0 actual=*Constructor_Control_Monad_Rec_Class_MonadRec[gopurs_runtime.Value] exp=*Constructor_Control_Monad_Rec_Class_MonadRec[gopurs_runtime.Value] envSize=1 originalExp=*Constructor_Control_Monad_Rec_Class_MonadRec[gopurs_runtime.Value]
Call=Call_Data_String_Gen_genString arg i=1 actual=*Constructor_Control_Monad_Gen_Class_MonadGen[gopurs_runtime.Value] exp=*Constructor_Control_Monad_Gen_Class_MonadGen[gopurs_runtime.Value] envSize=1 originalExp=*Constructor_Control_Monad_Gen_Class_MonadGen[gopurs_runtime.Value]
Call=Call_Data_String_Gen_genString arg i=0 actual=*Constructor_Control_Monad_Rec_Class_MonadRec[gopurs_runtime.Value] exp=*Constructor_Control_Monad_Rec_Class_MonadRec[gopurs_runtime.Value] envSize=1 originalExp=*Constructor_Control_Monad_Rec_Class_MonadRec[gopurs_runtime.Value]
Call=Call_Data_String_Gen_genString arg i=1 actual=*Constructor_Control_Monad_Gen_Class_MonadGen[gopurs_runtime.Value] exp=*Constructor_Control_Monad_Gen_Class_MonadGen[gopurs_runtime.Value] envSize=1 originalExp=*Constructor_Control_Monad_Gen_Class_MonadGen[gopurs_runtime.Value]
Call=Call_Data_String_Gen_genString arg i=0 actual=*Constructor_Control_Monad_Rec_Class_MonadRec[gopurs_runtime.Value] exp=*Constructor_Control_Monad_Rec_Class_MonadRec[gopurs_runtime.Value] envSize=1 originalExp=*Constructor_Control_Monad_Rec_Class_MonadRec[gopurs_runtime.Value]
Call=Call_Data_String_Gen_genString arg i=1 actual=*Constructor_Control_Monad_Gen_Class_MonadGen[gopurs_runtime.Value] exp=*Constructor_Control_Monad_Gen_Class_MonadGen[gopurs_runtime.Value] envSize=1 originalExp=*Constructor_Control_Monad_Gen_Class_MonadGen[gopurs_runtime.Value]
Call=Call_Data_String_Gen_genString arg i=0 actual=*Constructor_Control_Monad_Rec_Class_MonadRec[gopurs_runtime.Value] exp=*Constructor_Control_Monad_Rec_Class_MonadRec[gopurs_runtime.Value] envSize=1 originalExp=*Constructor_Control_Monad_Rec_Class_MonadRec[gopurs_runtime.Value]
Call=Call_Data_String_Gen_genString arg i=1 actual=*Constructor_Control_Monad_Gen_Class_MonadGen[gopurs_runtime.Value] exp=*Constructor_Control_Monad_Gen_Class_MonadGen[gopurs_runtime.Value] envSize=1 originalExp=*Constructor_Control_Monad_Gen_Class_MonadGen[gopurs_runtime.Value]
findFfiFile [Data.String.Regex] -> ../gopurs/gopurs-strings/src/Data/String/Regex.go
findFfiFile [Effect.Unsafe] -> ../gopurs/gopurs-effect/src/Effect/Unsafe.go
Call=Call_Effect_Aff_makeFiber arg i=0 actual=gopurs_runtime.Value exp=gopurs_runtime.Value envSize=1 originalExp=gopurs_runtime.Value
Call=Call_Effect_Aff_makeFiber arg i=0 actual=gopurs_runtime.Value exp=gopurs_runtime.Value envSize=1 originalExp=gopurs_runtime.Value
Call=Call_Effect_Aff_makeFiber arg i=0 actual=gopurs_runtime.Value exp=gopurs_runtime.Value envSize=1 originalExp=gopurs_runtime.Value
Call=Call_Effect_Aff_makeAff arg i=0 actual=gopurs_runtime.Value exp=gopurs_runtime.Value envSize=1 originalExp=gopurs_runtime.Value
Call=Call_Effect_Aff_joinFiber arg i=0 actual=gopurs_runtime.Value exp=gopurs_runtime.Value envSize=1 originalExp=gopurs_runtime.Value
Call=Call_Effect_Aff_makeFiber arg i=0 actual=gopurs_runtime.Value exp=gopurs_runtime.Value envSize=1 originalExp=gopurs_runtime.Value
Call=Call_Effect_Aff_joinFiber arg i=0 actual=gopurs_runtime.Value exp=gopurs_runtime.Value envSize=1 originalExp=gopurs_runtime.Value
Call=Call_Effect_Aff_joinFiber arg i=0 actual=gopurs_runtime.Value exp=gopurs_runtime.Value envSize=1 originalExp=gopurs_runtime.Value
Call=Call_Effect_Aff_makeFiber arg i=0 actual=gopurs_runtime.Value exp=gopurs_runtime.Value envSize=1 originalExp=gopurs_runtime.Value
Call=Call_Effect_Aff_makeFiber arg i=0 actual=gopurs_runtime.Value exp=gopurs_runtime.Value envSize=1 originalExp=gopurs_runtime.Value
Call=Call_Effect_Aff_makeAff arg i=0 actual=gopurs_runtime.Value exp=gopurs_runtime.Value envSize=1 originalExp=gopurs_runtime.Value
Call=Call_Effect_Aff_killFiber arg i=0 actual=gopurs_runtime.Value exp=gopurs_runtime.Value envSize=0 originalExp=gopurs_runtime.Value
Call=Call_Effect_Aff_killFiber arg i=1 actual=gopurs_runtime.Value exp=gopurs_runtime.Value envSize=0 originalExp=gopurs_runtime.Value
Call=Call_Effect_Aff_makeAff arg i=0 actual=gopurs_runtime.Value exp=gopurs_runtime.Value envSize=1 originalExp=gopurs_runtime.Value
Call=Call_Effect_Aff_makeAff arg i=0 actual=gopurs_runtime.Value exp=gopurs_runtime.Value envSize=1 originalExp=gopurs_runtime.Value
Call=Call_Effect_Aff_killFiber arg i=0 actual=gopurs_runtime.Value exp=gopurs_runtime.Value envSize=0 originalExp=gopurs_runtime.Value
Call=Call_Effect_Aff_killFiber arg i=1 actual=gopurs_runtime.Value exp=gopurs_runtime.Value envSize=0 originalExp=gopurs_runtime.Value
Call=Call_Effect_Aff_makeAff arg i=0 actual=gopurs_runtime.Value exp=gopurs_runtime.Value envSize=1 originalExp=gopurs_runtime.Value
Call=Call_Effect_Aff_joinFiber arg i=0 actual=gopurs_runtime.Value exp=gopurs_runtime.Value envSize=1 originalExp=gopurs_runtime.Value
Call=Call_Effect_Aff_makeFiber arg i=0 actual=gopurs_runtime.Value exp=gopurs_runtime.Value envSize=1 originalExp=gopurs_runtime.Value
Call=Call_Effect_Aff_makeFiber arg i=0 actual=gopurs_runtime.Value exp=gopurs_runtime.Value envSize=1 originalExp=gopurs_runtime.Value
Call=Call_Effect_Aff_runAff arg i=0 actual=gopurs_runtime.Value exp=gopurs_runtime.Value envSize=1 originalExp=gopurs_runtime.Value
Call=Call_Effect_Aff_runAff arg i=1 actual=gopurs_runtime.Value exp=gopurs_runtime.Value envSize=1 originalExp=gopurs_runtime.Value
Call=Call_Effect_Aff_makeFiber arg i=0 actual=gopurs_runtime.Value exp=gopurs_runtime.Value envSize=1 originalExp=gopurs_runtime.Value
Call=Call_Effect_Aff_makeAff arg i=0 actual=gopurs_runtime.Value exp=gopurs_runtime.Value envSize=1 originalExp=gopurs_runtime.Value
findFfiFile [Effect.Aff] -> ../gopurs/gopurs-aff/src/Effect/Aff.go
findFfiFile [Effect.Uncurried] -> ../gopurs/gopurs-effect/src/Effect/Uncurried.go
findFfiFile [Effect.Now] -> ../gopurs/gopurs-now/src/Effect/Now.go
Call=Call_Test_FileOps_loopIO arg i=0 actual=int64 exp=int64 envSize=0 originalExp=int64
findFfiFile [Test.FileOps] -> src/Test/FileOps/FileOps.go
Call=Call_Test_Parallelism_fib arg i=0 actual=int64 exp=int64 envSize=0 originalExp=int64
Call=Call_Test_Parallelism_fib arg i=0 actual=int64 exp=int64 envSize=0 originalExp=int64
Call=Call_Test_Parallelism_fib arg i=0 actual=int64 exp=int64 envSize=0 originalExp=int64
Call=Call_Test_Parallelism_heavyTask arg i=0 actual=int64 exp=int64 envSize=0 originalExp=int64
Call=Call_local_Test_StringOps_loop_1_0_0 arg i=0 actual=int64 exp=int64 envSize=0 originalExp=int64
Call=Call_local_Test_StringOps_loop_1_0_0 arg i=1 actual=string exp=gopurs_runtime.Value envSize=0 originalExp=gopurs_runtime.Value
Call=Call_local_Test_StringOps_loop_1_0_0 arg i=2 actual=int64 exp=int64 envSize=0 originalExp=int64
Call=Call_Test_StringOps_runStringOps arg i=0 actual=int64 exp=int64 envSize=0 originalExp=int64
=== Go ===
# gopurs/output/purescript
purescript/Control_Monad_RWS.go:149:27: cannot use gopurs_runtime.CoerceToStruct[Constructor_Control_Monad_RWS_Trans_RWSResult[T_s, T_a, T_w]](gopurs_runtime.Apply2(m_0, gopurs_runtime.AnyToValue(r_1), gopurs_runtime.AnyToValue(s_2))) (value of type *Constructor_Control_Monad_RWS_Trans_RWSResult[T_s, T_a, T_w]) as T_a value in variable declaration
purescript/Control_Monad_RWS.go:161:27: cannot use gopurs_runtime.CoerceToStruct[Constructor_Control_Monad_RWS_Trans_RWSResult[T_s, T_a, T_w]](gopurs_runtime.Apply2(m_0, gopurs_runtime.AnyToValue(r_1), gopurs_runtime.AnyToValue(s_2))) (value of type *Constructor_Control_Monad_RWS_Trans_RWSResult[T_s, T_a, T_w]) as T_a value in variable declaration
purescript/Data_Enum.go:1735:138: cannot use gopurs_runtime.AnyToValue(gopurs_runtime.ValueToAny[T_a](gopurs_runtime.Box(dictBounded_0.V1))) (value of struct type gopurs_runtime.Value) as T_a value in argument to Call_local_Data_Enum_go__go_3_0_0
purescript/Data_Foldable.go:2338:77: cannot use gopurs_runtime.AnyToValue(u_2) (value of struct type gopurs_runtime.Value) as T_b value in argument to Call_local_Data_Foldable_go__go_4_0_2
purescript/Data_Foldable.go:2463:77: cannot use gopurs_runtime.AnyToValue(u_2) (value of struct type gopurs_runtime.Value) as T_b value in argument to Call_local_Data_Foldable_go__go_4_0_3
purescript/Data_List.go:1738: cannot use gopurs_runtime.CoerceToStruct[Constructor_Data_List_Types_Cons[gopurs_runtime.Value]](gopurs_runtime.Value{…}) (value of type *Constructor_Data_List_Types_Cons[gopurs_runtime.Value]) as *Constructor_Data_List_Types_Cons[T_a] value in argument to Call_local_Data_List_go__go_3_2_4
purescript/Data_List.go:1986:44: cannot use gopurs_runtime.CoerceToStruct[Constructor_Data_List_Types_Cons[*Constructor_Data_List_Types_Cons[gopurs_runtime.Value]]](gopurs_runtime.Apply(sequences_4_13_8, x_5)) (value of type *Constructor_Data_List_Types_Cons[*Constructor_Data_List_Types_Cons[gopurs_runtime.Value]]) as *Constructor_Data_List_Types_Cons[*Constructor_Data_List_Types_Cons[T_a]] value in argument to Call_local_Data_List_mergeAll_3_9_7
purescript/Data_List.go:2115:112: cannot use gopurs_runtime.CoerceToStruct[Constructor_Data_List_Types_Cons[gopurs_runtime.Value]](gopurs_runtime.Value{…}) (value of type *Constructor_Data_List_Types_Cons[gopurs_runtime.Value]) as *Constructor_Data_List_Types_Cons[T_a] value in argument to Call_local_Data_List_go__go_4_1_16
purescript/Data_List.go:2191:221: cannot use gopurs_runtime.CoerceToStruct[Constructor_Data_List_Types_Cons[gopurs_runtime.Value]](gopurs_runtime.Value{…}) (value of type *Constructor_Data_List_Types_Cons[gopurs_runtime.Value]) as *Constructor_Data_List_Types_Cons[T_a] value in argument to Call_local_Data_List_go__go_1_0_17
purescript/Data_List.go:2240: cannot use gopurs_runtime.CoerceToStruct[Constructor_Data_List_Types_Cons[gopurs_runtime.Value]](gopurs_runtime.Value{…}) (value of type *Constructor_Data_List_Types_Cons[gopurs_runtime.Value]) as *Constructor_Data_List_Types_Cons[T_a] value in argument to Call_local_Data_List_go__go_3_5_18
purescript/Data_List.go:2240: too many errors
