================================
    Running pure backends...    
================================

Building...
=== JS V8 ===
Global warm-up in progress (this may take a moment)...

Global warm-up complete. Starting benchmarks...

--------------------------------------------------

(Test)

AST Evaluation:

(Output & Warm-up)

7

(Execution time - best of 10)

1.96 μs

--------------------------------------------------

(Test)

Fibonacci:

(Output & Warm-up)

55

(Execution time - best of 10)

1.88 μs

--------------------------------------------------

(Test)

List Processing (900 elements):

(Output & Warm-up)

202950

(Execution time - best of 10)

41.04 μs

--------------------------------------------------

(Test)

Tail Call Optimization (100k calls):

(Output & Warm-up)

100000

(Execution time - best of 10)

171.38 μs

--------------------------------------------------

(Test)

Deep Record Updates (10k iterations):

(Output & Warm-up)

20000

(Execution time - best of 10)

67.33 μs

--------------------------------------------------

(Test)

Ackermann (3, 4):

(Output & Warm-up)

125

(Execution time - best of 10)

60.88 μs

--------------------------------------------------

(Test)

Church Numerals (100k Closure Applications):

(Output & Warm-up)

100000

(Execution time - best of 10)

1403.92 μs

--------------------------------------------------

(Test)

Prime Sieve (sum primes up to 500):

(Output & Warm-up)

21536

(Execution time - best of 10)

98.21 μs

--------------------------------------------------

(Test)

Red-Black Tree (100k Worst-Case Insertions):

(Output & Warm-up)

22

(Execution time - best of 10)

83322.08 μs

--------------------------------------------------

(Test)

Polymorphism (10M Type Class Dict Lookups):

(Output & Warm-up)

10000000

(Execution time - best of 10)

11599.71 μs

--------------------------------------------------

(Test)

State Monad (1.2k Binds, 60 Stack Depth):

(Output & Warm-up)

1200

(Execution time - best of 10)

68.42 μs

--------------------------------------------------

(Test)

Lazy Evaluation (1M Thunks Forced, 1k Depth):

(Output & Warm-up)

1000000

(Execution time - best of 10)

13345.25 μs

--------------------------------------------------

(Test)

Array Processing (900 elements):

(Output & Warm-up)

202950

(Execution time - best of 10)

13.92 μs

--------------------------------------------------

(Test)

RowToList (Keys Count):

(Output & Warm-up)

5

(Execution time - best of 10)

0.46 μs


==================================================

Total exec time: 110.20 ms


Building...
=== ES failed ===

Building...
Reading Spago workspace configuration...

✓ Selecting package to build: ps-scheme-test

Downloading dependencies...
Building...
[ERROR 1/5 ModuleNotFound] src/Test/AffOperations.purs:6:1

  6  import Effect.Aff (Aff, delay, Milliseconds(..))
     ^^^^^^^^^^^^^^^^^^^^^^^^^^^^^^^^^^^^^^^^^^^^^^^^

  Module Effect.Aff was not found.
  Make sure the source file exists, and that it has been provided as an input to the compiler.

[ERROR 2/5 ModuleNotFound] src/Test/Parallelism.purs:8:1

  8  import Effect.Aff (Aff, delay, Milliseconds(..), forkAff, joinFiber)
     ^^^^^^^^^^^^^^^^^^^^^^^^^^^^^^^^^^^^^^^^^^^^^^^^^^^^^^^^^^^^^^^^^^^^

  Module Effect.Aff was not found.
  Make sure the source file exists, and that it has been provided as an input to the compiler.

[ERROR 3/5 ModuleNotFound] src/Test/StringOps.purs:7:1

  7  import Data.String as S
     ^^^^^^^^^^^^^^^^^^^^^^^

  Module Data.String was not found.
  Make sure the source file exists, and that it has been provided as an input to the compiler.

[ERROR 4/5 ModuleNotFound] src/Test/StringOps.purs:8:1

  8  import Data.String.Regex as R
     ^^^^^^^^^^^^^^^^^^^^^^^^^^^^^

  Module Data.String.Regex was not found.
  Make sure the source file exists, and that it has been provided as an input to the compiler.

[ERROR 5/5 ModuleNotFound] src/Test/StringOps.purs:9:1

  9  import Data.String.Regex.Flags (noFlags)
     ^^^^^^^^^^^^^^^^^^^^^^^^^^^^^^^^^^^^^^^^

  Module Data.String.Regex.Flags was not found.
  Make sure the source file exists, and that it has been provided as an input to the compiler.

           Src   Lib   All
Warnings     0     0     0
Errors       5     0     5

✘ Failed to build.

=== Scheme failed ===

Building...
=== Erlang failed ===

Building...
Reading Spago workspace configuration...

✓ Selecting package to build: ps-php-test

Downloading dependencies...
Building...
           Src   Lib   All
Warnings     0     0     0
Errors       0     0     0

✓ Build succeeded.

Compiling with backend "../phpurs/phpurs/bin/phpurs"
Generating PHP code for Control.Semigroupoid (Total AST Nodes: 3)
Generating PHP code for Control.Category (Total AST Nodes: 2)
Generating PHP code for Data.Boolean (Total AST Nodes: 1)
Generating PHP code for Type.Proxy (Total AST Nodes: 1)
Generating PHP code for Data.Symbol (Total AST Nodes: 2)
Generating PHP code for Data.Unit (Total AST Nodes: 0)
Generating PHP code for Record.Unsafe (Total AST Nodes: 0)
Generating PHP code for Data.HeytingAlgebra (Total AST Nodes: 19)
Generating PHP code for Data.Void (Total AST Nodes: 1)
Generating PHP code for Data.Eq (Total AST Nodes: 18)
Generating PHP code for Data.Semigroup (Total AST Nodes: 11)
Generating PHP code for Data.Show (Total AST Nodes: 15)
Generating PHP code for Data.Ordering (Total AST Nodes: 7)
Generating PHP code for Data.Semiring (Total AST Nodes: 16)
Generating PHP code for Data.Ring (Total AST Nodes: 11)
Generating PHP code for Data.Ord (Total AST Nodes: 28)
Generating PHP code for Data.Function (Total AST Nodes: 6)
Generating PHP code for Data.Functor (Total AST Nodes: 9)
Generating PHP code for Control.Apply (Total AST Nodes: 10)
Generating PHP code for Control.Applicative (Total AST Nodes: 7)
Generating PHP code for Control.Bind (Total AST Nodes: 12)
Generating PHP code for Control.Monad (Total AST Nodes: 7)
Generating PHP code for Data.BooleanAlgebra (Total AST Nodes: 7)
Generating PHP code for Data.CommutativeRing (Total AST Nodes: 8)
Generating PHP code for Data.EuclideanRing (Total AST Nodes: 7)
file:///Users/0x1/Documents/htdocs/phpurs/phpurs/bin/phpurs.js:8646
                  throw util2.fromLeft(step2);
                  ^

RangeError: Maximum call stack size exceeded
    at [Symbol.hasInstance] (<anonymous>)
    at file:///Users/0x1/Documents/htdocs/phpurs/phpurs/bin/phpurs.js:16110:36
    at file:///Users/0x1/Documents/htdocs/phpurs/phpurs/bin/phpurs.js:16106:32
    at file:///Users/0x1/Documents/htdocs/phpurs/phpurs/bin/phpurs.js:16109:28
    at file:///Users/0x1/Documents/htdocs/phpurs/phpurs/bin/phpurs.js:16230:137
    at file:///Users/0x1/Documents/htdocs/phpurs/phpurs/bin/phpurs.js:16106:32
    at file:///Users/0x1/Documents/htdocs/phpurs/phpurs/bin/phpurs.js:16109:28
    at file:///Users/0x1/Documents/htdocs/phpurs/phpurs/bin/phpurs.js:16552:142
    at file:///Users/0x1/Documents/htdocs/phpurs/phpurs/bin/phpurs.js:16106:32
    at file:///Users/0x1/Documents/htdocs/phpurs/phpurs/bin/phpurs.js:16109:28

Node.js v24.8.0

✘ Failed to build with backend ../phpurs/phpurs/bin/phpurs

=== PHP failed ===

Building...
Reading Spago workspace configuration...

✓ Selecting package to build: ps-go-test

Downloading dependencies...
Building...
           Src   Lib   All
Warnings     0     0     0
Errors       0     0     0

✓ Build succeeded.

Generating Rebox_Control_Semigroupoid_2807397954_3094389156 for srcT=Struct(Data_Data_Maybe_Just, Data_Maybe.Just, Constructor_Data_Maybe_Just[[]gopurs_runtime.Value], 1), destT=Struct(Data_Data_Maybe_Just, Data_Maybe.Just, Constructor_Data_Maybe_Just[gopurs_runtime.Value], 1) with fields=1
Generating Rebox_Control_Semigroupoid_1170268447_3094389156 for srcT=Struct(Data_Data_Maybe_Just, Data_Maybe.Just, Constructor_Data_Maybe_Just[int64], 1), destT=Struct(Data_Data_Maybe_Just, Data_Maybe.Just, Constructor_Data_Maybe_Just[gopurs_runtime.Value], 1) with fields=1
Generating Rebox_Control_Semigroupoid_742090555_3094389156 for srcT=Struct(Data_Data_Maybe_Just, Data_Maybe.Just, Constructor_Data_Maybe_Just[string], 1), destT=Struct(Data_Data_Maybe_Just, Data_Maybe.Just, Constructor_Data_Maybe_Just[gopurs_runtime.Value], 1) with fields=1
Generating Rebox_Control_Semigroupoid_622082505_3094389156 for srcT=Struct(Data_Data_Maybe_Just, Data_Maybe.Just, Constructor_Data_Maybe_Just[uint32], 1), destT=Struct(Data_Data_Maybe_Just, Data_Maybe.Just, Constructor_Data_Maybe_Just[gopurs_runtime.Value], 1) with fields=1
Generating Rebox_Data_HeytingAlgebra_3591112874_2663347022 for srcT=Struct(Data_Data_HeytingAlgebra_HeytingAlgebra, Data_HeytingAlgebra.HeytingAlgebra, Constructor_Data_HeytingAlgebra_HeytingAlgebra[bool], 1), destT=Struct(Data_Data_HeytingAlgebra_HeytingAlgebra, Data_HeytingAlgebra.HeytingAlgebra, Constructor_Data_HeytingAlgebra_HeytingAlgebra[gopurs_runtime.Value], 1) with fields=0
Generating Rebox_Data_HeytingAlgebra_2663347022_3591112874 for srcT=Struct(Data_Data_HeytingAlgebra_HeytingAlgebra, Data_HeytingAlgebra.HeytingAlgebra, Constructor_Data_HeytingAlgebra_HeytingAlgebra[gopurs_runtime.Value], 1), destT=Struct(Data_Data_HeytingAlgebra_HeytingAlgebra, Data_HeytingAlgebra.HeytingAlgebra, Constructor_Data_HeytingAlgebra_HeytingAlgebra[bool], 1) with fields=0
Generating Rebox_Data_HeytingAlgebra_2663347022_2088208131 for srcT=Struct(Data_Data_HeytingAlgebra_HeytingAlgebra, Data_HeytingAlgebra.HeytingAlgebra, Constructor_Data_HeytingAlgebra_HeytingAlgebra[gopurs_runtime.Value], 1), destT=Struct(Data_Data_HeytingAlgebra_HeytingAlgebra, Data_HeytingAlgebra.HeytingAlgebra, Constructor_Data_HeytingAlgebra_HeytingAlgebra[uint32], 1) with fields=0
Generating Rebox_Data_HeytingAlgebra_2088208131_2663347022 for srcT=Struct(Data_Data_HeytingAlgebra_HeytingAlgebra, Data_HeytingAlgebra.HeytingAlgebra, Constructor_Data_HeytingAlgebra_HeytingAlgebra[uint32], 1), destT=Struct(Data_Data_HeytingAlgebra_HeytingAlgebra, Data_HeytingAlgebra.HeytingAlgebra, Constructor_Data_HeytingAlgebra_HeytingAlgebra[gopurs_runtime.Value], 1) with fields=0
Generating Rebox_Data_Eq_1957390985_3790796878 for srcT=Struct(Data_Data_Eq_Eq, Data_Eq.Eq, Constructor_Data_Eq_Eq[*Constructor_Data_Date_Date], 1), destT=Struct(Data_Data_Eq_Eq, Data_Eq.Eq, Constructor_Data_Eq_Eq[gopurs_runtime.Value], 1) with fields=0
Generating Rebox_Data_Eq_2958538738_3790796878 for srcT=Struct(Data_Data_Eq_Eq, Data_Eq.Eq, Constructor_Data_Eq_Eq[*Constructor_Data_Map_Internal_Node[uint32, float64]], 1), destT=Struct(Data_Data_Eq_Eq, Data_Eq.Eq, Constructor_Data_Eq_Eq[gopurs_runtime.Value], 1) with fields=0
Generating Rebox_Data_Eq_1939691112_3790796878 for srcT=Struct(Data_Data_Eq_Eq, Data_Eq.Eq, Constructor_Data_Eq_Eq[[]gopurs_runtime.Value], 1), destT=Struct(Data_Data_Eq_Eq, Data_Eq.Eq, Constructor_Data_Eq_Eq[gopurs_runtime.Value], 1) with fields=0
Generating Rebox_Data_Eq_131790935_3790796878 for srcT=Struct(Data_Data_Eq_Eq, Data_Eq.Eq, Constructor_Data_Eq_Eq[[]string], 1), destT=Struct(Data_Data_Eq_Eq, Data_Eq.Eq, Constructor_Data_Eq_Eq[gopurs_runtime.Value], 1) with fields=0
Generating Rebox_Data_Eq_2737952170_3790796878 for srcT=Struct(Data_Data_Eq_Eq, Data_Eq.Eq, Constructor_Data_Eq_Eq[bool], 1), destT=Struct(Data_Data_Eq_Eq, Data_Eq.Eq, Constructor_Data_Eq_Eq[gopurs_runtime.Value], 1) with fields=0
Generating Rebox_Data_Eq_687527510_3790796878 for srcT=Struct(Data_Data_Eq_Eq, Data_Eq.Eq, Constructor_Data_Eq_Eq[float64], 1), destT=Struct(Data_Data_Eq_Eq, Data_Eq.Eq, Constructor_Data_Eq_Eq[gopurs_runtime.Value], 1) with fields=0
Generating Rebox_Data_Eq_3790796878_1957390985 for srcT=Struct(Data_Data_Eq_Eq, Data_Eq.Eq, Constructor_Data_Eq_Eq[gopurs_runtime.Value], 1), destT=Struct(Data_Data_Eq_Eq, Data_Eq.Eq, Constructor_Data_Eq_Eq[*Constructor_Data_Date_Date], 1) with fields=0
Generating Rebox_Data_Eq_3790796878_2958538738 for srcT=Struct(Data_Data_Eq_Eq, Data_Eq.Eq, Constructor_Data_Eq_Eq[gopurs_runtime.Value], 1), destT=Struct(Data_Data_Eq_Eq, Data_Eq.Eq, Constructor_Data_Eq_Eq[*Constructor_Data_Map_Internal_Node[uint32, float64]], 1) with fields=0
Generating Rebox_Data_Eq_3790796878_1939691112 for srcT=Struct(Data_Data_Eq_Eq, Data_Eq.Eq, Constructor_Data_Eq_Eq[gopurs_runtime.Value], 1), destT=Struct(Data_Data_Eq_Eq, Data_Eq.Eq, Constructor_Data_Eq_Eq[[]gopurs_runtime.Value], 1) with fields=0
Generating Rebox_Data_Eq_3790796878_131790935 for srcT=Struct(Data_Data_Eq_Eq, Data_Eq.Eq, Constructor_Data_Eq_Eq[gopurs_runtime.Value], 1), destT=Struct(Data_Data_Eq_Eq, Data_Eq.Eq, Constructor_Data_Eq_Eq[[]string], 1) with fields=0
Generating Rebox_Data_Eq_3790796878_2737952170 for srcT=Struct(Data_Data_Eq_Eq, Data_Eq.Eq, Constructor_Data_Eq_Eq[gopurs_runtime.Value], 1), destT=Struct(Data_Data_Eq_Eq, Data_Eq.Eq, Constructor_Data_Eq_Eq[bool], 1) with fields=0
Generating Rebox_Data_Eq_3790796878_687527510 for srcT=Struct(Data_Data_Eq_Eq, Data_Eq.Eq, Constructor_Data_Eq_Eq[gopurs_runtime.Value], 1), destT=Struct(Data_Data_Eq_Eq, Data_Eq.Eq, Constructor_Data_Eq_Eq[float64], 1) with fields=0
Generating Rebox_Data_Eq_3790796878_1053099733 for srcT=Struct(Data_Data_Eq_Eq, Data_Eq.Eq, Constructor_Data_Eq_Eq[gopurs_runtime.Value], 1), destT=Struct(Data_Data_Eq_Eq, Data_Eq.Eq, Constructor_Data_Eq_Eq[int64], 1) with fields=0
Generating Rebox_Data_Eq_3790796878_1140313009 for srcT=Struct(Data_Data_Eq_Eq, Data_Eq.Eq, Constructor_Data_Eq_Eq[gopurs_runtime.Value], 1), destT=Struct(Data_Data_Eq_Eq, Data_Eq.Eq, Constructor_Data_Eq_Eq[string], 1) with fields=0
Generating Rebox_Data_Eq_3790796878_3768443459 for srcT=Struct(Data_Data_Eq_Eq, Data_Eq.Eq, Constructor_Data_Eq_Eq[gopurs_runtime.Value], 1), destT=Struct(Data_Data_Eq_Eq, Data_Eq.Eq, Constructor_Data_Eq_Eq[uint32], 1) with fields=0
Generating Rebox_Data_Eq_1053099733_3790796878 for srcT=Struct(Data_Data_Eq_Eq, Data_Eq.Eq, Constructor_Data_Eq_Eq[int64], 1), destT=Struct(Data_Data_Eq_Eq, Data_Eq.Eq, Constructor_Data_Eq_Eq[gopurs_runtime.Value], 1) with fields=0
Generating Rebox_Data_Eq_1140313009_3790796878 for srcT=Struct(Data_Data_Eq_Eq, Data_Eq.Eq, Constructor_Data_Eq_Eq[string], 1), destT=Struct(Data_Data_Eq_Eq, Data_Eq.Eq, Constructor_Data_Eq_Eq[gopurs_runtime.Value], 1) with fields=0
Generating Rebox_Data_Eq_3768443459_3790796878 for srcT=Struct(Data_Data_Eq_Eq, Data_Eq.Eq, Constructor_Data_Eq_Eq[uint32], 1), destT=Struct(Data_Data_Eq_Eq, Data_Eq.Eq, Constructor_Data_Eq_Eq[gopurs_runtime.Value], 1) with fields=0
Generating Rebox_Data_Semigroup_986430664_4179793454 for srcT=Struct(Data_Data_Semigroup_Semigroup, Data_Semigroup.Semigroup, Constructor_Data_Semigroup_Semigroup[[]gopurs_runtime.Value], 1), destT=Struct(Data_Data_Semigroup_Semigroup, Data_Semigroup.Semigroup, Constructor_Data_Semigroup_Semigroup[gopurs_runtime.Value], 1) with fields=0
Generating Rebox_Data_Semigroup_4179793454_986430664 for srcT=Struct(Data_Data_Semigroup_Semigroup, Data_Semigroup.Semigroup, Constructor_Data_Semigroup_Semigroup[gopurs_runtime.Value], 1), destT=Struct(Data_Data_Semigroup_Semigroup, Data_Semigroup.Semigroup, Constructor_Data_Semigroup_Semigroup[[]gopurs_runtime.Value], 1) with fields=0
Generating Rebox_Data_Semigroup_4179793454_443971153 for srcT=Struct(Data_Data_Semigroup_Semigroup, Data_Semigroup.Semigroup, Constructor_Data_Semigroup_Semigroup[gopurs_runtime.Value], 1), destT=Struct(Data_Data_Semigroup_Semigroup, Data_Semigroup.Semigroup, Constructor_Data_Semigroup_Semigroup[string], 1) with fields=0
Generating Rebox_Data_Semigroup_4179793454_1625289059 for srcT=Struct(Data_Data_Semigroup_Semigroup, Data_Semigroup.Semigroup, Constructor_Data_Semigroup_Semigroup[gopurs_runtime.Value], 1), destT=Struct(Data_Data_Semigroup_Semigroup, Data_Semigroup.Semigroup, Constructor_Data_Semigroup_Semigroup[uint32], 1) with fields=0
Generating Rebox_Data_Semigroup_443971153_4179793454 for srcT=Struct(Data_Data_Semigroup_Semigroup, Data_Semigroup.Semigroup, Constructor_Data_Semigroup_Semigroup[string], 1), destT=Struct(Data_Data_Semigroup_Semigroup, Data_Semigroup.Semigroup, Constructor_Data_Semigroup_Semigroup[gopurs_runtime.Value], 1) with fields=0
Generating Rebox_Data_Semigroup_1625289059_4179793454 for srcT=Struct(Data_Data_Semigroup_Semigroup, Data_Semigroup.Semigroup, Constructor_Data_Semigroup_Semigroup[uint32], 1), destT=Struct(Data_Data_Semigroup_Semigroup, Data_Semigroup.Semigroup, Constructor_Data_Semigroup_Semigroup[gopurs_runtime.Value], 1) with fields=0
Generating Rebox_Data_Show_1726078761_1386611502 for srcT=Struct(Data_Data_Show_Show, Data_Show.Show, Constructor_Data_Show_Show[*Constructor_Data_Date_Date], 1), destT=Struct(Data_Data_Show_Show, Data_Show.Show, Constructor_Data_Show_Show[gopurs_runtime.Value], 1) with fields=0
Generating Rebox_Data_Show_983382226_1386611502 for srcT=Struct(Data_Data_Show_Show, Data_Show.Show, Constructor_Data_Show_Show[*Constructor_Data_Map_Internal_Node[uint32, float64]], 1), destT=Struct(Data_Data_Show_Show, Data_Show.Show, Constructor_Data_Show_Show[gopurs_runtime.Value], 1) with fields=0
Generating Rebox_Data_Show_2818770644_1386611502 for srcT=Struct(Data_Data_Show_Show, Data_Show.Show, Constructor_Data_Show_Show[*Constructor_Data_Maybe_Just[int64]], 1), destT=Struct(Data_Data_Show_Show, Data_Show.Show, Constructor_Data_Show_Show[gopurs_runtime.Value], 1) with fields=0
Generating Rebox_Data_Show_4160946377_1386611502 for srcT=Struct(Data_Data_Show_Show, Data_Show.Show, Constructor_Data_Show_Show[*Constructor_Data_Time_Time], 1), destT=Struct(Data_Data_Show_Show, Data_Show.Show, Constructor_Data_Show_Show[gopurs_runtime.Value], 1) with fields=0
Generating Rebox_Data_Show_1356436936_1386611502 for srcT=Struct(Data_Data_Show_Show, Data_Show.Show, Constructor_Data_Show_Show[[]gopurs_runtime.Value], 1), destT=Struct(Data_Data_Show_Show, Data_Show.Show, Constructor_Data_Show_Show[gopurs_runtime.Value], 1) with fields=0
Generating Rebox_Data_Show_2735895690_1386611502 for srcT=Struct(Data_Data_Show_Show, Data_Show.Show, Constructor_Data_Show_Show[bool], 1), destT=Struct(Data_Data_Show_Show, Data_Show.Show, Constructor_Data_Show_Show[gopurs_runtime.Value], 1) with fields=0
Generating Rebox_Data_Show_3263178038_1386611502 for srcT=Struct(Data_Data_Show_Show, Data_Show.Show, Constructor_Data_Show_Show[float64], 1), destT=Struct(Data_Data_Show_Show, Data_Show.Show, Constructor_Data_Show_Show[gopurs_runtime.Value], 1) with fields=0
Generating Rebox_Data_Show_1386611502_1726078761 for srcT=Struct(Data_Data_Show_Show, Data_Show.Show, Constructor_Data_Show_Show[gopurs_runtime.Value], 1), destT=Struct(Data_Data_Show_Show, Data_Show.Show, Constructor_Data_Show_Show[*Constructor_Data_Date_Date], 1) with fields=0
Generating Rebox_Data_Show_1386611502_983382226 for srcT=Struct(Data_Data_Show_Show, Data_Show.Show, Constructor_Data_Show_Show[gopurs_runtime.Value], 1), destT=Struct(Data_Data_Show_Show, Data_Show.Show, Constructor_Data_Show_Show[*Constructor_Data_Map_Internal_Node[uint32, float64]], 1) with fields=0
Generating Rebox_Data_Show_1386611502_2818770644 for srcT=Struct(Data_Data_Show_Show, Data_Show.Show, Constructor_Data_Show_Show[gopurs_runtime.Value], 1), destT=Struct(Data_Data_Show_Show, Data_Show.Show, Constructor_Data_Show_Show[*Constructor_Data_Maybe_Just[int64]], 1) with fields=0
Generating Rebox_Data_Show_1386611502_4160946377 for srcT=Struct(Data_Data_Show_Show, Data_Show.Show, Constructor_Data_Show_Show[gopurs_runtime.Value], 1), destT=Struct(Data_Data_Show_Show, Data_Show.Show, Constructor_Data_Show_Show[*Constructor_Data_Time_Time], 1) with fields=0
Generating Rebox_Data_Show_1386611502_1356436936 for srcT=Struct(Data_Data_Show_Show, Data_Show.Show, Constructor_Data_Show_Show[gopurs_runtime.Value], 1), destT=Struct(Data_Data_Show_Show, Data_Show.Show, Constructor_Data_Show_Show[[]gopurs_runtime.Value], 1) with fields=0
Generating Rebox_Data_Show_1386611502_2735895690 for srcT=Struct(Data_Data_Show_Show, Data_Show.Show, Constructor_Data_Show_Show[gopurs_runtime.Value], 1), destT=Struct(Data_Data_Show_Show, Data_Show.Show, Constructor_Data_Show_Show[bool], 1) with fields=0
Generating Rebox_Data_Show_1386611502_3263178038 for srcT=Struct(Data_Data_Show_Show, Data_Show.Show, Constructor_Data_Show_Show[gopurs_runtime.Value], 1), destT=Struct(Data_Data_Show_Show, Data_Show.Show, Constructor_Data_Show_Show[float64], 1) with fields=0
Generating Rebox_Data_Show_1386611502_1636311157 for srcT=Struct(Data_Data_Show_Show, Data_Show.Show, Constructor_Data_Show_Show[gopurs_runtime.Value], 1), destT=Struct(Data_Data_Show_Show, Data_Show.Show, Constructor_Data_Show_Show[int64], 1) with fields=0
Generating Rebox_Data_Show_1386611502_1514099793 for srcT=Struct(Data_Data_Show_Show, Data_Show.Show, Constructor_Data_Show_Show[gopurs_runtime.Value], 1), destT=Struct(Data_Data_Show_Show, Data_Show.Show, Constructor_Data_Show_Show[string], 1) with fields=0
Generating Rebox_Data_Show_1386611502_1209612131 for srcT=Struct(Data_Data_Show_Show, Data_Show.Show, Constructor_Data_Show_Show[gopurs_runtime.Value], 1), destT=Struct(Data_Data_Show_Show, Data_Show.Show, Constructor_Data_Show_Show[uint32], 1) with fields=0
Generating Rebox_Data_Show_1636311157_1386611502 for srcT=Struct(Data_Data_Show_Show, Data_Show.Show, Constructor_Data_Show_Show[int64], 1), destT=Struct(Data_Data_Show_Show, Data_Show.Show, Constructor_Data_Show_Show[gopurs_runtime.Value], 1) with fields=0
Generating Rebox_Data_Show_1514099793_1386611502 for srcT=Struct(Data_Data_Show_Show, Data_Show.Show, Constructor_Data_Show_Show[string], 1), destT=Struct(Data_Data_Show_Show, Data_Show.Show, Constructor_Data_Show_Show[gopurs_runtime.Value], 1) with fields=0
Generating Rebox_Data_Show_1209612131_1386611502 for srcT=Struct(Data_Data_Show_Show, Data_Show.Show, Constructor_Data_Show_Show[uint32], 1), destT=Struct(Data_Data_Show_Show, Data_Show.Show, Constructor_Data_Show_Show[gopurs_runtime.Value], 1) with fields=0
Generating Rebox_Data_Ordering_3790796878_3768443459 for srcT=Struct(Data_Data_Eq_Eq, Data_Eq.Eq, Constructor_Data_Eq_Eq[gopurs_runtime.Value], 1), destT=Struct(Data_Data_Eq_Eq, Data_Eq.Eq, Constructor_Data_Eq_Eq[uint32], 1) with fields=0
Generating Rebox_Data_Ordering_3768443459_3790796878 for srcT=Struct(Data_Data_Eq_Eq, Data_Eq.Eq, Constructor_Data_Eq_Eq[uint32], 1), destT=Struct(Data_Data_Eq_Eq, Data_Eq.Eq, Constructor_Data_Eq_Eq[gopurs_runtime.Value], 1) with fields=0
Generating Rebox_Data_Ordering_4179793454_1625289059 for srcT=Struct(Data_Data_Semigroup_Semigroup, Data_Semigroup.Semigroup, Constructor_Data_Semigroup_Semigroup[gopurs_runtime.Value], 1), destT=Struct(Data_Data_Semigroup_Semigroup, Data_Semigroup.Semigroup, Constructor_Data_Semigroup_Semigroup[uint32], 1) with fields=0
Generating Rebox_Data_Ordering_1625289059_4179793454 for srcT=Struct(Data_Data_Semigroup_Semigroup, Data_Semigroup.Semigroup, Constructor_Data_Semigroup_Semigroup[uint32], 1), destT=Struct(Data_Data_Semigroup_Semigroup, Data_Semigroup.Semigroup, Constructor_Data_Semigroup_Semigroup[gopurs_runtime.Value], 1) with fields=0
Generating Rebox_Data_Ordering_1386611502_1209612131 for srcT=Struct(Data_Data_Show_Show, Data_Show.Show, Constructor_Data_Show_Show[gopurs_runtime.Value], 1), destT=Struct(Data_Data_Show_Show, Data_Show.Show, Constructor_Data_Show_Show[uint32], 1) with fields=0
Generating Rebox_Data_Ordering_1209612131_1386611502 for srcT=Struct(Data_Data_Show_Show, Data_Show.Show, Constructor_Data_Show_Show[uint32], 1), destT=Struct(Data_Data_Show_Show, Data_Show.Show, Constructor_Data_Show_Show[gopurs_runtime.Value], 1) with fields=0
Generating Rebox_Data_Semiring_602713622_2826095630 for srcT=Struct(Data_Data_Semiring_Semiring, Data_Semiring.Semiring, Constructor_Data_Semiring_Semiring[float64], 1), destT=Struct(Data_Data_Semiring_Semiring, Data_Semiring.Semiring, Constructor_Data_Semiring_Semiring[gopurs_runtime.Value], 1) with fields=0
Generating Rebox_Data_Semiring_2826095630_602713622 for srcT=Struct(Data_Data_Semiring_Semiring, Data_Semiring.Semiring, Constructor_Data_Semiring_Semiring[gopurs_runtime.Value], 1), destT=Struct(Data_Data_Semiring_Semiring, Data_Semiring.Semiring, Constructor_Data_Semiring_Semiring[float64], 1) with fields=0
Generating Rebox_Data_Semiring_2826095630_348932501 for srcT=Struct(Data_Data_Semiring_Semiring, Data_Semiring.Semiring, Constructor_Data_Semiring_Semiring[gopurs_runtime.Value], 1), destT=Struct(Data_Data_Semiring_Semiring, Data_Semiring.Semiring, Constructor_Data_Semiring_Semiring[int64], 1) with fields=0
Generating Rebox_Data_Semiring_2826095630_2722024963 for srcT=Struct(Data_Data_Semiring_Semiring, Data_Semiring.Semiring, Constructor_Data_Semiring_Semiring[gopurs_runtime.Value], 1), destT=Struct(Data_Data_Semiring_Semiring, Data_Semiring.Semiring, Constructor_Data_Semiring_Semiring[uint32], 1) with fields=0
Generating Rebox_Data_Semiring_348932501_2826095630 for srcT=Struct(Data_Data_Semiring_Semiring, Data_Semiring.Semiring, Constructor_Data_Semiring_Semiring[int64], 1), destT=Struct(Data_Data_Semiring_Semiring, Data_Semiring.Semiring, Constructor_Data_Semiring_Semiring[gopurs_runtime.Value], 1) with fields=0
Generating Rebox_Data_Semiring_2722024963_2826095630 for srcT=Struct(Data_Data_Semiring_Semiring, Data_Semiring.Semiring, Constructor_Data_Semiring_Semiring[uint32], 1), destT=Struct(Data_Data_Semiring_Semiring, Data_Semiring.Semiring, Constructor_Data_Semiring_Semiring[gopurs_runtime.Value], 1) with fields=0
Generating Rebox_Data_Ring_2259598678_3060961102 for srcT=Struct(Data_Data_Ring_Ring, Data_Ring.Ring, Constructor_Data_Ring_Ring[float64], 1), destT=Struct(Data_Data_Ring_Ring, Data_Ring.Ring, Constructor_Data_Ring_Ring[gopurs_runtime.Value], 1) with fields=0
Generating Rebox_Data_Ring_3060961102_2259598678 for srcT=Struct(Data_Data_Ring_Ring, Data_Ring.Ring, Constructor_Data_Ring_Ring[gopurs_runtime.Value], 1), destT=Struct(Data_Data_Ring_Ring, Data_Ring.Ring, Constructor_Data_Ring_Ring[float64], 1) with fields=0
Generating Rebox_Data_Ring_3060961102_2534126933 for srcT=Struct(Data_Data_Ring_Ring, Data_Ring.Ring, Constructor_Data_Ring_Ring[gopurs_runtime.Value], 1), destT=Struct(Data_Data_Ring_Ring, Data_Ring.Ring, Constructor_Data_Ring_Ring[int64], 1) with fields=0
Generating Rebox_Data_Ring_3060961102_2370240579 for srcT=Struct(Data_Data_Ring_Ring, Data_Ring.Ring, Constructor_Data_Ring_Ring[gopurs_runtime.Value], 1), destT=Struct(Data_Data_Ring_Ring, Data_Ring.Ring, Constructor_Data_Ring_Ring[uint32], 1) with fields=0
Generating Rebox_Data_Ring_2534126933_3060961102 for srcT=Struct(Data_Data_Ring_Ring, Data_Ring.Ring, Constructor_Data_Ring_Ring[int64], 1), destT=Struct(Data_Data_Ring_Ring, Data_Ring.Ring, Constructor_Data_Ring_Ring[gopurs_runtime.Value], 1) with fields=0
Generating Rebox_Data_Ring_2370240579_3060961102 for srcT=Struct(Data_Data_Ring_Ring, Data_Ring.Ring, Constructor_Data_Ring_Ring[uint32], 1), destT=Struct(Data_Data_Ring_Ring, Data_Ring.Ring, Constructor_Data_Ring_Ring[gopurs_runtime.Value], 1) with fields=0
Generating Rebox_Data_Ring_602713622_2826095630 for srcT=Struct(Data_Data_Semiring_Semiring, Data_Semiring.Semiring, Constructor_Data_Semiring_Semiring[float64], 1), destT=Struct(Data_Data_Semiring_Semiring, Data_Semiring.Semiring, Constructor_Data_Semiring_Semiring[gopurs_runtime.Value], 1) with fields=0
Generating Rebox_Data_Ring_2826095630_602713622 for srcT=Struct(Data_Data_Semiring_Semiring, Data_Semiring.Semiring, Constructor_Data_Semiring_Semiring[gopurs_runtime.Value], 1), destT=Struct(Data_Data_Semiring_Semiring, Data_Semiring.Semiring, Constructor_Data_Semiring_Semiring[float64], 1) with fields=0
Generating Rebox_Data_Ring_2826095630_348932501 for srcT=Struct(Data_Data_Semiring_Semiring, Data_Semiring.Semiring, Constructor_Data_Semiring_Semiring[gopurs_runtime.Value], 1), destT=Struct(Data_Data_Semiring_Semiring, Data_Semiring.Semiring, Constructor_Data_Semiring_Semiring[int64], 1) with fields=0
Generating Rebox_Data_Ring_2826095630_2722024963 for srcT=Struct(Data_Data_Semiring_Semiring, Data_Semiring.Semiring, Constructor_Data_Semiring_Semiring[gopurs_runtime.Value], 1), destT=Struct(Data_Data_Semiring_Semiring, Data_Semiring.Semiring, Constructor_Data_Semiring_Semiring[uint32], 1) with fields=0
Generating Rebox_Data_Ring_348932501_2826095630 for srcT=Struct(Data_Data_Semiring_Semiring, Data_Semiring.Semiring, Constructor_Data_Semiring_Semiring[int64], 1), destT=Struct(Data_Data_Semiring_Semiring, Data_Semiring.Semiring, Constructor_Data_Semiring_Semiring[gopurs_runtime.Value], 1) with fields=0
Generating Rebox_Data_Ring_2722024963_2826095630 for srcT=Struct(Data_Data_Semiring_Semiring, Data_Semiring.Semiring, Constructor_Data_Semiring_Semiring[uint32], 1), destT=Struct(Data_Data_Semiring_Semiring, Data_Semiring.Semiring, Constructor_Data_Semiring_Semiring[gopurs_runtime.Value], 1) with fields=0
Generating Rebox_Data_Ord_1939691112_3790796878 for srcT=Struct(Data_Data_Eq_Eq, Data_Eq.Eq, Constructor_Data_Eq_Eq[[]gopurs_runtime.Value], 1), destT=Struct(Data_Data_Eq_Eq, Data_Eq.Eq, Constructor_Data_Eq_Eq[gopurs_runtime.Value], 1) with fields=0
Generating Rebox_Data_Ord_2737952170_3790796878 for srcT=Struct(Data_Data_Eq_Eq, Data_Eq.Eq, Constructor_Data_Eq_Eq[bool], 1), destT=Struct(Data_Data_Eq_Eq, Data_Eq.Eq, Constructor_Data_Eq_Eq[gopurs_runtime.Value], 1) with fields=0
Generating Rebox_Data_Ord_687527510_3790796878 for srcT=Struct(Data_Data_Eq_Eq, Data_Eq.Eq, Constructor_Data_Eq_Eq[float64], 1), destT=Struct(Data_Data_Eq_Eq, Data_Eq.Eq, Constructor_Data_Eq_Eq[gopurs_runtime.Value], 1) with fields=0
Generating Rebox_Data_Ord_3790796878_1939691112 for srcT=Struct(Data_Data_Eq_Eq, Data_Eq.Eq, Constructor_Data_Eq_Eq[gopurs_runtime.Value], 1), destT=Struct(Data_Data_Eq_Eq, Data_Eq.Eq, Constructor_Data_Eq_Eq[[]gopurs_runtime.Value], 1) with fields=0
Generating Rebox_Data_Ord_3790796878_2737952170 for srcT=Struct(Data_Data_Eq_Eq, Data_Eq.Eq, Constructor_Data_Eq_Eq[gopurs_runtime.Value], 1), destT=Struct(Data_Data_Eq_Eq, Data_Eq.Eq, Constructor_Data_Eq_Eq[bool], 1) with fields=0
Generating Rebox_Data_Ord_3790796878_687527510 for srcT=Struct(Data_Data_Eq_Eq, Data_Eq.Eq, Constructor_Data_Eq_Eq[gopurs_runtime.Value], 1), destT=Struct(Data_Data_Eq_Eq, Data_Eq.Eq, Constructor_Data_Eq_Eq[float64], 1) with fields=0
Generating Rebox_Data_Ord_3790796878_1053099733 for srcT=Struct(Data_Data_Eq_Eq, Data_Eq.Eq, Constructor_Data_Eq_Eq[gopurs_runtime.Value], 1), destT=Struct(Data_Data_Eq_Eq, Data_Eq.Eq, Constructor_Data_Eq_Eq[int64], 1) with fields=0
Generating Rebox_Data_Ord_3790796878_1140313009 for srcT=Struct(Data_Data_Eq_Eq, Data_Eq.Eq, Constructor_Data_Eq_Eq[gopurs_runtime.Value], 1), destT=Struct(Data_Data_Eq_Eq, Data_Eq.Eq, Constructor_Data_Eq_Eq[string], 1) with fields=0
Generating Rebox_Data_Ord_3790796878_3768443459 for srcT=Struct(Data_Data_Eq_Eq, Data_Eq.Eq, Constructor_Data_Eq_Eq[gopurs_runtime.Value], 1), destT=Struct(Data_Data_Eq_Eq, Data_Eq.Eq, Constructor_Data_Eq_Eq[uint32], 1) with fields=0
Generating Rebox_Data_Ord_1053099733_3790796878 for srcT=Struct(Data_Data_Eq_Eq, Data_Eq.Eq, Constructor_Data_Eq_Eq[int64], 1), destT=Struct(Data_Data_Eq_Eq, Data_Eq.Eq, Constructor_Data_Eq_Eq[gopurs_runtime.Value], 1) with fields=0
Generating Rebox_Data_Ord_1140313009_3790796878 for srcT=Struct(Data_Data_Eq_Eq, Data_Eq.Eq, Constructor_Data_Eq_Eq[string], 1), destT=Struct(Data_Data_Eq_Eq, Data_Eq.Eq, Constructor_Data_Eq_Eq[gopurs_runtime.Value], 1) with fields=0
Generating Rebox_Data_Ord_3768443459_3790796878 for srcT=Struct(Data_Data_Eq_Eq, Data_Eq.Eq, Constructor_Data_Eq_Eq[uint32], 1), destT=Struct(Data_Data_Eq_Eq, Data_Eq.Eq, Constructor_Data_Eq_Eq[gopurs_runtime.Value], 1) with fields=0
Generating Rebox_Data_Ord_3094389156_1170268447 for srcT=Struct(Data_Data_Maybe_Just, Data_Maybe.Just, Constructor_Data_Maybe_Just[gopurs_runtime.Value], 1), destT=Struct(Data_Data_Maybe_Just, Data_Maybe.Just, Constructor_Data_Maybe_Just[int64], 1) with fields=1
Generating Rebox_Data_Ord_1170268447_3094389156 for srcT=Struct(Data_Data_Maybe_Just, Data_Maybe.Just, Constructor_Data_Maybe_Just[int64], 1), destT=Struct(Data_Data_Maybe_Just, Data_Maybe.Just, Constructor_Data_Maybe_Just[gopurs_runtime.Value], 1) with fields=1
Generating Rebox_Data_Ord_758368489_4177771502 for srcT=Struct(Data_Data_Ord_Ord, Data_Ord.Ord, Constructor_Data_Ord_Ord[*Constructor_Data_Date_Date], 1), destT=Struct(Data_Data_Ord_Ord, Data_Ord.Ord, Constructor_Data_Ord_Ord[gopurs_runtime.Value], 1) with fields=0
Generating Rebox_Data_Ord_3498527378_4177771502 for srcT=Struct(Data_Data_Ord_Ord, Data_Ord.Ord, Constructor_Data_Ord_Ord[*Constructor_Data_Map_Internal_Node[uint32, float64]], 1), destT=Struct(Data_Data_Ord_Ord, Data_Ord.Ord, Constructor_Data_Ord_Ord[gopurs_runtime.Value], 1) with fields=0
Generating Rebox_Data_Ord_3092443796_4177771502 for srcT=Struct(Data_Data_Ord_Ord, Data_Ord.Ord, Constructor_Data_Ord_Ord[*Constructor_Data_Maybe_Just[int64]], 1), destT=Struct(Data_Data_Ord_Ord, Data_Ord.Ord, Constructor_Data_Ord_Ord[gopurs_runtime.Value], 1) with fields=0
Generating Rebox_Data_Ord_3383090825_4177771502 for srcT=Struct(Data_Data_Ord_Ord, Data_Ord.Ord, Constructor_Data_Ord_Ord[*Constructor_Data_Time_Time], 1), destT=Struct(Data_Data_Ord_Ord, Data_Ord.Ord, Constructor_Data_Ord_Ord[gopurs_runtime.Value], 1) with fields=0
Generating Rebox_Data_Ord_4088624520_4177771502 for srcT=Struct(Data_Data_Ord_Ord, Data_Ord.Ord, Constructor_Data_Ord_Ord[[]gopurs_runtime.Value], 1), destT=Struct(Data_Data_Ord_Ord, Data_Ord.Ord, Constructor_Data_Ord_Ord[gopurs_runtime.Value], 1) with fields=0
Generating Rebox_Data_Ord_219188042_4177771502 for srcT=Struct(Data_Data_Ord_Ord, Data_Ord.Ord, Constructor_Data_Ord_Ord[bool], 1), destT=Struct(Data_Data_Ord_Ord, Data_Ord.Ord, Constructor_Data_Ord_Ord[gopurs_runtime.Value], 1) with fields=0
Generating Rebox_Data_Ord_3047586294_4177771502 for srcT=Struct(Data_Data_Ord_Ord, Data_Ord.Ord, Constructor_Data_Ord_Ord[float64], 1), destT=Struct(Data_Data_Ord_Ord, Data_Ord.Ord, Constructor_Data_Ord_Ord[gopurs_runtime.Value], 1) with fields=0
Generating Rebox_Data_Ord_4177771502_758368489 for srcT=Struct(Data_Data_Ord_Ord, Data_Ord.Ord, Constructor_Data_Ord_Ord[gopurs_runtime.Value], 1), destT=Struct(Data_Data_Ord_Ord, Data_Ord.Ord, Constructor_Data_Ord_Ord[*Constructor_Data_Date_Date], 1) with fields=0
Generating Rebox_Data_Ord_4177771502_3498527378 for srcT=Struct(Data_Data_Ord_Ord, Data_Ord.Ord, Constructor_Data_Ord_Ord[gopurs_runtime.Value], 1), destT=Struct(Data_Data_Ord_Ord, Data_Ord.Ord, Constructor_Data_Ord_Ord[*Constructor_Data_Map_Internal_Node[uint32, float64]], 1) with fields=0
Generating Rebox_Data_Ord_4177771502_3092443796 for srcT=Struct(Data_Data_Ord_Ord, Data_Ord.Ord, Constructor_Data_Ord_Ord[gopurs_runtime.Value], 1), destT=Struct(Data_Data_Ord_Ord, Data_Ord.Ord, Constructor_Data_Ord_Ord[*Constructor_Data_Maybe_Just[int64]], 1) with fields=0
Generating Rebox_Data_Ord_4177771502_3383090825 for srcT=Struct(Data_Data_Ord_Ord, Data_Ord.Ord, Constructor_Data_Ord_Ord[gopurs_runtime.Value], 1), destT=Struct(Data_Data_Ord_Ord, Data_Ord.Ord, Constructor_Data_Ord_Ord[*Constructor_Data_Time_Time], 1) with fields=0
Generating Rebox_Data_Ord_4177771502_4088624520 for srcT=Struct(Data_Data_Ord_Ord, Data_Ord.Ord, Constructor_Data_Ord_Ord[gopurs_runtime.Value], 1), destT=Struct(Data_Data_Ord_Ord, Data_Ord.Ord, Constructor_Data_Ord_Ord[[]gopurs_runtime.Value], 1) with fields=0
Generating Rebox_Data_Ord_4177771502_219188042 for srcT=Struct(Data_Data_Ord_Ord, Data_Ord.Ord, Constructor_Data_Ord_Ord[gopurs_runtime.Value], 1), destT=Struct(Data_Data_Ord_Ord, Data_Ord.Ord, Constructor_Data_Ord_Ord[bool], 1) with fields=0
Generating Rebox_Data_Ord_4177771502_3047586294 for srcT=Struct(Data_Data_Ord_Ord, Data_Ord.Ord, Constructor_Data_Ord_Ord[gopurs_runtime.Value], 1), destT=Struct(Data_Data_Ord_Ord, Data_Ord.Ord, Constructor_Data_Ord_Ord[float64], 1) with fields=0
Generating Rebox_Data_Ord_4177771502_3308271157 for srcT=Struct(Data_Data_Ord_Ord, Data_Ord.Ord, Constructor_Data_Ord_Ord[gopurs_runtime.Value], 1), destT=Struct(Data_Data_Ord_Ord, Data_Ord.Ord, Constructor_Data_Ord_Ord[int64], 1) with fields=0
Generating Rebox_Data_Ord_4177771502_2406510097 for srcT=Struct(Data_Data_Ord_Ord, Data_Ord.Ord, Constructor_Data_Ord_Ord[gopurs_runtime.Value], 1), destT=Struct(Data_Data_Ord_Ord, Data_Ord.Ord, Constructor_Data_Ord_Ord[string], 1) with fields=0
Generating Rebox_Data_Ord_4177771502_3730953251 for srcT=Struct(Data_Data_Ord_Ord, Data_Ord.Ord, Constructor_Data_Ord_Ord[gopurs_runtime.Value], 1), destT=Struct(Data_Data_Ord_Ord, Data_Ord.Ord, Constructor_Data_Ord_Ord[uint32], 1) with fields=0
Generating Rebox_Data_Ord_3308271157_4177771502 for srcT=Struct(Data_Data_Ord_Ord, Data_Ord.Ord, Constructor_Data_Ord_Ord[int64], 1), destT=Struct(Data_Data_Ord_Ord, Data_Ord.Ord, Constructor_Data_Ord_Ord[gopurs_runtime.Value], 1) with fields=0
Generating Rebox_Data_Ord_2406510097_4177771502 for srcT=Struct(Data_Data_Ord_Ord, Data_Ord.Ord, Constructor_Data_Ord_Ord[string], 1), destT=Struct(Data_Data_Ord_Ord, Data_Ord.Ord, Constructor_Data_Ord_Ord[gopurs_runtime.Value], 1) with fields=0
Generating Rebox_Data_Ord_3730953251_4177771502 for srcT=Struct(Data_Data_Ord_Ord, Data_Ord.Ord, Constructor_Data_Ord_Ord[uint32], 1), destT=Struct(Data_Data_Ord_Ord, Data_Ord.Ord, Constructor_Data_Ord_Ord[gopurs_runtime.Value], 1) with fields=0
Generating Rebox_Data_Function_2442833393_849153993 for srcT=Struct(Data_Data_List_Types_Cons, Data_List_Types.Cons, Constructor_Data_List_Types_Cons[*Constructor_Data_Tuple_Tuple[uint32, float64]], 1), destT=Struct(Data_Data_List_Types_Cons, Data_List_Types.Cons, Constructor_Data_List_Types_Cons[gopurs_runtime.Value], 1) with fields=2
Generating Rebox_Data_Function_849153993_2442833393 for srcT=Struct(Data_Data_List_Types_Cons, Data_List_Types.Cons, Constructor_Data_List_Types_Cons[gopurs_runtime.Value], 1), destT=Struct(Data_Data_List_Types_Cons, Data_List_Types.Cons, Constructor_Data_List_Types_Cons[*Constructor_Data_Tuple_Tuple[uint32, float64]], 1) with fields=2
Generating Rebox_Data_Function_2280409795_3094389156 for srcT=Struct(Data_Data_Maybe_Just, Data_Maybe.Just, Constructor_Data_Maybe_Just[*Constructor_Data_Date_Date], 1), destT=Struct(Data_Data_Maybe_Just, Data_Maybe.Just, Constructor_Data_Maybe_Just[gopurs_runtime.Value], 1) with fields=1
Generating Rebox_Data_Function_3839235747_3094389156 for srcT=Struct(Data_Data_Maybe_Just, Data_Maybe.Just, Constructor_Data_Maybe_Just[*Constructor_Data_Time_Time], 1), destT=Struct(Data_Data_Maybe_Just, Data_Maybe.Just, Constructor_Data_Maybe_Just[gopurs_runtime.Value], 1) with fields=1
Generating Rebox_Data_Function_3094389156_2280409795 for srcT=Struct(Data_Data_Maybe_Just, Data_Maybe.Just, Constructor_Data_Maybe_Just[gopurs_runtime.Value], 1), destT=Struct(Data_Data_Maybe_Just, Data_Maybe.Just, Constructor_Data_Maybe_Just[*Constructor_Data_Date_Date], 1) with fields=1
Generating Rebox_Data_Function_3094389156_3839235747 for srcT=Struct(Data_Data_Maybe_Just, Data_Maybe.Just, Constructor_Data_Maybe_Just[gopurs_runtime.Value], 1), destT=Struct(Data_Data_Maybe_Just, Data_Maybe.Just, Constructor_Data_Maybe_Just[*Constructor_Data_Time_Time], 1) with fields=1
Generating Rebox_Data_Function_3094389156_1170268447 for srcT=Struct(Data_Data_Maybe_Just, Data_Maybe.Just, Constructor_Data_Maybe_Just[gopurs_runtime.Value], 1), destT=Struct(Data_Data_Maybe_Just, Data_Maybe.Just, Constructor_Data_Maybe_Just[int64], 1) with fields=1
Generating Rebox_Data_Function_138441832_3132786365 for srcT=Struct(Data_Data_Tuple_Tuple, Data_Tuple.Tuple, Constructor_Data_Tuple_Tuple[gopurs_runtime.Value, gopurs_runtime.Value], 2), destT=Struct(Data_Data_Tuple_Tuple, Data_Tuple.Tuple, Constructor_Data_Tuple_Tuple[uint32, float64], 2) with fields=2
Generating Rebox_Data_Function_3132786365_138441832 for srcT=Struct(Data_Data_Tuple_Tuple, Data_Tuple.Tuple, Constructor_Data_Tuple_Tuple[uint32, float64], 2), destT=Struct(Data_Data_Tuple_Tuple, Data_Tuple.Tuple, Constructor_Data_Tuple_Tuple[gopurs_runtime.Value, gopurs_runtime.Value], 2) with fields=2
Generating Rebox_Data_Functor_2812149806_562069347 for srcT=Struct(Data_Data_Functor_Functor, Data_Functor.Functor, Constructor_Data_Functor_Functor[gopurs_runtime.Value], 1), destT=Struct(Data_Data_Functor_Functor, Data_Functor.Functor, Constructor_Data_Functor_Functor[uint32], 1) with fields=0
Generating Rebox_Data_Functor_562069347_2812149806 for srcT=Struct(Data_Data_Functor_Functor, Data_Functor.Functor, Constructor_Data_Functor_Functor[uint32], 1), destT=Struct(Data_Data_Functor_Functor, Data_Functor.Functor, Constructor_Data_Functor_Functor[gopurs_runtime.Value], 1) with fields=0
Generating Rebox_Control_Apply_3741347833_1303115796 for srcT=Struct(Data_Control_Apply_Apply, Control_Apply.Apply, Constructor_Control_Apply_Apply[gopurs_runtime.Value], 1), destT=Struct(Data_Control_Apply_Apply, Control_Apply.Apply, Constructor_Control_Apply_Apply[uint32], 1) with fields=0
Generating Rebox_Control_Apply_1303115796_3741347833 for srcT=Struct(Data_Control_Apply_Apply, Control_Apply.Apply, Constructor_Control_Apply_Apply[uint32], 1), destT=Struct(Data_Control_Apply_Apply, Control_Apply.Apply, Constructor_Control_Apply_Apply[gopurs_runtime.Value], 1) with fields=0
Generating Rebox_Control_Apply_2812149806_562069347 for srcT=Struct(Data_Data_Functor_Functor, Data_Functor.Functor, Constructor_Data_Functor_Functor[gopurs_runtime.Value], 1), destT=Struct(Data_Data_Functor_Functor, Data_Functor.Functor, Constructor_Data_Functor_Functor[uint32], 1) with fields=0
Generating Rebox_Control_Apply_562069347_2812149806 for srcT=Struct(Data_Data_Functor_Functor, Data_Functor.Functor, Constructor_Data_Functor_Functor[uint32], 1), destT=Struct(Data_Data_Functor_Functor, Data_Functor.Functor, Constructor_Data_Functor_Functor[gopurs_runtime.Value], 1) with fields=0
Generating Rebox_Control_Applicative_1439734649_3924528404 for srcT=Struct(Data_Control_Applicative_Applicative, Control_Applicative.Applicative, Constructor_Control_Applicative_Applicative[gopurs_runtime.Value], 1), destT=Struct(Data_Control_Applicative_Applicative, Control_Applicative.Applicative, Constructor_Control_Applicative_Applicative[uint32], 1) with fields=0
Generating Rebox_Control_Applicative_3924528404_1439734649 for srcT=Struct(Data_Control_Applicative_Applicative, Control_Applicative.Applicative, Constructor_Control_Applicative_Applicative[uint32], 1), destT=Struct(Data_Control_Applicative_Applicative, Control_Applicative.Applicative, Constructor_Control_Applicative_Applicative[gopurs_runtime.Value], 1) with fields=0
Generating Rebox_Control_Applicative_3741347833_1303115796 for srcT=Struct(Data_Control_Apply_Apply, Control_Apply.Apply, Constructor_Control_Apply_Apply[gopurs_runtime.Value], 1), destT=Struct(Data_Control_Apply_Apply, Control_Apply.Apply, Constructor_Control_Apply_Apply[uint32], 1) with fields=0
Generating Rebox_Control_Applicative_1303115796_3741347833 for srcT=Struct(Data_Control_Apply_Apply, Control_Apply.Apply, Constructor_Control_Apply_Apply[uint32], 1), destT=Struct(Data_Control_Apply_Apply, Control_Apply.Apply, Constructor_Control_Apply_Apply[gopurs_runtime.Value], 1) with fields=0
Generating Rebox_Control_Bind_3741347833_1303115796 for srcT=Struct(Data_Control_Apply_Apply, Control_Apply.Apply, Constructor_Control_Apply_Apply[gopurs_runtime.Value], 1), destT=Struct(Data_Control_Apply_Apply, Control_Apply.Apply, Constructor_Control_Apply_Apply[uint32], 1) with fields=0
Generating Rebox_Control_Bind_1303115796_3741347833 for srcT=Struct(Data_Control_Apply_Apply, Control_Apply.Apply, Constructor_Control_Apply_Apply[uint32], 1), destT=Struct(Data_Control_Apply_Apply, Control_Apply.Apply, Constructor_Control_Apply_Apply[gopurs_runtime.Value], 1) with fields=0
Generating Rebox_Control_Bind_2748095225_4014717844 for srcT=Struct(Data_Control_Bind_Bind, Control_Bind.Bind, Constructor_Control_Bind_Bind[gopurs_runtime.Value], 1), destT=Struct(Data_Control_Bind_Bind, Control_Bind.Bind, Constructor_Control_Bind_Bind[uint32], 1) with fields=0
Generating Rebox_Control_Bind_4014717844_2748095225 for srcT=Struct(Data_Control_Bind_Bind, Control_Bind.Bind, Constructor_Control_Bind_Bind[uint32], 1), destT=Struct(Data_Control_Bind_Bind, Control_Bind.Bind, Constructor_Control_Bind_Bind[gopurs_runtime.Value], 1) with fields=0
Generating Rebox_Control_Bind_177467250_3559868223 for srcT=Struct(Data_Control_Bind_Discard, Control_Bind.Discard, Constructor_Control_Bind_Discard[gopurs_runtime.Value], 1), destT=Struct(Data_Control_Bind_Discard, Control_Bind.Discard, Constructor_Control_Bind_Discard[uint32], 1) with fields=0
Generating Rebox_Control_Bind_3559868223_177467250 for srcT=Struct(Data_Control_Bind_Discard, Control_Bind.Discard, Constructor_Control_Bind_Discard[uint32], 1), destT=Struct(Data_Control_Bind_Discard, Control_Bind.Discard, Constructor_Control_Bind_Discard[gopurs_runtime.Value], 1) with fields=0
Generating Rebox_Control_Bind_3494563625_556578094 for srcT=Struct(Data_Data_Enum_Enum, Data_Enum.Enum, Constructor_Data_Enum_Enum[*Constructor_Data_Date_Date], 1), destT=Struct(Data_Data_Enum_Enum, Data_Enum.Enum, Constructor_Data_Enum_Enum[gopurs_runtime.Value], 1) with fields=0
Generating Rebox_Control_Bind_556578094_3494563625 for srcT=Struct(Data_Data_Enum_Enum, Data_Enum.Enum, Constructor_Data_Enum_Enum[gopurs_runtime.Value], 1), destT=Struct(Data_Data_Enum_Enum, Data_Enum.Enum, Constructor_Data_Enum_Enum[*Constructor_Data_Date_Date], 1) with fields=0
Generating Rebox_Control_Bind_2280409795_3094389156 for srcT=Struct(Data_Data_Maybe_Just, Data_Maybe.Just, Constructor_Data_Maybe_Just[*Constructor_Data_Date_Date], 1), destT=Struct(Data_Data_Maybe_Just, Data_Maybe.Just, Constructor_Data_Maybe_Just[gopurs_runtime.Value], 1) with fields=1
Generating Rebox_Control_Bind_3094389156_2280409795 for srcT=Struct(Data_Data_Maybe_Just, Data_Maybe.Just, Constructor_Data_Maybe_Just[gopurs_runtime.Value], 1), destT=Struct(Data_Data_Maybe_Just, Data_Maybe.Just, Constructor_Data_Maybe_Just[*Constructor_Data_Date_Date], 1) with fields=1
Generating Rebox_Control_Bind_3094389156_3516139266 for srcT=Struct(Data_Data_Maybe_Just, Data_Maybe.Just, Constructor_Data_Maybe_Just[gopurs_runtime.Value], 1), destT=Struct(Data_Data_Maybe_Just, Data_Maybe.Just, Constructor_Data_Maybe_Just[*Constructor_Data_Maybe_Just[*Constructor_Data_Date_Date]], 1) with fields=1
Generating Rebox_Control_Bind_3094389156_742090555 for srcT=Struct(Data_Data_Maybe_Just, Data_Maybe.Just, Constructor_Data_Maybe_Just[gopurs_runtime.Value], 1), destT=Struct(Data_Data_Maybe_Just, Data_Maybe.Just, Constructor_Data_Maybe_Just[string], 1) with fields=1
Generating Rebox_Control_Bind_742090555_3094389156 for srcT=Struct(Data_Data_Maybe_Just, Data_Maybe.Just, Constructor_Data_Maybe_Just[string], 1), destT=Struct(Data_Data_Maybe_Just, Data_Maybe.Just, Constructor_Data_Maybe_Just[gopurs_runtime.Value], 1) with fields=1
Generating Rebox_Control_Monad_1439734649_3924528404 for srcT=Struct(Data_Control_Applicative_Applicative, Control_Applicative.Applicative, Constructor_Control_Applicative_Applicative[gopurs_runtime.Value], 1), destT=Struct(Data_Control_Applicative_Applicative, Control_Applicative.Applicative, Constructor_Control_Applicative_Applicative[uint32], 1) with fields=0
Generating Rebox_Control_Monad_3924528404_1439734649 for srcT=Struct(Data_Control_Applicative_Applicative, Control_Applicative.Applicative, Constructor_Control_Applicative_Applicative[uint32], 1), destT=Struct(Data_Control_Applicative_Applicative, Control_Applicative.Applicative, Constructor_Control_Applicative_Applicative[gopurs_runtime.Value], 1) with fields=0
Generating Rebox_Control_Monad_2748095225_4014717844 for srcT=Struct(Data_Control_Bind_Bind, Control_Bind.Bind, Constructor_Control_Bind_Bind[gopurs_runtime.Value], 1), destT=Struct(Data_Control_Bind_Bind, Control_Bind.Bind, Constructor_Control_Bind_Bind[uint32], 1) with fields=0
Generating Rebox_Control_Monad_4014717844_2748095225 for srcT=Struct(Data_Control_Bind_Bind, Control_Bind.Bind, Constructor_Control_Bind_Bind[uint32], 1), destT=Struct(Data_Control_Bind_Bind, Control_Bind.Bind, Constructor_Control_Bind_Bind[gopurs_runtime.Value], 1) with fields=0
Generating Rebox_Control_Monad_2568689657_1564826004 for srcT=Struct(Data_Control_Monad_Monad, Control_Monad.Monad, Constructor_Control_Monad_Monad[gopurs_runtime.Value], 1), destT=Struct(Data_Control_Monad_Monad, Control_Monad.Monad, Constructor_Control_Monad_Monad[uint32], 1) with fields=0
Generating Rebox_Control_Monad_1564826004_2568689657 for srcT=Struct(Data_Control_Monad_Monad, Control_Monad.Monad, Constructor_Control_Monad_Monad[uint32], 1), destT=Struct(Data_Control_Monad_Monad, Control_Monad.Monad, Constructor_Control_Monad_Monad[gopurs_runtime.Value], 1) with fields=0
Generating Rebox_Data_BooleanAlgebra_1931817002_72969294 for srcT=Struct(Data_Data_BooleanAlgebra_BooleanAlgebra, Data_BooleanAlgebra.BooleanAlgebra, Constructor_Data_BooleanAlgebra_BooleanAlgebra[bool], 1), destT=Struct(Data_Data_BooleanAlgebra_BooleanAlgebra, Data_BooleanAlgebra.BooleanAlgebra, Constructor_Data_BooleanAlgebra_BooleanAlgebra[gopurs_runtime.Value], 1) with fields=0
Generating Rebox_Data_BooleanAlgebra_72969294_1931817002 for srcT=Struct(Data_Data_BooleanAlgebra_BooleanAlgebra, Data_BooleanAlgebra.BooleanAlgebra, Constructor_Data_BooleanAlgebra_BooleanAlgebra[gopurs_runtime.Value], 1), destT=Struct(Data_Data_BooleanAlgebra_BooleanAlgebra, Data_BooleanAlgebra.BooleanAlgebra, Constructor_Data_BooleanAlgebra_BooleanAlgebra[bool], 1) with fields=0
Generating Rebox_Data_BooleanAlgebra_72969294_1062360067 for srcT=Struct(Data_Data_BooleanAlgebra_BooleanAlgebra, Data_BooleanAlgebra.BooleanAlgebra, Constructor_Data_BooleanAlgebra_BooleanAlgebra[gopurs_runtime.Value], 1), destT=Struct(Data_Data_BooleanAlgebra_BooleanAlgebra, Data_BooleanAlgebra.BooleanAlgebra, Constructor_Data_BooleanAlgebra_BooleanAlgebra[uint32], 1) with fields=0
Generating Rebox_Data_BooleanAlgebra_1062360067_72969294 for srcT=Struct(Data_Data_BooleanAlgebra_BooleanAlgebra, Data_BooleanAlgebra.BooleanAlgebra, Constructor_Data_BooleanAlgebra_BooleanAlgebra[uint32], 1), destT=Struct(Data_Data_BooleanAlgebra_BooleanAlgebra, Data_BooleanAlgebra.BooleanAlgebra, Constructor_Data_BooleanAlgebra_BooleanAlgebra[gopurs_runtime.Value], 1) with fields=0
Generating Rebox_Data_BooleanAlgebra_3591112874_2663347022 for srcT=Struct(Data_Data_HeytingAlgebra_HeytingAlgebra, Data_HeytingAlgebra.HeytingAlgebra, Constructor_Data_HeytingAlgebra_HeytingAlgebra[bool], 1), destT=Struct(Data_Data_HeytingAlgebra_HeytingAlgebra, Data_HeytingAlgebra.HeytingAlgebra, Constructor_Data_HeytingAlgebra_HeytingAlgebra[gopurs_runtime.Value], 1) with fields=0
Generating Rebox_Data_BooleanAlgebra_2663347022_3591112874 for srcT=Struct(Data_Data_HeytingAlgebra_HeytingAlgebra, Data_HeytingAlgebra.HeytingAlgebra, Constructor_Data_HeytingAlgebra_HeytingAlgebra[gopurs_runtime.Value], 1), destT=Struct(Data_Data_HeytingAlgebra_HeytingAlgebra, Data_HeytingAlgebra.HeytingAlgebra, Constructor_Data_HeytingAlgebra_HeytingAlgebra[bool], 1) with fields=0
Generating Rebox_Data_BooleanAlgebra_2663347022_2088208131 for srcT=Struct(Data_Data_HeytingAlgebra_HeytingAlgebra, Data_HeytingAlgebra.HeytingAlgebra, Constructor_Data_HeytingAlgebra_HeytingAlgebra[gopurs_runtime.Value], 1), destT=Struct(Data_Data_HeytingAlgebra_HeytingAlgebra, Data_HeytingAlgebra.HeytingAlgebra, Constructor_Data_HeytingAlgebra_HeytingAlgebra[uint32], 1) with fields=0
Generating Rebox_Data_BooleanAlgebra_2088208131_2663347022 for srcT=Struct(Data_Data_HeytingAlgebra_HeytingAlgebra, Data_HeytingAlgebra.HeytingAlgebra, Constructor_Data_HeytingAlgebra_HeytingAlgebra[uint32], 1), destT=Struct(Data_Data_HeytingAlgebra_HeytingAlgebra, Data_HeytingAlgebra.HeytingAlgebra, Constructor_Data_HeytingAlgebra_HeytingAlgebra[gopurs_runtime.Value], 1) with fields=0
Generating Rebox_Data_CommutativeRing_2766724982_1073849710 for srcT=Struct(Data_Data_CommutativeRing_CommutativeRing, Data_CommutativeRing.CommutativeRing, Constructor_Data_CommutativeRing_CommutativeRing[float64], 1), destT=Struct(Data_Data_CommutativeRing_CommutativeRing, Data_CommutativeRing.CommutativeRing, Constructor_Data_CommutativeRing_CommutativeRing[gopurs_runtime.Value], 1) with fields=0
Generating Rebox_Data_CommutativeRing_1073849710_2766724982 for srcT=Struct(Data_Data_CommutativeRing_CommutativeRing, Data_CommutativeRing.CommutativeRing, Constructor_Data_CommutativeRing_CommutativeRing[gopurs_runtime.Value], 1), destT=Struct(Data_Data_CommutativeRing_CommutativeRing, Data_CommutativeRing.CommutativeRing, Constructor_Data_CommutativeRing_CommutativeRing[float64], 1) with fields=0
Generating Rebox_Data_CommutativeRing_1073849710_357988789 for srcT=Struct(Data_Data_CommutativeRing_CommutativeRing, Data_CommutativeRing.CommutativeRing, Constructor_Data_CommutativeRing_CommutativeRing[gopurs_runtime.Value], 1), destT=Struct(Data_Data_CommutativeRing_CommutativeRing, Data_CommutativeRing.CommutativeRing, Constructor_Data_CommutativeRing_CommutativeRing[int64], 1) with fields=0
Generating Rebox_Data_CommutativeRing_1073849710_2537586851 for srcT=Struct(Data_Data_CommutativeRing_CommutativeRing, Data_CommutativeRing.CommutativeRing, Constructor_Data_CommutativeRing_CommutativeRing[gopurs_runtime.Value], 1), destT=Struct(Data_Data_CommutativeRing_CommutativeRing, Data_CommutativeRing.CommutativeRing, Constructor_Data_CommutativeRing_CommutativeRing[uint32], 1) with fields=0
Generating Rebox_Data_CommutativeRing_357988789_1073849710 for srcT=Struct(Data_Data_CommutativeRing_CommutativeRing, Data_CommutativeRing.CommutativeRing, Constructor_Data_CommutativeRing_CommutativeRing[int64], 1), destT=Struct(Data_Data_CommutativeRing_CommutativeRing, Data_CommutativeRing.CommutativeRing, Constructor_Data_CommutativeRing_CommutativeRing[gopurs_runtime.Value], 1) with fields=0
Generating Rebox_Data_CommutativeRing_2537586851_1073849710 for srcT=Struct(Data_Data_CommutativeRing_CommutativeRing, Data_CommutativeRing.CommutativeRing, Constructor_Data_CommutativeRing_CommutativeRing[uint32], 1), destT=Struct(Data_Data_CommutativeRing_CommutativeRing, Data_CommutativeRing.CommutativeRing, Constructor_Data_CommutativeRing_CommutativeRing[gopurs_runtime.Value], 1) with fields=0
Generating Rebox_Data_CommutativeRing_2259598678_3060961102 for srcT=Struct(Data_Data_Ring_Ring, Data_Ring.Ring, Constructor_Data_Ring_Ring[float64], 1), destT=Struct(Data_Data_Ring_Ring, Data_Ring.Ring, Constructor_Data_Ring_Ring[gopurs_runtime.Value], 1) with fields=0
Generating Rebox_Data_CommutativeRing_3060961102_2259598678 for srcT=Struct(Data_Data_Ring_Ring, Data_Ring.Ring, Constructor_Data_Ring_Ring[gopurs_runtime.Value], 1), destT=Struct(Data_Data_Ring_Ring, Data_Ring.Ring, Constructor_Data_Ring_Ring[float64], 1) with fields=0
Generating Rebox_Data_CommutativeRing_3060961102_2534126933 for srcT=Struct(Data_Data_Ring_Ring, Data_Ring.Ring, Constructor_Data_Ring_Ring[gopurs_runtime.Value], 1), destT=Struct(Data_Data_Ring_Ring, Data_Ring.Ring, Constructor_Data_Ring_Ring[int64], 1) with fields=0
Generating Rebox_Data_CommutativeRing_3060961102_2370240579 for srcT=Struct(Data_Data_Ring_Ring, Data_Ring.Ring, Constructor_Data_Ring_Ring[gopurs_runtime.Value], 1), destT=Struct(Data_Data_Ring_Ring, Data_Ring.Ring, Constructor_Data_Ring_Ring[uint32], 1) with fields=0
Generating Rebox_Data_CommutativeRing_2534126933_3060961102 for srcT=Struct(Data_Data_Ring_Ring, Data_Ring.Ring, Constructor_Data_Ring_Ring[int64], 1), destT=Struct(Data_Data_Ring_Ring, Data_Ring.Ring, Constructor_Data_Ring_Ring[gopurs_runtime.Value], 1) with fields=0
Generating Rebox_Data_CommutativeRing_2370240579_3060961102 for srcT=Struct(Data_Data_Ring_Ring, Data_Ring.Ring, Constructor_Data_Ring_Ring[uint32], 1), destT=Struct(Data_Data_Ring_Ring, Data_Ring.Ring, Constructor_Data_Ring_Ring[gopurs_runtime.Value], 1) with fields=0
Generating Rebox_Data_EuclideanRing_2766724982_1073849710 for srcT=Struct(Data_Data_CommutativeRing_CommutativeRing, Data_CommutativeRing.CommutativeRing, Constructor_Data_CommutativeRing_CommutativeRing[float64], 1), destT=Struct(Data_Data_CommutativeRing_CommutativeRing, Data_CommutativeRing.CommutativeRing, Constructor_Data_CommutativeRing_CommutativeRing[gopurs_runtime.Value], 1) with fields=0
Generating Rebox_Data_EuclideanRing_1073849710_2766724982 for srcT=Struct(Data_Data_CommutativeRing_CommutativeRing, Data_CommutativeRing.CommutativeRing, Constructor_Data_CommutativeRing_CommutativeRing[gopurs_runtime.Value], 1), destT=Struct(Data_Data_CommutativeRing_CommutativeRing, Data_CommutativeRing.CommutativeRing, Constructor_Data_CommutativeRing_CommutativeRing[float64], 1) with fields=0
Generating Rebox_Data_EuclideanRing_1073849710_357988789 for srcT=Struct(Data_Data_CommutativeRing_CommutativeRing, Data_CommutativeRing.CommutativeRing, Constructor_Data_CommutativeRing_CommutativeRing[gopurs_runtime.Value], 1), destT=Struct(Data_Data_CommutativeRing_CommutativeRing, Data_CommutativeRing.CommutativeRing, Constructor_Data_CommutativeRing_CommutativeRing[int64], 1) with fields=0
Generating Rebox_Data_EuclideanRing_357988789_1073849710 for srcT=Struct(Data_Data_CommutativeRing_CommutativeRing, Data_CommutativeRing.CommutativeRing, Constructor_Data_CommutativeRing_CommutativeRing[int64], 1), destT=Struct(Data_Data_CommutativeRing_CommutativeRing, Data_CommutativeRing.CommutativeRing, Constructor_Data_CommutativeRing_CommutativeRing[gopurs_runtime.Value], 1) with fields=0
Generating Rebox_Data_EuclideanRing_2521013494_1774031598 for srcT=Struct(Data_Data_EuclideanRing_EuclideanRing, Data_EuclideanRing.EuclideanRing, Constructor_Data_EuclideanRing_EuclideanRing[float64], 1), destT=Struct(Data_Data_EuclideanRing_EuclideanRing, Data_EuclideanRing.EuclideanRing, Constructor_Data_EuclideanRing_EuclideanRing[gopurs_runtime.Value], 1) with fields=0
Generating Rebox_Data_EuclideanRing_1774031598_2521013494 for srcT=Struct(Data_Data_EuclideanRing_EuclideanRing, Data_EuclideanRing.EuclideanRing, Constructor_Data_EuclideanRing_EuclideanRing[gopurs_runtime.Value], 1), destT=Struct(Data_Data_EuclideanRing_EuclideanRing, Data_EuclideanRing.EuclideanRing, Constructor_Data_EuclideanRing_EuclideanRing[float64], 1) with fields=0
Generating Rebox_Data_EuclideanRing_1774031598_166963253 for srcT=Struct(Data_Data_EuclideanRing_EuclideanRing, Data_EuclideanRing.EuclideanRing, Constructor_Data_EuclideanRing_EuclideanRing[gopurs_runtime.Value], 1), destT=Struct(Data_Data_EuclideanRing_EuclideanRing, Data_EuclideanRing.EuclideanRing, Constructor_Data_EuclideanRing_EuclideanRing[int64], 1) with fields=0
Generating Rebox_Data_EuclideanRing_166963253_1774031598 for srcT=Struct(Data_Data_EuclideanRing_EuclideanRing, Data_EuclideanRing.EuclideanRing, Constructor_Data_EuclideanRing_EuclideanRing[int64], 1), destT=Struct(Data_Data_EuclideanRing_EuclideanRing, Data_EuclideanRing.EuclideanRing, Constructor_Data_EuclideanRing_EuclideanRing[gopurs_runtime.Value], 1) with fields=0
Generating Rebox_Data_Monoid_67307368_1201789390 for srcT=Struct(Data_Data_Monoid_Monoid, Data_Monoid.Monoid, Constructor_Data_Monoid_Monoid[[]gopurs_runtime.Value], 1), destT=Struct(Data_Data_Monoid_Monoid, Data_Monoid.Monoid, Constructor_Data_Monoid_Monoid[gopurs_runtime.Value], 1) with fields=0
Generating Rebox_Data_Monoid_1201789390_67307368 for srcT=Struct(Data_Data_Monoid_Monoid, Data_Monoid.Monoid, Constructor_Data_Monoid_Monoid[gopurs_runtime.Value], 1), destT=Struct(Data_Data_Monoid_Monoid, Data_Monoid.Monoid, Constructor_Data_Monoid_Monoid[[]gopurs_runtime.Value], 1) with fields=0
Generating Rebox_Data_Monoid_1201789390_1950344881 for srcT=Struct(Data_Data_Monoid_Monoid, Data_Monoid.Monoid, Constructor_Data_Monoid_Monoid[gopurs_runtime.Value], 1), destT=Struct(Data_Data_Monoid_Monoid, Data_Monoid.Monoid, Constructor_Data_Monoid_Monoid[string], 1) with fields=0
Generating Rebox_Data_Monoid_1201789390_2443930307 for srcT=Struct(Data_Data_Monoid_Monoid, Data_Monoid.Monoid, Constructor_Data_Monoid_Monoid[gopurs_runtime.Value], 1), destT=Struct(Data_Data_Monoid_Monoid, Data_Monoid.Monoid, Constructor_Data_Monoid_Monoid[uint32], 1) with fields=0
Generating Rebox_Data_Monoid_1950344881_1201789390 for srcT=Struct(Data_Data_Monoid_Monoid, Data_Monoid.Monoid, Constructor_Data_Monoid_Monoid[string], 1), destT=Struct(Data_Data_Monoid_Monoid, Data_Monoid.Monoid, Constructor_Data_Monoid_Monoid[gopurs_runtime.Value], 1) with fields=0
Generating Rebox_Data_Monoid_2443930307_1201789390 for srcT=Struct(Data_Data_Monoid_Monoid, Data_Monoid.Monoid, Constructor_Data_Monoid_Monoid[uint32], 1), destT=Struct(Data_Data_Monoid_Monoid, Data_Monoid.Monoid, Constructor_Data_Monoid_Monoid[gopurs_runtime.Value], 1) with fields=0
Generating Rebox_Data_Monoid_986430664_4179793454 for srcT=Struct(Data_Data_Semigroup_Semigroup, Data_Semigroup.Semigroup, Constructor_Data_Semigroup_Semigroup[[]gopurs_runtime.Value], 1), destT=Struct(Data_Data_Semigroup_Semigroup, Data_Semigroup.Semigroup, Constructor_Data_Semigroup_Semigroup[gopurs_runtime.Value], 1) with fields=0
Generating Rebox_Data_Monoid_4179793454_986430664 for srcT=Struct(Data_Data_Semigroup_Semigroup, Data_Semigroup.Semigroup, Constructor_Data_Semigroup_Semigroup[gopurs_runtime.Value], 1), destT=Struct(Data_Data_Semigroup_Semigroup, Data_Semigroup.Semigroup, Constructor_Data_Semigroup_Semigroup[[]gopurs_runtime.Value], 1) with fields=0
Generating Rebox_Data_Monoid_4179793454_443971153 for srcT=Struct(Data_Data_Semigroup_Semigroup, Data_Semigroup.Semigroup, Constructor_Data_Semigroup_Semigroup[gopurs_runtime.Value], 1), destT=Struct(Data_Data_Semigroup_Semigroup, Data_Semigroup.Semigroup, Constructor_Data_Semigroup_Semigroup[string], 1) with fields=0
Generating Rebox_Data_Monoid_4179793454_1625289059 for srcT=Struct(Data_Data_Semigroup_Semigroup, Data_Semigroup.Semigroup, Constructor_Data_Semigroup_Semigroup[gopurs_runtime.Value], 1), destT=Struct(Data_Data_Semigroup_Semigroup, Data_Semigroup.Semigroup, Constructor_Data_Semigroup_Semigroup[uint32], 1) with fields=0
Generating Rebox_Data_Monoid_443971153_4179793454 for srcT=Struct(Data_Data_Semigroup_Semigroup, Data_Semigroup.Semigroup, Constructor_Data_Semigroup_Semigroup[string], 1), destT=Struct(Data_Data_Semigroup_Semigroup, Data_Semigroup.Semigroup, Constructor_Data_Semigroup_Semigroup[gopurs_runtime.Value], 1) with fields=0
Generating Rebox_Data_Monoid_1625289059_4179793454 for srcT=Struct(Data_Data_Semigroup_Semigroup, Data_Semigroup.Semigroup, Constructor_Data_Semigroup_Semigroup[uint32], 1), destT=Struct(Data_Data_Semigroup_Semigroup, Data_Semigroup.Semigroup, Constructor_Data_Semigroup_Semigroup[gopurs_runtime.Value], 1) with fields=0
Generating Rebox_Data_Bounded_3728870730_2094947566 for srcT=Struct(Data_Data_Bounded_Bounded, Data_Bounded.Bounded, Constructor_Data_Bounded_Bounded[bool], 1), destT=Struct(Data_Data_Bounded_Bounded, Data_Bounded.Bounded, Constructor_Data_Bounded_Bounded[gopurs_runtime.Value], 1) with fields=0
Generating Rebox_Data_Bounded_4294747894_2094947566 for srcT=Struct(Data_Data_Bounded_Bounded, Data_Bounded.Bounded, Constructor_Data_Bounded_Bounded[float64], 1), destT=Struct(Data_Data_Bounded_Bounded, Data_Bounded.Bounded, Constructor_Data_Bounded_Bounded[gopurs_runtime.Value], 1) with fields=0
Generating Rebox_Data_Bounded_2094947566_3728870730 for srcT=Struct(Data_Data_Bounded_Bounded, Data_Bounded.Bounded, Constructor_Data_Bounded_Bounded[gopurs_runtime.Value], 1), destT=Struct(Data_Data_Bounded_Bounded, Data_Bounded.Bounded, Constructor_Data_Bounded_Bounded[bool], 1) with fields=0
Generating Rebox_Data_Bounded_2094947566_4294747894 for srcT=Struct(Data_Data_Bounded_Bounded, Data_Bounded.Bounded, Constructor_Data_Bounded_Bounded[gopurs_runtime.Value], 1), destT=Struct(Data_Data_Bounded_Bounded, Data_Bounded.Bounded, Constructor_Data_Bounded_Bounded[float64], 1) with fields=0
Generating Rebox_Data_Bounded_2094947566_3764732725 for srcT=Struct(Data_Data_Bounded_Bounded, Data_Bounded.Bounded, Constructor_Data_Bounded_Bounded[gopurs_runtime.Value], 1), destT=Struct(Data_Data_Bounded_Bounded, Data_Bounded.Bounded, Constructor_Data_Bounded_Bounded[int64], 1) with fields=0
Generating Rebox_Data_Bounded_2094947566_2420955921 for srcT=Struct(Data_Data_Bounded_Bounded, Data_Bounded.Bounded, Constructor_Data_Bounded_Bounded[gopurs_runtime.Value], 1), destT=Struct(Data_Data_Bounded_Bounded, Data_Bounded.Bounded, Constructor_Data_Bounded_Bounded[string], 1) with fields=0
Generating Rebox_Data_Bounded_2094947566_832288803 for srcT=Struct(Data_Data_Bounded_Bounded, Data_Bounded.Bounded, Constructor_Data_Bounded_Bounded[gopurs_runtime.Value], 1), destT=Struct(Data_Data_Bounded_Bounded, Data_Bounded.Bounded, Constructor_Data_Bounded_Bounded[uint32], 1) with fields=0
Generating Rebox_Data_Bounded_3764732725_2094947566 for srcT=Struct(Data_Data_Bounded_Bounded, Data_Bounded.Bounded, Constructor_Data_Bounded_Bounded[int64], 1), destT=Struct(Data_Data_Bounded_Bounded, Data_Bounded.Bounded, Constructor_Data_Bounded_Bounded[gopurs_runtime.Value], 1) with fields=0
Generating Rebox_Data_Bounded_2420955921_2094947566 for srcT=Struct(Data_Data_Bounded_Bounded, Data_Bounded.Bounded, Constructor_Data_Bounded_Bounded[string], 1), destT=Struct(Data_Data_Bounded_Bounded, Data_Bounded.Bounded, Constructor_Data_Bounded_Bounded[gopurs_runtime.Value], 1) with fields=0
Generating Rebox_Data_Bounded_832288803_2094947566 for srcT=Struct(Data_Data_Bounded_Bounded, Data_Bounded.Bounded, Constructor_Data_Bounded_Bounded[uint32], 1), destT=Struct(Data_Data_Bounded_Bounded, Data_Bounded.Bounded, Constructor_Data_Bounded_Bounded[gopurs_runtime.Value], 1) with fields=0
Generating Rebox_Data_Bounded_219188042_4177771502 for srcT=Struct(Data_Data_Ord_Ord, Data_Ord.Ord, Constructor_Data_Ord_Ord[bool], 1), destT=Struct(Data_Data_Ord_Ord, Data_Ord.Ord, Constructor_Data_Ord_Ord[gopurs_runtime.Value], 1) with fields=0
Generating Rebox_Data_Bounded_3047586294_4177771502 for srcT=Struct(Data_Data_Ord_Ord, Data_Ord.Ord, Constructor_Data_Ord_Ord[float64], 1), destT=Struct(Data_Data_Ord_Ord, Data_Ord.Ord, Constructor_Data_Ord_Ord[gopurs_runtime.Value], 1) with fields=0
Generating Rebox_Data_Bounded_4177771502_219188042 for srcT=Struct(Data_Data_Ord_Ord, Data_Ord.Ord, Constructor_Data_Ord_Ord[gopurs_runtime.Value], 1), destT=Struct(Data_Data_Ord_Ord, Data_Ord.Ord, Constructor_Data_Ord_Ord[bool], 1) with fields=0
Generating Rebox_Data_Bounded_4177771502_3047586294 for srcT=Struct(Data_Data_Ord_Ord, Data_Ord.Ord, Constructor_Data_Ord_Ord[gopurs_runtime.Value], 1), destT=Struct(Data_Data_Ord_Ord, Data_Ord.Ord, Constructor_Data_Ord_Ord[float64], 1) with fields=0
Generating Rebox_Data_Bounded_4177771502_3308271157 for srcT=Struct(Data_Data_Ord_Ord, Data_Ord.Ord, Constructor_Data_Ord_Ord[gopurs_runtime.Value], 1), destT=Struct(Data_Data_Ord_Ord, Data_Ord.Ord, Constructor_Data_Ord_Ord[int64], 1) with fields=0
Generating Rebox_Data_Bounded_4177771502_2406510097 for srcT=Struct(Data_Data_Ord_Ord, Data_Ord.Ord, Constructor_Data_Ord_Ord[gopurs_runtime.Value], 1), destT=Struct(Data_Data_Ord_Ord, Data_Ord.Ord, Constructor_Data_Ord_Ord[string], 1) with fields=0
Generating Rebox_Data_Bounded_4177771502_3730953251 for srcT=Struct(Data_Data_Ord_Ord, Data_Ord.Ord, Constructor_Data_Ord_Ord[gopurs_runtime.Value], 1), destT=Struct(Data_Data_Ord_Ord, Data_Ord.Ord, Constructor_Data_Ord_Ord[uint32], 1) with fields=0
Generating Rebox_Data_Bounded_3308271157_4177771502 for srcT=Struct(Data_Data_Ord_Ord, Data_Ord.Ord, Constructor_Data_Ord_Ord[int64], 1), destT=Struct(Data_Data_Ord_Ord, Data_Ord.Ord, Constructor_Data_Ord_Ord[gopurs_runtime.Value], 1) with fields=0
Generating Rebox_Data_Bounded_2406510097_4177771502 for srcT=Struct(Data_Data_Ord_Ord, Data_Ord.Ord, Constructor_Data_Ord_Ord[string], 1), destT=Struct(Data_Data_Ord_Ord, Data_Ord.Ord, Constructor_Data_Ord_Ord[gopurs_runtime.Value], 1) with fields=0
Generating Rebox_Data_Bounded_3730953251_4177771502 for srcT=Struct(Data_Data_Ord_Ord, Data_Ord.Ord, Constructor_Data_Ord_Ord[uint32], 1), destT=Struct(Data_Data_Ord_Ord, Data_Ord.Ord, Constructor_Data_Ord_Ord[gopurs_runtime.Value], 1) with fields=0
Generating Rebox_Data_DivisionRing_1264867830_2381053422 for srcT=Struct(Data_Data_DivisionRing_DivisionRing, Data_DivisionRing.DivisionRing, Constructor_Data_DivisionRing_DivisionRing[float64], 1), destT=Struct(Data_Data_DivisionRing_DivisionRing, Data_DivisionRing.DivisionRing, Constructor_Data_DivisionRing_DivisionRing[gopurs_runtime.Value], 1) with fields=0
Generating Rebox_Data_DivisionRing_2381053422_1264867830 for srcT=Struct(Data_Data_DivisionRing_DivisionRing, Data_DivisionRing.DivisionRing, Constructor_Data_DivisionRing_DivisionRing[gopurs_runtime.Value], 1), destT=Struct(Data_Data_DivisionRing_DivisionRing, Data_DivisionRing.DivisionRing, Constructor_Data_DivisionRing_DivisionRing[float64], 1) with fields=0
Generating Rebox_Data_DivisionRing_2259598678_3060961102 for srcT=Struct(Data_Data_Ring_Ring, Data_Ring.Ring, Constructor_Data_Ring_Ring[float64], 1), destT=Struct(Data_Data_Ring_Ring, Data_Ring.Ring, Constructor_Data_Ring_Ring[gopurs_runtime.Value], 1) with fields=0
Generating Rebox_Data_DivisionRing_3060961102_2259598678 for srcT=Struct(Data_Data_Ring_Ring, Data_Ring.Ring, Constructor_Data_Ring_Ring[gopurs_runtime.Value], 1), destT=Struct(Data_Data_Ring_Ring, Data_Ring.Ring, Constructor_Data_Ring_Ring[float64], 1) with fields=0
Generating Rebox_Data_Generic_Rep_2520361185_1386611502 for srcT=Struct(Data_Data_Show_Show, Data_Show.Show, Constructor_Data_Show_Show[*Constructor_Data_Generic_Rep_Product[gopurs_runtime.Value, gopurs_runtime.Value]], 1), destT=Struct(Data_Data_Show_Show, Data_Show.Show, Constructor_Data_Show_Show[gopurs_runtime.Value], 1) with fields=0
Generating Rebox_Data_Generic_Rep_1386611502_2520361185 for srcT=Struct(Data_Data_Show_Show, Data_Show.Show, Constructor_Data_Show_Show[gopurs_runtime.Value], 1), destT=Struct(Data_Data_Show_Show, Data_Show.Show, Constructor_Data_Show_Show[*Constructor_Data_Generic_Rep_Product[gopurs_runtime.Value, gopurs_runtime.Value]], 1) with fields=0
Generating Rebox_Data_Generic_Rep_1386611502_1209612131 for srcT=Struct(Data_Data_Show_Show, Data_Show.Show, Constructor_Data_Show_Show[gopurs_runtime.Value], 1), destT=Struct(Data_Data_Show_Show, Data_Show.Show, Constructor_Data_Show_Show[uint32], 1) with fields=0
Generating Rebox_Data_Generic_Rep_1209612131_1386611502 for srcT=Struct(Data_Data_Show_Show, Data_Show.Show, Constructor_Data_Show_Show[uint32], 1), destT=Struct(Data_Data_Show_Show, Data_Show.Show, Constructor_Data_Show_Show[gopurs_runtime.Value], 1) with fields=0
Generating Rebox_Data_Maybe_3904200120_3421983481 for srcT=Struct(Data_Control_Alt_Alt, Control_Alt.Alt, Constructor_Control_Alt_Alt[*Constructor_Data_Maybe_Just[gopurs_runtime.Value]], 1), destT=Struct(Data_Control_Alt_Alt, Control_Alt.Alt, Constructor_Control_Alt_Alt[gopurs_runtime.Value], 1) with fields=0
Generating Rebox_Data_Maybe_3421983481_3904200120 for srcT=Struct(Data_Control_Alt_Alt, Control_Alt.Alt, Constructor_Control_Alt_Alt[gopurs_runtime.Value], 1), destT=Struct(Data_Control_Alt_Alt, Control_Alt.Alt, Constructor_Control_Alt_Alt[*Constructor_Data_Maybe_Just[gopurs_runtime.Value]], 1) with fields=0
Generating Rebox_Data_Maybe_673668088_2307501113 for srcT=Struct(Data_Control_Alternative_Alternative, Control_Alternative.Alternative, Constructor_Control_Alternative_Alternative[*Constructor_Data_Maybe_Just[gopurs_runtime.Value]], 1), destT=Struct(Data_Control_Alternative_Alternative, Control_Alternative.Alternative, Constructor_Control_Alternative_Alternative[gopurs_runtime.Value], 1) with fields=0
Generating Rebox_Data_Maybe_2307501113_673668088 for srcT=Struct(Data_Control_Alternative_Alternative, Control_Alternative.Alternative, Constructor_Control_Alternative_Alternative[gopurs_runtime.Value], 1), destT=Struct(Data_Control_Alternative_Alternative, Control_Alternative.Alternative, Constructor_Control_Alternative_Alternative[*Constructor_Data_Maybe_Just[gopurs_runtime.Value]], 1) with fields=0
Generating Rebox_Data_Maybe_649684152_1439734649 for srcT=Struct(Data_Control_Applicative_Applicative, Control_Applicative.Applicative, Constructor_Control_Applicative_Applicative[*Constructor_Data_Maybe_Just[gopurs_runtime.Value]], 1), destT=Struct(Data_Control_Applicative_Applicative, Control_Applicative.Applicative, Constructor_Control_Applicative_Applicative[gopurs_runtime.Value], 1) with fields=0
Generating Rebox_Data_Maybe_1439734649_649684152 for srcT=Struct(Data_Control_Applicative_Applicative, Control_Applicative.Applicative, Constructor_Control_Applicative_Applicative[gopurs_runtime.Value], 1), destT=Struct(Data_Control_Applicative_Applicative, Control_Applicative.Applicative, Constructor_Control_Applicative_Applicative[*Constructor_Data_Maybe_Just[gopurs_runtime.Value]], 1) with fields=0
Generating Rebox_Data_Maybe_3552963512_3741347833 for srcT=Struct(Data_Control_Apply_Apply, Control_Apply.Apply, Constructor_Control_Apply_Apply[*Constructor_Data_Maybe_Just[gopurs_runtime.Value]], 1), destT=Struct(Data_Control_Apply_Apply, Control_Apply.Apply, Constructor_Control_Apply_Apply[gopurs_runtime.Value], 1) with fields=0
Generating Rebox_Data_Maybe_3741347833_3552963512 for srcT=Struct(Data_Control_Apply_Apply, Control_Apply.Apply, Constructor_Control_Apply_Apply[gopurs_runtime.Value], 1), destT=Struct(Data_Control_Apply_Apply, Control_Apply.Apply, Constructor_Control_Apply_Apply[*Constructor_Data_Maybe_Just[gopurs_runtime.Value]], 1) with fields=0
Generating Rebox_Data_Maybe_3887487416_2748095225 for srcT=Struct(Data_Control_Bind_Bind, Control_Bind.Bind, Constructor_Control_Bind_Bind[*Constructor_Data_Maybe_Just[gopurs_runtime.Value]], 1), destT=Struct(Data_Control_Bind_Bind, Control_Bind.Bind, Constructor_Control_Bind_Bind[gopurs_runtime.Value], 1) with fields=0
Generating Rebox_Data_Maybe_2748095225_3887487416 for srcT=Struct(Data_Control_Bind_Bind, Control_Bind.Bind, Constructor_Control_Bind_Bind[gopurs_runtime.Value], 1), destT=Struct(Data_Control_Bind_Bind, Control_Bind.Bind, Constructor_Control_Bind_Bind[*Constructor_Data_Maybe_Just[gopurs_runtime.Value]], 1) with fields=0
Generating Rebox_Data_Maybe_570732504_3290176857 for srcT=Struct(Data_Control_Extend_Extend, Control_Extend.Extend, Constructor_Control_Extend_Extend[*Constructor_Data_Maybe_Just[gopurs_runtime.Value]], 1), destT=Struct(Data_Control_Extend_Extend, Control_Extend.Extend, Constructor_Control_Extend_Extend[gopurs_runtime.Value], 1) with fields=0
Generating Rebox_Data_Maybe_3290176857_570732504 for srcT=Struct(Data_Control_Extend_Extend, Control_Extend.Extend, Constructor_Control_Extend_Extend[gopurs_runtime.Value], 1), destT=Struct(Data_Control_Extend_Extend, Control_Extend.Extend, Constructor_Control_Extend_Extend[*Constructor_Data_Maybe_Just[gopurs_runtime.Value]], 1) with fields=0
Generating Rebox_Data_Maybe_1642601656_2568689657 for srcT=Struct(Data_Control_Monad_Monad, Control_Monad.Monad, Constructor_Control_Monad_Monad[*Constructor_Data_Maybe_Just[gopurs_runtime.Value]], 1), destT=Struct(Data_Control_Monad_Monad, Control_Monad.Monad, Constructor_Control_Monad_Monad[gopurs_runtime.Value], 1) with fields=0
Generating Rebox_Data_Maybe_2568689657_1642601656 for srcT=Struct(Data_Control_Monad_Monad, Control_Monad.Monad, Constructor_Control_Monad_Monad[gopurs_runtime.Value], 1), destT=Struct(Data_Control_Monad_Monad, Control_Monad.Monad, Constructor_Control_Monad_Monad[*Constructor_Data_Maybe_Just[gopurs_runtime.Value]], 1) with fields=0
Generating Rebox_Data_Maybe_267397720_3706288089 for srcT=Struct(Data_Control_Plus_Plus, Control_Plus.Plus, Constructor_Control_Plus_Plus[*Constructor_Data_Maybe_Just[gopurs_runtime.Value]], 1), destT=Struct(Data_Control_Plus_Plus, Control_Plus.Plus, Constructor_Control_Plus_Plus[gopurs_runtime.Value], 1) with fields=0
Generating Rebox_Data_Maybe_3706288089_267397720 for srcT=Struct(Data_Control_Plus_Plus, Control_Plus.Plus, Constructor_Control_Plus_Plus[gopurs_runtime.Value], 1), destT=Struct(Data_Control_Plus_Plus, Control_Plus.Plus, Constructor_Control_Plus_Plus[*Constructor_Data_Maybe_Just[gopurs_runtime.Value]], 1) with fields=0
Generating Rebox_Data_Maybe_591333647_2094947566 for srcT=Struct(Data_Data_Bounded_Bounded, Data_Bounded.Bounded, Constructor_Data_Bounded_Bounded[*Constructor_Data_Maybe_Just[gopurs_runtime.Value]], 1), destT=Struct(Data_Data_Bounded_Bounded, Data_Bounded.Bounded, Constructor_Data_Bounded_Bounded[gopurs_runtime.Value], 1) with fields=0
Generating Rebox_Data_Maybe_2094947566_591333647 for srcT=Struct(Data_Data_Bounded_Bounded, Data_Bounded.Bounded, Constructor_Data_Bounded_Bounded[gopurs_runtime.Value], 1), destT=Struct(Data_Data_Bounded_Bounded, Data_Bounded.Bounded, Constructor_Data_Bounded_Bounded[*Constructor_Data_Maybe_Just[gopurs_runtime.Value]], 1) with fields=0
Generating Rebox_Data_Maybe_3508461103_3790796878 for srcT=Struct(Data_Data_Eq_Eq, Data_Eq.Eq, Constructor_Data_Eq_Eq[*Constructor_Data_Maybe_Just[gopurs_runtime.Value]], 1), destT=Struct(Data_Data_Eq_Eq, Data_Eq.Eq, Constructor_Data_Eq_Eq[gopurs_runtime.Value], 1) with fields=0
Generating Rebox_Data_Maybe_3790796878_3508461103 for srcT=Struct(Data_Data_Eq_Eq, Data_Eq.Eq, Constructor_Data_Eq_Eq[gopurs_runtime.Value], 1), destT=Struct(Data_Data_Eq_Eq, Data_Eq.Eq, Constructor_Data_Eq_Eq[*Constructor_Data_Maybe_Just[gopurs_runtime.Value]], 1) with fields=0
Generating Rebox_Data_Maybe_1662389854_1766074591 for srcT=Struct(Data_Data_Eq_Eq1, Data_Eq.Eq1, Constructor_Data_Eq_Eq1[*Constructor_Data_Maybe_Just[gopurs_runtime.Value]], 1), destT=Struct(Data_Data_Eq_Eq1, Data_Eq.Eq1, Constructor_Data_Eq_Eq1[gopurs_runtime.Value], 1) with fields=0
Generating Rebox_Data_Maybe_1766074591_1662389854 for srcT=Struct(Data_Data_Eq_Eq1, Data_Eq.Eq1, Constructor_Data_Eq_Eq1[gopurs_runtime.Value], 1), destT=Struct(Data_Data_Eq_Eq1, Data_Eq.Eq1, Constructor_Data_Eq_Eq1[*Constructor_Data_Maybe_Just[gopurs_runtime.Value]], 1) with fields=0
Generating Rebox_Data_Maybe_3689823567_2812149806 for srcT=Struct(Data_Data_Functor_Functor, Data_Functor.Functor, Constructor_Data_Functor_Functor[*Constructor_Data_Maybe_Just[gopurs_runtime.Value]], 1), destT=Struct(Data_Data_Functor_Functor, Data_Functor.Functor, Constructor_Data_Functor_Functor[gopurs_runtime.Value], 1) with fields=0
Generating Rebox_Data_Maybe_2812149806_3689823567 for srcT=Struct(Data_Data_Functor_Functor, Data_Functor.Functor, Constructor_Data_Functor_Functor[gopurs_runtime.Value], 1), destT=Struct(Data_Data_Functor_Functor, Data_Functor.Functor, Constructor_Data_Functor_Functor[*Constructor_Data_Maybe_Just[gopurs_runtime.Value]], 1) with fields=0
Generating Rebox_Data_Maybe_3818752775_2241343270 for srcT=Struct(Data_Data_Functor_Invariant_Invariant, Data_Functor_Invariant.Invariant, Constructor_Data_Functor_Invariant_Invariant[*Constructor_Data_Maybe_Just[gopurs_runtime.Value]], 1), destT=Struct(Data_Data_Functor_Invariant_Invariant, Data_Functor_Invariant.Invariant, Constructor_Data_Functor_Invariant_Invariant[gopurs_runtime.Value], 1) with fields=0
Generating Rebox_Data_Maybe_2241343270_3818752775 for srcT=Struct(Data_Data_Functor_Invariant_Invariant, Data_Functor_Invariant.Invariant, Constructor_Data_Functor_Invariant_Invariant[gopurs_runtime.Value], 1), destT=Struct(Data_Data_Functor_Invariant_Invariant, Data_Functor_Invariant.Invariant, Constructor_Data_Functor_Invariant_Invariant[*Constructor_Data_Maybe_Just[gopurs_runtime.Value]], 1) with fields=0
Generating Rebox_Data_Maybe_732223057_2818661616 for srcT=Struct(Data_Data_Generic_Rep_Generic, Data_Generic_Rep.Generic, Constructor_Data_Generic_Rep_Generic[*Constructor_Data_Maybe_Just[gopurs_runtime.Value], gopurs_runtime.Value], 2), destT=Struct(Data_Data_Generic_Rep_Generic, Data_Generic_Rep.Generic, Constructor_Data_Generic_Rep_Generic[gopurs_runtime.Value, gopurs_runtime.Value], 2) with fields=0
Generating Rebox_Data_Maybe_2818661616_732223057 for srcT=Struct(Data_Data_Generic_Rep_Generic, Data_Generic_Rep.Generic, Constructor_Data_Generic_Rep_Generic[gopurs_runtime.Value, gopurs_runtime.Value], 2), destT=Struct(Data_Data_Generic_Rep_Generic, Data_Generic_Rep.Generic, Constructor_Data_Generic_Rep_Generic[*Constructor_Data_Maybe_Just[gopurs_runtime.Value], gopurs_runtime.Value], 2) with fields=0
Generating Rebox_Data_Maybe_497217223_1323331594 for srcT=Struct(Data_Data_Generic_Rep_Inl, Data_Generic_Rep.Inl, Constructor_Data_Generic_Rep_Inl[uint32, gopurs_runtime.Value], 2), destT=Struct(Data_Data_Generic_Rep_Inl, Data_Generic_Rep.Inl, Constructor_Data_Generic_Rep_Inl[gopurs_runtime.Value, gopurs_runtime.Value], 2) with fields=1
Generating Rebox_Data_Maybe_660678937_2687169876 for srcT=Struct(Data_Data_Generic_Rep_Inr, Data_Generic_Rep.Inr, Constructor_Data_Generic_Rep_Inr[uint32, gopurs_runtime.Value], 2), destT=Struct(Data_Data_Generic_Rep_Inr, Data_Generic_Rep.Inr, Constructor_Data_Generic_Rep_Inr[gopurs_runtime.Value, gopurs_runtime.Value], 2) with fields=1
Generating Rebox_Data_Maybe_3094389156_2280409795 for srcT=Struct(Data_Data_Maybe_Just, Data_Maybe.Just, Constructor_Data_Maybe_Just[gopurs_runtime.Value], 1), destT=Struct(Data_Data_Maybe_Just, Data_Maybe.Just, Constructor_Data_Maybe_Just[*Constructor_Data_Date_Date], 1) with fields=1
Generating Rebox_Data_Maybe_3094389156_3839235747 for srcT=Struct(Data_Data_Maybe_Just, Data_Maybe.Just, Constructor_Data_Maybe_Just[gopurs_runtime.Value], 1), destT=Struct(Data_Data_Maybe_Just, Data_Maybe.Just, Constructor_Data_Maybe_Just[*Constructor_Data_Time_Time], 1) with fields=1
Generating Rebox_Data_Maybe_3094389156_1495236409 for srcT=Struct(Data_Data_Maybe_Just, Data_Maybe.Just, Constructor_Data_Maybe_Just[gopurs_runtime.Value], 1), destT=Struct(Data_Data_Maybe_Just, Data_Maybe.Just, Constructor_Data_Maybe_Just[[]int64], 1) with fields=1
Generating Rebox_Data_Maybe_3094389156_1731162461 for srcT=Struct(Data_Data_Maybe_Just, Data_Maybe.Just, Constructor_Data_Maybe_Just[gopurs_runtime.Value], 1), destT=Struct(Data_Data_Maybe_Just, Data_Maybe.Just, Constructor_Data_Maybe_Just[[]string], 1) with fields=1
Generating Rebox_Data_Maybe_3094389156_3240988860 for srcT=Struct(Data_Data_Maybe_Just, Data_Maybe.Just, Constructor_Data_Maybe_Just[gopurs_runtime.Value], 1), destT=Struct(Data_Data_Maybe_Just, Data_Maybe.Just, Constructor_Data_Maybe_Just[float64], 1) with fields=1
Generating Rebox_Data_Maybe_3094389156_1170268447 for srcT=Struct(Data_Data_Maybe_Just, Data_Maybe.Just, Constructor_Data_Maybe_Just[gopurs_runtime.Value], 1), destT=Struct(Data_Data_Maybe_Just, Data_Maybe.Just, Constructor_Data_Maybe_Just[int64], 1) with fields=1
Generating Rebox_Data_Maybe_3094389156_742090555 for srcT=Struct(Data_Data_Maybe_Just, Data_Maybe.Just, Constructor_Data_Maybe_Just[gopurs_runtime.Value], 1), destT=Struct(Data_Data_Maybe_Just, Data_Maybe.Just, Constructor_Data_Maybe_Just[string], 1) with fields=1
Generating Rebox_Data_Maybe_3094389156_622082505 for srcT=Struct(Data_Data_Maybe_Just, Data_Maybe.Just, Constructor_Data_Maybe_Just[gopurs_runtime.Value], 1), destT=Struct(Data_Data_Maybe_Just, Data_Maybe.Just, Constructor_Data_Maybe_Just[uint32], 1) with fields=1
Generating Rebox_Data_Maybe_1089607855_1201789390 for srcT=Struct(Data_Data_Monoid_Monoid, Data_Monoid.Monoid, Constructor_Data_Monoid_Monoid[*Constructor_Data_Maybe_Just[gopurs_runtime.Value]], 1), destT=Struct(Data_Data_Monoid_Monoid, Data_Monoid.Monoid, Constructor_Data_Monoid_Monoid[gopurs_runtime.Value], 1) with fields=0
Generating Rebox_Data_Maybe_1201789390_1089607855 for srcT=Struct(Data_Data_Monoid_Monoid, Data_Monoid.Monoid, Constructor_Data_Monoid_Monoid[gopurs_runtime.Value], 1), destT=Struct(Data_Data_Monoid_Monoid, Data_Monoid.Monoid, Constructor_Data_Monoid_Monoid[*Constructor_Data_Maybe_Just[gopurs_runtime.Value]], 1) with fields=0
Generating Rebox_Data_Maybe_2155612431_4177771502 for srcT=Struct(Data_Data_Ord_Ord, Data_Ord.Ord, Constructor_Data_Ord_Ord[*Constructor_Data_Maybe_Just[gopurs_runtime.Value]], 1), destT=Struct(Data_Data_Ord_Ord, Data_Ord.Ord, Constructor_Data_Ord_Ord[gopurs_runtime.Value], 1) with fields=0
Generating Rebox_Data_Maybe_4177771502_2155612431 for srcT=Struct(Data_Data_Ord_Ord, Data_Ord.Ord, Constructor_Data_Ord_Ord[gopurs_runtime.Value], 1), destT=Struct(Data_Data_Ord_Ord, Data_Ord.Ord, Constructor_Data_Ord_Ord[*Constructor_Data_Maybe_Just[gopurs_runtime.Value]], 1) with fields=0
Generating Rebox_Data_Maybe_170825214_3985601471 for srcT=Struct(Data_Data_Ord_Ord1, Data_Ord.Ord1, Constructor_Data_Ord_Ord1[*Constructor_Data_Maybe_Just[gopurs_runtime.Value]], 1), destT=Struct(Data_Data_Ord_Ord1, Data_Ord.Ord1, Constructor_Data_Ord_Ord1[gopurs_runtime.Value], 1) with fields=0
Generating Rebox_Data_Maybe_3985601471_170825214 for srcT=Struct(Data_Data_Ord_Ord1, Data_Ord.Ord1, Constructor_Data_Ord_Ord1[gopurs_runtime.Value], 1), destT=Struct(Data_Data_Ord_Ord1, Data_Ord.Ord1, Constructor_Data_Ord_Ord1[*Constructor_Data_Maybe_Just[gopurs_runtime.Value]], 1) with fields=0
Generating Rebox_Data_Maybe_125234255_4179793454 for srcT=Struct(Data_Data_Semigroup_Semigroup, Data_Semigroup.Semigroup, Constructor_Data_Semigroup_Semigroup[*Constructor_Data_Maybe_Just[gopurs_runtime.Value]], 1), destT=Struct(Data_Data_Semigroup_Semigroup, Data_Semigroup.Semigroup, Constructor_Data_Semigroup_Semigroup[gopurs_runtime.Value], 1) with fields=0
Generating Rebox_Data_Maybe_4179793454_125234255 for srcT=Struct(Data_Data_Semigroup_Semigroup, Data_Semigroup.Semigroup, Constructor_Data_Semigroup_Semigroup[gopurs_runtime.Value], 1), destT=Struct(Data_Data_Semigroup_Semigroup, Data_Semigroup.Semigroup, Constructor_Data_Semigroup_Semigroup[*Constructor_Data_Maybe_Just[gopurs_runtime.Value]], 1) with fields=0
Generating Rebox_Data_Maybe_2047434479_2826095630 for srcT=Struct(Data_Data_Semiring_Semiring, Data_Semiring.Semiring, Constructor_Data_Semiring_Semiring[*Constructor_Data_Maybe_Just[gopurs_runtime.Value]], 1), destT=Struct(Data_Data_Semiring_Semiring, Data_Semiring.Semiring, Constructor_Data_Semiring_Semiring[gopurs_runtime.Value], 1) with fields=0
Generating Rebox_Data_Maybe_2826095630_2047434479 for srcT=Struct(Data_Data_Semiring_Semiring, Data_Semiring.Semiring, Constructor_Data_Semiring_Semiring[gopurs_runtime.Value], 1), destT=Struct(Data_Data_Semiring_Semiring, Data_Semiring.Semiring, Constructor_Data_Semiring_Semiring[*Constructor_Data_Maybe_Just[gopurs_runtime.Value]], 1) with fields=0
Generating Rebox_Data_Maybe_345859663_1386611502 for srcT=Struct(Data_Data_Show_Show, Data_Show.Show, Constructor_Data_Show_Show[*Constructor_Data_Maybe_Just[gopurs_runtime.Value]], 1), destT=Struct(Data_Data_Show_Show, Data_Show.Show, Constructor_Data_Show_Show[gopurs_runtime.Value], 1) with fields=0
Generating Rebox_Data_Maybe_1386611502_345859663 for srcT=Struct(Data_Data_Show_Show, Data_Show.Show, Constructor_Data_Show_Show[gopurs_runtime.Value], 1), destT=Struct(Data_Data_Show_Show, Data_Show.Show, Constructor_Data_Show_Show[*Constructor_Data_Maybe_Just[gopurs_runtime.Value]], 1) with fields=0
Generating Rebox_Data_Tuple_894579924_1439734649 for srcT=Struct(Data_Control_Applicative_Applicative, Control_Applicative.Applicative, Constructor_Control_Applicative_Applicative[*Constructor_Data_Tuple_Tuple[gopurs_runtime.Value, gopurs_runtime.Value]], 1), destT=Struct(Data_Control_Applicative_Applicative, Control_Applicative.Applicative, Constructor_Control_Applicative_Applicative[gopurs_runtime.Value], 1) with fields=0
Generating Rebox_Data_Tuple_1439734649_894579924 for srcT=Struct(Data_Control_Applicative_Applicative, Control_Applicative.Applicative, Constructor_Control_Applicative_Applicative[gopurs_runtime.Value], 1), destT=Struct(Data_Control_Applicative_Applicative, Control_Applicative.Applicative, Constructor_Control_Applicative_Applicative[*Constructor_Data_Tuple_Tuple[gopurs_runtime.Value, gopurs_runtime.Value]], 1) with fields=0
Generating Rebox_Data_Tuple_2708463828_3741347833 for srcT=Struct(Data_Control_Apply_Apply, Control_Apply.Apply, Constructor_Control_Apply_Apply[*Constructor_Data_Tuple_Tuple[gopurs_runtime.Value, gopurs_runtime.Value]], 1), destT=Struct(Data_Control_Apply_Apply, Control_Apply.Apply, Constructor_Control_Apply_Apply[gopurs_runtime.Value], 1) with fields=0
Generating Rebox_Data_Tuple_3741347833_2708463828 for srcT=Struct(Data_Control_Apply_Apply, Control_Apply.Apply, Constructor_Control_Apply_Apply[gopurs_runtime.Value], 1), destT=Struct(Data_Control_Apply_Apply, Control_Apply.Apply, Constructor_Control_Apply_Apply[*Constructor_Data_Tuple_Tuple[gopurs_runtime.Value, gopurs_runtime.Value]], 1) with fields=0
Generating Rebox_Data_Tuple_2495815764_2748095225 for srcT=Struct(Data_Control_Bind_Bind, Control_Bind.Bind, Constructor_Control_Bind_Bind[*Constructor_Data_Tuple_Tuple[gopurs_runtime.Value, gopurs_runtime.Value]], 1), destT=Struct(Data_Control_Bind_Bind, Control_Bind.Bind, Constructor_Control_Bind_Bind[gopurs_runtime.Value], 1) with fields=0
Generating Rebox_Data_Tuple_2748095225_2495815764 for srcT=Struct(Data_Control_Bind_Bind, Control_Bind.Bind, Constructor_Control_Bind_Bind[gopurs_runtime.Value], 1), destT=Struct(Data_Control_Bind_Bind, Control_Bind.Bind, Constructor_Control_Bind_Bind[*Constructor_Data_Tuple_Tuple[gopurs_runtime.Value, gopurs_runtime.Value]], 1) with fields=0
Generating Rebox_Data_Tuple_3056445460_2550391993 for srcT=Struct(Data_Control_Comonad_Comonad, Control_Comonad.Comonad, Constructor_Control_Comonad_Comonad[*Constructor_Data_Tuple_Tuple[gopurs_runtime.Value, gopurs_runtime.Value]], 1), destT=Struct(Data_Control_Comonad_Comonad, Control_Comonad.Comonad, Constructor_Control_Comonad_Comonad[gopurs_runtime.Value], 1) with fields=0
Generating Rebox_Data_Tuple_2550391993_3056445460 for srcT=Struct(Data_Control_Comonad_Comonad, Control_Comonad.Comonad, Constructor_Control_Comonad_Comonad[gopurs_runtime.Value], 1), destT=Struct(Data_Control_Comonad_Comonad, Control_Comonad.Comonad, Constructor_Control_Comonad_Comonad[*Constructor_Data_Tuple_Tuple[gopurs_runtime.Value, gopurs_runtime.Value]], 1) with fields=0
Generating Rebox_Data_Tuple_3108778612_3290176857 for srcT=Struct(Data_Control_Extend_Extend, Control_Extend.Extend, Constructor_Control_Extend_Extend[*Constructor_Data_Tuple_Tuple[gopurs_runtime.Value, gopurs_runtime.Value]], 1), destT=Struct(Data_Control_Extend_Extend, Control_Extend.Extend, Constructor_Control_Extend_Extend[gopurs_runtime.Value], 1) with fields=0
Generating Rebox_Data_Tuple_3290176857_3108778612 for srcT=Struct(Data_Control_Extend_Extend, Control_Extend.Extend, Constructor_Control_Extend_Extend[gopurs_runtime.Value], 1), destT=Struct(Data_Control_Extend_Extend, Control_Extend.Extend, Constructor_Control_Extend_Extend[*Constructor_Data_Tuple_Tuple[gopurs_runtime.Value, gopurs_runtime.Value]], 1) with fields=0
Generating Rebox_Data_Tuple_1697203252_690570009 for srcT=Struct(Data_Control_Lazy_Lazy, Control_Lazy.Lazy, Constructor_Control_Lazy_Lazy[*Constructor_Data_Tuple_Tuple[gopurs_runtime.Value, gopurs_runtime.Value]], 1), destT=Struct(Data_Control_Lazy_Lazy, Control_Lazy.Lazy, Constructor_Control_Lazy_Lazy[gopurs_runtime.Value], 1) with fields=0
Generating Rebox_Data_Tuple_690570009_1697203252 for srcT=Struct(Data_Control_Lazy_Lazy, Control_Lazy.Lazy, Constructor_Control_Lazy_Lazy[gopurs_runtime.Value], 1), destT=Struct(Data_Control_Lazy_Lazy, Control_Lazy.Lazy, Constructor_Control_Lazy_Lazy[*Constructor_Data_Tuple_Tuple[gopurs_runtime.Value, gopurs_runtime.Value]], 1) with fields=0
Generating Rebox_Data_Tuple_2157788756_2568689657 for srcT=Struct(Data_Control_Monad_Monad, Control_Monad.Monad, Constructor_Control_Monad_Monad[*Constructor_Data_Tuple_Tuple[gopurs_runtime.Value, gopurs_runtime.Value]], 1), destT=Struct(Data_Control_Monad_Monad, Control_Monad.Monad, Constructor_Control_Monad_Monad[gopurs_runtime.Value], 1) with fields=0
Generating Rebox_Data_Tuple_2568689657_2157788756 for srcT=Struct(Data_Control_Monad_Monad, Control_Monad.Monad, Constructor_Control_Monad_Monad[gopurs_runtime.Value], 1), destT=Struct(Data_Control_Monad_Monad, Control_Monad.Monad, Constructor_Control_Monad_Monad[*Constructor_Data_Tuple_Tuple[gopurs_runtime.Value, gopurs_runtime.Value]], 1) with fields=0
Generating Rebox_Data_Tuple_866528276_2173614649 for srcT=Struct(Data_Control_Semigroupoid_Semigroupoid, Control_Semigroupoid.Semigroupoid, Constructor_Control_Semigroupoid_Semigroupoid[*Constructor_Data_Tuple_Tuple[gopurs_runtime.Value, gopurs_runtime.Value]], 1), destT=Struct(Data_Control_Semigroupoid_Semigroupoid, Control_Semigroupoid.Semigroupoid, Constructor_Control_Semigroupoid_Semigroupoid[gopurs_runtime.Value], 1) with fields=0
Generating Rebox_Data_Tuple_2173614649_866528276 for srcT=Struct(Data_Control_Semigroupoid_Semigroupoid, Control_Semigroupoid.Semigroupoid, Constructor_Control_Semigroupoid_Semigroupoid[gopurs_runtime.Value], 1), destT=Struct(Data_Control_Semigroupoid_Semigroupoid, Control_Semigroupoid.Semigroupoid, Constructor_Control_Semigroupoid_Semigroupoid[*Constructor_Data_Tuple_Tuple[gopurs_runtime.Value, gopurs_runtime.Value]], 1) with fields=0
Generating Rebox_Data_Tuple_1224846915_72969294 for srcT=Struct(Data_Data_BooleanAlgebra_BooleanAlgebra, Data_BooleanAlgebra.BooleanAlgebra, Constructor_Data_BooleanAlgebra_BooleanAlgebra[*Constructor_Data_Tuple_Tuple[gopurs_runtime.Value, gopurs_runtime.Value]], 1), destT=Struct(Data_Data_BooleanAlgebra_BooleanAlgebra, Data_BooleanAlgebra.BooleanAlgebra, Constructor_Data_BooleanAlgebra_BooleanAlgebra[gopurs_runtime.Value], 1) with fields=0
Generating Rebox_Data_Tuple_72969294_1224846915 for srcT=Struct(Data_Data_BooleanAlgebra_BooleanAlgebra, Data_BooleanAlgebra.BooleanAlgebra, Constructor_Data_BooleanAlgebra_BooleanAlgebra[gopurs_runtime.Value], 1), destT=Struct(Data_Data_BooleanAlgebra_BooleanAlgebra, Data_BooleanAlgebra.BooleanAlgebra, Constructor_Data_BooleanAlgebra_BooleanAlgebra[*Constructor_Data_Tuple_Tuple[gopurs_runtime.Value, gopurs_runtime.Value]], 1) with fields=0
Generating Rebox_Data_Tuple_6519395_2094947566 for srcT=Struct(Data_Data_Bounded_Bounded, Data_Bounded.Bounded, Constructor_Data_Bounded_Bounded[*Constructor_Data_Tuple_Tuple[gopurs_runtime.Value, gopurs_runtime.Value]], 1), destT=Struct(Data_Data_Bounded_Bounded, Data_Bounded.Bounded, Constructor_Data_Bounded_Bounded[gopurs_runtime.Value], 1) with fields=0
Generating Rebox_Data_Tuple_2094947566_6519395 for srcT=Struct(Data_Data_Bounded_Bounded, Data_Bounded.Bounded, Constructor_Data_Bounded_Bounded[gopurs_runtime.Value], 1), destT=Struct(Data_Data_Bounded_Bounded, Data_Bounded.Bounded, Constructor_Data_Bounded_Bounded[*Constructor_Data_Tuple_Tuple[gopurs_runtime.Value, gopurs_runtime.Value]], 1) with fields=0
Generating Rebox_Data_Tuple_569417955_1073849710 for srcT=Struct(Data_Data_CommutativeRing_CommutativeRing, Data_CommutativeRing.CommutativeRing, Constructor_Data_CommutativeRing_CommutativeRing[*Constructor_Data_Tuple_Tuple[gopurs_runtime.Value, gopurs_runtime.Value]], 1), destT=Struct(Data_Data_CommutativeRing_CommutativeRing, Data_CommutativeRing.CommutativeRing, Constructor_Data_CommutativeRing_CommutativeRing[gopurs_runtime.Value], 1) with fields=0
Generating Rebox_Data_Tuple_1073849710_569417955 for srcT=Struct(Data_Data_CommutativeRing_CommutativeRing, Data_CommutativeRing.CommutativeRing, Constructor_Data_CommutativeRing_CommutativeRing[gopurs_runtime.Value], 1), destT=Struct(Data_Data_CommutativeRing_CommutativeRing, Data_CommutativeRing.CommutativeRing, Constructor_Data_CommutativeRing_CommutativeRing[*Constructor_Data_Tuple_Tuple[gopurs_runtime.Value, gopurs_runtime.Value]], 1) with fields=0
Generating Rebox_Data_Tuple_2450374787_3790796878 for srcT=Struct(Data_Data_Eq_Eq, Data_Eq.Eq, Constructor_Data_Eq_Eq[*Constructor_Data_Tuple_Tuple[gopurs_runtime.Value, gopurs_runtime.Value]], 1), destT=Struct(Data_Data_Eq_Eq, Data_Eq.Eq, Constructor_Data_Eq_Eq[gopurs_runtime.Value], 1) with fields=0
Generating Rebox_Data_Tuple_3790796878_2450374787 for srcT=Struct(Data_Data_Eq_Eq, Data_Eq.Eq, Constructor_Data_Eq_Eq[gopurs_runtime.Value], 1), destT=Struct(Data_Data_Eq_Eq, Data_Eq.Eq, Constructor_Data_Eq_Eq[*Constructor_Data_Tuple_Tuple[gopurs_runtime.Value, gopurs_runtime.Value]], 1) with fields=0
Generating Rebox_Data_Tuple_2909557234_1766074591 for srcT=Struct(Data_Data_Eq_Eq1, Data_Eq.Eq1, Constructor_Data_Eq_Eq1[*Constructor_Data_Tuple_Tuple[gopurs_runtime.Value, gopurs_runtime.Value]], 1), destT=Struct(Data_Data_Eq_Eq1, Data_Eq.Eq1, Constructor_Data_Eq_Eq1[gopurs_runtime.Value], 1) with fields=0
Generating Rebox_Data_Tuple_1766074591_2909557234 for srcT=Struct(Data_Data_Eq_Eq1, Data_Eq.Eq1, Constructor_Data_Eq_Eq1[gopurs_runtime.Value], 1), destT=Struct(Data_Data_Eq_Eq1, Data_Eq.Eq1, Constructor_Data_Eq_Eq1[*Constructor_Data_Tuple_Tuple[gopurs_runtime.Value, gopurs_runtime.Value]], 1) with fields=0
Generating Rebox_Data_Tuple_2363162019_2812149806 for srcT=Struct(Data_Data_Functor_Functor, Data_Functor.Functor, Constructor_Data_Functor_Functor[*Constructor_Data_Tuple_Tuple[gopurs_runtime.Value, gopurs_runtime.Value]], 1), destT=Struct(Data_Data_Functor_Functor, Data_Functor.Functor, Constructor_Data_Functor_Functor[gopurs_runtime.Value], 1) with fields=0
Generating Rebox_Data_Tuple_2812149806_2363162019 for srcT=Struct(Data_Data_Functor_Functor, Data_Functor.Functor, Constructor_Data_Functor_Functor[gopurs_runtime.Value], 1), destT=Struct(Data_Data_Functor_Functor, Data_Functor.Functor, Constructor_Data_Functor_Functor[*Constructor_Data_Tuple_Tuple[gopurs_runtime.Value, gopurs_runtime.Value]], 1) with fields=0
Generating Rebox_Data_Tuple_2883191915_2241343270 for srcT=Struct(Data_Data_Functor_Invariant_Invariant, Data_Functor_Invariant.Invariant, Constructor_Data_Functor_Invariant_Invariant[*Constructor_Data_Tuple_Tuple[gopurs_runtime.Value, gopurs_runtime.Value]], 1), destT=Struct(Data_Data_Functor_Invariant_Invariant, Data_Functor_Invariant.Invariant, Constructor_Data_Functor_Invariant_Invariant[gopurs_runtime.Value], 1) with fields=0
Generating Rebox_Data_Tuple_2241343270_2883191915 for srcT=Struct(Data_Data_Functor_Invariant_Invariant, Data_Functor_Invariant.Invariant, Constructor_Data_Functor_Invariant_Invariant[gopurs_runtime.Value], 1), destT=Struct(Data_Data_Functor_Invariant_Invariant, Data_Functor_Invariant.Invariant, Constructor_Data_Functor_Invariant_Invariant[*Constructor_Data_Tuple_Tuple[gopurs_runtime.Value, gopurs_runtime.Value]], 1) with fields=0
Generating Rebox_Data_Tuple_4041189842_2818661616 for srcT=Struct(Data_Data_Generic_Rep_Generic, Data_Generic_Rep.Generic, Constructor_Data_Generic_Rep_Generic[*Constructor_Data_Tuple_Tuple[gopurs_runtime.Value, gopurs_runtime.Value], *Constructor_Data_Generic_Rep_Product[gopurs_runtime.Value, gopurs_runtime.Value]], 2), destT=Struct(Data_Data_Generic_Rep_Generic, Data_Generic_Rep.Generic, Constructor_Data_Generic_Rep_Generic[gopurs_runtime.Value, gopurs_runtime.Value], 2) with fields=0
Generating Rebox_Data_Tuple_2818661616_4041189842 for srcT=Struct(Data_Data_Generic_Rep_Generic, Data_Generic_Rep.Generic, Constructor_Data_Generic_Rep_Generic[gopurs_runtime.Value, gopurs_runtime.Value], 2), destT=Struct(Data_Data_Generic_Rep_Generic, Data_Generic_Rep.Generic, Constructor_Data_Generic_Rep_Generic[*Constructor_Data_Tuple_Tuple[gopurs_runtime.Value, gopurs_runtime.Value], *Constructor_Data_Generic_Rep_Product[gopurs_runtime.Value, gopurs_runtime.Value]], 2) with fields=0
Generating Rebox_Data_Tuple_248497731_2663347022 for srcT=Struct(Data_Data_HeytingAlgebra_HeytingAlgebra, Data_HeytingAlgebra.HeytingAlgebra, Constructor_Data_HeytingAlgebra_HeytingAlgebra[*Constructor_Data_Tuple_Tuple[gopurs_runtime.Value, gopurs_runtime.Value]], 1), destT=Struct(Data_Data_HeytingAlgebra_HeytingAlgebra, Data_HeytingAlgebra.HeytingAlgebra, Constructor_Data_HeytingAlgebra_HeytingAlgebra[gopurs_runtime.Value], 1) with fields=0
Generating Rebox_Data_Tuple_2663347022_248497731 for srcT=Struct(Data_Data_HeytingAlgebra_HeytingAlgebra, Data_HeytingAlgebra.HeytingAlgebra, Constructor_Data_HeytingAlgebra_HeytingAlgebra[gopurs_runtime.Value], 1), destT=Struct(Data_Data_HeytingAlgebra_HeytingAlgebra, Data_HeytingAlgebra.HeytingAlgebra, Constructor_Data_HeytingAlgebra_HeytingAlgebra[*Constructor_Data_Tuple_Tuple[gopurs_runtime.Value, gopurs_runtime.Value]], 1) with fields=0
Generating Rebox_Data_Tuple_3350710019_1201789390 for srcT=Struct(Data_Data_Monoid_Monoid, Data_Monoid.Monoid, Constructor_Data_Monoid_Monoid[*Constructor_Data_Tuple_Tuple[gopurs_runtime.Value, gopurs_runtime.Value]], 1), destT=Struct(Data_Data_Monoid_Monoid, Data_Monoid.Monoid, Constructor_Data_Monoid_Monoid[gopurs_runtime.Value], 1) with fields=0
Generating Rebox_Data_Tuple_1201789390_3350710019 for srcT=Struct(Data_Data_Monoid_Monoid, Data_Monoid.Monoid, Constructor_Data_Monoid_Monoid[gopurs_runtime.Value], 1), destT=Struct(Data_Data_Monoid_Monoid, Data_Monoid.Monoid, Constructor_Data_Monoid_Monoid[*Constructor_Data_Tuple_Tuple[gopurs_runtime.Value, gopurs_runtime.Value]], 1) with fields=0
Generating Rebox_Data_Tuple_1535415139_4177771502 for srcT=Struct(Data_Data_Ord_Ord, Data_Ord.Ord, Constructor_Data_Ord_Ord[*Constructor_Data_Tuple_Tuple[gopurs_runtime.Value, gopurs_runtime.Value]], 1), destT=Struct(Data_Data_Ord_Ord, Data_Ord.Ord, Constructor_Data_Ord_Ord[gopurs_runtime.Value], 1) with fields=0
Generating Rebox_Data_Tuple_4177771502_1535415139 for srcT=Struct(Data_Data_Ord_Ord, Data_Ord.Ord, Constructor_Data_Ord_Ord[gopurs_runtime.Value], 1), destT=Struct(Data_Data_Ord_Ord, Data_Ord.Ord, Constructor_Data_Ord_Ord[*Constructor_Data_Tuple_Tuple[gopurs_runtime.Value, gopurs_runtime.Value]], 1) with fields=0
Generating Rebox_Data_Tuple_1697277074_3985601471 for srcT=Struct(Data_Data_Ord_Ord1, Data_Ord.Ord1, Constructor_Data_Ord_Ord1[*Constructor_Data_Tuple_Tuple[gopurs_runtime.Value, gopurs_runtime.Value]], 1), destT=Struct(Data_Data_Ord_Ord1, Data_Ord.Ord1, Constructor_Data_Ord_Ord1[gopurs_runtime.Value], 1) with fields=0
Generating Rebox_Data_Tuple_3985601471_1697277074 for srcT=Struct(Data_Data_Ord_Ord1, Data_Ord.Ord1, Constructor_Data_Ord_Ord1[gopurs_runtime.Value], 1), destT=Struct(Data_Data_Ord_Ord1, Data_Ord.Ord1, Constructor_Data_Ord_Ord1[*Constructor_Data_Tuple_Tuple[gopurs_runtime.Value, gopurs_runtime.Value]], 1) with fields=0
Generating Rebox_Data_Tuple_3935494019_3060961102 for srcT=Struct(Data_Data_Ring_Ring, Data_Ring.Ring, Constructor_Data_Ring_Ring[*Constructor_Data_Tuple_Tuple[gopurs_runtime.Value, gopurs_runtime.Value]], 1), destT=Struct(Data_Data_Ring_Ring, Data_Ring.Ring, Constructor_Data_Ring_Ring[gopurs_runtime.Value], 1) with fields=0
Generating Rebox_Data_Tuple_3060961102_3935494019 for srcT=Struct(Data_Data_Ring_Ring, Data_Ring.Ring, Constructor_Data_Ring_Ring[gopurs_runtime.Value], 1), destT=Struct(Data_Data_Ring_Ring, Data_Ring.Ring, Constructor_Data_Ring_Ring[*Constructor_Data_Tuple_Tuple[gopurs_runtime.Value, gopurs_runtime.Value]], 1) with fields=0
Generating Rebox_Data_Tuple_3430395043_4179793454 for srcT=Struct(Data_Data_Semigroup_Semigroup, Data_Semigroup.Semigroup, Constructor_Data_Semigroup_Semigroup[*Constructor_Data_Tuple_Tuple[gopurs_runtime.Value, gopurs_runtime.Value]], 1), destT=Struct(Data_Data_Semigroup_Semigroup, Data_Semigroup.Semigroup, Constructor_Data_Semigroup_Semigroup[gopurs_runtime.Value], 1) with fields=0
Generating Rebox_Data_Tuple_4179793454_3430395043 for srcT=Struct(Data_Data_Semigroup_Semigroup, Data_Semigroup.Semigroup, Constructor_Data_Semigroup_Semigroup[gopurs_runtime.Value], 1), destT=Struct(Data_Data_Semigroup_Semigroup, Data_Semigroup.Semigroup, Constructor_Data_Semigroup_Semigroup[*Constructor_Data_Tuple_Tuple[gopurs_runtime.Value, gopurs_runtime.Value]], 1) with fields=0
Generating Rebox_Data_Tuple_2944453955_2826095630 for srcT=Struct(Data_Data_Semiring_Semiring, Data_Semiring.Semiring, Constructor_Data_Semiring_Semiring[*Constructor_Data_Tuple_Tuple[gopurs_runtime.Value, gopurs_runtime.Value]], 1), destT=Struct(Data_Data_Semiring_Semiring, Data_Semiring.Semiring, Constructor_Data_Semiring_Semiring[gopurs_runtime.Value], 1) with fields=0
Generating Rebox_Data_Tuple_2826095630_2944453955 for srcT=Struct(Data_Data_Semiring_Semiring, Data_Semiring.Semiring, Constructor_Data_Semiring_Semiring[gopurs_runtime.Value], 1), destT=Struct(Data_Data_Semiring_Semiring, Data_Semiring.Semiring, Constructor_Data_Semiring_Semiring[*Constructor_Data_Tuple_Tuple[gopurs_runtime.Value, gopurs_runtime.Value]], 1) with fields=0
Generating Rebox_Data_Tuple_1829442467_1386611502 for srcT=Struct(Data_Data_Show_Show, Data_Show.Show, Constructor_Data_Show_Show[*Constructor_Data_Tuple_Tuple[gopurs_runtime.Value, gopurs_runtime.Value]], 1), destT=Struct(Data_Data_Show_Show, Data_Show.Show, Constructor_Data_Show_Show[gopurs_runtime.Value], 1) with fields=0
Generating Rebox_Data_Tuple_1386611502_1829442467 for srcT=Struct(Data_Data_Show_Show, Data_Show.Show, Constructor_Data_Show_Show[gopurs_runtime.Value], 1), destT=Struct(Data_Data_Show_Show, Data_Show.Show, Constructor_Data_Show_Show[*Constructor_Data_Tuple_Tuple[gopurs_runtime.Value, gopurs_runtime.Value]], 1) with fields=0
Generating Rebox_Data_Bifunctor_1495429347_1688994542 for srcT=Struct(Data_Data_Bifunctor_Bifunctor, Data_Bifunctor.Bifunctor, Constructor_Data_Bifunctor_Bifunctor[*Constructor_Data_Tuple_Tuple[gopurs_runtime.Value, gopurs_runtime.Value]], 1), destT=Struct(Data_Data_Bifunctor_Bifunctor, Data_Bifunctor.Bifunctor, Constructor_Data_Bifunctor_Bifunctor[gopurs_runtime.Value], 1) with fields=0
Generating Rebox_Data_Bifunctor_1688994542_1495429347 for srcT=Struct(Data_Data_Bifunctor_Bifunctor, Data_Bifunctor.Bifunctor, Constructor_Data_Bifunctor_Bifunctor[gopurs_runtime.Value], 1), destT=Struct(Data_Data_Bifunctor_Bifunctor, Data_Bifunctor.Bifunctor, Constructor_Data_Bifunctor_Bifunctor[*Constructor_Data_Tuple_Tuple[gopurs_runtime.Value, gopurs_runtime.Value]], 1) with fields=0
Generating Rebox_Control_Monad_Rec_Class_1642601656_2568689657 for srcT=Struct(Data_Control_Monad_Monad, Control_Monad.Monad, Constructor_Control_Monad_Monad[*Constructor_Data_Maybe_Just[gopurs_runtime.Value]], 1), destT=Struct(Data_Control_Monad_Monad, Control_Monad.Monad, Constructor_Control_Monad_Monad[gopurs_runtime.Value], 1) with fields=0
Generating Rebox_Control_Monad_Rec_Class_2568689657_1642601656 for srcT=Struct(Data_Control_Monad_Monad, Control_Monad.Monad, Constructor_Control_Monad_Monad[gopurs_runtime.Value], 1), destT=Struct(Data_Control_Monad_Monad, Control_Monad.Monad, Constructor_Control_Monad_Monad[*Constructor_Data_Maybe_Just[gopurs_runtime.Value]], 1) with fields=0
Generating Rebox_Control_Monad_Rec_Class_802708012_3603546092 for srcT=Struct(Data_Control_Monad_Rec_Class_Done, Control_Monad_Rec_Class.Done, Constructor_Control_Monad_Rec_Class_Done[*Constructor_Data_Maybe_Just[gopurs_runtime.Value], *Constructor_Data_Maybe_Just[gopurs_runtime.Value]], 2), destT=Struct(Data_Control_Monad_Rec_Class_Done, Control_Monad_Rec_Class.Done, Constructor_Control_Monad_Rec_Class_Done[gopurs_runtime.Value, gopurs_runtime.Value], 2) with fields=1
Generating Rebox_Control_Monad_Rec_Class_3406595152_4008603408 for srcT=Struct(Data_Control_Monad_Rec_Class_Loop, Control_Monad_Rec_Class.Loop, Constructor_Control_Monad_Rec_Class_Loop[*Constructor_Data_Maybe_Just[gopurs_runtime.Value], *Constructor_Data_Maybe_Just[gopurs_runtime.Value]], 2), destT=Struct(Data_Control_Monad_Rec_Class_Loop, Control_Monad_Rec_Class.Loop, Constructor_Control_Monad_Rec_Class_Loop[gopurs_runtime.Value, gopurs_runtime.Value], 2) with fields=1
Generating Rebox_Control_Monad_Rec_Class_1542299734_4130553207 for srcT=Struct(Data_Control_Monad_Rec_Class_MonadRec, Control_Monad_Rec_Class.MonadRec, Constructor_Control_Monad_Rec_Class_MonadRec[*Constructor_Data_Maybe_Just[gopurs_runtime.Value]], 1), destT=Struct(Data_Control_Monad_Rec_Class_MonadRec, Control_Monad_Rec_Class.MonadRec, Constructor_Control_Monad_Rec_Class_MonadRec[gopurs_runtime.Value], 1) with fields=0
Generating Rebox_Control_Monad_Rec_Class_4130553207_1542299734 for srcT=Struct(Data_Control_Monad_Rec_Class_MonadRec, Control_Monad_Rec_Class.MonadRec, Constructor_Control_Monad_Rec_Class_MonadRec[gopurs_runtime.Value], 1), destT=Struct(Data_Control_Monad_Rec_Class_MonadRec, Control_Monad_Rec_Class.MonadRec, Constructor_Control_Monad_Rec_Class_MonadRec[*Constructor_Data_Maybe_Just[gopurs_runtime.Value]], 1) with fields=0
Generating Rebox_Data_Functor_Product_894579924_1439734649 for srcT=Struct(Data_Control_Applicative_Applicative, Control_Applicative.Applicative, Constructor_Control_Applicative_Applicative[*Constructor_Data_Tuple_Tuple[gopurs_runtime.Value, gopurs_runtime.Value]], 1), destT=Struct(Data_Control_Applicative_Applicative, Control_Applicative.Applicative, Constructor_Control_Applicative_Applicative[gopurs_runtime.Value], 1) with fields=0
Generating Rebox_Data_Functor_Product_1439734649_894579924 for srcT=Struct(Data_Control_Applicative_Applicative, Control_Applicative.Applicative, Constructor_Control_Applicative_Applicative[gopurs_runtime.Value], 1), destT=Struct(Data_Control_Applicative_Applicative, Control_Applicative.Applicative, Constructor_Control_Applicative_Applicative[*Constructor_Data_Tuple_Tuple[gopurs_runtime.Value, gopurs_runtime.Value]], 1) with fields=0
Generating Rebox_Data_Functor_Product_2708463828_3741347833 for srcT=Struct(Data_Control_Apply_Apply, Control_Apply.Apply, Constructor_Control_Apply_Apply[*Constructor_Data_Tuple_Tuple[gopurs_runtime.Value, gopurs_runtime.Value]], 1), destT=Struct(Data_Control_Apply_Apply, Control_Apply.Apply, Constructor_Control_Apply_Apply[gopurs_runtime.Value], 1) with fields=0
Generating Rebox_Data_Functor_Product_3741347833_2708463828 for srcT=Struct(Data_Control_Apply_Apply, Control_Apply.Apply, Constructor_Control_Apply_Apply[gopurs_runtime.Value], 1), destT=Struct(Data_Control_Apply_Apply, Control_Apply.Apply, Constructor_Control_Apply_Apply[*Constructor_Data_Tuple_Tuple[gopurs_runtime.Value, gopurs_runtime.Value]], 1) with fields=0
Generating Rebox_Data_Functor_Product_2495815764_2748095225 for srcT=Struct(Data_Control_Bind_Bind, Control_Bind.Bind, Constructor_Control_Bind_Bind[*Constructor_Data_Tuple_Tuple[gopurs_runtime.Value, gopurs_runtime.Value]], 1), destT=Struct(Data_Control_Bind_Bind, Control_Bind.Bind, Constructor_Control_Bind_Bind[gopurs_runtime.Value], 1) with fields=0
Generating Rebox_Data_Functor_Product_2748095225_2495815764 for srcT=Struct(Data_Control_Bind_Bind, Control_Bind.Bind, Constructor_Control_Bind_Bind[gopurs_runtime.Value], 1), destT=Struct(Data_Control_Bind_Bind, Control_Bind.Bind, Constructor_Control_Bind_Bind[*Constructor_Data_Tuple_Tuple[gopurs_runtime.Value, gopurs_runtime.Value]], 1) with fields=0
Generating Rebox_Data_Functor_Product_2157788756_2568689657 for srcT=Struct(Data_Control_Monad_Monad, Control_Monad.Monad, Constructor_Control_Monad_Monad[*Constructor_Data_Tuple_Tuple[gopurs_runtime.Value, gopurs_runtime.Value]], 1), destT=Struct(Data_Control_Monad_Monad, Control_Monad.Monad, Constructor_Control_Monad_Monad[gopurs_runtime.Value], 1) with fields=0
Generating Rebox_Data_Functor_Product_2568689657_2157788756 for srcT=Struct(Data_Control_Monad_Monad, Control_Monad.Monad, Constructor_Control_Monad_Monad[gopurs_runtime.Value], 1), destT=Struct(Data_Control_Monad_Monad, Control_Monad.Monad, Constructor_Control_Monad_Monad[*Constructor_Data_Tuple_Tuple[gopurs_runtime.Value, gopurs_runtime.Value]], 1) with fields=0
Generating Rebox_Data_Functor_Product_2450374787_3790796878 for srcT=Struct(Data_Data_Eq_Eq, Data_Eq.Eq, Constructor_Data_Eq_Eq[*Constructor_Data_Tuple_Tuple[gopurs_runtime.Value, gopurs_runtime.Value]], 1), destT=Struct(Data_Data_Eq_Eq, Data_Eq.Eq, Constructor_Data_Eq_Eq[gopurs_runtime.Value], 1) with fields=0
Generating Rebox_Data_Functor_Product_3790796878_2450374787 for srcT=Struct(Data_Data_Eq_Eq, Data_Eq.Eq, Constructor_Data_Eq_Eq[gopurs_runtime.Value], 1), destT=Struct(Data_Data_Eq_Eq, Data_Eq.Eq, Constructor_Data_Eq_Eq[*Constructor_Data_Tuple_Tuple[gopurs_runtime.Value, gopurs_runtime.Value]], 1) with fields=0
Generating Rebox_Data_Functor_Product_2909557234_1766074591 for srcT=Struct(Data_Data_Eq_Eq1, Data_Eq.Eq1, Constructor_Data_Eq_Eq1[*Constructor_Data_Tuple_Tuple[gopurs_runtime.Value, gopurs_runtime.Value]], 1), destT=Struct(Data_Data_Eq_Eq1, Data_Eq.Eq1, Constructor_Data_Eq_Eq1[gopurs_runtime.Value], 1) with fields=0
Generating Rebox_Data_Functor_Product_1766074591_2909557234 for srcT=Struct(Data_Data_Eq_Eq1, Data_Eq.Eq1, Constructor_Data_Eq_Eq1[gopurs_runtime.Value], 1), destT=Struct(Data_Data_Eq_Eq1, Data_Eq.Eq1, Constructor_Data_Eq_Eq1[*Constructor_Data_Tuple_Tuple[gopurs_runtime.Value, gopurs_runtime.Value]], 1) with fields=0
Generating Rebox_Data_Functor_Product_2363162019_2812149806 for srcT=Struct(Data_Data_Functor_Functor, Data_Functor.Functor, Constructor_Data_Functor_Functor[*Constructor_Data_Tuple_Tuple[gopurs_runtime.Value, gopurs_runtime.Value]], 1), destT=Struct(Data_Data_Functor_Functor, Data_Functor.Functor, Constructor_Data_Functor_Functor[gopurs_runtime.Value], 1) with fields=0
Generating Rebox_Data_Functor_Product_2812149806_2363162019 for srcT=Struct(Data_Data_Functor_Functor, Data_Functor.Functor, Constructor_Data_Functor_Functor[gopurs_runtime.Value], 1), destT=Struct(Data_Data_Functor_Functor, Data_Functor.Functor, Constructor_Data_Functor_Functor[*Constructor_Data_Tuple_Tuple[gopurs_runtime.Value, gopurs_runtime.Value]], 1) with fields=0
Generating Rebox_Data_Functor_Product_1417950280_385277032 for srcT=Struct(Data_Data_Newtype_Newtype, Data_Newtype.Newtype, Constructor_Data_Newtype_Newtype[*Constructor_Data_Tuple_Tuple[gopurs_runtime.Value, gopurs_runtime.Value], *Constructor_Data_Tuple_Tuple[gopurs_runtime.Value, gopurs_runtime.Value]], 2), destT=Struct(Data_Data_Newtype_Newtype, Data_Newtype.Newtype, Constructor_Data_Newtype_Newtype[gopurs_runtime.Value, gopurs_runtime.Value], 2) with fields=0
Generating Rebox_Data_Functor_Product_385277032_1417950280 for srcT=Struct(Data_Data_Newtype_Newtype, Data_Newtype.Newtype, Constructor_Data_Newtype_Newtype[gopurs_runtime.Value, gopurs_runtime.Value], 2), destT=Struct(Data_Data_Newtype_Newtype, Data_Newtype.Newtype, Constructor_Data_Newtype_Newtype[*Constructor_Data_Tuple_Tuple[gopurs_runtime.Value, gopurs_runtime.Value], *Constructor_Data_Tuple_Tuple[gopurs_runtime.Value, gopurs_runtime.Value]], 2) with fields=0
Generating Rebox_Data_Functor_Product_1535415139_4177771502 for srcT=Struct(Data_Data_Ord_Ord, Data_Ord.Ord, Constructor_Data_Ord_Ord[*Constructor_Data_Tuple_Tuple[gopurs_runtime.Value, gopurs_runtime.Value]], 1), destT=Struct(Data_Data_Ord_Ord, Data_Ord.Ord, Constructor_Data_Ord_Ord[gopurs_runtime.Value], 1) with fields=0
Generating Rebox_Data_Functor_Product_4177771502_1535415139 for srcT=Struct(Data_Data_Ord_Ord, Data_Ord.Ord, Constructor_Data_Ord_Ord[gopurs_runtime.Value], 1), destT=Struct(Data_Data_Ord_Ord, Data_Ord.Ord, Constructor_Data_Ord_Ord[*Constructor_Data_Tuple_Tuple[gopurs_runtime.Value, gopurs_runtime.Value]], 1) with fields=0
Generating Rebox_Data_Functor_Product_1697277074_3985601471 for srcT=Struct(Data_Data_Ord_Ord1, Data_Ord.Ord1, Constructor_Data_Ord_Ord1[*Constructor_Data_Tuple_Tuple[gopurs_runtime.Value, gopurs_runtime.Value]], 1), destT=Struct(Data_Data_Ord_Ord1, Data_Ord.Ord1, Constructor_Data_Ord_Ord1[gopurs_runtime.Value], 1) with fields=0
Generating Rebox_Data_Functor_Product_3985601471_1697277074 for srcT=Struct(Data_Data_Ord_Ord1, Data_Ord.Ord1, Constructor_Data_Ord_Ord1[gopurs_runtime.Value], 1), destT=Struct(Data_Data_Ord_Ord1, Data_Ord.Ord1, Constructor_Data_Ord_Ord1[*Constructor_Data_Tuple_Tuple[gopurs_runtime.Value, gopurs_runtime.Value]], 1) with fields=0
Generating Rebox_Data_Functor_Product_1829442467_1386611502 for srcT=Struct(Data_Data_Show_Show, Data_Show.Show, Constructor_Data_Show_Show[*Constructor_Data_Tuple_Tuple[gopurs_runtime.Value, gopurs_runtime.Value]], 1), destT=Struct(Data_Data_Show_Show, Data_Show.Show, Constructor_Data_Show_Show[gopurs_runtime.Value], 1) with fields=0
Generating Rebox_Data_Functor_Product_1386611502_1829442467 for srcT=Struct(Data_Data_Show_Show, Data_Show.Show, Constructor_Data_Show_Show[gopurs_runtime.Value], 1), destT=Struct(Data_Data_Show_Show, Data_Show.Show, Constructor_Data_Show_Show[*Constructor_Data_Tuple_Tuple[gopurs_runtime.Value, gopurs_runtime.Value]], 1) with fields=0
Generating Rebox_Data_Maybe_First_3904200120_3421983481 for srcT=Struct(Data_Control_Alt_Alt, Control_Alt.Alt, Constructor_Control_Alt_Alt[*Constructor_Data_Maybe_Just[gopurs_runtime.Value]], 1), destT=Struct(Data_Control_Alt_Alt, Control_Alt.Alt, Constructor_Control_Alt_Alt[gopurs_runtime.Value], 1) with fields=0
Generating Rebox_Data_Maybe_First_3421983481_3904200120 for srcT=Struct(Data_Control_Alt_Alt, Control_Alt.Alt, Constructor_Control_Alt_Alt[gopurs_runtime.Value], 1), destT=Struct(Data_Control_Alt_Alt, Control_Alt.Alt, Constructor_Control_Alt_Alt[*Constructor_Data_Maybe_Just[gopurs_runtime.Value]], 1) with fields=0
Generating Rebox_Data_Maybe_First_673668088_2307501113 for srcT=Struct(Data_Control_Alternative_Alternative, Control_Alternative.Alternative, Constructor_Control_Alternative_Alternative[*Constructor_Data_Maybe_Just[gopurs_runtime.Value]], 1), destT=Struct(Data_Control_Alternative_Alternative, Control_Alternative.Alternative, Constructor_Control_Alternative_Alternative[gopurs_runtime.Value], 1) with fields=0
Generating Rebox_Data_Maybe_First_2307501113_673668088 for srcT=Struct(Data_Control_Alternative_Alternative, Control_Alternative.Alternative, Constructor_Control_Alternative_Alternative[gopurs_runtime.Value], 1), destT=Struct(Data_Control_Alternative_Alternative, Control_Alternative.Alternative, Constructor_Control_Alternative_Alternative[*Constructor_Data_Maybe_Just[gopurs_runtime.Value]], 1) with fields=0
Generating Rebox_Data_Maybe_First_649684152_1439734649 for srcT=Struct(Data_Control_Applicative_Applicative, Control_Applicative.Applicative, Constructor_Control_Applicative_Applicative[*Constructor_Data_Maybe_Just[gopurs_runtime.Value]], 1), destT=Struct(Data_Control_Applicative_Applicative, Control_Applicative.Applicative, Constructor_Control_Applicative_Applicative[gopurs_runtime.Value], 1) with fields=0
Generating Rebox_Data_Maybe_First_1439734649_649684152 for srcT=Struct(Data_Control_Applicative_Applicative, Control_Applicative.Applicative, Constructor_Control_Applicative_Applicative[gopurs_runtime.Value], 1), destT=Struct(Data_Control_Applicative_Applicative, Control_Applicative.Applicative, Constructor_Control_Applicative_Applicative[*Constructor_Data_Maybe_Just[gopurs_runtime.Value]], 1) with fields=0
Generating Rebox_Data_Maybe_First_3552963512_3741347833 for srcT=Struct(Data_Control_Apply_Apply, Control_Apply.Apply, Constructor_Control_Apply_Apply[*Constructor_Data_Maybe_Just[gopurs_runtime.Value]], 1), destT=Struct(Data_Control_Apply_Apply, Control_Apply.Apply, Constructor_Control_Apply_Apply[gopurs_runtime.Value], 1) with fields=0
Generating Rebox_Data_Maybe_First_3741347833_3552963512 for srcT=Struct(Data_Control_Apply_Apply, Control_Apply.Apply, Constructor_Control_Apply_Apply[gopurs_runtime.Value], 1), destT=Struct(Data_Control_Apply_Apply, Control_Apply.Apply, Constructor_Control_Apply_Apply[*Constructor_Data_Maybe_Just[gopurs_runtime.Value]], 1) with fields=0
Generating Rebox_Data_Maybe_First_3887487416_2748095225 for srcT=Struct(Data_Control_Bind_Bind, Control_Bind.Bind, Constructor_Control_Bind_Bind[*Constructor_Data_Maybe_Just[gopurs_runtime.Value]], 1), destT=Struct(Data_Control_Bind_Bind, Control_Bind.Bind, Constructor_Control_Bind_Bind[gopurs_runtime.Value], 1) with fields=0
Generating Rebox_Data_Maybe_First_2748095225_3887487416 for srcT=Struct(Data_Control_Bind_Bind, Control_Bind.Bind, Constructor_Control_Bind_Bind[gopurs_runtime.Value], 1), destT=Struct(Data_Control_Bind_Bind, Control_Bind.Bind, Constructor_Control_Bind_Bind[*Constructor_Data_Maybe_Just[gopurs_runtime.Value]], 1) with fields=0
Generating Rebox_Data_Maybe_First_570732504_3290176857 for srcT=Struct(Data_Control_Extend_Extend, Control_Extend.Extend, Constructor_Control_Extend_Extend[*Constructor_Data_Maybe_Just[gopurs_runtime.Value]], 1), destT=Struct(Data_Control_Extend_Extend, Control_Extend.Extend, Constructor_Control_Extend_Extend[gopurs_runtime.Value], 1) with fields=0
Generating Rebox_Data_Maybe_First_3290176857_570732504 for srcT=Struct(Data_Control_Extend_Extend, Control_Extend.Extend, Constructor_Control_Extend_Extend[gopurs_runtime.Value], 1), destT=Struct(Data_Control_Extend_Extend, Control_Extend.Extend, Constructor_Control_Extend_Extend[*Constructor_Data_Maybe_Just[gopurs_runtime.Value]], 1) with fields=0
Generating Rebox_Data_Maybe_First_1642601656_2568689657 for srcT=Struct(Data_Control_Monad_Monad, Control_Monad.Monad, Constructor_Control_Monad_Monad[*Constructor_Data_Maybe_Just[gopurs_runtime.Value]], 1), destT=Struct(Data_Control_Monad_Monad, Control_Monad.Monad, Constructor_Control_Monad_Monad[gopurs_runtime.Value], 1) with fields=0
Generating Rebox_Data_Maybe_First_2568689657_1642601656 for srcT=Struct(Data_Control_Monad_Monad, Control_Monad.Monad, Constructor_Control_Monad_Monad[gopurs_runtime.Value], 1), destT=Struct(Data_Control_Monad_Monad, Control_Monad.Monad, Constructor_Control_Monad_Monad[*Constructor_Data_Maybe_Just[gopurs_runtime.Value]], 1) with fields=0
Generating Rebox_Data_Maybe_First_267397720_3706288089 for srcT=Struct(Data_Control_Plus_Plus, Control_Plus.Plus, Constructor_Control_Plus_Plus[*Constructor_Data_Maybe_Just[gopurs_runtime.Value]], 1), destT=Struct(Data_Control_Plus_Plus, Control_Plus.Plus, Constructor_Control_Plus_Plus[gopurs_runtime.Value], 1) with fields=0
Generating Rebox_Data_Maybe_First_3706288089_267397720 for srcT=Struct(Data_Control_Plus_Plus, Control_Plus.Plus, Constructor_Control_Plus_Plus[gopurs_runtime.Value], 1), destT=Struct(Data_Control_Plus_Plus, Control_Plus.Plus, Constructor_Control_Plus_Plus[*Constructor_Data_Maybe_Just[gopurs_runtime.Value]], 1) with fields=0
Generating Rebox_Data_Maybe_First_591333647_2094947566 for srcT=Struct(Data_Data_Bounded_Bounded, Data_Bounded.Bounded, Constructor_Data_Bounded_Bounded[*Constructor_Data_Maybe_Just[gopurs_runtime.Value]], 1), destT=Struct(Data_Data_Bounded_Bounded, Data_Bounded.Bounded, Constructor_Data_Bounded_Bounded[gopurs_runtime.Value], 1) with fields=0
Generating Rebox_Data_Maybe_First_2094947566_591333647 for srcT=Struct(Data_Data_Bounded_Bounded, Data_Bounded.Bounded, Constructor_Data_Bounded_Bounded[gopurs_runtime.Value], 1), destT=Struct(Data_Data_Bounded_Bounded, Data_Bounded.Bounded, Constructor_Data_Bounded_Bounded[*Constructor_Data_Maybe_Just[gopurs_runtime.Value]], 1) with fields=0
Generating Rebox_Data_Maybe_First_3508461103_3790796878 for srcT=Struct(Data_Data_Eq_Eq, Data_Eq.Eq, Constructor_Data_Eq_Eq[*Constructor_Data_Maybe_Just[gopurs_runtime.Value]], 1), destT=Struct(Data_Data_Eq_Eq, Data_Eq.Eq, Constructor_Data_Eq_Eq[gopurs_runtime.Value], 1) with fields=0
Generating Rebox_Data_Maybe_First_3790796878_3508461103 for srcT=Struct(Data_Data_Eq_Eq, Data_Eq.Eq, Constructor_Data_Eq_Eq[gopurs_runtime.Value], 1), destT=Struct(Data_Data_Eq_Eq, Data_Eq.Eq, Constructor_Data_Eq_Eq[*Constructor_Data_Maybe_Just[gopurs_runtime.Value]], 1) with fields=0
Generating Rebox_Data_Maybe_First_1662389854_1766074591 for srcT=Struct(Data_Data_Eq_Eq1, Data_Eq.Eq1, Constructor_Data_Eq_Eq1[*Constructor_Data_Maybe_Just[gopurs_runtime.Value]], 1), destT=Struct(Data_Data_Eq_Eq1, Data_Eq.Eq1, Constructor_Data_Eq_Eq1[gopurs_runtime.Value], 1) with fields=0
Generating Rebox_Data_Maybe_First_1766074591_1662389854 for srcT=Struct(Data_Data_Eq_Eq1, Data_Eq.Eq1, Constructor_Data_Eq_Eq1[gopurs_runtime.Value], 1), destT=Struct(Data_Data_Eq_Eq1, Data_Eq.Eq1, Constructor_Data_Eq_Eq1[*Constructor_Data_Maybe_Just[gopurs_runtime.Value]], 1) with fields=0
Generating Rebox_Data_Maybe_First_3689823567_2812149806 for srcT=Struct(Data_Data_Functor_Functor, Data_Functor.Functor, Constructor_Data_Functor_Functor[*Constructor_Data_Maybe_Just[gopurs_runtime.Value]], 1), destT=Struct(Data_Data_Functor_Functor, Data_Functor.Functor, Constructor_Data_Functor_Functor[gopurs_runtime.Value], 1) with fields=0
Generating Rebox_Data_Maybe_First_2812149806_3689823567 for srcT=Struct(Data_Data_Functor_Functor, Data_Functor.Functor, Constructor_Data_Functor_Functor[gopurs_runtime.Value], 1), destT=Struct(Data_Data_Functor_Functor, Data_Functor.Functor, Constructor_Data_Functor_Functor[*Constructor_Data_Maybe_Just[gopurs_runtime.Value]], 1) with fields=0
Generating Rebox_Data_Maybe_First_3818752775_2241343270 for srcT=Struct(Data_Data_Functor_Invariant_Invariant, Data_Functor_Invariant.Invariant, Constructor_Data_Functor_Invariant_Invariant[*Constructor_Data_Maybe_Just[gopurs_runtime.Value]], 1), destT=Struct(Data_Data_Functor_Invariant_Invariant, Data_Functor_Invariant.Invariant, Constructor_Data_Functor_Invariant_Invariant[gopurs_runtime.Value], 1) with fields=0
Generating Rebox_Data_Maybe_First_2241343270_3818752775 for srcT=Struct(Data_Data_Functor_Invariant_Invariant, Data_Functor_Invariant.Invariant, Constructor_Data_Functor_Invariant_Invariant[gopurs_runtime.Value], 1), destT=Struct(Data_Data_Functor_Invariant_Invariant, Data_Functor_Invariant.Invariant, Constructor_Data_Functor_Invariant_Invariant[*Constructor_Data_Maybe_Just[gopurs_runtime.Value]], 1) with fields=0
Generating Rebox_Data_Maybe_First_1089607855_1201789390 for srcT=Struct(Data_Data_Monoid_Monoid, Data_Monoid.Monoid, Constructor_Data_Monoid_Monoid[*Constructor_Data_Maybe_Just[gopurs_runtime.Value]], 1), destT=Struct(Data_Data_Monoid_Monoid, Data_Monoid.Monoid, Constructor_Data_Monoid_Monoid[gopurs_runtime.Value], 1) with fields=0
Generating Rebox_Data_Maybe_First_1201789390_1089607855 for srcT=Struct(Data_Data_Monoid_Monoid, Data_Monoid.Monoid, Constructor_Data_Monoid_Monoid[gopurs_runtime.Value], 1), destT=Struct(Data_Data_Monoid_Monoid, Data_Monoid.Monoid, Constructor_Data_Monoid_Monoid[*Constructor_Data_Maybe_Just[gopurs_runtime.Value]], 1) with fields=0
Generating Rebox_Data_Maybe_First_1892488872_385277032 for srcT=Struct(Data_Data_Newtype_Newtype, Data_Newtype.Newtype, Constructor_Data_Newtype_Newtype[*Constructor_Data_Maybe_Just[gopurs_runtime.Value], *Constructor_Data_Maybe_Just[gopurs_runtime.Value]], 2), destT=Struct(Data_Data_Newtype_Newtype, Data_Newtype.Newtype, Constructor_Data_Newtype_Newtype[gopurs_runtime.Value, gopurs_runtime.Value], 2) with fields=0
Generating Rebox_Data_Maybe_First_385277032_1892488872 for srcT=Struct(Data_Data_Newtype_Newtype, Data_Newtype.Newtype, Constructor_Data_Newtype_Newtype[gopurs_runtime.Value, gopurs_runtime.Value], 2), destT=Struct(Data_Data_Newtype_Newtype, Data_Newtype.Newtype, Constructor_Data_Newtype_Newtype[*Constructor_Data_Maybe_Just[gopurs_runtime.Value], *Constructor_Data_Maybe_Just[gopurs_runtime.Value]], 2) with fields=0
Generating Rebox_Data_Maybe_First_2155612431_4177771502 for srcT=Struct(Data_Data_Ord_Ord, Data_Ord.Ord, Constructor_Data_Ord_Ord[*Constructor_Data_Maybe_Just[gopurs_runtime.Value]], 1), destT=Struct(Data_Data_Ord_Ord, Data_Ord.Ord, Constructor_Data_Ord_Ord[gopurs_runtime.Value], 1) with fields=0
Generating Rebox_Data_Maybe_First_4177771502_2155612431 for srcT=Struct(Data_Data_Ord_Ord, Data_Ord.Ord, Constructor_Data_Ord_Ord[gopurs_runtime.Value], 1), destT=Struct(Data_Data_Ord_Ord, Data_Ord.Ord, Constructor_Data_Ord_Ord[*Constructor_Data_Maybe_Just[gopurs_runtime.Value]], 1) with fields=0
Generating Rebox_Data_Maybe_First_170825214_3985601471 for srcT=Struct(Data_Data_Ord_Ord1, Data_Ord.Ord1, Constructor_Data_Ord_Ord1[*Constructor_Data_Maybe_Just[gopurs_runtime.Value]], 1), destT=Struct(Data_Data_Ord_Ord1, Data_Ord.Ord1, Constructor_Data_Ord_Ord1[gopurs_runtime.Value], 1) with fields=0
Generating Rebox_Data_Maybe_First_3985601471_170825214 for srcT=Struct(Data_Data_Ord_Ord1, Data_Ord.Ord1, Constructor_Data_Ord_Ord1[gopurs_runtime.Value], 1), destT=Struct(Data_Data_Ord_Ord1, Data_Ord.Ord1, Constructor_Data_Ord_Ord1[*Constructor_Data_Maybe_Just[gopurs_runtime.Value]], 1) with fields=0
Generating Rebox_Data_Maybe_First_125234255_4179793454 for srcT=Struct(Data_Data_Semigroup_Semigroup, Data_Semigroup.Semigroup, Constructor_Data_Semigroup_Semigroup[*Constructor_Data_Maybe_Just[gopurs_runtime.Value]], 1), destT=Struct(Data_Data_Semigroup_Semigroup, Data_Semigroup.Semigroup, Constructor_Data_Semigroup_Semigroup[gopurs_runtime.Value], 1) with fields=0
Generating Rebox_Data_Maybe_First_4179793454_125234255 for srcT=Struct(Data_Data_Semigroup_Semigroup, Data_Semigroup.Semigroup, Constructor_Data_Semigroup_Semigroup[gopurs_runtime.Value], 1), destT=Struct(Data_Data_Semigroup_Semigroup, Data_Semigroup.Semigroup, Constructor_Data_Semigroup_Semigroup[*Constructor_Data_Maybe_Just[gopurs_runtime.Value]], 1) with fields=0
Generating Rebox_Data_Maybe_First_345859663_1386611502 for srcT=Struct(Data_Data_Show_Show, Data_Show.Show, Constructor_Data_Show_Show[*Constructor_Data_Maybe_Just[gopurs_runtime.Value]], 1), destT=Struct(Data_Data_Show_Show, Data_Show.Show, Constructor_Data_Show_Show[gopurs_runtime.Value], 1) with fields=0
Generating Rebox_Data_Maybe_First_1386611502_345859663 for srcT=Struct(Data_Data_Show_Show, Data_Show.Show, Constructor_Data_Show_Show[gopurs_runtime.Value], 1), destT=Struct(Data_Data_Show_Show, Data_Show.Show, Constructor_Data_Show_Show[*Constructor_Data_Maybe_Just[gopurs_runtime.Value]], 1) with fields=0
Generating Rebox_Data_Maybe_Last_3904200120_3421983481 for srcT=Struct(Data_Control_Alt_Alt, Control_Alt.Alt, Constructor_Control_Alt_Alt[*Constructor_Data_Maybe_Just[gopurs_runtime.Value]], 1), destT=Struct(Data_Control_Alt_Alt, Control_Alt.Alt, Constructor_Control_Alt_Alt[gopurs_runtime.Value], 1) with fields=0
Generating Rebox_Data_Maybe_Last_3421983481_3904200120 for srcT=Struct(Data_Control_Alt_Alt, Control_Alt.Alt, Constructor_Control_Alt_Alt[gopurs_runtime.Value], 1), destT=Struct(Data_Control_Alt_Alt, Control_Alt.Alt, Constructor_Control_Alt_Alt[*Constructor_Data_Maybe_Just[gopurs_runtime.Value]], 1) with fields=0
Generating Rebox_Data_Maybe_Last_673668088_2307501113 for srcT=Struct(Data_Control_Alternative_Alternative, Control_Alternative.Alternative, Constructor_Control_Alternative_Alternative[*Constructor_Data_Maybe_Just[gopurs_runtime.Value]], 1), destT=Struct(Data_Control_Alternative_Alternative, Control_Alternative.Alternative, Constructor_Control_Alternative_Alternative[gopurs_runtime.Value], 1) with fields=0
Generating Rebox_Data_Maybe_Last_2307501113_673668088 for srcT=Struct(Data_Control_Alternative_Alternative, Control_Alternative.Alternative, Constructor_Control_Alternative_Alternative[gopurs_runtime.Value], 1), destT=Struct(Data_Control_Alternative_Alternative, Control_Alternative.Alternative, Constructor_Control_Alternative_Alternative[*Constructor_Data_Maybe_Just[gopurs_runtime.Value]], 1) with fields=0
Generating Rebox_Data_Maybe_Last_649684152_1439734649 for srcT=Struct(Data_Control_Applicative_Applicative, Control_Applicative.Applicative, Constructor_Control_Applicative_Applicative[*Constructor_Data_Maybe_Just[gopurs_runtime.Value]], 1), destT=Struct(Data_Control_Applicative_Applicative, Control_Applicative.Applicative, Constructor_Control_Applicative_Applicative[gopurs_runtime.Value], 1) with fields=0
Generating Rebox_Data_Maybe_Last_1439734649_649684152 for srcT=Struct(Data_Control_Applicative_Applicative, Control_Applicative.Applicative, Constructor_Control_Applicative_Applicative[gopurs_runtime.Value], 1), destT=Struct(Data_Control_Applicative_Applicative, Control_Applicative.Applicative, Constructor_Control_Applicative_Applicative[*Constructor_Data_Maybe_Just[gopurs_runtime.Value]], 1) with fields=0
Generating Rebox_Data_Maybe_Last_3552963512_3741347833 for srcT=Struct(Data_Control_Apply_Apply, Control_Apply.Apply, Constructor_Control_Apply_Apply[*Constructor_Data_Maybe_Just[gopurs_runtime.Value]], 1), destT=Struct(Data_Control_Apply_Apply, Control_Apply.Apply, Constructor_Control_Apply_Apply[gopurs_runtime.Value], 1) with fields=0
Generating Rebox_Data_Maybe_Last_3741347833_3552963512 for srcT=Struct(Data_Control_Apply_Apply, Control_Apply.Apply, Constructor_Control_Apply_Apply[gopurs_runtime.Value], 1), destT=Struct(Data_Control_Apply_Apply, Control_Apply.Apply, Constructor_Control_Apply_Apply[*Constructor_Data_Maybe_Just[gopurs_runtime.Value]], 1) with fields=0
Generating Rebox_Data_Maybe_Last_3887487416_2748095225 for srcT=Struct(Data_Control_Bind_Bind, Control_Bind.Bind, Constructor_Control_Bind_Bind[*Constructor_Data_Maybe_Just[gopurs_runtime.Value]], 1), destT=Struct(Data_Control_Bind_Bind, Control_Bind.Bind, Constructor_Control_Bind_Bind[gopurs_runtime.Value], 1) with fields=0
Generating Rebox_Data_Maybe_Last_2748095225_3887487416 for srcT=Struct(Data_Control_Bind_Bind, Control_Bind.Bind, Constructor_Control_Bind_Bind[gopurs_runtime.Value], 1), destT=Struct(Data_Control_Bind_Bind, Control_Bind.Bind, Constructor_Control_Bind_Bind[*Constructor_Data_Maybe_Just[gopurs_runtime.Value]], 1) with fields=0
Generating Rebox_Data_Maybe_Last_570732504_3290176857 for srcT=Struct(Data_Control_Extend_Extend, Control_Extend.Extend, Constructor_Control_Extend_Extend[*Constructor_Data_Maybe_Just[gopurs_runtime.Value]], 1), destT=Struct(Data_Control_Extend_Extend, Control_Extend.Extend, Constructor_Control_Extend_Extend[gopurs_runtime.Value], 1) with fields=0
Generating Rebox_Data_Maybe_Last_3290176857_570732504 for srcT=Struct(Data_Control_Extend_Extend, Control_Extend.Extend, Constructor_Control_Extend_Extend[gopurs_runtime.Value], 1), destT=Struct(Data_Control_Extend_Extend, Control_Extend.Extend, Constructor_Control_Extend_Extend[*Constructor_Data_Maybe_Just[gopurs_runtime.Value]], 1) with fields=0
Generating Rebox_Data_Maybe_Last_1642601656_2568689657 for srcT=Struct(Data_Control_Monad_Monad, Control_Monad.Monad, Constructor_Control_Monad_Monad[*Constructor_Data_Maybe_Just[gopurs_runtime.Value]], 1), destT=Struct(Data_Control_Monad_Monad, Control_Monad.Monad, Constructor_Control_Monad_Monad[gopurs_runtime.Value], 1) with fields=0
Generating Rebox_Data_Maybe_Last_2568689657_1642601656 for srcT=Struct(Data_Control_Monad_Monad, Control_Monad.Monad, Constructor_Control_Monad_Monad[gopurs_runtime.Value], 1), destT=Struct(Data_Control_Monad_Monad, Control_Monad.Monad, Constructor_Control_Monad_Monad[*Constructor_Data_Maybe_Just[gopurs_runtime.Value]], 1) with fields=0
Generating Rebox_Data_Maybe_Last_267397720_3706288089 for srcT=Struct(Data_Control_Plus_Plus, Control_Plus.Plus, Constructor_Control_Plus_Plus[*Constructor_Data_Maybe_Just[gopurs_runtime.Value]], 1), destT=Struct(Data_Control_Plus_Plus, Control_Plus.Plus, Constructor_Control_Plus_Plus[gopurs_runtime.Value], 1) with fields=0
Generating Rebox_Data_Maybe_Last_3706288089_267397720 for srcT=Struct(Data_Control_Plus_Plus, Control_Plus.Plus, Constructor_Control_Plus_Plus[gopurs_runtime.Value], 1), destT=Struct(Data_Control_Plus_Plus, Control_Plus.Plus, Constructor_Control_Plus_Plus[*Constructor_Data_Maybe_Just[gopurs_runtime.Value]], 1) with fields=0
Generating Rebox_Data_Maybe_Last_591333647_2094947566 for srcT=Struct(Data_Data_Bounded_Bounded, Data_Bounded.Bounded, Constructor_Data_Bounded_Bounded[*Constructor_Data_Maybe_Just[gopurs_runtime.Value]], 1), destT=Struct(Data_Data_Bounded_Bounded, Data_Bounded.Bounded, Constructor_Data_Bounded_Bounded[gopurs_runtime.Value], 1) with fields=0
Generating Rebox_Data_Maybe_Last_2094947566_591333647 for srcT=Struct(Data_Data_Bounded_Bounded, Data_Bounded.Bounded, Constructor_Data_Bounded_Bounded[gopurs_runtime.Value], 1), destT=Struct(Data_Data_Bounded_Bounded, Data_Bounded.Bounded, Constructor_Data_Bounded_Bounded[*Constructor_Data_Maybe_Just[gopurs_runtime.Value]], 1) with fields=0
Generating Rebox_Data_Maybe_Last_3508461103_3790796878 for srcT=Struct(Data_Data_Eq_Eq, Data_Eq.Eq, Constructor_Data_Eq_Eq[*Constructor_Data_Maybe_Just[gopurs_runtime.Value]], 1), destT=Struct(Data_Data_Eq_Eq, Data_Eq.Eq, Constructor_Data_Eq_Eq[gopurs_runtime.Value], 1) with fields=0
Generating Rebox_Data_Maybe_Last_3790796878_3508461103 for srcT=Struct(Data_Data_Eq_Eq, Data_Eq.Eq, Constructor_Data_Eq_Eq[gopurs_runtime.Value], 1), destT=Struct(Data_Data_Eq_Eq, Data_Eq.Eq, Constructor_Data_Eq_Eq[*Constructor_Data_Maybe_Just[gopurs_runtime.Value]], 1) with fields=0
Generating Rebox_Data_Maybe_Last_1662389854_1766074591 for srcT=Struct(Data_Data_Eq_Eq1, Data_Eq.Eq1, Constructor_Data_Eq_Eq1[*Constructor_Data_Maybe_Just[gopurs_runtime.Value]], 1), destT=Struct(Data_Data_Eq_Eq1, Data_Eq.Eq1, Constructor_Data_Eq_Eq1[gopurs_runtime.Value], 1) with fields=0
Generating Rebox_Data_Maybe_Last_1766074591_1662389854 for srcT=Struct(Data_Data_Eq_Eq1, Data_Eq.Eq1, Constructor_Data_Eq_Eq1[gopurs_runtime.Value], 1), destT=Struct(Data_Data_Eq_Eq1, Data_Eq.Eq1, Constructor_Data_Eq_Eq1[*Constructor_Data_Maybe_Just[gopurs_runtime.Value]], 1) with fields=0
Generating Rebox_Data_Maybe_Last_3689823567_2812149806 for srcT=Struct(Data_Data_Functor_Functor, Data_Functor.Functor, Constructor_Data_Functor_Functor[*Constructor_Data_Maybe_Just[gopurs_runtime.Value]], 1), destT=Struct(Data_Data_Functor_Functor, Data_Functor.Functor, Constructor_Data_Functor_Functor[gopurs_runtime.Value], 1) with fields=0
Generating Rebox_Data_Maybe_Last_2812149806_3689823567 for srcT=Struct(Data_Data_Functor_Functor, Data_Functor.Functor, Constructor_Data_Functor_Functor[gopurs_runtime.Value], 1), destT=Struct(Data_Data_Functor_Functor, Data_Functor.Functor, Constructor_Data_Functor_Functor[*Constructor_Data_Maybe_Just[gopurs_runtime.Value]], 1) with fields=0
Generating Rebox_Data_Maybe_Last_3818752775_2241343270 for srcT=Struct(Data_Data_Functor_Invariant_Invariant, Data_Functor_Invariant.Invariant, Constructor_Data_Functor_Invariant_Invariant[*Constructor_Data_Maybe_Just[gopurs_runtime.Value]], 1), destT=Struct(Data_Data_Functor_Invariant_Invariant, Data_Functor_Invariant.Invariant, Constructor_Data_Functor_Invariant_Invariant[gopurs_runtime.Value], 1) with fields=0
Generating Rebox_Data_Maybe_Last_2241343270_3818752775 for srcT=Struct(Data_Data_Functor_Invariant_Invariant, Data_Functor_Invariant.Invariant, Constructor_Data_Functor_Invariant_Invariant[gopurs_runtime.Value], 1), destT=Struct(Data_Data_Functor_Invariant_Invariant, Data_Functor_Invariant.Invariant, Constructor_Data_Functor_Invariant_Invariant[*Constructor_Data_Maybe_Just[gopurs_runtime.Value]], 1) with fields=0
Generating Rebox_Data_Maybe_Last_1089607855_1201789390 for srcT=Struct(Data_Data_Monoid_Monoid, Data_Monoid.Monoid, Constructor_Data_Monoid_Monoid[*Constructor_Data_Maybe_Just[gopurs_runtime.Value]], 1), destT=Struct(Data_Data_Monoid_Monoid, Data_Monoid.Monoid, Constructor_Data_Monoid_Monoid[gopurs_runtime.Value], 1) with fields=0
Generating Rebox_Data_Maybe_Last_1201789390_1089607855 for srcT=Struct(Data_Data_Monoid_Monoid, Data_Monoid.Monoid, Constructor_Data_Monoid_Monoid[gopurs_runtime.Value], 1), destT=Struct(Data_Data_Monoid_Monoid, Data_Monoid.Monoid, Constructor_Data_Monoid_Monoid[*Constructor_Data_Maybe_Just[gopurs_runtime.Value]], 1) with fields=0
Generating Rebox_Data_Maybe_Last_1892488872_385277032 for srcT=Struct(Data_Data_Newtype_Newtype, Data_Newtype.Newtype, Constructor_Data_Newtype_Newtype[*Constructor_Data_Maybe_Just[gopurs_runtime.Value], *Constructor_Data_Maybe_Just[gopurs_runtime.Value]], 2), destT=Struct(Data_Data_Newtype_Newtype, Data_Newtype.Newtype, Constructor_Data_Newtype_Newtype[gopurs_runtime.Value, gopurs_runtime.Value], 2) with fields=0
Generating Rebox_Data_Maybe_Last_385277032_1892488872 for srcT=Struct(Data_Data_Newtype_Newtype, Data_Newtype.Newtype, Constructor_Data_Newtype_Newtype[gopurs_runtime.Value, gopurs_runtime.Value], 2), destT=Struct(Data_Data_Newtype_Newtype, Data_Newtype.Newtype, Constructor_Data_Newtype_Newtype[*Constructor_Data_Maybe_Just[gopurs_runtime.Value], *Constructor_Data_Maybe_Just[gopurs_runtime.Value]], 2) with fields=0
Generating Rebox_Data_Maybe_Last_2155612431_4177771502 for srcT=Struct(Data_Data_Ord_Ord, Data_Ord.Ord, Constructor_Data_Ord_Ord[*Constructor_Data_Maybe_Just[gopurs_runtime.Value]], 1), destT=Struct(Data_Data_Ord_Ord, Data_Ord.Ord, Constructor_Data_Ord_Ord[gopurs_runtime.Value], 1) with fields=0
Generating Rebox_Data_Maybe_Last_4177771502_2155612431 for srcT=Struct(Data_Data_Ord_Ord, Data_Ord.Ord, Constructor_Data_Ord_Ord[gopurs_runtime.Value], 1), destT=Struct(Data_Data_Ord_Ord, Data_Ord.Ord, Constructor_Data_Ord_Ord[*Constructor_Data_Maybe_Just[gopurs_runtime.Value]], 1) with fields=0
Generating Rebox_Data_Maybe_Last_170825214_3985601471 for srcT=Struct(Data_Data_Ord_Ord1, Data_Ord.Ord1, Constructor_Data_Ord_Ord1[*Constructor_Data_Maybe_Just[gopurs_runtime.Value]], 1), destT=Struct(Data_Data_Ord_Ord1, Data_Ord.Ord1, Constructor_Data_Ord_Ord1[gopurs_runtime.Value], 1) with fields=0
Generating Rebox_Data_Maybe_Last_3985601471_170825214 for srcT=Struct(Data_Data_Ord_Ord1, Data_Ord.Ord1, Constructor_Data_Ord_Ord1[gopurs_runtime.Value], 1), destT=Struct(Data_Data_Ord_Ord1, Data_Ord.Ord1, Constructor_Data_Ord_Ord1[*Constructor_Data_Maybe_Just[gopurs_runtime.Value]], 1) with fields=0
Generating Rebox_Data_Maybe_Last_125234255_4179793454 for srcT=Struct(Data_Data_Semigroup_Semigroup, Data_Semigroup.Semigroup, Constructor_Data_Semigroup_Semigroup[*Constructor_Data_Maybe_Just[gopurs_runtime.Value]], 1), destT=Struct(Data_Data_Semigroup_Semigroup, Data_Semigroup.Semigroup, Constructor_Data_Semigroup_Semigroup[gopurs_runtime.Value], 1) with fields=0
Generating Rebox_Data_Maybe_Last_4179793454_125234255 for srcT=Struct(Data_Data_Semigroup_Semigroup, Data_Semigroup.Semigroup, Constructor_Data_Semigroup_Semigroup[gopurs_runtime.Value], 1), destT=Struct(Data_Data_Semigroup_Semigroup, Data_Semigroup.Semigroup, Constructor_Data_Semigroup_Semigroup[*Constructor_Data_Maybe_Just[gopurs_runtime.Value]], 1) with fields=0
Generating Rebox_Data_Maybe_Last_345859663_1386611502 for srcT=Struct(Data_Data_Show_Show, Data_Show.Show, Constructor_Data_Show_Show[*Constructor_Data_Maybe_Just[gopurs_runtime.Value]], 1), destT=Struct(Data_Data_Show_Show, Data_Show.Show, Constructor_Data_Show_Show[gopurs_runtime.Value], 1) with fields=0
Generating Rebox_Data_Maybe_Last_1386611502_345859663 for srcT=Struct(Data_Data_Show_Show, Data_Show.Show, Constructor_Data_Show_Show[gopurs_runtime.Value], 1), destT=Struct(Data_Data_Show_Show, Data_Show.Show, Constructor_Data_Show_Show[*Constructor_Data_Maybe_Just[gopurs_runtime.Value]], 1) with fields=0
Generating Rebox_Data_Foldable_1146820559_1680800814 for srcT=Struct(Data_Data_Foldable_Foldable, Data_Foldable.Foldable, Constructor_Data_Foldable_Foldable[*Constructor_Data_Maybe_Just[gopurs_runtime.Value]], 1), destT=Struct(Data_Data_Foldable_Foldable, Data_Foldable.Foldable, Constructor_Data_Foldable_Foldable[gopurs_runtime.Value], 1) with fields=0
Generating Rebox_Data_Foldable_4173511203_1680800814 for srcT=Struct(Data_Data_Foldable_Foldable, Data_Foldable.Foldable, Constructor_Data_Foldable_Foldable[*Constructor_Data_Tuple_Tuple[gopurs_runtime.Value, gopurs_runtime.Value]], 1), destT=Struct(Data_Data_Foldable_Foldable, Data_Foldable.Foldable, Constructor_Data_Foldable_Foldable[gopurs_runtime.Value], 1) with fields=0
Generating Rebox_Data_Foldable_1680800814_1146820559 for srcT=Struct(Data_Data_Foldable_Foldable, Data_Foldable.Foldable, Constructor_Data_Foldable_Foldable[gopurs_runtime.Value], 1), destT=Struct(Data_Data_Foldable_Foldable, Data_Foldable.Foldable, Constructor_Data_Foldable_Foldable[*Constructor_Data_Maybe_Just[gopurs_runtime.Value]], 1) with fields=0
Generating Rebox_Data_Foldable_1680800814_4173511203 for srcT=Struct(Data_Data_Foldable_Foldable, Data_Foldable.Foldable, Constructor_Data_Foldable_Foldable[gopurs_runtime.Value], 1), destT=Struct(Data_Data_Foldable_Foldable, Data_Foldable.Foldable, Constructor_Data_Foldable_Foldable[*Constructor_Data_Tuple_Tuple[gopurs_runtime.Value, gopurs_runtime.Value]], 1) with fields=0
Generating Rebox_Data_Foldable_849153993_128126966 for srcT=Struct(Data_Data_List_Types_Cons, Data_List_Types.Cons, Constructor_Data_List_Types_Cons[gopurs_runtime.Value], 1), destT=Struct(Data_Data_List_Types_Cons, Data_List_Types.Cons, Constructor_Data_List_Types_Cons[string], 1) with fields=2
Generating Rebox_Data_Foldable_128126966_849153993 for srcT=Struct(Data_Data_List_Types_Cons, Data_List_Types.Cons, Constructor_Data_List_Types_Cons[string], 1), destT=Struct(Data_Data_List_Types_Cons, Data_List_Types.Cons, Constructor_Data_List_Types_Cons[gopurs_runtime.Value], 1) with fields=2
Generating Rebox_Data_Foldable_1089607855_1201789390 for srcT=Struct(Data_Data_Monoid_Monoid, Data_Monoid.Monoid, Constructor_Data_Monoid_Monoid[*Constructor_Data_Maybe_Just[gopurs_runtime.Value]], 1), destT=Struct(Data_Data_Monoid_Monoid, Data_Monoid.Monoid, Constructor_Data_Monoid_Monoid[gopurs_runtime.Value], 1) with fields=0
Generating Rebox_Data_Foldable_321927638_1201789390 for srcT=Struct(Data_Data_Monoid_Monoid, Data_Monoid.Monoid, Constructor_Data_Monoid_Monoid[float64], 1), destT=Struct(Data_Data_Monoid_Monoid, Data_Monoid.Monoid, Constructor_Data_Monoid_Monoid[gopurs_runtime.Value], 1) with fields=0
Generating Rebox_Data_Foldable_1201789390_1089607855 for srcT=Struct(Data_Data_Monoid_Monoid, Data_Monoid.Monoid, Constructor_Data_Monoid_Monoid[gopurs_runtime.Value], 1), destT=Struct(Data_Data_Monoid_Monoid, Data_Monoid.Monoid, Constructor_Data_Monoid_Monoid[*Constructor_Data_Maybe_Just[gopurs_runtime.Value]], 1) with fields=0
Generating Rebox_Data_Foldable_1201789390_321927638 for srcT=Struct(Data_Data_Monoid_Monoid, Data_Monoid.Monoid, Constructor_Data_Monoid_Monoid[gopurs_runtime.Value], 1), destT=Struct(Data_Data_Monoid_Monoid, Data_Monoid.Monoid, Constructor_Data_Monoid_Monoid[float64], 1) with fields=0
Generating Rebox_Data_FunctorWithIndex_1961781733_2412140840 for srcT=Struct(Data_Data_FunctorWithIndex_FunctorWithIndex, Data_FunctorWithIndex.FunctorWithIndex, Constructor_Data_FunctorWithIndex_FunctorWithIndex[*Constructor_Data_Tuple_Tuple[gopurs_runtime.Value, gopurs_runtime.Value], gopurs_runtime.Value], 2), destT=Struct(Data_Data_FunctorWithIndex_FunctorWithIndex, Data_FunctorWithIndex.FunctorWithIndex, Constructor_Data_FunctorWithIndex_FunctorWithIndex[gopurs_runtime.Value, gopurs_runtime.Value], 2) with fields=0
Generating Rebox_Data_FunctorWithIndex_3136246921_2412140840 for srcT=Struct(Data_Data_FunctorWithIndex_FunctorWithIndex, Data_FunctorWithIndex.FunctorWithIndex, Constructor_Data_FunctorWithIndex_FunctorWithIndex[gopurs_runtime.Value, *Constructor_Data_Maybe_Just[gopurs_runtime.Value]], 2), destT=Struct(Data_Data_FunctorWithIndex_FunctorWithIndex, Data_FunctorWithIndex.FunctorWithIndex, Constructor_Data_FunctorWithIndex_FunctorWithIndex[gopurs_runtime.Value, gopurs_runtime.Value], 2) with fields=0
Generating Rebox_Data_FunctorWithIndex_935379557_2412140840 for srcT=Struct(Data_Data_FunctorWithIndex_FunctorWithIndex, Data_FunctorWithIndex.FunctorWithIndex, Constructor_Data_FunctorWithIndex_FunctorWithIndex[gopurs_runtime.Value, *Constructor_Data_Tuple_Tuple[gopurs_runtime.Value, gopurs_runtime.Value]], 2), destT=Struct(Data_Data_FunctorWithIndex_FunctorWithIndex, Data_FunctorWithIndex.FunctorWithIndex, Constructor_Data_FunctorWithIndex_FunctorWithIndex[gopurs_runtime.Value, gopurs_runtime.Value], 2) with fields=0
Generating Rebox_Data_FunctorWithIndex_2412140840_1961781733 for srcT=Struct(Data_Data_FunctorWithIndex_FunctorWithIndex, Data_FunctorWithIndex.FunctorWithIndex, Constructor_Data_FunctorWithIndex_FunctorWithIndex[gopurs_runtime.Value, gopurs_runtime.Value], 2), destT=Struct(Data_Data_FunctorWithIndex_FunctorWithIndex, Data_FunctorWithIndex.FunctorWithIndex, Constructor_Data_FunctorWithIndex_FunctorWithIndex[*Constructor_Data_Tuple_Tuple[gopurs_runtime.Value, gopurs_runtime.Value], gopurs_runtime.Value], 2) with fields=0
Generating Rebox_Data_FunctorWithIndex_2412140840_3136246921 for srcT=Struct(Data_Data_FunctorWithIndex_FunctorWithIndex, Data_FunctorWithIndex.FunctorWithIndex, Constructor_Data_FunctorWithIndex_FunctorWithIndex[gopurs_runtime.Value, gopurs_runtime.Value], 2), destT=Struct(Data_Data_FunctorWithIndex_FunctorWithIndex, Data_FunctorWithIndex.FunctorWithIndex, Constructor_Data_FunctorWithIndex_FunctorWithIndex[gopurs_runtime.Value, *Constructor_Data_Maybe_Just[gopurs_runtime.Value]], 2) with fields=0
Generating Rebox_Data_FunctorWithIndex_2412140840_935379557 for srcT=Struct(Data_Data_FunctorWithIndex_FunctorWithIndex, Data_FunctorWithIndex.FunctorWithIndex, Constructor_Data_FunctorWithIndex_FunctorWithIndex[gopurs_runtime.Value, gopurs_runtime.Value], 2), destT=Struct(Data_Data_FunctorWithIndex_FunctorWithIndex, Data_FunctorWithIndex.FunctorWithIndex, Constructor_Data_FunctorWithIndex_FunctorWithIndex[gopurs_runtime.Value, *Constructor_Data_Tuple_Tuple[gopurs_runtime.Value, gopurs_runtime.Value]], 2) with fields=0
Generating Rebox_Data_FunctorWithIndex_2412140840_2773701683 for srcT=Struct(Data_Data_FunctorWithIndex_FunctorWithIndex, Data_FunctorWithIndex.FunctorWithIndex, Constructor_Data_FunctorWithIndex_FunctorWithIndex[gopurs_runtime.Value, gopurs_runtime.Value], 2), destT=Struct(Data_Data_FunctorWithIndex_FunctorWithIndex, Data_FunctorWithIndex.FunctorWithIndex, Constructor_Data_FunctorWithIndex_FunctorWithIndex[int64, gopurs_runtime.Value], 2) with fields=0
Generating Rebox_Data_FunctorWithIndex_2773701683_2412140840 for srcT=Struct(Data_Data_FunctorWithIndex_FunctorWithIndex, Data_FunctorWithIndex.FunctorWithIndex, Constructor_Data_FunctorWithIndex_FunctorWithIndex[int64, gopurs_runtime.Value], 2), destT=Struct(Data_Data_FunctorWithIndex_FunctorWithIndex, Data_FunctorWithIndex.FunctorWithIndex, Constructor_Data_FunctorWithIndex_FunctorWithIndex[gopurs_runtime.Value, gopurs_runtime.Value], 2) with fields=0
Generating Rebox_Data_FunctorWithIndex_3689823567_2812149806 for srcT=Struct(Data_Data_Functor_Functor, Data_Functor.Functor, Constructor_Data_Functor_Functor[*Constructor_Data_Maybe_Just[gopurs_runtime.Value]], 1), destT=Struct(Data_Data_Functor_Functor, Data_Functor.Functor, Constructor_Data_Functor_Functor[gopurs_runtime.Value], 1) with fields=0
Generating Rebox_Data_FunctorWithIndex_2363162019_2812149806 for srcT=Struct(Data_Data_Functor_Functor, Data_Functor.Functor, Constructor_Data_Functor_Functor[*Constructor_Data_Tuple_Tuple[gopurs_runtime.Value, gopurs_runtime.Value]], 1), destT=Struct(Data_Data_Functor_Functor, Data_Functor.Functor, Constructor_Data_Functor_Functor[gopurs_runtime.Value], 1) with fields=0
Generating Rebox_Data_FunctorWithIndex_2812149806_3689823567 for srcT=Struct(Data_Data_Functor_Functor, Data_Functor.Functor, Constructor_Data_Functor_Functor[gopurs_runtime.Value], 1), destT=Struct(Data_Data_Functor_Functor, Data_Functor.Functor, Constructor_Data_Functor_Functor[*Constructor_Data_Maybe_Just[gopurs_runtime.Value]], 1) with fields=0
Generating Rebox_Data_FunctorWithIndex_2812149806_2363162019 for srcT=Struct(Data_Data_Functor_Functor, Data_Functor.Functor, Constructor_Data_Functor_Functor[gopurs_runtime.Value], 1), destT=Struct(Data_Data_Functor_Functor, Data_Functor.Functor, Constructor_Data_Functor_Functor[*Constructor_Data_Tuple_Tuple[gopurs_runtime.Value, gopurs_runtime.Value]], 1) with fields=0
Generating Rebox_Data_FoldableWithIndex_139552293_3725484264 for srcT=Struct(Data_Data_FoldableWithIndex_FoldableWithIndex, Data_FoldableWithIndex.FoldableWithIndex, Constructor_Data_FoldableWithIndex_FoldableWithIndex[*Constructor_Data_Tuple_Tuple[gopurs_runtime.Value, gopurs_runtime.Value], gopurs_runtime.Value], 2), destT=Struct(Data_Data_FoldableWithIndex_FoldableWithIndex, Data_FoldableWithIndex.FoldableWithIndex, Constructor_Data_FoldableWithIndex_FoldableWithIndex[gopurs_runtime.Value, gopurs_runtime.Value], 2) with fields=0
Generating Rebox_Data_FoldableWithIndex_2286084809_3725484264 for srcT=Struct(Data_Data_FoldableWithIndex_FoldableWithIndex, Data_FoldableWithIndex.FoldableWithIndex, Constructor_Data_FoldableWithIndex_FoldableWithIndex[gopurs_runtime.Value, *Constructor_Data_Maybe_Just[gopurs_runtime.Value]], 2), destT=Struct(Data_Data_FoldableWithIndex_FoldableWithIndex, Data_FoldableWithIndex.FoldableWithIndex, Constructor_Data_FoldableWithIndex_FoldableWithIndex[gopurs_runtime.Value, gopurs_runtime.Value], 2) with fields=0
Generating Rebox_Data_FoldableWithIndex_3374046885_3725484264 for srcT=Struct(Data_Data_FoldableWithIndex_FoldableWithIndex, Data_FoldableWithIndex.FoldableWithIndex, Constructor_Data_FoldableWithIndex_FoldableWithIndex[gopurs_runtime.Value, *Constructor_Data_Tuple_Tuple[gopurs_runtime.Value, gopurs_runtime.Value]], 2), destT=Struct(Data_Data_FoldableWithIndex_FoldableWithIndex, Data_FoldableWithIndex.FoldableWithIndex, Constructor_Data_FoldableWithIndex_FoldableWithIndex[gopurs_runtime.Value, gopurs_runtime.Value], 2) with fields=0
Generating Rebox_Data_FoldableWithIndex_3725484264_139552293 for srcT=Struct(Data_Data_FoldableWithIndex_FoldableWithIndex, Data_FoldableWithIndex.FoldableWithIndex, Constructor_Data_FoldableWithIndex_FoldableWithIndex[gopurs_runtime.Value, gopurs_runtime.Value], 2), destT=Struct(Data_Data_FoldableWithIndex_FoldableWithIndex, Data_FoldableWithIndex.FoldableWithIndex, Constructor_Data_FoldableWithIndex_FoldableWithIndex[*Constructor_Data_Tuple_Tuple[gopurs_runtime.Value, gopurs_runtime.Value], gopurs_runtime.Value], 2) with fields=0
Generating Rebox_Data_FoldableWithIndex_3725484264_2286084809 for srcT=Struct(Data_Data_FoldableWithIndex_FoldableWithIndex, Data_FoldableWithIndex.FoldableWithIndex, Constructor_Data_FoldableWithIndex_FoldableWithIndex[gopurs_runtime.Value, gopurs_runtime.Value], 2), destT=Struct(Data_Data_FoldableWithIndex_FoldableWithIndex, Data_FoldableWithIndex.FoldableWithIndex, Constructor_Data_FoldableWithIndex_FoldableWithIndex[gopurs_runtime.Value, *Constructor_Data_Maybe_Just[gopurs_runtime.Value]], 2) with fields=0
Generating Rebox_Data_FoldableWithIndex_3725484264_3374046885 for srcT=Struct(Data_Data_FoldableWithIndex_FoldableWithIndex, Data_FoldableWithIndex.FoldableWithIndex, Constructor_Data_FoldableWithIndex_FoldableWithIndex[gopurs_runtime.Value, gopurs_runtime.Value], 2), destT=Struct(Data_Data_FoldableWithIndex_FoldableWithIndex, Data_FoldableWithIndex.FoldableWithIndex, Constructor_Data_FoldableWithIndex_FoldableWithIndex[gopurs_runtime.Value, *Constructor_Data_Tuple_Tuple[gopurs_runtime.Value, gopurs_runtime.Value]], 2) with fields=0
Generating Rebox_Data_FoldableWithIndex_3725484264_2491554675 for srcT=Struct(Data_Data_FoldableWithIndex_FoldableWithIndex, Data_FoldableWithIndex.FoldableWithIndex, Constructor_Data_FoldableWithIndex_FoldableWithIndex[gopurs_runtime.Value, gopurs_runtime.Value], 2), destT=Struct(Data_Data_FoldableWithIndex_FoldableWithIndex, Data_FoldableWithIndex.FoldableWithIndex, Constructor_Data_FoldableWithIndex_FoldableWithIndex[int64, gopurs_runtime.Value], 2) with fields=0
Generating Rebox_Data_FoldableWithIndex_2491554675_3725484264 for srcT=Struct(Data_Data_FoldableWithIndex_FoldableWithIndex, Data_FoldableWithIndex.FoldableWithIndex, Constructor_Data_FoldableWithIndex_FoldableWithIndex[int64, gopurs_runtime.Value], 2), destT=Struct(Data_Data_FoldableWithIndex_FoldableWithIndex, Data_FoldableWithIndex.FoldableWithIndex, Constructor_Data_FoldableWithIndex_FoldableWithIndex[gopurs_runtime.Value, gopurs_runtime.Value], 2) with fields=0
Generating Rebox_Data_FoldableWithIndex_1146820559_1680800814 for srcT=Struct(Data_Data_Foldable_Foldable, Data_Foldable.Foldable, Constructor_Data_Foldable_Foldable[*Constructor_Data_Maybe_Just[gopurs_runtime.Value]], 1), destT=Struct(Data_Data_Foldable_Foldable, Data_Foldable.Foldable, Constructor_Data_Foldable_Foldable[gopurs_runtime.Value], 1) with fields=0
Generating Rebox_Data_FoldableWithIndex_4173511203_1680800814 for srcT=Struct(Data_Data_Foldable_Foldable, Data_Foldable.Foldable, Constructor_Data_Foldable_Foldable[*Constructor_Data_Tuple_Tuple[gopurs_runtime.Value, gopurs_runtime.Value]], 1), destT=Struct(Data_Data_Foldable_Foldable, Data_Foldable.Foldable, Constructor_Data_Foldable_Foldable[gopurs_runtime.Value], 1) with fields=0
Generating Rebox_Data_FoldableWithIndex_1680800814_1146820559 for srcT=Struct(Data_Data_Foldable_Foldable, Data_Foldable.Foldable, Constructor_Data_Foldable_Foldable[gopurs_runtime.Value], 1), destT=Struct(Data_Data_Foldable_Foldable, Data_Foldable.Foldable, Constructor_Data_Foldable_Foldable[*Constructor_Data_Maybe_Just[gopurs_runtime.Value]], 1) with fields=0
Generating Rebox_Data_FoldableWithIndex_1680800814_4173511203 for srcT=Struct(Data_Data_Foldable_Foldable, Data_Foldable.Foldable, Constructor_Data_Foldable_Foldable[gopurs_runtime.Value], 1), destT=Struct(Data_Data_Foldable_Foldable, Data_Foldable.Foldable, Constructor_Data_Foldable_Foldable[*Constructor_Data_Tuple_Tuple[gopurs_runtime.Value, gopurs_runtime.Value]], 1) with fields=0
Generating Rebox_Data_Semigroup_Foldable_4173511203_1680800814 for srcT=Struct(Data_Data_Foldable_Foldable, Data_Foldable.Foldable, Constructor_Data_Foldable_Foldable[*Constructor_Data_Tuple_Tuple[gopurs_runtime.Value, gopurs_runtime.Value]], 1), destT=Struct(Data_Data_Foldable_Foldable, Data_Foldable.Foldable, Constructor_Data_Foldable_Foldable[gopurs_runtime.Value], 1) with fields=0
Generating Rebox_Data_Semigroup_Foldable_1680800814_4173511203 for srcT=Struct(Data_Data_Foldable_Foldable, Data_Foldable.Foldable, Constructor_Data_Foldable_Foldable[gopurs_runtime.Value], 1), destT=Struct(Data_Data_Foldable_Foldable, Data_Foldable.Foldable, Constructor_Data_Foldable_Foldable[*Constructor_Data_Tuple_Tuple[gopurs_runtime.Value, gopurs_runtime.Value]], 1) with fields=0
Generating Rebox_Data_Semigroup_Foldable_1136416832_4151366573 for srcT=Struct(Data_Data_Semigroup_Foldable_Foldable1, Data_Semigroup_Foldable.Foldable1, Constructor_Data_Semigroup_Foldable_Foldable1[*Constructor_Data_Tuple_Tuple[gopurs_runtime.Value, gopurs_runtime.Value]], 1), destT=Struct(Data_Data_Semigroup_Foldable_Foldable1, Data_Semigroup_Foldable.Foldable1, Constructor_Data_Semigroup_Foldable_Foldable1[gopurs_runtime.Value], 1) with fields=0
Generating Rebox_Data_Semigroup_Foldable_4151366573_1136416832 for srcT=Struct(Data_Data_Semigroup_Foldable_Foldable1, Data_Semigroup_Foldable.Foldable1, Constructor_Data_Semigroup_Foldable_Foldable1[gopurs_runtime.Value], 1), destT=Struct(Data_Data_Semigroup_Foldable_Foldable1, Data_Semigroup_Foldable.Foldable1, Constructor_Data_Semigroup_Foldable_Foldable1[*Constructor_Data_Tuple_Tuple[gopurs_runtime.Value, gopurs_runtime.Value]], 1) with fields=0
Generating Rebox_Data_Semigroup_Foldable_4053213292_4179793454 for srcT=Struct(Data_Data_Semigroup_Semigroup, Data_Semigroup.Semigroup, Constructor_Data_Semigroup_Semigroup[*Constructor_Data_Semigroup_Foldable_FoldRight1[gopurs_runtime.Value]], 1), destT=Struct(Data_Data_Semigroup_Semigroup, Data_Semigroup.Semigroup, Constructor_Data_Semigroup_Semigroup[gopurs_runtime.Value], 1) with fields=0
Generating Rebox_Data_Semigroup_Foldable_4179793454_4053213292 for srcT=Struct(Data_Data_Semigroup_Semigroup, Data_Semigroup.Semigroup, Constructor_Data_Semigroup_Semigroup[gopurs_runtime.Value], 1), destT=Struct(Data_Data_Semigroup_Semigroup, Data_Semigroup.Semigroup, Constructor_Data_Semigroup_Semigroup[*Constructor_Data_Semigroup_Foldable_FoldRight1[gopurs_runtime.Value]], 1) with fields=0
Generating Rebox_Data_Traversable_1146820559_1680800814 for srcT=Struct(Data_Data_Foldable_Foldable, Data_Foldable.Foldable, Constructor_Data_Foldable_Foldable[*Constructor_Data_Maybe_Just[gopurs_runtime.Value]], 1), destT=Struct(Data_Data_Foldable_Foldable, Data_Foldable.Foldable, Constructor_Data_Foldable_Foldable[gopurs_runtime.Value], 1) with fields=0
Generating Rebox_Data_Traversable_4173511203_1680800814 for srcT=Struct(Data_Data_Foldable_Foldable, Data_Foldable.Foldable, Constructor_Data_Foldable_Foldable[*Constructor_Data_Tuple_Tuple[gopurs_runtime.Value, gopurs_runtime.Value]], 1), destT=Struct(Data_Data_Foldable_Foldable, Data_Foldable.Foldable, Constructor_Data_Foldable_Foldable[gopurs_runtime.Value], 1) with fields=0
Generating Rebox_Data_Traversable_1680800814_1146820559 for srcT=Struct(Data_Data_Foldable_Foldable, Data_Foldable.Foldable, Constructor_Data_Foldable_Foldable[gopurs_runtime.Value], 1), destT=Struct(Data_Data_Foldable_Foldable, Data_Foldable.Foldable, Constructor_Data_Foldable_Foldable[*Constructor_Data_Maybe_Just[gopurs_runtime.Value]], 1) with fields=0
Generating Rebox_Data_Traversable_1680800814_4173511203 for srcT=Struct(Data_Data_Foldable_Foldable, Data_Foldable.Foldable, Constructor_Data_Foldable_Foldable[gopurs_runtime.Value], 1), destT=Struct(Data_Data_Foldable_Foldable, Data_Foldable.Foldable, Constructor_Data_Foldable_Foldable[*Constructor_Data_Tuple_Tuple[gopurs_runtime.Value, gopurs_runtime.Value]], 1) with fields=0
Generating Rebox_Data_Traversable_3689823567_2812149806 for srcT=Struct(Data_Data_Functor_Functor, Data_Functor.Functor, Constructor_Data_Functor_Functor[*Constructor_Data_Maybe_Just[gopurs_runtime.Value]], 1), destT=Struct(Data_Data_Functor_Functor, Data_Functor.Functor, Constructor_Data_Functor_Functor[gopurs_runtime.Value], 1) with fields=0
Generating Rebox_Data_Traversable_2363162019_2812149806 for srcT=Struct(Data_Data_Functor_Functor, Data_Functor.Functor, Constructor_Data_Functor_Functor[*Constructor_Data_Tuple_Tuple[gopurs_runtime.Value, gopurs_runtime.Value]], 1), destT=Struct(Data_Data_Functor_Functor, Data_Functor.Functor, Constructor_Data_Functor_Functor[gopurs_runtime.Value], 1) with fields=0
Generating Rebox_Data_Traversable_2812149806_3689823567 for srcT=Struct(Data_Data_Functor_Functor, Data_Functor.Functor, Constructor_Data_Functor_Functor[gopurs_runtime.Value], 1), destT=Struct(Data_Data_Functor_Functor, Data_Functor.Functor, Constructor_Data_Functor_Functor[*Constructor_Data_Maybe_Just[gopurs_runtime.Value]], 1) with fields=0
Generating Rebox_Data_Traversable_2812149806_2363162019 for srcT=Struct(Data_Data_Functor_Functor, Data_Functor.Functor, Constructor_Data_Functor_Functor[gopurs_runtime.Value], 1), destT=Struct(Data_Data_Functor_Functor, Data_Functor.Functor, Constructor_Data_Functor_Functor[*Constructor_Data_Tuple_Tuple[gopurs_runtime.Value, gopurs_runtime.Value]], 1) with fields=0
Generating Rebox_Data_Traversable_3188237647_3043886126 for srcT=Struct(Data_Data_Traversable_Traversable, Data_Traversable.Traversable, Constructor_Data_Traversable_Traversable[*Constructor_Data_Maybe_Just[gopurs_runtime.Value]], 1), destT=Struct(Data_Data_Traversable_Traversable, Data_Traversable.Traversable, Constructor_Data_Traversable_Traversable[gopurs_runtime.Value], 1) with fields=0
Generating Rebox_Data_Traversable_3543431075_3043886126 for srcT=Struct(Data_Data_Traversable_Traversable, Data_Traversable.Traversable, Constructor_Data_Traversable_Traversable[*Constructor_Data_Tuple_Tuple[gopurs_runtime.Value, gopurs_runtime.Value]], 1), destT=Struct(Data_Data_Traversable_Traversable, Data_Traversable.Traversable, Constructor_Data_Traversable_Traversable[gopurs_runtime.Value], 1) with fields=0
Generating Rebox_Data_Traversable_3043886126_3188237647 for srcT=Struct(Data_Data_Traversable_Traversable, Data_Traversable.Traversable, Constructor_Data_Traversable_Traversable[gopurs_runtime.Value], 1), destT=Struct(Data_Data_Traversable_Traversable, Data_Traversable.Traversable, Constructor_Data_Traversable_Traversable[*Constructor_Data_Maybe_Just[gopurs_runtime.Value]], 1) with fields=0
Generating Rebox_Data_Traversable_3043886126_3543431075 for srcT=Struct(Data_Data_Traversable_Traversable, Data_Traversable.Traversable, Constructor_Data_Traversable_Traversable[gopurs_runtime.Value], 1), destT=Struct(Data_Data_Traversable_Traversable, Data_Traversable.Traversable, Constructor_Data_Traversable_Traversable[*Constructor_Data_Tuple_Tuple[gopurs_runtime.Value, gopurs_runtime.Value]], 1) with fields=0
Generating Rebox_Data_Semigroup_Traversable_1136416832_4151366573 for srcT=Struct(Data_Data_Semigroup_Foldable_Foldable1, Data_Semigroup_Foldable.Foldable1, Constructor_Data_Semigroup_Foldable_Foldable1[*Constructor_Data_Tuple_Tuple[gopurs_runtime.Value, gopurs_runtime.Value]], 1), destT=Struct(Data_Data_Semigroup_Foldable_Foldable1, Data_Semigroup_Foldable.Foldable1, Constructor_Data_Semigroup_Foldable_Foldable1[gopurs_runtime.Value], 1) with fields=0
Generating Rebox_Data_Semigroup_Traversable_4151366573_1136416832 for srcT=Struct(Data_Data_Semigroup_Foldable_Foldable1, Data_Semigroup_Foldable.Foldable1, Constructor_Data_Semigroup_Foldable_Foldable1[gopurs_runtime.Value], 1), destT=Struct(Data_Data_Semigroup_Foldable_Foldable1, Data_Semigroup_Foldable.Foldable1, Constructor_Data_Semigroup_Foldable_Foldable1[*Constructor_Data_Tuple_Tuple[gopurs_runtime.Value, gopurs_runtime.Value]], 1) with fields=0
Generating Rebox_Data_Semigroup_Traversable_1487937088_306175789 for srcT=Struct(Data_Data_Semigroup_Traversable_Traversable1, Data_Semigroup_Traversable.Traversable1, Constructor_Data_Semigroup_Traversable_Traversable1[*Constructor_Data_Tuple_Tuple[gopurs_runtime.Value, gopurs_runtime.Value]], 1), destT=Struct(Data_Data_Semigroup_Traversable_Traversable1, Data_Semigroup_Traversable.Traversable1, Constructor_Data_Semigroup_Traversable_Traversable1[gopurs_runtime.Value], 1) with fields=0
Generating Rebox_Data_Semigroup_Traversable_306175789_1487937088 for srcT=Struct(Data_Data_Semigroup_Traversable_Traversable1, Data_Semigroup_Traversable.Traversable1, Constructor_Data_Semigroup_Traversable_Traversable1[gopurs_runtime.Value], 1), destT=Struct(Data_Data_Semigroup_Traversable_Traversable1, Data_Semigroup_Traversable.Traversable1, Constructor_Data_Semigroup_Traversable_Traversable1[*Constructor_Data_Tuple_Tuple[gopurs_runtime.Value, gopurs_runtime.Value]], 1) with fields=0
Generating Rebox_Data_Semigroup_Traversable_3543431075_3043886126 for srcT=Struct(Data_Data_Traversable_Traversable, Data_Traversable.Traversable, Constructor_Data_Traversable_Traversable[*Constructor_Data_Tuple_Tuple[gopurs_runtime.Value, gopurs_runtime.Value]], 1), destT=Struct(Data_Data_Traversable_Traversable, Data_Traversable.Traversable, Constructor_Data_Traversable_Traversable[gopurs_runtime.Value], 1) with fields=0
Generating Rebox_Data_Semigroup_Traversable_3043886126_3543431075 for srcT=Struct(Data_Data_Traversable_Traversable, Data_Traversable.Traversable, Constructor_Data_Traversable_Traversable[gopurs_runtime.Value], 1), destT=Struct(Data_Data_Traversable_Traversable, Data_Traversable.Traversable, Constructor_Data_Traversable_Traversable[*Constructor_Data_Tuple_Tuple[gopurs_runtime.Value, gopurs_runtime.Value]], 1) with fields=0
Generating Rebox_Data_TraversableWithIndex_139552293_3725484264 for srcT=Struct(Data_Data_FoldableWithIndex_FoldableWithIndex, Data_FoldableWithIndex.FoldableWithIndex, Constructor_Data_FoldableWithIndex_FoldableWithIndex[*Constructor_Data_Tuple_Tuple[gopurs_runtime.Value, gopurs_runtime.Value], gopurs_runtime.Value], 2), destT=Struct(Data_Data_FoldableWithIndex_FoldableWithIndex, Data_FoldableWithIndex.FoldableWithIndex, Constructor_Data_FoldableWithIndex_FoldableWithIndex[gopurs_runtime.Value, gopurs_runtime.Value], 2) with fields=0
Generating Rebox_Data_TraversableWithIndex_2286084809_3725484264 for srcT=Struct(Data_Data_FoldableWithIndex_FoldableWithIndex, Data_FoldableWithIndex.FoldableWithIndex, Constructor_Data_FoldableWithIndex_FoldableWithIndex[gopurs_runtime.Value, *Constructor_Data_Maybe_Just[gopurs_runtime.Value]], 2), destT=Struct(Data_Data_FoldableWithIndex_FoldableWithIndex, Data_FoldableWithIndex.FoldableWithIndex, Constructor_Data_FoldableWithIndex_FoldableWithIndex[gopurs_runtime.Value, gopurs_runtime.Value], 2) with fields=0
Generating Rebox_Data_TraversableWithIndex_3374046885_3725484264 for srcT=Struct(Data_Data_FoldableWithIndex_FoldableWithIndex, Data_FoldableWithIndex.FoldableWithIndex, Constructor_Data_FoldableWithIndex_FoldableWithIndex[gopurs_runtime.Value, *Constructor_Data_Tuple_Tuple[gopurs_runtime.Value, gopurs_runtime.Value]], 2), destT=Struct(Data_Data_FoldableWithIndex_FoldableWithIndex, Data_FoldableWithIndex.FoldableWithIndex, Constructor_Data_FoldableWithIndex_FoldableWithIndex[gopurs_runtime.Value, gopurs_runtime.Value], 2) with fields=0
Generating Rebox_Data_TraversableWithIndex_3725484264_139552293 for srcT=Struct(Data_Data_FoldableWithIndex_FoldableWithIndex, Data_FoldableWithIndex.FoldableWithIndex, Constructor_Data_FoldableWithIndex_FoldableWithIndex[gopurs_runtime.Value, gopurs_runtime.Value], 2), destT=Struct(Data_Data_FoldableWithIndex_FoldableWithIndex, Data_FoldableWithIndex.FoldableWithIndex, Constructor_Data_FoldableWithIndex_FoldableWithIndex[*Constructor_Data_Tuple_Tuple[gopurs_runtime.Value, gopurs_runtime.Value], gopurs_runtime.Value], 2) with fields=0
Generating Rebox_Data_TraversableWithIndex_3725484264_2286084809 for srcT=Struct(Data_Data_FoldableWithIndex_FoldableWithIndex, Data_FoldableWithIndex.FoldableWithIndex, Constructor_Data_FoldableWithIndex_FoldableWithIndex[gopurs_runtime.Value, gopurs_runtime.Value], 2), destT=Struct(Data_Data_FoldableWithIndex_FoldableWithIndex, Data_FoldableWithIndex.FoldableWithIndex, Constructor_Data_FoldableWithIndex_FoldableWithIndex[gopurs_runtime.Value, *Constructor_Data_Maybe_Just[gopurs_runtime.Value]], 2) with fields=0
Generating Rebox_Data_TraversableWithIndex_3725484264_3374046885 for srcT=Struct(Data_Data_FoldableWithIndex_FoldableWithIndex, Data_FoldableWithIndex.FoldableWithIndex, Constructor_Data_FoldableWithIndex_FoldableWithIndex[gopurs_runtime.Value, gopurs_runtime.Value], 2), destT=Struct(Data_Data_FoldableWithIndex_FoldableWithIndex, Data_FoldableWithIndex.FoldableWithIndex, Constructor_Data_FoldableWithIndex_FoldableWithIndex[gopurs_runtime.Value, *Constructor_Data_Tuple_Tuple[gopurs_runtime.Value, gopurs_runtime.Value]], 2) with fields=0
Generating Rebox_Data_TraversableWithIndex_3725484264_2491554675 for srcT=Struct(Data_Data_FoldableWithIndex_FoldableWithIndex, Data_FoldableWithIndex.FoldableWithIndex, Constructor_Data_FoldableWithIndex_FoldableWithIndex[gopurs_runtime.Value, gopurs_runtime.Value], 2), destT=Struct(Data_Data_FoldableWithIndex_FoldableWithIndex, Data_FoldableWithIndex.FoldableWithIndex, Constructor_Data_FoldableWithIndex_FoldableWithIndex[int64, gopurs_runtime.Value], 2) with fields=0
Generating Rebox_Data_TraversableWithIndex_2491554675_3725484264 for srcT=Struct(Data_Data_FoldableWithIndex_FoldableWithIndex, Data_FoldableWithIndex.FoldableWithIndex, Constructor_Data_FoldableWithIndex_FoldableWithIndex[int64, gopurs_runtime.Value], 2), destT=Struct(Data_Data_FoldableWithIndex_FoldableWithIndex, Data_FoldableWithIndex.FoldableWithIndex, Constructor_Data_FoldableWithIndex_FoldableWithIndex[gopurs_runtime.Value, gopurs_runtime.Value], 2) with fields=0
Generating Rebox_Data_TraversableWithIndex_1961781733_2412140840 for srcT=Struct(Data_Data_FunctorWithIndex_FunctorWithIndex, Data_FunctorWithIndex.FunctorWithIndex, Constructor_Data_FunctorWithIndex_FunctorWithIndex[*Constructor_Data_Tuple_Tuple[gopurs_runtime.Value, gopurs_runtime.Value], gopurs_runtime.Value], 2), destT=Struct(Data_Data_FunctorWithIndex_FunctorWithIndex, Data_FunctorWithIndex.FunctorWithIndex, Constructor_Data_FunctorWithIndex_FunctorWithIndex[gopurs_runtime.Value, gopurs_runtime.Value], 2) with fields=0
Generating Rebox_Data_TraversableWithIndex_3136246921_2412140840 for srcT=Struct(Data_Data_FunctorWithIndex_FunctorWithIndex, Data_FunctorWithIndex.FunctorWithIndex, Constructor_Data_FunctorWithIndex_FunctorWithIndex[gopurs_runtime.Value, *Constructor_Data_Maybe_Just[gopurs_runtime.Value]], 2), destT=Struct(Data_Data_FunctorWithIndex_FunctorWithIndex, Data_FunctorWithIndex.FunctorWithIndex, Constructor_Data_FunctorWithIndex_FunctorWithIndex[gopurs_runtime.Value, gopurs_runtime.Value], 2) with fields=0
Generating Rebox_Data_TraversableWithIndex_935379557_2412140840 for srcT=Struct(Data_Data_FunctorWithIndex_FunctorWithIndex, Data_FunctorWithIndex.FunctorWithIndex, Constructor_Data_FunctorWithIndex_FunctorWithIndex[gopurs_runtime.Value, *Constructor_Data_Tuple_Tuple[gopurs_runtime.Value, gopurs_runtime.Value]], 2), destT=Struct(Data_Data_FunctorWithIndex_FunctorWithIndex, Data_FunctorWithIndex.FunctorWithIndex, Constructor_Data_FunctorWithIndex_FunctorWithIndex[gopurs_runtime.Value, gopurs_runtime.Value], 2) with fields=0
Generating Rebox_Data_TraversableWithIndex_2412140840_1961781733 for srcT=Struct(Data_Data_FunctorWithIndex_FunctorWithIndex, Data_FunctorWithIndex.FunctorWithIndex, Constructor_Data_FunctorWithIndex_FunctorWithIndex[gopurs_runtime.Value, gopurs_runtime.Value], 2), destT=Struct(Data_Data_FunctorWithIndex_FunctorWithIndex, Data_FunctorWithIndex.FunctorWithIndex, Constructor_Data_FunctorWithIndex_FunctorWithIndex[*Constructor_Data_Tuple_Tuple[gopurs_runtime.Value, gopurs_runtime.Value], gopurs_runtime.Value], 2) with fields=0
Generating Rebox_Data_TraversableWithIndex_2412140840_3136246921 for srcT=Struct(Data_Data_FunctorWithIndex_FunctorWithIndex, Data_FunctorWithIndex.FunctorWithIndex, Constructor_Data_FunctorWithIndex_FunctorWithIndex[gopurs_runtime.Value, gopurs_runtime.Value], 2), destT=Struct(Data_Data_FunctorWithIndex_FunctorWithIndex, Data_FunctorWithIndex.FunctorWithIndex, Constructor_Data_FunctorWithIndex_FunctorWithIndex[gopurs_runtime.Value, *Constructor_Data_Maybe_Just[gopurs_runtime.Value]], 2) with fields=0
Generating Rebox_Data_TraversableWithIndex_2412140840_935379557 for srcT=Struct(Data_Data_FunctorWithIndex_FunctorWithIndex, Data_FunctorWithIndex.FunctorWithIndex, Constructor_Data_FunctorWithIndex_FunctorWithIndex[gopurs_runtime.Value, gopurs_runtime.Value], 2), destT=Struct(Data_Data_FunctorWithIndex_FunctorWithIndex, Data_FunctorWithIndex.FunctorWithIndex, Constructor_Data_FunctorWithIndex_FunctorWithIndex[gopurs_runtime.Value, *Constructor_Data_Tuple_Tuple[gopurs_runtime.Value, gopurs_runtime.Value]], 2) with fields=0
Generating Rebox_Data_TraversableWithIndex_2412140840_2773701683 for srcT=Struct(Data_Data_FunctorWithIndex_FunctorWithIndex, Data_FunctorWithIndex.FunctorWithIndex, Constructor_Data_FunctorWithIndex_FunctorWithIndex[gopurs_runtime.Value, gopurs_runtime.Value], 2), destT=Struct(Data_Data_FunctorWithIndex_FunctorWithIndex, Data_FunctorWithIndex.FunctorWithIndex, Constructor_Data_FunctorWithIndex_FunctorWithIndex[int64, gopurs_runtime.Value], 2) with fields=0
Generating Rebox_Data_TraversableWithIndex_2773701683_2412140840 for srcT=Struct(Data_Data_FunctorWithIndex_FunctorWithIndex, Data_FunctorWithIndex.FunctorWithIndex, Constructor_Data_FunctorWithIndex_FunctorWithIndex[int64, gopurs_runtime.Value], 2), destT=Struct(Data_Data_FunctorWithIndex_FunctorWithIndex, Data_FunctorWithIndex.FunctorWithIndex, Constructor_Data_FunctorWithIndex_FunctorWithIndex[gopurs_runtime.Value, gopurs_runtime.Value], 2) with fields=0
Generating Rebox_Data_TraversableWithIndex_2363162019_2812149806 for srcT=Struct(Data_Data_Functor_Functor, Data_Functor.Functor, Constructor_Data_Functor_Functor[*Constructor_Data_Tuple_Tuple[gopurs_runtime.Value, gopurs_runtime.Value]], 1), destT=Struct(Data_Data_Functor_Functor, Data_Functor.Functor, Constructor_Data_Functor_Functor[gopurs_runtime.Value], 1) with fields=0
Generating Rebox_Data_TraversableWithIndex_2812149806_2363162019 for srcT=Struct(Data_Data_Functor_Functor, Data_Functor.Functor, Constructor_Data_Functor_Functor[gopurs_runtime.Value], 1), destT=Struct(Data_Data_Functor_Functor, Data_Functor.Functor, Constructor_Data_Functor_Functor[*Constructor_Data_Tuple_Tuple[gopurs_runtime.Value, gopurs_runtime.Value]], 1) with fields=0
Generating Rebox_Data_TraversableWithIndex_145886949_1812164904 for srcT=Struct(Data_Data_TraversableWithIndex_TraversableWithIndex, Data_TraversableWithIndex.TraversableWithIndex, Constructor_Data_TraversableWithIndex_TraversableWithIndex[*Constructor_Data_Tuple_Tuple[gopurs_runtime.Value, gopurs_runtime.Value], gopurs_runtime.Value], 2), destT=Struct(Data_Data_TraversableWithIndex_TraversableWithIndex, Data_TraversableWithIndex.TraversableWithIndex, Constructor_Data_TraversableWithIndex_TraversableWithIndex[gopurs_runtime.Value, gopurs_runtime.Value], 2) with fields=0
Generating Rebox_Data_TraversableWithIndex_998104713_1812164904 for srcT=Struct(Data_Data_TraversableWithIndex_TraversableWithIndex, Data_TraversableWithIndex.TraversableWithIndex, Constructor_Data_TraversableWithIndex_TraversableWithIndex[gopurs_runtime.Value, *Constructor_Data_Maybe_Just[gopurs_runtime.Value]], 2), destT=Struct(Data_Data_TraversableWithIndex_TraversableWithIndex, Data_TraversableWithIndex.TraversableWithIndex, Constructor_Data_TraversableWithIndex_TraversableWithIndex[gopurs_runtime.Value, gopurs_runtime.Value], 2) with fields=0
Generating Rebox_Data_TraversableWithIndex_2190796645_1812164904 for srcT=Struct(Data_Data_TraversableWithIndex_TraversableWithIndex, Data_TraversableWithIndex.TraversableWithIndex, Constructor_Data_TraversableWithIndex_TraversableWithIndex[gopurs_runtime.Value, *Constructor_Data_Tuple_Tuple[gopurs_runtime.Value, gopurs_runtime.Value]], 2), destT=Struct(Data_Data_TraversableWithIndex_TraversableWithIndex, Data_TraversableWithIndex.TraversableWithIndex, Constructor_Data_TraversableWithIndex_TraversableWithIndex[gopurs_runtime.Value, gopurs_runtime.Value], 2) with fields=0
Generating Rebox_Data_TraversableWithIndex_1812164904_145886949 for srcT=Struct(Data_Data_TraversableWithIndex_TraversableWithIndex, Data_TraversableWithIndex.TraversableWithIndex, Constructor_Data_TraversableWithIndex_TraversableWithIndex[gopurs_runtime.Value, gopurs_runtime.Value], 2), destT=Struct(Data_Data_TraversableWithIndex_TraversableWithIndex, Data_TraversableWithIndex.TraversableWithIndex, Constructor_Data_TraversableWithIndex_TraversableWithIndex[*Constructor_Data_Tuple_Tuple[gopurs_runtime.Value, gopurs_runtime.Value], gopurs_runtime.Value], 2) with fields=0
Generating Rebox_Data_TraversableWithIndex_1812164904_998104713 for srcT=Struct(Data_Data_TraversableWithIndex_TraversableWithIndex, Data_TraversableWithIndex.TraversableWithIndex, Constructor_Data_TraversableWithIndex_TraversableWithIndex[gopurs_runtime.Value, gopurs_runtime.Value], 2), destT=Struct(Data_Data_TraversableWithIndex_TraversableWithIndex, Data_TraversableWithIndex.TraversableWithIndex, Constructor_Data_TraversableWithIndex_TraversableWithIndex[gopurs_runtime.Value, *Constructor_Data_Maybe_Just[gopurs_runtime.Value]], 2) with fields=0
Generating Rebox_Data_TraversableWithIndex_1812164904_2190796645 for srcT=Struct(Data_Data_TraversableWithIndex_TraversableWithIndex, Data_TraversableWithIndex.TraversableWithIndex, Constructor_Data_TraversableWithIndex_TraversableWithIndex[gopurs_runtime.Value, gopurs_runtime.Value], 2), destT=Struct(Data_Data_TraversableWithIndex_TraversableWithIndex, Data_TraversableWithIndex.TraversableWithIndex, Constructor_Data_TraversableWithIndex_TraversableWithIndex[gopurs_runtime.Value, *Constructor_Data_Tuple_Tuple[gopurs_runtime.Value, gopurs_runtime.Value]], 2) with fields=0
Generating Rebox_Data_TraversableWithIndex_1812164904_2955889203 for srcT=Struct(Data_Data_TraversableWithIndex_TraversableWithIndex, Data_TraversableWithIndex.TraversableWithIndex, Constructor_Data_TraversableWithIndex_TraversableWithIndex[gopurs_runtime.Value, gopurs_runtime.Value], 2), destT=Struct(Data_Data_TraversableWithIndex_TraversableWithIndex, Data_TraversableWithIndex.TraversableWithIndex, Constructor_Data_TraversableWithIndex_TraversableWithIndex[int64, gopurs_runtime.Value], 2) with fields=0
Generating Rebox_Data_TraversableWithIndex_2955889203_1812164904 for srcT=Struct(Data_Data_TraversableWithIndex_TraversableWithIndex, Data_TraversableWithIndex.TraversableWithIndex, Constructor_Data_TraversableWithIndex_TraversableWithIndex[int64, gopurs_runtime.Value], 2), destT=Struct(Data_Data_TraversableWithIndex_TraversableWithIndex, Data_TraversableWithIndex.TraversableWithIndex, Constructor_Data_TraversableWithIndex_TraversableWithIndex[gopurs_runtime.Value, gopurs_runtime.Value], 2) with fields=0
Generating Rebox_Data_TraversableWithIndex_3188237647_3043886126 for srcT=Struct(Data_Data_Traversable_Traversable, Data_Traversable.Traversable, Constructor_Data_Traversable_Traversable[*Constructor_Data_Maybe_Just[gopurs_runtime.Value]], 1), destT=Struct(Data_Data_Traversable_Traversable, Data_Traversable.Traversable, Constructor_Data_Traversable_Traversable[gopurs_runtime.Value], 1) with fields=0
Generating Rebox_Data_TraversableWithIndex_3543431075_3043886126 for srcT=Struct(Data_Data_Traversable_Traversable, Data_Traversable.Traversable, Constructor_Data_Traversable_Traversable[*Constructor_Data_Tuple_Tuple[gopurs_runtime.Value, gopurs_runtime.Value]], 1), destT=Struct(Data_Data_Traversable_Traversable, Data_Traversable.Traversable, Constructor_Data_Traversable_Traversable[gopurs_runtime.Value], 1) with fields=0
Generating Rebox_Data_TraversableWithIndex_3043886126_3188237647 for srcT=Struct(Data_Data_Traversable_Traversable, Data_Traversable.Traversable, Constructor_Data_Traversable_Traversable[gopurs_runtime.Value], 1), destT=Struct(Data_Data_Traversable_Traversable, Data_Traversable.Traversable, Constructor_Data_Traversable_Traversable[*Constructor_Data_Maybe_Just[gopurs_runtime.Value]], 1) with fields=0
Generating Rebox_Data_TraversableWithIndex_3043886126_3543431075 for srcT=Struct(Data_Data_Traversable_Traversable, Data_Traversable.Traversable, Constructor_Data_Traversable_Traversable[gopurs_runtime.Value], 1), destT=Struct(Data_Data_Traversable_Traversable, Data_Traversable.Traversable, Constructor_Data_Traversable_Traversable[*Constructor_Data_Tuple_Tuple[gopurs_runtime.Value, gopurs_runtime.Value]], 1) with fields=0
Generating Rebox_Data_Unfoldable1_3094389156_1413047506 for srcT=Struct(Data_Data_Maybe_Just, Data_Maybe.Just, Constructor_Data_Maybe_Just[gopurs_runtime.Value], 1), destT=Struct(Data_Data_Maybe_Just, Data_Maybe.Just, Constructor_Data_Maybe_Just[*Constructor_Data_Tuple_Tuple[gopurs_runtime.Value, int64]], 1) with fields=1
Generating Rebox_Data_Unfoldable1_3094389156_1170268447 for srcT=Struct(Data_Data_Maybe_Just, Data_Maybe.Just, Constructor_Data_Maybe_Just[gopurs_runtime.Value], 1), destT=Struct(Data_Data_Maybe_Just, Data_Maybe.Just, Constructor_Data_Maybe_Just[int64], 1) with fields=1
Generating Rebox_Data_Unfoldable1_1170268447_3094389156 for srcT=Struct(Data_Data_Maybe_Just, Data_Maybe.Just, Constructor_Data_Maybe_Just[int64], 1), destT=Struct(Data_Data_Maybe_Just, Data_Maybe.Just, Constructor_Data_Maybe_Just[gopurs_runtime.Value], 1) with fields=1
Generating Rebox_Data_Unfoldable1_4156246015_138441832 for srcT=Struct(Data_Data_Tuple_Tuple, Data_Tuple.Tuple, Constructor_Data_Tuple_Tuple[gopurs_runtime.Value, *Constructor_Data_Maybe_Just[*Constructor_Data_Tuple_Tuple[gopurs_runtime.Value, int64]]], 2), destT=Struct(Data_Data_Tuple_Tuple, Data_Tuple.Tuple, Constructor_Data_Tuple_Tuple[gopurs_runtime.Value, gopurs_runtime.Value], 2) with fields=2
Generating Rebox_Data_Unfoldable1_3418986898_138441832 for srcT=Struct(Data_Data_Tuple_Tuple, Data_Tuple.Tuple, Constructor_Data_Tuple_Tuple[gopurs_runtime.Value, *Constructor_Data_Maybe_Just[int64]], 2), destT=Struct(Data_Data_Tuple_Tuple, Data_Tuple.Tuple, Constructor_Data_Tuple_Tuple[gopurs_runtime.Value, gopurs_runtime.Value], 2) with fields=2
Generating Rebox_Data_Unfoldable1_2874766729_138441832 for srcT=Struct(Data_Data_Tuple_Tuple, Data_Tuple.Tuple, Constructor_Data_Tuple_Tuple[int64, *Constructor_Data_Maybe_Just[int64]], 2), destT=Struct(Data_Data_Tuple_Tuple, Data_Tuple.Tuple, Constructor_Data_Tuple_Tuple[gopurs_runtime.Value, gopurs_runtime.Value], 2) with fields=2
Generating Rebox_Data_Unfoldable1_4212083983_2187088110 for srcT=Struct(Data_Data_Unfoldable1_Unfoldable1, Data_Unfoldable1.Unfoldable1, Constructor_Data_Unfoldable1_Unfoldable1[*Constructor_Data_Maybe_Just[gopurs_runtime.Value]], 1), destT=Struct(Data_Data_Unfoldable1_Unfoldable1, Data_Unfoldable1.Unfoldable1, Constructor_Data_Unfoldable1_Unfoldable1[gopurs_runtime.Value], 1) with fields=0
Generating Rebox_Data_Unfoldable1_2187088110_4212083983 for srcT=Struct(Data_Data_Unfoldable1_Unfoldable1, Data_Unfoldable1.Unfoldable1, Constructor_Data_Unfoldable1_Unfoldable1[gopurs_runtime.Value], 1), destT=Struct(Data_Data_Unfoldable1_Unfoldable1, Data_Unfoldable1.Unfoldable1, Constructor_Data_Unfoldable1_Unfoldable1[*Constructor_Data_Maybe_Just[gopurs_runtime.Value]], 1) with fields=0
Generating Rebox_Data_Unfoldable1_1413047506_3094389156 for srcT=Struct(Data_Data_Maybe_Just, Data_Maybe.Just, Constructor_Data_Maybe_Just[*Constructor_Data_Tuple_Tuple[gopurs_runtime.Value, int64]], 1), destT=Struct(Data_Data_Maybe_Just, Data_Maybe.Just, Constructor_Data_Maybe_Just[gopurs_runtime.Value], 1) with fields=1
Generating Rebox_Data_Unfoldable1_138441832_3415943795 for srcT=Struct(Data_Data_Tuple_Tuple, Data_Tuple.Tuple, Constructor_Data_Tuple_Tuple[gopurs_runtime.Value, gopurs_runtime.Value], 2), destT=Struct(Data_Data_Tuple_Tuple, Data_Tuple.Tuple, Constructor_Data_Tuple_Tuple[gopurs_runtime.Value, int64], 2) with fields=2
Generating Rebox_Data_Unfoldable1_3415943795_138441832 for srcT=Struct(Data_Data_Tuple_Tuple, Data_Tuple.Tuple, Constructor_Data_Tuple_Tuple[gopurs_runtime.Value, int64], 2), destT=Struct(Data_Data_Tuple_Tuple, Data_Tuple.Tuple, Constructor_Data_Tuple_Tuple[gopurs_runtime.Value, gopurs_runtime.Value], 2) with fields=2
Generating Rebox_Data_Array_NonEmpty_Internal_1939691112_3790796878 for srcT=Struct(Data_Data_Eq_Eq, Data_Eq.Eq, Constructor_Data_Eq_Eq[[]gopurs_runtime.Value], 1), destT=Struct(Data_Data_Eq_Eq, Data_Eq.Eq, Constructor_Data_Eq_Eq[gopurs_runtime.Value], 1) with fields=0
Generating Rebox_Data_Array_NonEmpty_Internal_3790796878_1939691112 for srcT=Struct(Data_Data_Eq_Eq, Data_Eq.Eq, Constructor_Data_Eq_Eq[gopurs_runtime.Value], 1), destT=Struct(Data_Data_Eq_Eq, Data_Eq.Eq, Constructor_Data_Eq_Eq[[]gopurs_runtime.Value], 1) with fields=0
Generating Rebox_Data_Array_NonEmpty_Internal_3725484264_2491554675 for srcT=Struct(Data_Data_FoldableWithIndex_FoldableWithIndex, Data_FoldableWithIndex.FoldableWithIndex, Constructor_Data_FoldableWithIndex_FoldableWithIndex[gopurs_runtime.Value, gopurs_runtime.Value], 2), destT=Struct(Data_Data_FoldableWithIndex_FoldableWithIndex, Data_FoldableWithIndex.FoldableWithIndex, Constructor_Data_FoldableWithIndex_FoldableWithIndex[int64, gopurs_runtime.Value], 2) with fields=0
Generating Rebox_Data_Array_NonEmpty_Internal_2491554675_3725484264 for srcT=Struct(Data_Data_FoldableWithIndex_FoldableWithIndex, Data_FoldableWithIndex.FoldableWithIndex, Constructor_Data_FoldableWithIndex_FoldableWithIndex[int64, gopurs_runtime.Value], 2), destT=Struct(Data_Data_FoldableWithIndex_FoldableWithIndex, Data_FoldableWithIndex.FoldableWithIndex, Constructor_Data_FoldableWithIndex_FoldableWithIndex[gopurs_runtime.Value, gopurs_runtime.Value], 2) with fields=0
Generating Rebox_Data_Array_NonEmpty_Internal_2412140840_2773701683 for srcT=Struct(Data_Data_FunctorWithIndex_FunctorWithIndex, Data_FunctorWithIndex.FunctorWithIndex, Constructor_Data_FunctorWithIndex_FunctorWithIndex[gopurs_runtime.Value, gopurs_runtime.Value], 2), destT=Struct(Data_Data_FunctorWithIndex_FunctorWithIndex, Data_FunctorWithIndex.FunctorWithIndex, Constructor_Data_FunctorWithIndex_FunctorWithIndex[int64, gopurs_runtime.Value], 2) with fields=0
Generating Rebox_Data_Array_NonEmpty_Internal_2773701683_2412140840 for srcT=Struct(Data_Data_FunctorWithIndex_FunctorWithIndex, Data_FunctorWithIndex.FunctorWithIndex, Constructor_Data_FunctorWithIndex_FunctorWithIndex[int64, gopurs_runtime.Value], 2), destT=Struct(Data_Data_FunctorWithIndex_FunctorWithIndex, Data_FunctorWithIndex.FunctorWithIndex, Constructor_Data_FunctorWithIndex_FunctorWithIndex[gopurs_runtime.Value, gopurs_runtime.Value], 2) with fields=0
Generating Rebox_Data_Array_NonEmpty_Internal_4088624520_4177771502 for srcT=Struct(Data_Data_Ord_Ord, Data_Ord.Ord, Constructor_Data_Ord_Ord[[]gopurs_runtime.Value], 1), destT=Struct(Data_Data_Ord_Ord, Data_Ord.Ord, Constructor_Data_Ord_Ord[gopurs_runtime.Value], 1) with fields=0
Generating Rebox_Data_Array_NonEmpty_Internal_4177771502_4088624520 for srcT=Struct(Data_Data_Ord_Ord, Data_Ord.Ord, Constructor_Data_Ord_Ord[gopurs_runtime.Value], 1), destT=Struct(Data_Data_Ord_Ord, Data_Ord.Ord, Constructor_Data_Ord_Ord[[]gopurs_runtime.Value], 1) with fields=0
Generating Rebox_Data_Array_NonEmpty_Internal_3016437835_4151366573 for srcT=Struct(Data_Data_Semigroup_Foldable_Foldable1, Data_Semigroup_Foldable.Foldable1, Constructor_Data_Semigroup_Foldable_Foldable1[[]gopurs_runtime.Value], 1), destT=Struct(Data_Data_Semigroup_Foldable_Foldable1, Data_Semigroup_Foldable.Foldable1, Constructor_Data_Semigroup_Foldable_Foldable1[gopurs_runtime.Value], 1) with fields=0
Generating Rebox_Data_Array_NonEmpty_Internal_4151366573_3016437835 for srcT=Struct(Data_Data_Semigroup_Foldable_Foldable1, Data_Semigroup_Foldable.Foldable1, Constructor_Data_Semigroup_Foldable_Foldable1[gopurs_runtime.Value], 1), destT=Struct(Data_Data_Semigroup_Foldable_Foldable1, Data_Semigroup_Foldable.Foldable1, Constructor_Data_Semigroup_Foldable_Foldable1[[]gopurs_runtime.Value], 1) with fields=0
Generating Rebox_Data_Array_NonEmpty_Internal_986430664_4179793454 for srcT=Struct(Data_Data_Semigroup_Semigroup, Data_Semigroup.Semigroup, Constructor_Data_Semigroup_Semigroup[[]gopurs_runtime.Value], 1), destT=Struct(Data_Data_Semigroup_Semigroup, Data_Semigroup.Semigroup, Constructor_Data_Semigroup_Semigroup[gopurs_runtime.Value], 1) with fields=0
Generating Rebox_Data_Array_NonEmpty_Internal_4179793454_986430664 for srcT=Struct(Data_Data_Semigroup_Semigroup, Data_Semigroup.Semigroup, Constructor_Data_Semigroup_Semigroup[gopurs_runtime.Value], 1), destT=Struct(Data_Data_Semigroup_Semigroup, Data_Semigroup.Semigroup, Constructor_Data_Semigroup_Semigroup[[]gopurs_runtime.Value], 1) with fields=0
Generating Rebox_Data_Array_NonEmpty_Internal_3516332491_306175789 for srcT=Struct(Data_Data_Semigroup_Traversable_Traversable1, Data_Semigroup_Traversable.Traversable1, Constructor_Data_Semigroup_Traversable_Traversable1[[]gopurs_runtime.Value], 1), destT=Struct(Data_Data_Semigroup_Traversable_Traversable1, Data_Semigroup_Traversable.Traversable1, Constructor_Data_Semigroup_Traversable_Traversable1[gopurs_runtime.Value], 1) with fields=0
Generating Rebox_Data_Array_NonEmpty_Internal_306175789_3516332491 for srcT=Struct(Data_Data_Semigroup_Traversable_Traversable1, Data_Semigroup_Traversable.Traversable1, Constructor_Data_Semigroup_Traversable_Traversable1[gopurs_runtime.Value], 1), destT=Struct(Data_Data_Semigroup_Traversable_Traversable1, Data_Semigroup_Traversable.Traversable1, Constructor_Data_Semigroup_Traversable_Traversable1[[]gopurs_runtime.Value], 1) with fields=0
Generating Rebox_Data_Array_NonEmpty_Internal_1356436936_1386611502 for srcT=Struct(Data_Data_Show_Show, Data_Show.Show, Constructor_Data_Show_Show[[]gopurs_runtime.Value], 1), destT=Struct(Data_Data_Show_Show, Data_Show.Show, Constructor_Data_Show_Show[gopurs_runtime.Value], 1) with fields=0
Generating Rebox_Data_Array_NonEmpty_Internal_1386611502_1356436936 for srcT=Struct(Data_Data_Show_Show, Data_Show.Show, Constructor_Data_Show_Show[gopurs_runtime.Value], 1), destT=Struct(Data_Data_Show_Show, Data_Show.Show, Constructor_Data_Show_Show[[]gopurs_runtime.Value], 1) with fields=0
Generating Rebox_Data_Array_NonEmpty_Internal_1812164904_2955889203 for srcT=Struct(Data_Data_TraversableWithIndex_TraversableWithIndex, Data_TraversableWithIndex.TraversableWithIndex, Constructor_Data_TraversableWithIndex_TraversableWithIndex[gopurs_runtime.Value, gopurs_runtime.Value], 2), destT=Struct(Data_Data_TraversableWithIndex_TraversableWithIndex, Data_TraversableWithIndex.TraversableWithIndex, Constructor_Data_TraversableWithIndex_TraversableWithIndex[int64, gopurs_runtime.Value], 2) with fields=0
Generating Rebox_Data_Array_NonEmpty_Internal_2955889203_1812164904 for srcT=Struct(Data_Data_TraversableWithIndex_TraversableWithIndex, Data_TraversableWithIndex.TraversableWithIndex, Constructor_Data_TraversableWithIndex_TraversableWithIndex[int64, gopurs_runtime.Value], 2), destT=Struct(Data_Data_TraversableWithIndex_TraversableWithIndex, Data_TraversableWithIndex.TraversableWithIndex, Constructor_Data_TraversableWithIndex_TraversableWithIndex[gopurs_runtime.Value, gopurs_runtime.Value], 2) with fields=0
Generating Rebox_Data_Unfoldable_1413047506_3094389156 for srcT=Struct(Data_Data_Maybe_Just, Data_Maybe.Just, Constructor_Data_Maybe_Just[*Constructor_Data_Tuple_Tuple[gopurs_runtime.Value, int64]], 1), destT=Struct(Data_Data_Maybe_Just, Data_Maybe.Just, Constructor_Data_Maybe_Just[gopurs_runtime.Value], 1) with fields=1
Generating Rebox_Data_Unfoldable_3094389156_4010058633 for srcT=Struct(Data_Data_Maybe_Just, Data_Maybe.Just, Constructor_Data_Maybe_Just[gopurs_runtime.Value], 1), destT=Struct(Data_Data_Maybe_Just, Data_Maybe.Just, Constructor_Data_Maybe_Just[*Constructor_Data_Tuple_Tuple[gopurs_runtime.Value, gopurs_runtime.Value]], 1) with fields=1
Generating Rebox_Data_Unfoldable_138441832_3415943795 for srcT=Struct(Data_Data_Tuple_Tuple, Data_Tuple.Tuple, Constructor_Data_Tuple_Tuple[gopurs_runtime.Value, gopurs_runtime.Value], 2), destT=Struct(Data_Data_Tuple_Tuple, Data_Tuple.Tuple, Constructor_Data_Tuple_Tuple[gopurs_runtime.Value, int64], 2) with fields=2
Generating Rebox_Data_Unfoldable_4212083983_2187088110 for srcT=Struct(Data_Data_Unfoldable1_Unfoldable1, Data_Unfoldable1.Unfoldable1, Constructor_Data_Unfoldable1_Unfoldable1[*Constructor_Data_Maybe_Just[gopurs_runtime.Value]], 1), destT=Struct(Data_Data_Unfoldable1_Unfoldable1, Data_Unfoldable1.Unfoldable1, Constructor_Data_Unfoldable1_Unfoldable1[gopurs_runtime.Value], 1) with fields=0
Generating Rebox_Data_Unfoldable_2187088110_4212083983 for srcT=Struct(Data_Data_Unfoldable1_Unfoldable1, Data_Unfoldable1.Unfoldable1, Constructor_Data_Unfoldable1_Unfoldable1[gopurs_runtime.Value], 1), destT=Struct(Data_Data_Unfoldable1_Unfoldable1, Data_Unfoldable1.Unfoldable1, Constructor_Data_Unfoldable1_Unfoldable1[*Constructor_Data_Maybe_Just[gopurs_runtime.Value]], 1) with fields=0
Generating Rebox_Data_Unfoldable_1401495535_2738507278 for srcT=Struct(Data_Data_Unfoldable_Unfoldable, Data_Unfoldable.Unfoldable, Constructor_Data_Unfoldable_Unfoldable[*Constructor_Data_Maybe_Just[gopurs_runtime.Value]], 1), destT=Struct(Data_Data_Unfoldable_Unfoldable, Data_Unfoldable.Unfoldable, Constructor_Data_Unfoldable_Unfoldable[gopurs_runtime.Value], 1) with fields=0
Generating Rebox_Data_Unfoldable_2738507278_1401495535 for srcT=Struct(Data_Data_Unfoldable_Unfoldable, Data_Unfoldable.Unfoldable, Constructor_Data_Unfoldable_Unfoldable[gopurs_runtime.Value], 1), destT=Struct(Data_Data_Unfoldable_Unfoldable, Data_Unfoldable.Unfoldable, Constructor_Data_Unfoldable_Unfoldable[*Constructor_Data_Maybe_Just[gopurs_runtime.Value]], 1) with fields=0
Generating Rebox_Data_Unfoldable_3415943795_138441832 for srcT=Struct(Data_Data_Tuple_Tuple, Data_Tuple.Tuple, Constructor_Data_Tuple_Tuple[gopurs_runtime.Value, int64], 2), destT=Struct(Data_Data_Tuple_Tuple, Data_Tuple.Tuple, Constructor_Data_Tuple_Tuple[gopurs_runtime.Value, gopurs_runtime.Value], 2) with fields=2
Generating Rebox_Data_Array_3988677819_394862806 for srcT=Struct(Data_Data_Array_ST_Iterator_Iterator, Data_Array_ST_Iterator.Iterator, Constructor_Data_Array_ST_Iterator_Iterator[gopurs_runtime.Value, *Constructor_Data_Tuple_Tuple[gopurs_runtime.Value, gopurs_runtime.Value]], 2), destT=Struct(Data_Data_Array_ST_Iterator_Iterator, Data_Array_ST_Iterator.Iterator, Constructor_Data_Array_ST_Iterator_Iterator[gopurs_runtime.Value, gopurs_runtime.Value], 2) with fields=2
Generating Rebox_Data_Array_394862806_3988677819 for srcT=Struct(Data_Data_Array_ST_Iterator_Iterator, Data_Array_ST_Iterator.Iterator, Constructor_Data_Array_ST_Iterator_Iterator[gopurs_runtime.Value, gopurs_runtime.Value], 2), destT=Struct(Data_Data_Array_ST_Iterator_Iterator, Data_Array_ST_Iterator.Iterator, Constructor_Data_Array_ST_Iterator_Iterator[gopurs_runtime.Value, *Constructor_Data_Tuple_Tuple[gopurs_runtime.Value, gopurs_runtime.Value]], 2) with fields=2
Generating Rebox_Data_Array_4010058633_3094389156 for srcT=Struct(Data_Data_Maybe_Just, Data_Maybe.Just, Constructor_Data_Maybe_Just[*Constructor_Data_Tuple_Tuple[gopurs_runtime.Value, gopurs_runtime.Value]], 1), destT=Struct(Data_Data_Maybe_Just, Data_Maybe.Just, Constructor_Data_Maybe_Just[gopurs_runtime.Value], 1) with fields=1
Generating Rebox_Data_Array_1413047506_3094389156 for srcT=Struct(Data_Data_Maybe_Just, Data_Maybe.Just, Constructor_Data_Maybe_Just[*Constructor_Data_Tuple_Tuple[gopurs_runtime.Value, int64]], 1), destT=Struct(Data_Data_Maybe_Just, Data_Maybe.Just, Constructor_Data_Maybe_Just[gopurs_runtime.Value], 1) with fields=1
Generating Rebox_Data_Array_2807397954_3094389156 for srcT=Struct(Data_Data_Maybe_Just, Data_Maybe.Just, Constructor_Data_Maybe_Just[[]gopurs_runtime.Value], 1), destT=Struct(Data_Data_Maybe_Just, Data_Maybe.Just, Constructor_Data_Maybe_Just[gopurs_runtime.Value], 1) with fields=1
Generating Rebox_Data_Array_3094389156_4010058633 for srcT=Struct(Data_Data_Maybe_Just, Data_Maybe.Just, Constructor_Data_Maybe_Just[gopurs_runtime.Value], 1), destT=Struct(Data_Data_Maybe_Just, Data_Maybe.Just, Constructor_Data_Maybe_Just[*Constructor_Data_Tuple_Tuple[gopurs_runtime.Value, gopurs_runtime.Value]], 1) with fields=1
Generating Rebox_Data_Array_3094389156_1413047506 for srcT=Struct(Data_Data_Maybe_Just, Data_Maybe.Just, Constructor_Data_Maybe_Just[gopurs_runtime.Value], 1), destT=Struct(Data_Data_Maybe_Just, Data_Maybe.Just, Constructor_Data_Maybe_Just[*Constructor_Data_Tuple_Tuple[gopurs_runtime.Value, int64]], 1) with fields=1
Generating Rebox_Data_Array_3094389156_1785233618 for srcT=Struct(Data_Data_Maybe_Just, Data_Maybe.Just, Constructor_Data_Maybe_Just[gopurs_runtime.Value], 1), destT=Struct(Data_Data_Maybe_Just, Data_Maybe.Just, Constructor_Data_Maybe_Just[*Constructor_Data_Tuple_Tuple[int64, gopurs_runtime.Value]], 1) with fields=1
Generating Rebox_Data_Array_3094389156_2807397954 for srcT=Struct(Data_Data_Maybe_Just, Data_Maybe.Just, Constructor_Data_Maybe_Just[gopurs_runtime.Value], 1), destT=Struct(Data_Data_Maybe_Just, Data_Maybe.Just, Constructor_Data_Maybe_Just[[]gopurs_runtime.Value], 1) with fields=1
Generating Rebox_Data_Array_3094389156_1170268447 for srcT=Struct(Data_Data_Maybe_Just, Data_Maybe.Just, Constructor_Data_Maybe_Just[gopurs_runtime.Value], 1), destT=Struct(Data_Data_Maybe_Just, Data_Maybe.Just, Constructor_Data_Maybe_Just[int64], 1) with fields=1
Generating Rebox_Data_Array_1170268447_3094389156 for srcT=Struct(Data_Data_Maybe_Just, Data_Maybe.Just, Constructor_Data_Maybe_Just[int64], 1), destT=Struct(Data_Data_Maybe_Just, Data_Maybe.Just, Constructor_Data_Maybe_Just[gopurs_runtime.Value], 1) with fields=1
Generating Rebox_Data_Array_4177771502_3308271157 for srcT=Struct(Data_Data_Ord_Ord, Data_Ord.Ord, Constructor_Data_Ord_Ord[gopurs_runtime.Value], 1), destT=Struct(Data_Data_Ord_Ord, Data_Ord.Ord, Constructor_Data_Ord_Ord[int64], 1) with fields=0
Generating Rebox_Data_Array_3308271157_4177771502 for srcT=Struct(Data_Data_Ord_Ord, Data_Ord.Ord, Constructor_Data_Ord_Ord[int64], 1), destT=Struct(Data_Data_Ord_Ord, Data_Ord.Ord, Constructor_Data_Ord_Ord[gopurs_runtime.Value], 1) with fields=0
Generating Rebox_Data_Array_1807945000_138441832 for srcT=Struct(Data_Data_Tuple_Tuple, Data_Tuple.Tuple, Constructor_Data_Tuple_Tuple[[]gopurs_runtime.Value, []gopurs_runtime.Value], 2), destT=Struct(Data_Data_Tuple_Tuple, Data_Tuple.Tuple, Constructor_Data_Tuple_Tuple[gopurs_runtime.Value, gopurs_runtime.Value], 2) with fields=2
Generating Rebox_Data_Array_2134269388_138441832 for srcT=Struct(Data_Data_Tuple_Tuple, Data_Tuple.Tuple, Constructor_Data_Tuple_Tuple[gopurs_runtime.Value, bool], 2), destT=Struct(Data_Data_Tuple_Tuple, Data_Tuple.Tuple, Constructor_Data_Tuple_Tuple[gopurs_runtime.Value, gopurs_runtime.Value], 2) with fields=2
Generating Rebox_Data_Array_138441832_1807945000 for srcT=Struct(Data_Data_Tuple_Tuple, Data_Tuple.Tuple, Constructor_Data_Tuple_Tuple[gopurs_runtime.Value, gopurs_runtime.Value], 2), destT=Struct(Data_Data_Tuple_Tuple, Data_Tuple.Tuple, Constructor_Data_Tuple_Tuple[[]gopurs_runtime.Value, []gopurs_runtime.Value], 2) with fields=2
Generating Rebox_Data_Array_138441832_2134269388 for srcT=Struct(Data_Data_Tuple_Tuple, Data_Tuple.Tuple, Constructor_Data_Tuple_Tuple[gopurs_runtime.Value, gopurs_runtime.Value], 2), destT=Struct(Data_Data_Tuple_Tuple, Data_Tuple.Tuple, Constructor_Data_Tuple_Tuple[gopurs_runtime.Value, bool], 2) with fields=2
Generating Rebox_Data_Array_138441832_3415943795 for srcT=Struct(Data_Data_Tuple_Tuple, Data_Tuple.Tuple, Constructor_Data_Tuple_Tuple[gopurs_runtime.Value, gopurs_runtime.Value], 2), destT=Struct(Data_Data_Tuple_Tuple, Data_Tuple.Tuple, Constructor_Data_Tuple_Tuple[gopurs_runtime.Value, int64], 2) with fields=2
Generating Rebox_Data_Array_138441832_1728839155 for srcT=Struct(Data_Data_Tuple_Tuple, Data_Tuple.Tuple, Constructor_Data_Tuple_Tuple[gopurs_runtime.Value, gopurs_runtime.Value], 2), destT=Struct(Data_Data_Tuple_Tuple, Data_Tuple.Tuple, Constructor_Data_Tuple_Tuple[int64, gopurs_runtime.Value], 2) with fields=2
Generating Rebox_Data_Array_1728839155_138441832 for srcT=Struct(Data_Data_Tuple_Tuple, Data_Tuple.Tuple, Constructor_Data_Tuple_Tuple[int64, gopurs_runtime.Value], 2), destT=Struct(Data_Data_Tuple_Tuple, Data_Tuple.Tuple, Constructor_Data_Tuple_Tuple[gopurs_runtime.Value, gopurs_runtime.Value], 2) with fields=2
Generating Rebox_Data_Array_3415943795_138441832 for srcT=Struct(Data_Data_Tuple_Tuple, Data_Tuple.Tuple, Constructor_Data_Tuple_Tuple[gopurs_runtime.Value, int64], 2), destT=Struct(Data_Data_Tuple_Tuple, Data_Tuple.Tuple, Constructor_Data_Tuple_Tuple[gopurs_runtime.Value, gopurs_runtime.Value], 2) with fields=2
Generating Rebox_Test_ListOps_840821239_2722731916 for srcT=Struct(Data_Test_ListOps_Cons, Test_ListOps.Cons, Constructor_Test_ListOps_Cons[gopurs_runtime.Value], 1), destT=Struct(Data_Test_ListOps_Cons, Test_ListOps.Cons, Constructor_Test_ListOps_Cons[int64], 1) with fields=2
Generating Rebox_Test_ListOps_2722731916_840821239 for srcT=Struct(Data_Test_ListOps_Cons, Test_ListOps.Cons, Constructor_Test_ListOps_Cons[int64], 1), destT=Struct(Data_Test_ListOps_Cons, Test_ListOps.Cons, Constructor_Test_ListOps_Cons[gopurs_runtime.Value], 1) with fields=2
Generating Rebox_Test_Polymorphism_1317435201_1832189818 for srcT=Struct(Data_Test_Polymorphism_Monoidish, Test_Polymorphism.Monoidish, Constructor_Test_Polymorphism_Monoidish[gopurs_runtime.Value], 1), destT=Struct(Data_Test_Polymorphism_Monoidish, Test_Polymorphism.Monoidish, Constructor_Test_Polymorphism_Monoidish[int64], 1) with fields=0
Generating Rebox_Test_Polymorphism_1832189818_1317435201 for srcT=Struct(Data_Test_Polymorphism_Monoidish, Test_Polymorphism.Monoidish, Constructor_Test_Polymorphism_Monoidish[int64], 1), destT=Struct(Data_Test_Polymorphism_Monoidish, Test_Polymorphism.Monoidish, Constructor_Test_Polymorphism_Monoidish[gopurs_runtime.Value], 1) with fields=0
Generating Rebox_Test_Primes_359351273_3637802162 for srcT=Struct(Data_Test_Primes_Cons, Test_Primes.Cons, Constructor_Test_Primes_Cons[gopurs_runtime.Value], 1), destT=Struct(Data_Test_Primes_Cons, Test_Primes.Cons, Constructor_Test_Primes_Cons[int64], 1) with fields=2
Generating Rebox_Test_Primes_3637802162_359351273 for srcT=Struct(Data_Test_Primes_Cons, Test_Primes.Cons, Constructor_Test_Primes_Cons[int64], 1), destT=Struct(Data_Test_Primes_Cons, Test_Primes.Cons, Constructor_Test_Primes_Cons[gopurs_runtime.Value], 1) with fields=2
Generating Rebox_Control_Biapply_4265826836_2448899513 for srcT=Struct(Data_Control_Biapply_Biapply, Control_Biapply.Biapply, Constructor_Control_Biapply_Biapply[*Constructor_Data_Tuple_Tuple[gopurs_runtime.Value, gopurs_runtime.Value]], 1), destT=Struct(Data_Control_Biapply_Biapply, Control_Biapply.Biapply, Constructor_Control_Biapply_Biapply[gopurs_runtime.Value], 1) with fields=0
Generating Rebox_Control_Biapply_2448899513_4265826836 for srcT=Struct(Data_Control_Biapply_Biapply, Control_Biapply.Biapply, Constructor_Control_Biapply_Biapply[gopurs_runtime.Value], 1), destT=Struct(Data_Control_Biapply_Biapply, Control_Biapply.Biapply, Constructor_Control_Biapply_Biapply[*Constructor_Data_Tuple_Tuple[gopurs_runtime.Value, gopurs_runtime.Value]], 1) with fields=0
Generating Rebox_Control_Biapply_1495429347_1688994542 for srcT=Struct(Data_Data_Bifunctor_Bifunctor, Data_Bifunctor.Bifunctor, Constructor_Data_Bifunctor_Bifunctor[*Constructor_Data_Tuple_Tuple[gopurs_runtime.Value, gopurs_runtime.Value]], 1), destT=Struct(Data_Data_Bifunctor_Bifunctor, Data_Bifunctor.Bifunctor, Constructor_Data_Bifunctor_Bifunctor[gopurs_runtime.Value], 1) with fields=0
Generating Rebox_Control_Biapply_1688994542_1495429347 for srcT=Struct(Data_Data_Bifunctor_Bifunctor, Data_Bifunctor.Bifunctor, Constructor_Data_Bifunctor_Bifunctor[gopurs_runtime.Value], 1), destT=Struct(Data_Data_Bifunctor_Bifunctor, Data_Bifunctor.Bifunctor, Constructor_Data_Bifunctor_Bifunctor[*Constructor_Data_Tuple_Tuple[gopurs_runtime.Value, gopurs_runtime.Value]], 1) with fields=0
Generating Rebox_Control_Biapplicative_1794813908_3565318777 for srcT=Struct(Data_Control_Biapplicative_Biapplicative, Control_Biapplicative.Biapplicative, Constructor_Control_Biapplicative_Biapplicative[*Constructor_Data_Tuple_Tuple[gopurs_runtime.Value, gopurs_runtime.Value]], 1), destT=Struct(Data_Control_Biapplicative_Biapplicative, Control_Biapplicative.Biapplicative, Constructor_Control_Biapplicative_Biapplicative[gopurs_runtime.Value], 1) with fields=0
Generating Rebox_Control_Biapplicative_3565318777_1794813908 for srcT=Struct(Data_Control_Biapplicative_Biapplicative, Control_Biapplicative.Biapplicative, Constructor_Control_Biapplicative_Biapplicative[gopurs_runtime.Value], 1), destT=Struct(Data_Control_Biapplicative_Biapplicative, Control_Biapplicative.Biapplicative, Constructor_Control_Biapplicative_Biapplicative[*Constructor_Data_Tuple_Tuple[gopurs_runtime.Value, gopurs_runtime.Value]], 1) with fields=0
Generating Rebox_Control_Biapplicative_4265826836_2448899513 for srcT=Struct(Data_Control_Biapply_Biapply, Control_Biapply.Biapply, Constructor_Control_Biapply_Biapply[*Constructor_Data_Tuple_Tuple[gopurs_runtime.Value, gopurs_runtime.Value]], 1), destT=Struct(Data_Control_Biapply_Biapply, Control_Biapply.Biapply, Constructor_Control_Biapply_Biapply[gopurs_runtime.Value], 1) with fields=0
Generating Rebox_Control_Biapplicative_2448899513_4265826836 for srcT=Struct(Data_Control_Biapply_Biapply, Control_Biapply.Biapply, Constructor_Control_Biapply_Biapply[gopurs_runtime.Value], 1), destT=Struct(Data_Control_Biapply_Biapply, Control_Biapply.Biapply, Constructor_Control_Biapply_Biapply[*Constructor_Data_Tuple_Tuple[gopurs_runtime.Value, gopurs_runtime.Value]], 1) with fields=0
Generating Rebox_Control_Monad_Error_Class_4076617616_988098289 for srcT=Struct(Data_Control_Monad_Error_Class_MonadError, Control_Monad_Error_Class.MonadError, Constructor_Control_Monad_Error_Class_MonadError[gopurs_runtime.Value, *Constructor_Data_Maybe_Just[gopurs_runtime.Value]], 2), destT=Struct(Data_Control_Monad_Error_Class_MonadError, Control_Monad_Error_Class.MonadError, Constructor_Control_Monad_Error_Class_MonadError[gopurs_runtime.Value, gopurs_runtime.Value], 2) with fields=0
Generating Rebox_Control_Monad_Error_Class_988098289_4076617616 for srcT=Struct(Data_Control_Monad_Error_Class_MonadError, Control_Monad_Error_Class.MonadError, Constructor_Control_Monad_Error_Class_MonadError[gopurs_runtime.Value, gopurs_runtime.Value], 2), destT=Struct(Data_Control_Monad_Error_Class_MonadError, Control_Monad_Error_Class.MonadError, Constructor_Control_Monad_Error_Class_MonadError[gopurs_runtime.Value, *Constructor_Data_Maybe_Just[gopurs_runtime.Value]], 2) with fields=0
Generating Rebox_Control_Monad_Error_Class_622782558_3188179519 for srcT=Struct(Data_Control_Monad_Error_Class_MonadThrow, Control_Monad_Error_Class.MonadThrow, Constructor_Control_Monad_Error_Class_MonadThrow[gopurs_runtime.Value, *Constructor_Data_Maybe_Just[gopurs_runtime.Value]], 2), destT=Struct(Data_Control_Monad_Error_Class_MonadThrow, Control_Monad_Error_Class.MonadThrow, Constructor_Control_Monad_Error_Class_MonadThrow[gopurs_runtime.Value, gopurs_runtime.Value], 2) with fields=0
Generating Rebox_Control_Monad_Error_Class_3188179519_622782558 for srcT=Struct(Data_Control_Monad_Error_Class_MonadThrow, Control_Monad_Error_Class.MonadThrow, Constructor_Control_Monad_Error_Class_MonadThrow[gopurs_runtime.Value, gopurs_runtime.Value], 2), destT=Struct(Data_Control_Monad_Error_Class_MonadThrow, Control_Monad_Error_Class.MonadThrow, Constructor_Control_Monad_Error_Class_MonadThrow[gopurs_runtime.Value, *Constructor_Data_Maybe_Just[gopurs_runtime.Value]], 2) with fields=0
Generating Rebox_Control_Monad_Error_Class_1642601656_2568689657 for srcT=Struct(Data_Control_Monad_Monad, Control_Monad.Monad, Constructor_Control_Monad_Monad[*Constructor_Data_Maybe_Just[gopurs_runtime.Value]], 1), destT=Struct(Data_Control_Monad_Monad, Control_Monad.Monad, Constructor_Control_Monad_Monad[gopurs_runtime.Value], 1) with fields=0
Generating Rebox_Control_Monad_Error_Class_2568689657_1642601656 for srcT=Struct(Data_Control_Monad_Monad, Control_Monad.Monad, Constructor_Control_Monad_Monad[gopurs_runtime.Value], 1), destT=Struct(Data_Control_Monad_Monad, Control_Monad.Monad, Constructor_Control_Monad_Monad[*Constructor_Data_Maybe_Just[gopurs_runtime.Value]], 1) with fields=0
Generating Rebox_Control_Comonad_Env_Trans_3056445460_2550391993 for srcT=Struct(Data_Control_Comonad_Comonad, Control_Comonad.Comonad, Constructor_Control_Comonad_Comonad[*Constructor_Data_Tuple_Tuple[gopurs_runtime.Value, gopurs_runtime.Value]], 1), destT=Struct(Data_Control_Comonad_Comonad, Control_Comonad.Comonad, Constructor_Control_Comonad_Comonad[gopurs_runtime.Value], 1) with fields=0
Generating Rebox_Control_Comonad_Env_Trans_2550391993_3056445460 for srcT=Struct(Data_Control_Comonad_Comonad, Control_Comonad.Comonad, Constructor_Control_Comonad_Comonad[gopurs_runtime.Value], 1), destT=Struct(Data_Control_Comonad_Comonad, Control_Comonad.Comonad, Constructor_Control_Comonad_Comonad[*Constructor_Data_Tuple_Tuple[gopurs_runtime.Value, gopurs_runtime.Value]], 1) with fields=0
Generating Rebox_Control_Comonad_Env_Trans_34561274_3351420535 for srcT=Struct(Data_Control_Comonad_Trans_Class_ComonadTrans, Control_Comonad_Trans_Class.ComonadTrans, Constructor_Control_Comonad_Trans_Class_ComonadTrans[*Constructor_Data_Tuple_Tuple[gopurs_runtime.Value, gopurs_runtime.Value]], 1), destT=Struct(Data_Control_Comonad_Trans_Class_ComonadTrans, Control_Comonad_Trans_Class.ComonadTrans, Constructor_Control_Comonad_Trans_Class_ComonadTrans[gopurs_runtime.Value], 1) with fields=0
Generating Rebox_Control_Comonad_Env_Trans_3351420535_34561274 for srcT=Struct(Data_Control_Comonad_Trans_Class_ComonadTrans, Control_Comonad_Trans_Class.ComonadTrans, Constructor_Control_Comonad_Trans_Class_ComonadTrans[gopurs_runtime.Value], 1), destT=Struct(Data_Control_Comonad_Trans_Class_ComonadTrans, Control_Comonad_Trans_Class.ComonadTrans, Constructor_Control_Comonad_Trans_Class_ComonadTrans[*Constructor_Data_Tuple_Tuple[gopurs_runtime.Value, gopurs_runtime.Value]], 1) with fields=0
Generating Rebox_Control_Comonad_Env_Trans_3108778612_3290176857 for srcT=Struct(Data_Control_Extend_Extend, Control_Extend.Extend, Constructor_Control_Extend_Extend[*Constructor_Data_Tuple_Tuple[gopurs_runtime.Value, gopurs_runtime.Value]], 1), destT=Struct(Data_Control_Extend_Extend, Control_Extend.Extend, Constructor_Control_Extend_Extend[gopurs_runtime.Value], 1) with fields=0
Generating Rebox_Control_Comonad_Env_Trans_3290176857_3108778612 for srcT=Struct(Data_Control_Extend_Extend, Control_Extend.Extend, Constructor_Control_Extend_Extend[gopurs_runtime.Value], 1), destT=Struct(Data_Control_Extend_Extend, Control_Extend.Extend, Constructor_Control_Extend_Extend[*Constructor_Data_Tuple_Tuple[gopurs_runtime.Value, gopurs_runtime.Value]], 1) with fields=0
Generating Rebox_Control_Comonad_Env_Trans_3374046885_3725484264 for srcT=Struct(Data_Data_FoldableWithIndex_FoldableWithIndex, Data_FoldableWithIndex.FoldableWithIndex, Constructor_Data_FoldableWithIndex_FoldableWithIndex[gopurs_runtime.Value, *Constructor_Data_Tuple_Tuple[gopurs_runtime.Value, gopurs_runtime.Value]], 2), destT=Struct(Data_Data_FoldableWithIndex_FoldableWithIndex, Data_FoldableWithIndex.FoldableWithIndex, Constructor_Data_FoldableWithIndex_FoldableWithIndex[gopurs_runtime.Value, gopurs_runtime.Value], 2) with fields=0
Generating Rebox_Control_Comonad_Env_Trans_3725484264_3374046885 for srcT=Struct(Data_Data_FoldableWithIndex_FoldableWithIndex, Data_FoldableWithIndex.FoldableWithIndex, Constructor_Data_FoldableWithIndex_FoldableWithIndex[gopurs_runtime.Value, gopurs_runtime.Value], 2), destT=Struct(Data_Data_FoldableWithIndex_FoldableWithIndex, Data_FoldableWithIndex.FoldableWithIndex, Constructor_Data_FoldableWithIndex_FoldableWithIndex[gopurs_runtime.Value, *Constructor_Data_Tuple_Tuple[gopurs_runtime.Value, gopurs_runtime.Value]], 2) with fields=0
Generating Rebox_Control_Comonad_Env_Trans_4173511203_1680800814 for srcT=Struct(Data_Data_Foldable_Foldable, Data_Foldable.Foldable, Constructor_Data_Foldable_Foldable[*Constructor_Data_Tuple_Tuple[gopurs_runtime.Value, gopurs_runtime.Value]], 1), destT=Struct(Data_Data_Foldable_Foldable, Data_Foldable.Foldable, Constructor_Data_Foldable_Foldable[gopurs_runtime.Value], 1) with fields=0
Generating Rebox_Control_Comonad_Env_Trans_1680800814_4173511203 for srcT=Struct(Data_Data_Foldable_Foldable, Data_Foldable.Foldable, Constructor_Data_Foldable_Foldable[gopurs_runtime.Value], 1), destT=Struct(Data_Data_Foldable_Foldable, Data_Foldable.Foldable, Constructor_Data_Foldable_Foldable[*Constructor_Data_Tuple_Tuple[gopurs_runtime.Value, gopurs_runtime.Value]], 1) with fields=0
Generating Rebox_Control_Comonad_Env_Trans_935379557_2412140840 for srcT=Struct(Data_Data_FunctorWithIndex_FunctorWithIndex, Data_FunctorWithIndex.FunctorWithIndex, Constructor_Data_FunctorWithIndex_FunctorWithIndex[gopurs_runtime.Value, *Constructor_Data_Tuple_Tuple[gopurs_runtime.Value, gopurs_runtime.Value]], 2), destT=Struct(Data_Data_FunctorWithIndex_FunctorWithIndex, Data_FunctorWithIndex.FunctorWithIndex, Constructor_Data_FunctorWithIndex_FunctorWithIndex[gopurs_runtime.Value, gopurs_runtime.Value], 2) with fields=0
Generating Rebox_Control_Comonad_Env_Trans_2412140840_935379557 for srcT=Struct(Data_Data_FunctorWithIndex_FunctorWithIndex, Data_FunctorWithIndex.FunctorWithIndex, Constructor_Data_FunctorWithIndex_FunctorWithIndex[gopurs_runtime.Value, gopurs_runtime.Value], 2), destT=Struct(Data_Data_FunctorWithIndex_FunctorWithIndex, Data_FunctorWithIndex.FunctorWithIndex, Constructor_Data_FunctorWithIndex_FunctorWithIndex[gopurs_runtime.Value, *Constructor_Data_Tuple_Tuple[gopurs_runtime.Value, gopurs_runtime.Value]], 2) with fields=0
Generating Rebox_Control_Comonad_Env_Trans_2363162019_2812149806 for srcT=Struct(Data_Data_Functor_Functor, Data_Functor.Functor, Constructor_Data_Functor_Functor[*Constructor_Data_Tuple_Tuple[gopurs_runtime.Value, gopurs_runtime.Value]], 1), destT=Struct(Data_Data_Functor_Functor, Data_Functor.Functor, Constructor_Data_Functor_Functor[gopurs_runtime.Value], 1) with fields=0
Generating Rebox_Control_Comonad_Env_Trans_2812149806_2363162019 for srcT=Struct(Data_Data_Functor_Functor, Data_Functor.Functor, Constructor_Data_Functor_Functor[gopurs_runtime.Value], 1), destT=Struct(Data_Data_Functor_Functor, Data_Functor.Functor, Constructor_Data_Functor_Functor[*Constructor_Data_Tuple_Tuple[gopurs_runtime.Value, gopurs_runtime.Value]], 1) with fields=0
Generating Rebox_Control_Comonad_Env_Trans_1417950280_385277032 for srcT=Struct(Data_Data_Newtype_Newtype, Data_Newtype.Newtype, Constructor_Data_Newtype_Newtype[*Constructor_Data_Tuple_Tuple[gopurs_runtime.Value, gopurs_runtime.Value], *Constructor_Data_Tuple_Tuple[gopurs_runtime.Value, gopurs_runtime.Value]], 2), destT=Struct(Data_Data_Newtype_Newtype, Data_Newtype.Newtype, Constructor_Data_Newtype_Newtype[gopurs_runtime.Value, gopurs_runtime.Value], 2) with fields=0
Generating Rebox_Control_Comonad_Env_Trans_385277032_1417950280 for srcT=Struct(Data_Data_Newtype_Newtype, Data_Newtype.Newtype, Constructor_Data_Newtype_Newtype[gopurs_runtime.Value, gopurs_runtime.Value], 2), destT=Struct(Data_Data_Newtype_Newtype, Data_Newtype.Newtype, Constructor_Data_Newtype_Newtype[*Constructor_Data_Tuple_Tuple[gopurs_runtime.Value, gopurs_runtime.Value], *Constructor_Data_Tuple_Tuple[gopurs_runtime.Value, gopurs_runtime.Value]], 2) with fields=0
Generating Rebox_Control_Comonad_Env_Trans_2190796645_1812164904 for srcT=Struct(Data_Data_TraversableWithIndex_TraversableWithIndex, Data_TraversableWithIndex.TraversableWithIndex, Constructor_Data_TraversableWithIndex_TraversableWithIndex[gopurs_runtime.Value, *Constructor_Data_Tuple_Tuple[gopurs_runtime.Value, gopurs_runtime.Value]], 2), destT=Struct(Data_Data_TraversableWithIndex_TraversableWithIndex, Data_TraversableWithIndex.TraversableWithIndex, Constructor_Data_TraversableWithIndex_TraversableWithIndex[gopurs_runtime.Value, gopurs_runtime.Value], 2) with fields=0
Generating Rebox_Control_Comonad_Env_Trans_1812164904_2190796645 for srcT=Struct(Data_Data_TraversableWithIndex_TraversableWithIndex, Data_TraversableWithIndex.TraversableWithIndex, Constructor_Data_TraversableWithIndex_TraversableWithIndex[gopurs_runtime.Value, gopurs_runtime.Value], 2), destT=Struct(Data_Data_TraversableWithIndex_TraversableWithIndex, Data_TraversableWithIndex.TraversableWithIndex, Constructor_Data_TraversableWithIndex_TraversableWithIndex[gopurs_runtime.Value, *Constructor_Data_Tuple_Tuple[gopurs_runtime.Value, gopurs_runtime.Value]], 2) with fields=0
Generating Rebox_Control_Comonad_Env_Trans_3543431075_3043886126 for srcT=Struct(Data_Data_Traversable_Traversable, Data_Traversable.Traversable, Constructor_Data_Traversable_Traversable[*Constructor_Data_Tuple_Tuple[gopurs_runtime.Value, gopurs_runtime.Value]], 1), destT=Struct(Data_Data_Traversable_Traversable, Data_Traversable.Traversable, Constructor_Data_Traversable_Traversable[gopurs_runtime.Value], 1) with fields=0
Generating Rebox_Control_Comonad_Env_Trans_3043886126_3543431075 for srcT=Struct(Data_Data_Traversable_Traversable, Data_Traversable.Traversable, Constructor_Data_Traversable_Traversable[gopurs_runtime.Value], 1), destT=Struct(Data_Data_Traversable_Traversable, Data_Traversable.Traversable, Constructor_Data_Traversable_Traversable[*Constructor_Data_Tuple_Tuple[gopurs_runtime.Value, gopurs_runtime.Value]], 1) with fields=0
Generating Rebox_Control_Comonad_Store_Trans_3056445460_2550391993 for srcT=Struct(Data_Control_Comonad_Comonad, Control_Comonad.Comonad, Constructor_Control_Comonad_Comonad[*Constructor_Data_Tuple_Tuple[gopurs_runtime.Value, gopurs_runtime.Value]], 1), destT=Struct(Data_Control_Comonad_Comonad, Control_Comonad.Comonad, Constructor_Control_Comonad_Comonad[gopurs_runtime.Value], 1) with fields=0
Generating Rebox_Control_Comonad_Store_Trans_2550391993_3056445460 for srcT=Struct(Data_Control_Comonad_Comonad, Control_Comonad.Comonad, Constructor_Control_Comonad_Comonad[gopurs_runtime.Value], 1), destT=Struct(Data_Control_Comonad_Comonad, Control_Comonad.Comonad, Constructor_Control_Comonad_Comonad[*Constructor_Data_Tuple_Tuple[gopurs_runtime.Value, gopurs_runtime.Value]], 1) with fields=0
Generating Rebox_Control_Comonad_Store_Trans_34561274_3351420535 for srcT=Struct(Data_Control_Comonad_Trans_Class_ComonadTrans, Control_Comonad_Trans_Class.ComonadTrans, Constructor_Control_Comonad_Trans_Class_ComonadTrans[*Constructor_Data_Tuple_Tuple[gopurs_runtime.Value, gopurs_runtime.Value]], 1), destT=Struct(Data_Control_Comonad_Trans_Class_ComonadTrans, Control_Comonad_Trans_Class.ComonadTrans, Constructor_Control_Comonad_Trans_Class_ComonadTrans[gopurs_runtime.Value], 1) with fields=0
Generating Rebox_Control_Comonad_Store_Trans_3351420535_34561274 for srcT=Struct(Data_Control_Comonad_Trans_Class_ComonadTrans, Control_Comonad_Trans_Class.ComonadTrans, Constructor_Control_Comonad_Trans_Class_ComonadTrans[gopurs_runtime.Value], 1), destT=Struct(Data_Control_Comonad_Trans_Class_ComonadTrans, Control_Comonad_Trans_Class.ComonadTrans, Constructor_Control_Comonad_Trans_Class_ComonadTrans[*Constructor_Data_Tuple_Tuple[gopurs_runtime.Value, gopurs_runtime.Value]], 1) with fields=0
Generating Rebox_Control_Comonad_Store_Trans_3108778612_3290176857 for srcT=Struct(Data_Control_Extend_Extend, Control_Extend.Extend, Constructor_Control_Extend_Extend[*Constructor_Data_Tuple_Tuple[gopurs_runtime.Value, gopurs_runtime.Value]], 1), destT=Struct(Data_Control_Extend_Extend, Control_Extend.Extend, Constructor_Control_Extend_Extend[gopurs_runtime.Value], 1) with fields=0
Generating Rebox_Control_Comonad_Store_Trans_3290176857_3108778612 for srcT=Struct(Data_Control_Extend_Extend, Control_Extend.Extend, Constructor_Control_Extend_Extend[gopurs_runtime.Value], 1), destT=Struct(Data_Control_Extend_Extend, Control_Extend.Extend, Constructor_Control_Extend_Extend[*Constructor_Data_Tuple_Tuple[gopurs_runtime.Value, gopurs_runtime.Value]], 1) with fields=0
Generating Rebox_Control_Comonad_Store_Trans_2363162019_2812149806 for srcT=Struct(Data_Data_Functor_Functor, Data_Functor.Functor, Constructor_Data_Functor_Functor[*Constructor_Data_Tuple_Tuple[gopurs_runtime.Value, gopurs_runtime.Value]], 1), destT=Struct(Data_Data_Functor_Functor, Data_Functor.Functor, Constructor_Data_Functor_Functor[gopurs_runtime.Value], 1) with fields=0
Generating Rebox_Control_Comonad_Store_Trans_2812149806_2363162019 for srcT=Struct(Data_Data_Functor_Functor, Data_Functor.Functor, Constructor_Data_Functor_Functor[gopurs_runtime.Value], 1), destT=Struct(Data_Data_Functor_Functor, Data_Functor.Functor, Constructor_Data_Functor_Functor[*Constructor_Data_Tuple_Tuple[gopurs_runtime.Value, gopurs_runtime.Value]], 1) with fields=0
Generating Rebox_Control_Comonad_Store_Trans_1417950280_385277032 for srcT=Struct(Data_Data_Newtype_Newtype, Data_Newtype.Newtype, Constructor_Data_Newtype_Newtype[*Constructor_Data_Tuple_Tuple[gopurs_runtime.Value, gopurs_runtime.Value], *Constructor_Data_Tuple_Tuple[gopurs_runtime.Value, gopurs_runtime.Value]], 2), destT=Struct(Data_Data_Newtype_Newtype, Data_Newtype.Newtype, Constructor_Data_Newtype_Newtype[gopurs_runtime.Value, gopurs_runtime.Value], 2) with fields=0
Generating Rebox_Control_Comonad_Store_Trans_385277032_1417950280 for srcT=Struct(Data_Data_Newtype_Newtype, Data_Newtype.Newtype, Constructor_Data_Newtype_Newtype[gopurs_runtime.Value, gopurs_runtime.Value], 2), destT=Struct(Data_Data_Newtype_Newtype, Data_Newtype.Newtype, Constructor_Data_Newtype_Newtype[*Constructor_Data_Tuple_Tuple[gopurs_runtime.Value, gopurs_runtime.Value], *Constructor_Data_Tuple_Tuple[gopurs_runtime.Value, gopurs_runtime.Value]], 2) with fields=0
Generating Rebox_Control_Comonad_Store_Class_3056445460_2550391993 for srcT=Struct(Data_Control_Comonad_Comonad, Control_Comonad.Comonad, Constructor_Control_Comonad_Comonad[*Constructor_Data_Tuple_Tuple[gopurs_runtime.Value, gopurs_runtime.Value]], 1), destT=Struct(Data_Control_Comonad_Comonad, Control_Comonad.Comonad, Constructor_Control_Comonad_Comonad[gopurs_runtime.Value], 1) with fields=0
Generating Rebox_Control_Comonad_Store_Class_2550391993_3056445460 for srcT=Struct(Data_Control_Comonad_Comonad, Control_Comonad.Comonad, Constructor_Control_Comonad_Comonad[gopurs_runtime.Value], 1), destT=Struct(Data_Control_Comonad_Comonad, Control_Comonad.Comonad, Constructor_Control_Comonad_Comonad[*Constructor_Data_Tuple_Tuple[gopurs_runtime.Value, gopurs_runtime.Value]], 1) with fields=0
Generating Rebox_Control_Comonad_Store_Class_229239260_3433217233 for srcT=Struct(Data_Control_Comonad_Store_Class_ComonadStore, Control_Comonad_Store_Class.ComonadStore, Constructor_Control_Comonad_Store_Class_ComonadStore[gopurs_runtime.Value, *Constructor_Data_Tuple_Tuple[gopurs_runtime.Value, gopurs_runtime.Value]], 2), destT=Struct(Data_Control_Comonad_Store_Class_ComonadStore, Control_Comonad_Store_Class.ComonadStore, Constructor_Control_Comonad_Store_Class_ComonadStore[gopurs_runtime.Value, gopurs_runtime.Value], 2) with fields=0
Generating Rebox_Control_Comonad_Store_Class_3433217233_229239260 for srcT=Struct(Data_Control_Comonad_Store_Class_ComonadStore, Control_Comonad_Store_Class.ComonadStore, Constructor_Control_Comonad_Store_Class_ComonadStore[gopurs_runtime.Value, gopurs_runtime.Value], 2), destT=Struct(Data_Control_Comonad_Store_Class_ComonadStore, Control_Comonad_Store_Class.ComonadStore, Constructor_Control_Comonad_Store_Class_ComonadStore[gopurs_runtime.Value, *Constructor_Data_Tuple_Tuple[gopurs_runtime.Value, gopurs_runtime.Value]], 2) with fields=0
Generating Rebox_Control_Comonad_Store_Class_34561274_3351420535 for srcT=Struct(Data_Control_Comonad_Trans_Class_ComonadTrans, Control_Comonad_Trans_Class.ComonadTrans, Constructor_Control_Comonad_Trans_Class_ComonadTrans[*Constructor_Data_Tuple_Tuple[gopurs_runtime.Value, gopurs_runtime.Value]], 1), destT=Struct(Data_Control_Comonad_Trans_Class_ComonadTrans, Control_Comonad_Trans_Class.ComonadTrans, Constructor_Control_Comonad_Trans_Class_ComonadTrans[gopurs_runtime.Value], 1) with fields=0
Generating Rebox_Control_Comonad_Store_Class_3351420535_34561274 for srcT=Struct(Data_Control_Comonad_Trans_Class_ComonadTrans, Control_Comonad_Trans_Class.ComonadTrans, Constructor_Control_Comonad_Trans_Class_ComonadTrans[gopurs_runtime.Value], 1), destT=Struct(Data_Control_Comonad_Trans_Class_ComonadTrans, Control_Comonad_Trans_Class.ComonadTrans, Constructor_Control_Comonad_Trans_Class_ComonadTrans[*Constructor_Data_Tuple_Tuple[gopurs_runtime.Value, gopurs_runtime.Value]], 1) with fields=0
Generating Rebox_Control_Comonad_Env_Class_3056445460_2550391993 for srcT=Struct(Data_Control_Comonad_Comonad, Control_Comonad.Comonad, Constructor_Control_Comonad_Comonad[*Constructor_Data_Tuple_Tuple[gopurs_runtime.Value, gopurs_runtime.Value]], 1), destT=Struct(Data_Control_Comonad_Comonad, Control_Comonad.Comonad, Constructor_Control_Comonad_Comonad[gopurs_runtime.Value], 1) with fields=0
Generating Rebox_Control_Comonad_Env_Class_2550391993_3056445460 for srcT=Struct(Data_Control_Comonad_Comonad, Control_Comonad.Comonad, Constructor_Control_Comonad_Comonad[gopurs_runtime.Value], 1), destT=Struct(Data_Control_Comonad_Comonad, Control_Comonad.Comonad, Constructor_Control_Comonad_Comonad[*Constructor_Data_Tuple_Tuple[gopurs_runtime.Value, gopurs_runtime.Value]], 1) with fields=0
Generating Rebox_Control_Comonad_Env_Class_1649752824_2829962037 for srcT=Struct(Data_Control_Comonad_Env_Class_ComonadAsk, Control_Comonad_Env_Class.ComonadAsk, Constructor_Control_Comonad_Env_Class_ComonadAsk[gopurs_runtime.Value, *Constructor_Data_Tuple_Tuple[gopurs_runtime.Value, gopurs_runtime.Value]], 2), destT=Struct(Data_Control_Comonad_Env_Class_ComonadAsk, Control_Comonad_Env_Class.ComonadAsk, Constructor_Control_Comonad_Env_Class_ComonadAsk[gopurs_runtime.Value, gopurs_runtime.Value], 2) with fields=0
Generating Rebox_Control_Comonad_Env_Class_2829962037_1649752824 for srcT=Struct(Data_Control_Comonad_Env_Class_ComonadAsk, Control_Comonad_Env_Class.ComonadAsk, Constructor_Control_Comonad_Env_Class_ComonadAsk[gopurs_runtime.Value, gopurs_runtime.Value], 2), destT=Struct(Data_Control_Comonad_Env_Class_ComonadAsk, Control_Comonad_Env_Class.ComonadAsk, Constructor_Control_Comonad_Env_Class_ComonadAsk[gopurs_runtime.Value, *Constructor_Data_Tuple_Tuple[gopurs_runtime.Value, gopurs_runtime.Value]], 2) with fields=0
Generating Rebox_Control_Comonad_Env_Class_144036252_155172497 for srcT=Struct(Data_Control_Comonad_Env_Class_ComonadEnv, Control_Comonad_Env_Class.ComonadEnv, Constructor_Control_Comonad_Env_Class_ComonadEnv[gopurs_runtime.Value, *Constructor_Data_Tuple_Tuple[gopurs_runtime.Value, gopurs_runtime.Value]], 2), destT=Struct(Data_Control_Comonad_Env_Class_ComonadEnv, Control_Comonad_Env_Class.ComonadEnv, Constructor_Control_Comonad_Env_Class_ComonadEnv[gopurs_runtime.Value, gopurs_runtime.Value], 2) with fields=0
Generating Rebox_Control_Comonad_Env_Class_155172497_144036252 for srcT=Struct(Data_Control_Comonad_Env_Class_ComonadEnv, Control_Comonad_Env_Class.ComonadEnv, Constructor_Control_Comonad_Env_Class_ComonadEnv[gopurs_runtime.Value, gopurs_runtime.Value], 2), destT=Struct(Data_Control_Comonad_Env_Class_ComonadEnv, Control_Comonad_Env_Class.ComonadEnv, Constructor_Control_Comonad_Env_Class_ComonadEnv[gopurs_runtime.Value, *Constructor_Data_Tuple_Tuple[gopurs_runtime.Value, gopurs_runtime.Value]], 2) with fields=0
Generating Rebox_Control_Comonad_Env_Class_34561274_3351420535 for srcT=Struct(Data_Control_Comonad_Trans_Class_ComonadTrans, Control_Comonad_Trans_Class.ComonadTrans, Constructor_Control_Comonad_Trans_Class_ComonadTrans[*Constructor_Data_Tuple_Tuple[gopurs_runtime.Value, gopurs_runtime.Value]], 1), destT=Struct(Data_Control_Comonad_Trans_Class_ComonadTrans, Control_Comonad_Trans_Class.ComonadTrans, Constructor_Control_Comonad_Trans_Class_ComonadTrans[gopurs_runtime.Value], 1) with fields=0
Generating Rebox_Control_Comonad_Env_Class_3351420535_34561274 for srcT=Struct(Data_Control_Comonad_Trans_Class_ComonadTrans, Control_Comonad_Trans_Class.ComonadTrans, Constructor_Control_Comonad_Trans_Class_ComonadTrans[gopurs_runtime.Value], 1), destT=Struct(Data_Control_Comonad_Trans_Class_ComonadTrans, Control_Comonad_Trans_Class.ComonadTrans, Constructor_Control_Comonad_Trans_Class_ComonadTrans[*Constructor_Data_Tuple_Tuple[gopurs_runtime.Value, gopurs_runtime.Value]], 1) with fields=0
Generating Rebox_Control_Comonad_Traced_Class_3056445460_2550391993 for srcT=Struct(Data_Control_Comonad_Comonad, Control_Comonad.Comonad, Constructor_Control_Comonad_Comonad[*Constructor_Data_Tuple_Tuple[gopurs_runtime.Value, gopurs_runtime.Value]], 1), destT=Struct(Data_Control_Comonad_Comonad, Control_Comonad.Comonad, Constructor_Control_Comonad_Comonad[gopurs_runtime.Value], 1) with fields=0
Generating Rebox_Control_Comonad_Traced_Class_2550391993_3056445460 for srcT=Struct(Data_Control_Comonad_Comonad, Control_Comonad.Comonad, Constructor_Control_Comonad_Comonad[gopurs_runtime.Value], 1), destT=Struct(Data_Control_Comonad_Comonad, Control_Comonad.Comonad, Constructor_Control_Comonad_Comonad[*Constructor_Data_Tuple_Tuple[gopurs_runtime.Value, gopurs_runtime.Value]], 1) with fields=0
Generating Rebox_Control_Comonad_Traced_Class_843532572_2535844177 for srcT=Struct(Data_Control_Comonad_Traced_Class_ComonadTraced, Control_Comonad_Traced_Class.ComonadTraced, Constructor_Control_Comonad_Traced_Class_ComonadTraced[gopurs_runtime.Value, *Constructor_Data_Tuple_Tuple[gopurs_runtime.Value, gopurs_runtime.Value]], 2), destT=Struct(Data_Control_Comonad_Traced_Class_ComonadTraced, Control_Comonad_Traced_Class.ComonadTraced, Constructor_Control_Comonad_Traced_Class_ComonadTraced[gopurs_runtime.Value, gopurs_runtime.Value], 2) with fields=0
Generating Rebox_Control_Comonad_Traced_Class_2535844177_843532572 for srcT=Struct(Data_Control_Comonad_Traced_Class_ComonadTraced, Control_Comonad_Traced_Class.ComonadTraced, Constructor_Control_Comonad_Traced_Class_ComonadTraced[gopurs_runtime.Value, gopurs_runtime.Value], 2), destT=Struct(Data_Control_Comonad_Traced_Class_ComonadTraced, Control_Comonad_Traced_Class.ComonadTraced, Constructor_Control_Comonad_Traced_Class_ComonadTraced[gopurs_runtime.Value, *Constructor_Data_Tuple_Tuple[gopurs_runtime.Value, gopurs_runtime.Value]], 2) with fields=0
Generating Rebox_Control_Monad_Gen_3081497822_3094389156 for srcT=Struct(Data_Data_Maybe_Just, Data_Maybe.Just, Constructor_Data_Maybe_Just[*Constructor_Data_Tuple_Tuple[gopurs_runtime.Value, *Constructor_Control_Monad_Gen_Cons[gopurs_runtime.Value]]], 1), destT=Struct(Data_Data_Maybe_Just, Data_Maybe.Just, Constructor_Data_Maybe_Just[gopurs_runtime.Value], 1) with fields=1
Generating Rebox_Control_Monad_Gen_3240988860_3094389156 for srcT=Struct(Data_Data_Maybe_Just, Data_Maybe.Just, Constructor_Data_Maybe_Just[float64], 1), destT=Struct(Data_Data_Maybe_Just, Data_Maybe.Just, Constructor_Data_Maybe_Just[gopurs_runtime.Value], 1) with fields=1
Generating Rebox_Control_Monad_Gen_3094389156_3081497822 for srcT=Struct(Data_Data_Maybe_Just, Data_Maybe.Just, Constructor_Data_Maybe_Just[gopurs_runtime.Value], 1), destT=Struct(Data_Data_Maybe_Just, Data_Maybe.Just, Constructor_Data_Maybe_Just[*Constructor_Data_Tuple_Tuple[gopurs_runtime.Value, *Constructor_Control_Monad_Gen_Cons[gopurs_runtime.Value]]], 1) with fields=1
Generating Rebox_Control_Monad_Gen_3094389156_3240988860 for srcT=Struct(Data_Data_Maybe_Just, Data_Maybe.Just, Constructor_Data_Maybe_Just[gopurs_runtime.Value], 1), destT=Struct(Data_Data_Maybe_Just, Data_Maybe.Just, Constructor_Data_Maybe_Just[float64], 1) with fields=1
Generating Rebox_Control_Monad_Gen_1087394609_138441832 for srcT=Struct(Data_Data_Tuple_Tuple, Data_Tuple.Tuple, Constructor_Data_Tuple_Tuple[*Constructor_Data_Maybe_Just[float64], gopurs_runtime.Value], 2), destT=Struct(Data_Data_Tuple_Tuple, Data_Tuple.Tuple, Constructor_Data_Tuple_Tuple[gopurs_runtime.Value, gopurs_runtime.Value], 2) with fields=2
Generating Rebox_Control_Monad_Gen_138441832_1087394609 for srcT=Struct(Data_Data_Tuple_Tuple, Data_Tuple.Tuple, Constructor_Data_Tuple_Tuple[gopurs_runtime.Value, gopurs_runtime.Value], 2), destT=Struct(Data_Data_Tuple_Tuple, Data_Tuple.Tuple, Constructor_Data_Tuple_Tuple[*Constructor_Data_Maybe_Just[float64], gopurs_runtime.Value], 2) with fields=2
Generating Rebox_Control_Monad_Gen_138441832_3854293424 for srcT=Struct(Data_Data_Tuple_Tuple, Data_Tuple.Tuple, Constructor_Data_Tuple_Tuple[gopurs_runtime.Value, gopurs_runtime.Value], 2), destT=Struct(Data_Data_Tuple_Tuple, Data_Tuple.Tuple, Constructor_Data_Tuple_Tuple[float64, gopurs_runtime.Value], 2) with fields=2
Generating Rebox_Control_Monad_Gen_138441832_1080505919 for srcT=Struct(Data_Data_Tuple_Tuple, Data_Tuple.Tuple, Constructor_Data_Tuple_Tuple[gopurs_runtime.Value, gopurs_runtime.Value], 2), destT=Struct(Data_Data_Tuple_Tuple, Data_Tuple.Tuple, Constructor_Data_Tuple_Tuple[gopurs_runtime.Value, *Constructor_Control_Monad_Gen_Cons[gopurs_runtime.Value]], 2) with fields=2
Generating Rebox_Control_Monad_Gen_1080505919_138441832 for srcT=Struct(Data_Data_Tuple_Tuple, Data_Tuple.Tuple, Constructor_Data_Tuple_Tuple[gopurs_runtime.Value, *Constructor_Control_Monad_Gen_Cons[gopurs_runtime.Value]], 2), destT=Struct(Data_Data_Tuple_Tuple, Data_Tuple.Tuple, Constructor_Data_Tuple_Tuple[gopurs_runtime.Value, gopurs_runtime.Value], 2) with fields=2
Generating Rebox_Data_NonEmpty_2176830691_3790796878 for srcT=Struct(Data_Data_Eq_Eq, Data_Eq.Eq, Constructor_Data_Eq_Eq[*Constructor_Data_NonEmpty_NonEmpty[gopurs_runtime.Value, gopurs_runtime.Value]], 1), destT=Struct(Data_Data_Eq_Eq, Data_Eq.Eq, Constructor_Data_Eq_Eq[gopurs_runtime.Value], 1) with fields=0
Generating Rebox_Data_NonEmpty_3790796878_2176830691 for srcT=Struct(Data_Data_Eq_Eq, Data_Eq.Eq, Constructor_Data_Eq_Eq[gopurs_runtime.Value], 1), destT=Struct(Data_Data_Eq_Eq, Data_Eq.Eq, Constructor_Data_Eq_Eq[*Constructor_Data_NonEmpty_NonEmpty[gopurs_runtime.Value, gopurs_runtime.Value]], 1) with fields=0
Generating Rebox_Data_NonEmpty_1625813138_1766074591 for srcT=Struct(Data_Data_Eq_Eq1, Data_Eq.Eq1, Constructor_Data_Eq_Eq1[*Constructor_Data_NonEmpty_NonEmpty[gopurs_runtime.Value, gopurs_runtime.Value]], 1), destT=Struct(Data_Data_Eq_Eq1, Data_Eq.Eq1, Constructor_Data_Eq_Eq1[gopurs_runtime.Value], 1) with fields=0
Generating Rebox_Data_NonEmpty_1766074591_1625813138 for srcT=Struct(Data_Data_Eq_Eq1, Data_Eq.Eq1, Constructor_Data_Eq_Eq1[gopurs_runtime.Value], 1), destT=Struct(Data_Data_Eq_Eq1, Data_Eq.Eq1, Constructor_Data_Eq_Eq1[*Constructor_Data_NonEmpty_NonEmpty[gopurs_runtime.Value, gopurs_runtime.Value]], 1) with fields=0
Generating Rebox_Data_NonEmpty_1595536100_3725484264 for srcT=Struct(Data_Data_FoldableWithIndex_FoldableWithIndex, Data_FoldableWithIndex.FoldableWithIndex, Constructor_Data_FoldableWithIndex_FoldableWithIndex[*Constructor_Data_Maybe_Just[gopurs_runtime.Value], *Constructor_Data_NonEmpty_NonEmpty[gopurs_runtime.Value, gopurs_runtime.Value]], 2), destT=Struct(Data_Data_FoldableWithIndex_FoldableWithIndex, Data_FoldableWithIndex.FoldableWithIndex, Constructor_Data_FoldableWithIndex_FoldableWithIndex[gopurs_runtime.Value, gopurs_runtime.Value], 2) with fields=0
Generating Rebox_Data_NonEmpty_3725484264_1595536100 for srcT=Struct(Data_Data_FoldableWithIndex_FoldableWithIndex, Data_FoldableWithIndex.FoldableWithIndex, Constructor_Data_FoldableWithIndex_FoldableWithIndex[gopurs_runtime.Value, gopurs_runtime.Value], 2), destT=Struct(Data_Data_FoldableWithIndex_FoldableWithIndex, Data_FoldableWithIndex.FoldableWithIndex, Constructor_Data_FoldableWithIndex_FoldableWithIndex[*Constructor_Data_Maybe_Just[gopurs_runtime.Value], *Constructor_Data_NonEmpty_NonEmpty[gopurs_runtime.Value, gopurs_runtime.Value]], 2) with fields=0
Generating Rebox_Data_NonEmpty_3071895939_1680800814 for srcT=Struct(Data_Data_Foldable_Foldable, Data_Foldable.Foldable, Constructor_Data_Foldable_Foldable[*Constructor_Data_NonEmpty_NonEmpty[gopurs_runtime.Value, gopurs_runtime.Value]], 1), destT=Struct(Data_Data_Foldable_Foldable, Data_Foldable.Foldable, Constructor_Data_Foldable_Foldable[gopurs_runtime.Value], 1) with fields=0
Generating Rebox_Data_NonEmpty_1680800814_3071895939 for srcT=Struct(Data_Data_Foldable_Foldable, Data_Foldable.Foldable, Constructor_Data_Foldable_Foldable[gopurs_runtime.Value], 1), destT=Struct(Data_Data_Foldable_Foldable, Data_Foldable.Foldable, Constructor_Data_Foldable_Foldable[*Constructor_Data_NonEmpty_NonEmpty[gopurs_runtime.Value, gopurs_runtime.Value]], 1) with fields=0
Generating Rebox_Data_NonEmpty_475922212_2412140840 for srcT=Struct(Data_Data_FunctorWithIndex_FunctorWithIndex, Data_FunctorWithIndex.FunctorWithIndex, Constructor_Data_FunctorWithIndex_FunctorWithIndex[*Constructor_Data_Maybe_Just[gopurs_runtime.Value], *Constructor_Data_NonEmpty_NonEmpty[gopurs_runtime.Value, gopurs_runtime.Value]], 2), destT=Struct(Data_Data_FunctorWithIndex_FunctorWithIndex, Data_FunctorWithIndex.FunctorWithIndex, Constructor_Data_FunctorWithIndex_FunctorWithIndex[gopurs_runtime.Value, gopurs_runtime.Value], 2) with fields=0
Generating Rebox_Data_NonEmpty_2412140840_475922212 for srcT=Struct(Data_Data_FunctorWithIndex_FunctorWithIndex, Data_FunctorWithIndex.FunctorWithIndex, Constructor_Data_FunctorWithIndex_FunctorWithIndex[gopurs_runtime.Value, gopurs_runtime.Value], 2), destT=Struct(Data_Data_FunctorWithIndex_FunctorWithIndex, Data_FunctorWithIndex.FunctorWithIndex, Constructor_Data_FunctorWithIndex_FunctorWithIndex[*Constructor_Data_Maybe_Just[gopurs_runtime.Value], *Constructor_Data_NonEmpty_NonEmpty[gopurs_runtime.Value, gopurs_runtime.Value]], 2) with fields=0
Generating Rebox_Data_NonEmpty_1468200963_2812149806 for srcT=Struct(Data_Data_Functor_Functor, Data_Functor.Functor, Constructor_Data_Functor_Functor[*Constructor_Data_NonEmpty_NonEmpty[gopurs_runtime.Value, gopurs_runtime.Value]], 1), destT=Struct(Data_Data_Functor_Functor, Data_Functor.Functor, Constructor_Data_Functor_Functor[gopurs_runtime.Value], 1) with fields=0
Generating Rebox_Data_NonEmpty_2812149806_1468200963 for srcT=Struct(Data_Data_Functor_Functor, Data_Functor.Functor, Constructor_Data_Functor_Functor[gopurs_runtime.Value], 1), destT=Struct(Data_Data_Functor_Functor, Data_Functor.Functor, Constructor_Data_Functor_Functor[*Constructor_Data_NonEmpty_NonEmpty[gopurs_runtime.Value, gopurs_runtime.Value]], 1) with fields=0
Generating Rebox_Data_NonEmpty_167870147_4177771502 for srcT=Struct(Data_Data_Ord_Ord, Data_Ord.Ord, Constructor_Data_Ord_Ord[*Constructor_Data_NonEmpty_NonEmpty[gopurs_runtime.Value, gopurs_runtime.Value]], 1), destT=Struct(Data_Data_Ord_Ord, Data_Ord.Ord, Constructor_Data_Ord_Ord[gopurs_runtime.Value], 1) with fields=0
Generating Rebox_Data_NonEmpty_4177771502_167870147 for srcT=Struct(Data_Data_Ord_Ord, Data_Ord.Ord, Constructor_Data_Ord_Ord[gopurs_runtime.Value], 1), destT=Struct(Data_Data_Ord_Ord, Data_Ord.Ord, Constructor_Data_Ord_Ord[*Constructor_Data_NonEmpty_NonEmpty[gopurs_runtime.Value, gopurs_runtime.Value]], 1) with fields=0
Generating Rebox_Data_NonEmpty_937092146_3985601471 for srcT=Struct(Data_Data_Ord_Ord1, Data_Ord.Ord1, Constructor_Data_Ord_Ord1[*Constructor_Data_NonEmpty_NonEmpty[gopurs_runtime.Value, gopurs_runtime.Value]], 1), destT=Struct(Data_Data_Ord_Ord1, Data_Ord.Ord1, Constructor_Data_Ord_Ord1[gopurs_runtime.Value], 1) with fields=0
Generating Rebox_Data_NonEmpty_3985601471_937092146 for srcT=Struct(Data_Data_Ord_Ord1, Data_Ord.Ord1, Constructor_Data_Ord_Ord1[gopurs_runtime.Value], 1), destT=Struct(Data_Data_Ord_Ord1, Data_Ord.Ord1, Constructor_Data_Ord_Ord1[*Constructor_Data_NonEmpty_NonEmpty[gopurs_runtime.Value, gopurs_runtime.Value]], 1) with fields=0
Generating Rebox_Data_NonEmpty_4217626592_4151366573 for srcT=Struct(Data_Data_Semigroup_Foldable_Foldable1, Data_Semigroup_Foldable.Foldable1, Constructor_Data_Semigroup_Foldable_Foldable1[*Constructor_Data_NonEmpty_NonEmpty[gopurs_runtime.Value, gopurs_runtime.Value]], 1), destT=Struct(Data_Data_Semigroup_Foldable_Foldable1, Data_Semigroup_Foldable.Foldable1, Constructor_Data_Semigroup_Foldable_Foldable1[gopurs_runtime.Value], 1) with fields=0
Generating Rebox_Data_NonEmpty_4151366573_4217626592 for srcT=Struct(Data_Data_Semigroup_Foldable_Foldable1, Data_Semigroup_Foldable.Foldable1, Constructor_Data_Semigroup_Foldable_Foldable1[gopurs_runtime.Value], 1), destT=Struct(Data_Data_Semigroup_Foldable_Foldable1, Data_Semigroup_Foldable.Foldable1, Constructor_Data_Semigroup_Foldable_Foldable1[*Constructor_Data_NonEmpty_NonEmpty[gopurs_runtime.Value, gopurs_runtime.Value]], 1) with fields=0
Generating Rebox_Data_NonEmpty_1577339395_4179793454 for srcT=Struct(Data_Data_Semigroup_Semigroup, Data_Semigroup.Semigroup, Constructor_Data_Semigroup_Semigroup[*Constructor_Data_NonEmpty_NonEmpty[gopurs_runtime.Value, gopurs_runtime.Value]], 1), destT=Struct(Data_Data_Semigroup_Semigroup, Data_Semigroup.Semigroup, Constructor_Data_Semigroup_Semigroup[gopurs_runtime.Value], 1) with fields=0
Generating Rebox_Data_NonEmpty_4179793454_1577339395 for srcT=Struct(Data_Data_Semigroup_Semigroup, Data_Semigroup.Semigroup, Constructor_Data_Semigroup_Semigroup[gopurs_runtime.Value], 1), destT=Struct(Data_Data_Semigroup_Semigroup, Data_Semigroup.Semigroup, Constructor_Data_Semigroup_Semigroup[*Constructor_Data_NonEmpty_NonEmpty[gopurs_runtime.Value, gopurs_runtime.Value]], 1) with fields=0
Generating Rebox_Data_NonEmpty_1507176707_1386611502 for srcT=Struct(Data_Data_Show_Show, Data_Show.Show, Constructor_Data_Show_Show[*Constructor_Data_NonEmpty_NonEmpty[gopurs_runtime.Value, gopurs_runtime.Value]], 1), destT=Struct(Data_Data_Show_Show, Data_Show.Show, Constructor_Data_Show_Show[gopurs_runtime.Value], 1) with fields=0
Generating Rebox_Data_NonEmpty_1386611502_1507176707 for srcT=Struct(Data_Data_Show_Show, Data_Show.Show, Constructor_Data_Show_Show[gopurs_runtime.Value], 1), destT=Struct(Data_Data_Show_Show, Data_Show.Show, Constructor_Data_Show_Show[*Constructor_Data_NonEmpty_NonEmpty[gopurs_runtime.Value, gopurs_runtime.Value]], 1) with fields=0
Generating Rebox_Data_NonEmpty_705974564_1812164904 for srcT=Struct(Data_Data_TraversableWithIndex_TraversableWithIndex, Data_TraversableWithIndex.TraversableWithIndex, Constructor_Data_TraversableWithIndex_TraversableWithIndex[*Constructor_Data_Maybe_Just[gopurs_runtime.Value], *Constructor_Data_NonEmpty_NonEmpty[gopurs_runtime.Value, gopurs_runtime.Value]], 2), destT=Struct(Data_Data_TraversableWithIndex_TraversableWithIndex, Data_TraversableWithIndex.TraversableWithIndex, Constructor_Data_TraversableWithIndex_TraversableWithIndex[gopurs_runtime.Value, gopurs_runtime.Value], 2) with fields=0
Generating Rebox_Data_NonEmpty_1812164904_705974564 for srcT=Struct(Data_Data_TraversableWithIndex_TraversableWithIndex, Data_TraversableWithIndex.TraversableWithIndex, Constructor_Data_TraversableWithIndex_TraversableWithIndex[gopurs_runtime.Value, gopurs_runtime.Value], 2), destT=Struct(Data_Data_TraversableWithIndex_TraversableWithIndex, Data_TraversableWithIndex.TraversableWithIndex, Constructor_Data_TraversableWithIndex_TraversableWithIndex[*Constructor_Data_Maybe_Just[gopurs_runtime.Value], *Constructor_Data_NonEmpty_NonEmpty[gopurs_runtime.Value, gopurs_runtime.Value]], 2) with fields=0
Generating Rebox_Data_NonEmpty_4249989635_3043886126 for srcT=Struct(Data_Data_Traversable_Traversable, Data_Traversable.Traversable, Constructor_Data_Traversable_Traversable[*Constructor_Data_NonEmpty_NonEmpty[gopurs_runtime.Value, gopurs_runtime.Value]], 1), destT=Struct(Data_Data_Traversable_Traversable, Data_Traversable.Traversable, Constructor_Data_Traversable_Traversable[gopurs_runtime.Value], 1) with fields=0
Generating Rebox_Data_NonEmpty_3043886126_4249989635 for srcT=Struct(Data_Data_Traversable_Traversable, Data_Traversable.Traversable, Constructor_Data_Traversable_Traversable[gopurs_runtime.Value], 1), destT=Struct(Data_Data_Traversable_Traversable, Data_Traversable.Traversable, Constructor_Data_Traversable_Traversable[*Constructor_Data_NonEmpty_NonEmpty[gopurs_runtime.Value, gopurs_runtime.Value]], 1) with fields=0
Generating Rebox_Data_NonEmpty_138441832_3804580809 for srcT=Struct(Data_Data_Tuple_Tuple, Data_Tuple.Tuple, Constructor_Data_Tuple_Tuple[gopurs_runtime.Value, gopurs_runtime.Value], 2), destT=Struct(Data_Data_Tuple_Tuple, Data_Tuple.Tuple, Constructor_Data_Tuple_Tuple[gopurs_runtime.Value, *Constructor_Data_Maybe_Just[gopurs_runtime.Value]], 2) with fields=2
Generating Rebox_Data_NonEmpty_2751875267_2187088110 for srcT=Struct(Data_Data_Unfoldable1_Unfoldable1, Data_Unfoldable1.Unfoldable1, Constructor_Data_Unfoldable1_Unfoldable1[*Constructor_Data_NonEmpty_NonEmpty[gopurs_runtime.Value, gopurs_runtime.Value]], 1), destT=Struct(Data_Data_Unfoldable1_Unfoldable1, Data_Unfoldable1.Unfoldable1, Constructor_Data_Unfoldable1_Unfoldable1[gopurs_runtime.Value], 1) with fields=0
Generating Rebox_Data_NonEmpty_2187088110_2751875267 for srcT=Struct(Data_Data_Unfoldable1_Unfoldable1, Data_Unfoldable1.Unfoldable1, Constructor_Data_Unfoldable1_Unfoldable1[gopurs_runtime.Value], 1), destT=Struct(Data_Data_Unfoldable1_Unfoldable1, Data_Unfoldable1.Unfoldable1, Constructor_Data_Unfoldable1_Unfoldable1[*Constructor_Data_NonEmpty_NonEmpty[gopurs_runtime.Value, gopurs_runtime.Value]], 1) with fields=0
Generating Rebox_Control_Monad_List_Trans_2549197956_3094389156 for srcT=Struct(Data_Data_Maybe_Just, Data_Maybe.Just, Constructor_Data_Maybe_Just[*Constructor_Data_Tuple_Tuple[*Constructor_Data_Tuple_Tuple[gopurs_runtime.Value, gopurs_runtime.Value], gopurs_runtime.Value]], 1), destT=Struct(Data_Data_Maybe_Just, Data_Maybe.Just, Constructor_Data_Maybe_Just[gopurs_runtime.Value], 1) with fields=1
Generating Rebox_Control_Monad_List_Trans_4010058633_3094389156 for srcT=Struct(Data_Data_Maybe_Just, Data_Maybe.Just, Constructor_Data_Maybe_Just[*Constructor_Data_Tuple_Tuple[gopurs_runtime.Value, gopurs_runtime.Value]], 1), destT=Struct(Data_Data_Maybe_Just, Data_Maybe.Just, Constructor_Data_Maybe_Just[gopurs_runtime.Value], 1) with fields=1
Generating Rebox_Control_Monad_List_Trans_3094389156_2549197956 for srcT=Struct(Data_Data_Maybe_Just, Data_Maybe.Just, Constructor_Data_Maybe_Just[gopurs_runtime.Value], 1), destT=Struct(Data_Data_Maybe_Just, Data_Maybe.Just, Constructor_Data_Maybe_Just[*Constructor_Data_Tuple_Tuple[*Constructor_Data_Tuple_Tuple[gopurs_runtime.Value, gopurs_runtime.Value], gopurs_runtime.Value]], 1) with fields=1
Generating Rebox_Control_Monad_List_Trans_3094389156_4010058633 for srcT=Struct(Data_Data_Maybe_Just, Data_Maybe.Just, Constructor_Data_Maybe_Just[gopurs_runtime.Value], 1), destT=Struct(Data_Data_Maybe_Just, Data_Maybe.Just, Constructor_Data_Maybe_Just[*Constructor_Data_Tuple_Tuple[gopurs_runtime.Value, gopurs_runtime.Value]], 1) with fields=1
Generating Rebox_Control_Monad_List_Trans_3804580809_138441832 for srcT=Struct(Data_Data_Tuple_Tuple, Data_Tuple.Tuple, Constructor_Data_Tuple_Tuple[gopurs_runtime.Value, *Constructor_Data_Maybe_Just[gopurs_runtime.Value]], 2), destT=Struct(Data_Data_Tuple_Tuple, Data_Tuple.Tuple, Constructor_Data_Tuple_Tuple[gopurs_runtime.Value, gopurs_runtime.Value], 2) with fields=2
Generating Rebox_Control_Monad_List_Trans_138441832_3804580809 for srcT=Struct(Data_Data_Tuple_Tuple, Data_Tuple.Tuple, Constructor_Data_Tuple_Tuple[gopurs_runtime.Value, gopurs_runtime.Value], 2), destT=Struct(Data_Data_Tuple_Tuple, Data_Tuple.Tuple, Constructor_Data_Tuple_Tuple[gopurs_runtime.Value, *Constructor_Data_Maybe_Just[gopurs_runtime.Value]], 2) with fields=2
Generating Rebox_Control_Monad_List_Trans_1785332133_138441832 for srcT=Struct(Data_Data_Tuple_Tuple, Data_Tuple.Tuple, Constructor_Data_Tuple_Tuple[*Constructor_Data_Tuple_Tuple[gopurs_runtime.Value, gopurs_runtime.Value], gopurs_runtime.Value], 2), destT=Struct(Data_Data_Tuple_Tuple, Data_Tuple.Tuple, Constructor_Data_Tuple_Tuple[gopurs_runtime.Value, gopurs_runtime.Value], 2) with fields=2
Generating Rebox_Control_Monad_List_Trans_138441832_1785332133 for srcT=Struct(Data_Data_Tuple_Tuple, Data_Tuple.Tuple, Constructor_Data_Tuple_Tuple[gopurs_runtime.Value, gopurs_runtime.Value], 2), destT=Struct(Data_Data_Tuple_Tuple, Data_Tuple.Tuple, Constructor_Data_Tuple_Tuple[*Constructor_Data_Tuple_Tuple[gopurs_runtime.Value, gopurs_runtime.Value], gopurs_runtime.Value], 2) with fields=2
Generating Rebox_Control_Monad_Maybe_Trans_1091348813_3603546092 for srcT=Struct(Data_Control_Monad_Rec_Class_Done, Control_Monad_Rec_Class.Done, Constructor_Control_Monad_Rec_Class_Done[gopurs_runtime.Value, *Constructor_Data_Maybe_Just[gopurs_runtime.Value]], 2), destT=Struct(Data_Control_Monad_Rec_Class_Done, Control_Monad_Rec_Class.Done, Constructor_Control_Monad_Rec_Class_Done[gopurs_runtime.Value, gopurs_runtime.Value], 2) with fields=1
Generating Rebox_Control_Monad_Maybe_Trans_356463537_4008603408 for srcT=Struct(Data_Control_Monad_Rec_Class_Loop, Control_Monad_Rec_Class.Loop, Constructor_Control_Monad_Rec_Class_Loop[gopurs_runtime.Value, *Constructor_Data_Maybe_Just[gopurs_runtime.Value]], 2), destT=Struct(Data_Control_Monad_Rec_Class_Loop, Control_Monad_Rec_Class.Loop, Constructor_Control_Monad_Rec_Class_Loop[gopurs_runtime.Value, gopurs_runtime.Value], 2) with fields=1
Generating Rebox_Control_Monad_Maybe_Trans_1940938377_138441832 for srcT=Struct(Data_Data_Tuple_Tuple, Data_Tuple.Tuple, Constructor_Data_Tuple_Tuple[*Constructor_Data_Maybe_Just[gopurs_runtime.Value], gopurs_runtime.Value], 2), destT=Struct(Data_Data_Tuple_Tuple, Data_Tuple.Tuple, Constructor_Data_Tuple_Tuple[gopurs_runtime.Value, gopurs_runtime.Value], 2) with fields=2
Generating Rebox_Control_Monad_Maybe_Trans_138441832_1940938377 for srcT=Struct(Data_Data_Tuple_Tuple, Data_Tuple.Tuple, Constructor_Data_Tuple_Tuple[gopurs_runtime.Value, gopurs_runtime.Value], 2), destT=Struct(Data_Data_Tuple_Tuple, Data_Tuple.Tuple, Constructor_Data_Tuple_Tuple[*Constructor_Data_Maybe_Just[gopurs_runtime.Value], gopurs_runtime.Value], 2) with fields=2
Generating Rebox_Control_Monad_RWS_Trans_4258103980_3603546092 for srcT=Struct(Data_Control_Monad_Rec_Class_Done, Control_Monad_Rec_Class.Done, Constructor_Control_Monad_Rec_Class_Done[*Constructor_Control_Monad_RWS_Trans_RWSResult[gopurs_runtime.Value, gopurs_runtime.Value, gopurs_runtime.Value], *Constructor_Control_Monad_RWS_Trans_RWSResult[gopurs_runtime.Value, gopurs_runtime.Value, gopurs_runtime.Value]], 2), destT=Struct(Data_Control_Monad_Rec_Class_Done, Control_Monad_Rec_Class.Done, Constructor_Control_Monad_Rec_Class_Done[gopurs_runtime.Value, gopurs_runtime.Value], 2) with fields=1
Generating Rebox_Control_Monad_RWS_Trans_2567023824_4008603408 for srcT=Struct(Data_Control_Monad_Rec_Class_Loop, Control_Monad_Rec_Class.Loop, Constructor_Control_Monad_Rec_Class_Loop[*Constructor_Control_Monad_RWS_Trans_RWSResult[gopurs_runtime.Value, gopurs_runtime.Value, gopurs_runtime.Value], *Constructor_Control_Monad_RWS_Trans_RWSResult[gopurs_runtime.Value, gopurs_runtime.Value, gopurs_runtime.Value]], 2), destT=Struct(Data_Control_Monad_Rec_Class_Loop, Control_Monad_Rec_Class.Loop, Constructor_Control_Monad_Rec_Class_Loop[gopurs_runtime.Value, gopurs_runtime.Value], 2) with fields=1
Generating Rebox_Data_Distributive_1559819651_3927024206 for srcT=Struct(Data_Data_Distributive_Distributive, Data_Distributive.Distributive, Constructor_Data_Distributive_Distributive[*Constructor_Data_Tuple_Tuple[gopurs_runtime.Value, gopurs_runtime.Value]], 1), destT=Struct(Data_Data_Distributive_Distributive, Data_Distributive.Distributive, Constructor_Data_Distributive_Distributive[gopurs_runtime.Value], 1) with fields=0
Generating Rebox_Data_Distributive_3927024206_1559819651 for srcT=Struct(Data_Data_Distributive_Distributive, Data_Distributive.Distributive, Constructor_Data_Distributive_Distributive[gopurs_runtime.Value], 1), destT=Struct(Data_Data_Distributive_Distributive, Data_Distributive.Distributive, Constructor_Data_Distributive_Distributive[*Constructor_Data_Tuple_Tuple[gopurs_runtime.Value, gopurs_runtime.Value]], 1) with fields=0
Generating Rebox_Data_Distributive_2363162019_2812149806 for srcT=Struct(Data_Data_Functor_Functor, Data_Functor.Functor, Constructor_Data_Functor_Functor[*Constructor_Data_Tuple_Tuple[gopurs_runtime.Value, gopurs_runtime.Value]], 1), destT=Struct(Data_Data_Functor_Functor, Data_Functor.Functor, Constructor_Data_Functor_Functor[gopurs_runtime.Value], 1) with fields=0
Generating Rebox_Data_Distributive_2812149806_2363162019 for srcT=Struct(Data_Data_Functor_Functor, Data_Functor.Functor, Constructor_Data_Functor_Functor[gopurs_runtime.Value], 1), destT=Struct(Data_Data_Functor_Functor, Data_Functor.Functor, Constructor_Data_Functor_Functor[*Constructor_Data_Tuple_Tuple[gopurs_runtime.Value, gopurs_runtime.Value]], 1) with fields=0
Generating Rebox_Control_Monad_State_Trans_2886445004_3603546092 for srcT=Struct(Data_Control_Monad_Rec_Class_Done, Control_Monad_Rec_Class.Done, Constructor_Control_Monad_Rec_Class_Done[*Constructor_Data_Tuple_Tuple[gopurs_runtime.Value, gopurs_runtime.Value], *Constructor_Data_Tuple_Tuple[gopurs_runtime.Value, gopurs_runtime.Value]], 2), destT=Struct(Data_Control_Monad_Rec_Class_Done, Control_Monad_Rec_Class.Done, Constructor_Control_Monad_Rec_Class_Done[gopurs_runtime.Value, gopurs_runtime.Value], 2) with fields=1
Generating Rebox_Control_Monad_State_Trans_3131450224_4008603408 for srcT=Struct(Data_Control_Monad_Rec_Class_Loop, Control_Monad_Rec_Class.Loop, Constructor_Control_Monad_Rec_Class_Loop[*Constructor_Data_Tuple_Tuple[gopurs_runtime.Value, gopurs_runtime.Value], *Constructor_Data_Tuple_Tuple[gopurs_runtime.Value, gopurs_runtime.Value]], 2), destT=Struct(Data_Control_Monad_Rec_Class_Loop, Control_Monad_Rec_Class.Loop, Constructor_Control_Monad_Rec_Class_Loop[gopurs_runtime.Value, gopurs_runtime.Value], 2) with fields=1
Generating Rebox_Control_Monad_Writer_Trans_2886445004_3603546092 for srcT=Struct(Data_Control_Monad_Rec_Class_Done, Control_Monad_Rec_Class.Done, Constructor_Control_Monad_Rec_Class_Done[*Constructor_Data_Tuple_Tuple[gopurs_runtime.Value, gopurs_runtime.Value], *Constructor_Data_Tuple_Tuple[gopurs_runtime.Value, gopurs_runtime.Value]], 2), destT=Struct(Data_Control_Monad_Rec_Class_Done, Control_Monad_Rec_Class.Done, Constructor_Control_Monad_Rec_Class_Done[gopurs_runtime.Value, gopurs_runtime.Value], 2) with fields=1
Generating Rebox_Control_Monad_Writer_Trans_3131450224_4008603408 for srcT=Struct(Data_Control_Monad_Rec_Class_Loop, Control_Monad_Rec_Class.Loop, Constructor_Control_Monad_Rec_Class_Loop[*Constructor_Data_Tuple_Tuple[gopurs_runtime.Value, gopurs_runtime.Value], *Constructor_Data_Tuple_Tuple[gopurs_runtime.Value, gopurs_runtime.Value]], 2), destT=Struct(Data_Control_Monad_Rec_Class_Loop, Control_Monad_Rec_Class.Loop, Constructor_Control_Monad_Rec_Class_Loop[gopurs_runtime.Value, gopurs_runtime.Value], 2) with fields=1
Generating Rebox_Data_Profunctor_Strong_2363162019_2812149806 for srcT=Struct(Data_Data_Functor_Functor, Data_Functor.Functor, Constructor_Data_Functor_Functor[*Constructor_Data_Tuple_Tuple[gopurs_runtime.Value, gopurs_runtime.Value]], 1), destT=Struct(Data_Data_Functor_Functor, Data_Functor.Functor, Constructor_Data_Functor_Functor[gopurs_runtime.Value], 1) with fields=0
Generating Rebox_Data_Profunctor_Strong_2812149806_2363162019 for srcT=Struct(Data_Data_Functor_Functor, Data_Functor.Functor, Constructor_Data_Functor_Functor[gopurs_runtime.Value], 1), destT=Struct(Data_Data_Functor_Functor, Data_Functor.Functor, Constructor_Data_Functor_Functor[*Constructor_Data_Tuple_Tuple[gopurs_runtime.Value, gopurs_runtime.Value]], 1) with fields=0
Generating Rebox_Control_Parallel_Class_3552963512_3741347833 for srcT=Struct(Data_Control_Apply_Apply, Control_Apply.Apply, Constructor_Control_Apply_Apply[*Constructor_Data_Maybe_Just[gopurs_runtime.Value]], 1), destT=Struct(Data_Control_Apply_Apply, Control_Apply.Apply, Constructor_Control_Apply_Apply[gopurs_runtime.Value], 1) with fields=0
Generating Rebox_Control_Parallel_Class_3741347833_3552963512 for srcT=Struct(Data_Control_Apply_Apply, Control_Apply.Apply, Constructor_Control_Apply_Apply[gopurs_runtime.Value], 1), destT=Struct(Data_Control_Apply_Apply, Control_Apply.Apply, Constructor_Control_Apply_Apply[*Constructor_Data_Maybe_Just[gopurs_runtime.Value]], 1) with fields=0
Generating Rebox_Data_Array_NonEmpty_1413047506_3094389156 for srcT=Struct(Data_Data_Maybe_Just, Data_Maybe.Just, Constructor_Data_Maybe_Just[*Constructor_Data_Tuple_Tuple[gopurs_runtime.Value, int64]], 1), destT=Struct(Data_Data_Maybe_Just, Data_Maybe.Just, Constructor_Data_Maybe_Just[gopurs_runtime.Value], 1) with fields=1
Generating Rebox_Data_Array_NonEmpty_1993935204_3094389156 for srcT=Struct(Data_Data_Maybe_Just, Data_Maybe.Just, Constructor_Data_Maybe_Just[[][]gopurs_runtime.Value], 1), destT=Struct(Data_Data_Maybe_Just, Data_Maybe.Just, Constructor_Data_Maybe_Just[gopurs_runtime.Value], 1) with fields=1
Generating Rebox_Data_Array_NonEmpty_2807397954_1993935204 for srcT=Struct(Data_Data_Maybe_Just, Data_Maybe.Just, Constructor_Data_Maybe_Just[[]gopurs_runtime.Value], 1), destT=Struct(Data_Data_Maybe_Just, Data_Maybe.Just, Constructor_Data_Maybe_Just[[][]gopurs_runtime.Value], 1) with fields=1
Generating Rebox_Data_Array_NonEmpty_2807397954_3094389156 for srcT=Struct(Data_Data_Maybe_Just, Data_Maybe.Just, Constructor_Data_Maybe_Just[[]gopurs_runtime.Value], 1), destT=Struct(Data_Data_Maybe_Just, Data_Maybe.Just, Constructor_Data_Maybe_Just[gopurs_runtime.Value], 1) with fields=1
Generating Rebox_Data_Array_NonEmpty_3094389156_1413047506 for srcT=Struct(Data_Data_Maybe_Just, Data_Maybe.Just, Constructor_Data_Maybe_Just[gopurs_runtime.Value], 1), destT=Struct(Data_Data_Maybe_Just, Data_Maybe.Just, Constructor_Data_Maybe_Just[*Constructor_Data_Tuple_Tuple[gopurs_runtime.Value, int64]], 1) with fields=1
Generating Rebox_Data_Array_NonEmpty_3094389156_2807397954 for srcT=Struct(Data_Data_Maybe_Just, Data_Maybe.Just, Constructor_Data_Maybe_Just[gopurs_runtime.Value], 1), destT=Struct(Data_Data_Maybe_Just, Data_Maybe.Just, Constructor_Data_Maybe_Just[[]gopurs_runtime.Value], 1) with fields=1
Generating Rebox_Data_Array_NonEmpty_3094389156_1170268447 for srcT=Struct(Data_Data_Maybe_Just, Data_Maybe.Just, Constructor_Data_Maybe_Just[gopurs_runtime.Value], 1), destT=Struct(Data_Data_Maybe_Just, Data_Maybe.Just, Constructor_Data_Maybe_Just[int64], 1) with fields=1
Generating Rebox_Data_Array_NonEmpty_1170268447_3094389156 for srcT=Struct(Data_Data_Maybe_Just, Data_Maybe.Just, Constructor_Data_Maybe_Just[int64], 1), destT=Struct(Data_Data_Maybe_Just, Data_Maybe.Just, Constructor_Data_Maybe_Just[gopurs_runtime.Value], 1) with fields=1
Generating Rebox_Data_Array_NonEmpty_3016437835_4151366573 for srcT=Struct(Data_Data_Semigroup_Foldable_Foldable1, Data_Semigroup_Foldable.Foldable1, Constructor_Data_Semigroup_Foldable_Foldable1[[]gopurs_runtime.Value], 1), destT=Struct(Data_Data_Semigroup_Foldable_Foldable1, Data_Semigroup_Foldable.Foldable1, Constructor_Data_Semigroup_Foldable_Foldable1[gopurs_runtime.Value], 1) with fields=0
Generating Rebox_Data_Array_NonEmpty_4151366573_3016437835 for srcT=Struct(Data_Data_Semigroup_Foldable_Foldable1, Data_Semigroup_Foldable.Foldable1, Constructor_Data_Semigroup_Foldable_Foldable1[gopurs_runtime.Value], 1), destT=Struct(Data_Data_Semigroup_Foldable_Foldable1, Data_Semigroup_Foldable.Foldable1, Constructor_Data_Semigroup_Foldable_Foldable1[[]gopurs_runtime.Value], 1) with fields=0
Generating Rebox_Data_Array_NonEmpty_1807945000_138441832 for srcT=Struct(Data_Data_Tuple_Tuple, Data_Tuple.Tuple, Constructor_Data_Tuple_Tuple[[]gopurs_runtime.Value, []gopurs_runtime.Value], 2), destT=Struct(Data_Data_Tuple_Tuple, Data_Tuple.Tuple, Constructor_Data_Tuple_Tuple[gopurs_runtime.Value, gopurs_runtime.Value], 2) with fields=2
Generating Rebox_Data_Array_NonEmpty_138441832_1807945000 for srcT=Struct(Data_Data_Tuple_Tuple, Data_Tuple.Tuple, Constructor_Data_Tuple_Tuple[gopurs_runtime.Value, gopurs_runtime.Value], 2), destT=Struct(Data_Data_Tuple_Tuple, Data_Tuple.Tuple, Constructor_Data_Tuple_Tuple[[]gopurs_runtime.Value, []gopurs_runtime.Value], 2) with fields=2
Generating Rebox_Data_Array_NonEmpty_138441832_3415943795 for srcT=Struct(Data_Data_Tuple_Tuple, Data_Tuple.Tuple, Constructor_Data_Tuple_Tuple[gopurs_runtime.Value, gopurs_runtime.Value], 2), destT=Struct(Data_Data_Tuple_Tuple, Data_Tuple.Tuple, Constructor_Data_Tuple_Tuple[gopurs_runtime.Value, int64], 2) with fields=2
Generating Rebox_Data_Array_NonEmpty_3415943795_138441832 for srcT=Struct(Data_Data_Tuple_Tuple, Data_Tuple.Tuple, Constructor_Data_Tuple_Tuple[gopurs_runtime.Value, int64], 2), destT=Struct(Data_Data_Tuple_Tuple, Data_Tuple.Tuple, Constructor_Data_Tuple_Tuple[gopurs_runtime.Value, gopurs_runtime.Value], 2) with fields=2
Generating Rebox_Data_Functor_Product2_1380128092_3565318777 for srcT=Struct(Data_Control_Biapplicative_Biapplicative, Control_Biapplicative.Biapplicative, Constructor_Control_Biapplicative_Biapplicative[*Constructor_Data_Functor_Product2_Product2[gopurs_runtime.Value, gopurs_runtime.Value, gopurs_runtime.Value, gopurs_runtime.Value]], 1), destT=Struct(Data_Control_Biapplicative_Biapplicative, Control_Biapplicative.Biapplicative, Constructor_Control_Biapplicative_Biapplicative[gopurs_runtime.Value], 1) with fields=0
Generating Rebox_Data_Functor_Product2_3565318777_1380128092 for srcT=Struct(Data_Control_Biapplicative_Biapplicative, Control_Biapplicative.Biapplicative, Constructor_Control_Biapplicative_Biapplicative[gopurs_runtime.Value], 1), destT=Struct(Data_Control_Biapplicative_Biapplicative, Control_Biapplicative.Biapplicative, Constructor_Control_Biapplicative_Biapplicative[*Constructor_Data_Functor_Product2_Product2[gopurs_runtime.Value, gopurs_runtime.Value, gopurs_runtime.Value, gopurs_runtime.Value]], 1) with fields=0
Generating Rebox_Data_Functor_Product2_382698396_2448899513 for srcT=Struct(Data_Control_Biapply_Biapply, Control_Biapply.Biapply, Constructor_Control_Biapply_Biapply[*Constructor_Data_Functor_Product2_Product2[gopurs_runtime.Value, gopurs_runtime.Value, gopurs_runtime.Value, gopurs_runtime.Value]], 1), destT=Struct(Data_Control_Biapply_Biapply, Control_Biapply.Biapply, Constructor_Control_Biapply_Biapply[gopurs_runtime.Value], 1) with fields=0
Generating Rebox_Data_Functor_Product2_2448899513_382698396 for srcT=Struct(Data_Control_Biapply_Biapply, Control_Biapply.Biapply, Constructor_Control_Biapply_Biapply[gopurs_runtime.Value], 1), destT=Struct(Data_Control_Biapply_Biapply, Control_Biapply.Biapply, Constructor_Control_Biapply_Biapply[*Constructor_Data_Functor_Product2_Product2[gopurs_runtime.Value, gopurs_runtime.Value, gopurs_runtime.Value, gopurs_runtime.Value]], 1) with fields=0
Generating Rebox_Data_Functor_Product2_2864580459_1688994542 for srcT=Struct(Data_Data_Bifunctor_Bifunctor, Data_Bifunctor.Bifunctor, Constructor_Data_Bifunctor_Bifunctor[*Constructor_Data_Functor_Product2_Product2[gopurs_runtime.Value, gopurs_runtime.Value, gopurs_runtime.Value, gopurs_runtime.Value]], 1), destT=Struct(Data_Data_Bifunctor_Bifunctor, Data_Bifunctor.Bifunctor, Constructor_Data_Bifunctor_Bifunctor[gopurs_runtime.Value], 1) with fields=0
Generating Rebox_Data_Functor_Product2_1688994542_2864580459 for srcT=Struct(Data_Data_Bifunctor_Bifunctor, Data_Bifunctor.Bifunctor, Constructor_Data_Bifunctor_Bifunctor[gopurs_runtime.Value], 1), destT=Struct(Data_Data_Bifunctor_Bifunctor, Data_Bifunctor.Bifunctor, Constructor_Data_Bifunctor_Bifunctor[*Constructor_Data_Functor_Product2_Product2[gopurs_runtime.Value, gopurs_runtime.Value, gopurs_runtime.Value, gopurs_runtime.Value]], 1) with fields=0
Generating Rebox_Data_Functor_Product2_4204058379_3790796878 for srcT=Struct(Data_Data_Eq_Eq, Data_Eq.Eq, Constructor_Data_Eq_Eq[*Constructor_Data_Functor_Product2_Product2[gopurs_runtime.Value, gopurs_runtime.Value, gopurs_runtime.Value, gopurs_runtime.Value]], 1), destT=Struct(Data_Data_Eq_Eq, Data_Eq.Eq, Constructor_Data_Eq_Eq[gopurs_runtime.Value], 1) with fields=0
Generating Rebox_Data_Functor_Product2_3790796878_4204058379 for srcT=Struct(Data_Data_Eq_Eq, Data_Eq.Eq, Constructor_Data_Eq_Eq[gopurs_runtime.Value], 1), destT=Struct(Data_Data_Eq_Eq, Data_Eq.Eq, Constructor_Data_Eq_Eq[*Constructor_Data_Functor_Product2_Product2[gopurs_runtime.Value, gopurs_runtime.Value, gopurs_runtime.Value, gopurs_runtime.Value]], 1) with fields=0
Generating Rebox_Data_Functor_Product2_3354170411_2812149806 for srcT=Struct(Data_Data_Functor_Functor, Data_Functor.Functor, Constructor_Data_Functor_Functor[*Constructor_Data_Functor_Product2_Product2[gopurs_runtime.Value, gopurs_runtime.Value, gopurs_runtime.Value, gopurs_runtime.Value]], 1), destT=Struct(Data_Data_Functor_Functor, Data_Functor.Functor, Constructor_Data_Functor_Functor[gopurs_runtime.Value], 1) with fields=0
Generating Rebox_Data_Functor_Product2_2812149806_3354170411 for srcT=Struct(Data_Data_Functor_Functor, Data_Functor.Functor, Constructor_Data_Functor_Functor[gopurs_runtime.Value], 1), destT=Struct(Data_Data_Functor_Functor, Data_Functor.Functor, Constructor_Data_Functor_Functor[*Constructor_Data_Functor_Product2_Product2[gopurs_runtime.Value, gopurs_runtime.Value, gopurs_runtime.Value, gopurs_runtime.Value]], 1) with fields=0
Generating Rebox_Data_Functor_Product2_686435819_4177771502 for srcT=Struct(Data_Data_Ord_Ord, Data_Ord.Ord, Constructor_Data_Ord_Ord[*Constructor_Data_Functor_Product2_Product2[gopurs_runtime.Value, gopurs_runtime.Value, gopurs_runtime.Value, gopurs_runtime.Value]], 1), destT=Struct(Data_Data_Ord_Ord, Data_Ord.Ord, Constructor_Data_Ord_Ord[gopurs_runtime.Value], 1) with fields=0
Generating Rebox_Data_Functor_Product2_4177771502_686435819 for srcT=Struct(Data_Data_Ord_Ord, Data_Ord.Ord, Constructor_Data_Ord_Ord[gopurs_runtime.Value], 1), destT=Struct(Data_Data_Ord_Ord, Data_Ord.Ord, Constructor_Data_Ord_Ord[*Constructor_Data_Functor_Product2_Product2[gopurs_runtime.Value, gopurs_runtime.Value, gopurs_runtime.Value, gopurs_runtime.Value]], 1) with fields=0
Generating Rebox_Data_Functor_Product2_3352668427_4074365774 for srcT=Struct(Data_Data_Profunctor_Profunctor, Data_Profunctor.Profunctor, Constructor_Data_Profunctor_Profunctor[*Constructor_Data_Functor_Product2_Product2[gopurs_runtime.Value, gopurs_runtime.Value, gopurs_runtime.Value, gopurs_runtime.Value]], 1), destT=Struct(Data_Data_Profunctor_Profunctor, Data_Profunctor.Profunctor, Constructor_Data_Profunctor_Profunctor[gopurs_runtime.Value], 1) with fields=0
Generating Rebox_Data_Functor_Product2_4074365774_3352668427 for srcT=Struct(Data_Data_Profunctor_Profunctor, Data_Profunctor.Profunctor, Constructor_Data_Profunctor_Profunctor[gopurs_runtime.Value], 1), destT=Struct(Data_Data_Profunctor_Profunctor, Data_Profunctor.Profunctor, Constructor_Data_Profunctor_Profunctor[*Constructor_Data_Functor_Product2_Product2[gopurs_runtime.Value, gopurs_runtime.Value, gopurs_runtime.Value, gopurs_runtime.Value]], 1) with fields=0
Generating Rebox_Data_Functor_Product2_106768939_1386611502 for srcT=Struct(Data_Data_Show_Show, Data_Show.Show, Constructor_Data_Show_Show[*Constructor_Data_Functor_Product2_Product2[gopurs_runtime.Value, gopurs_runtime.Value, gopurs_runtime.Value, gopurs_runtime.Value]], 1), destT=Struct(Data_Data_Show_Show, Data_Show.Show, Constructor_Data_Show_Show[gopurs_runtime.Value], 1) with fields=0
Generating Rebox_Data_Functor_Product2_1386611502_106768939 for srcT=Struct(Data_Data_Show_Show, Data_Show.Show, Constructor_Data_Show_Show[gopurs_runtime.Value], 1), destT=Struct(Data_Data_Show_Show, Data_Show.Show, Constructor_Data_Show_Show[*Constructor_Data_Functor_Product2_Product2[gopurs_runtime.Value, gopurs_runtime.Value, gopurs_runtime.Value, gopurs_runtime.Value]], 1) with fields=0
Generating Rebox_Data_Bifoldable_4280144779_3566843086 for srcT=Struct(Data_Data_Bifoldable_Bifoldable, Data_Bifoldable.Bifoldable, Constructor_Data_Bifoldable_Bifoldable[*Constructor_Data_Functor_Product2_Product2[gopurs_runtime.Value, gopurs_runtime.Value, gopurs_runtime.Value, gopurs_runtime.Value]], 1), destT=Struct(Data_Data_Bifoldable_Bifoldable, Data_Bifoldable.Bifoldable, Constructor_Data_Bifoldable_Bifoldable[gopurs_runtime.Value], 1) with fields=0
Generating Rebox_Data_Bifoldable_2812820739_3566843086 for srcT=Struct(Data_Data_Bifoldable_Bifoldable, Data_Bifoldable.Bifoldable, Constructor_Data_Bifoldable_Bifoldable[*Constructor_Data_Tuple_Tuple[gopurs_runtime.Value, gopurs_runtime.Value]], 1), destT=Struct(Data_Data_Bifoldable_Bifoldable, Data_Bifoldable.Bifoldable, Constructor_Data_Bifoldable_Bifoldable[gopurs_runtime.Value], 1) with fields=0
Generating Rebox_Data_Bifoldable_3566843086_4280144779 for srcT=Struct(Data_Data_Bifoldable_Bifoldable, Data_Bifoldable.Bifoldable, Constructor_Data_Bifoldable_Bifoldable[gopurs_runtime.Value], 1), destT=Struct(Data_Data_Bifoldable_Bifoldable, Data_Bifoldable.Bifoldable, Constructor_Data_Bifoldable_Bifoldable[*Constructor_Data_Functor_Product2_Product2[gopurs_runtime.Value, gopurs_runtime.Value, gopurs_runtime.Value, gopurs_runtime.Value]], 1) with fields=0
Generating Rebox_Data_Bifoldable_3566843086_2812820739 for srcT=Struct(Data_Data_Bifoldable_Bifoldable, Data_Bifoldable.Bifoldable, Constructor_Data_Bifoldable_Bifoldable[gopurs_runtime.Value], 1), destT=Struct(Data_Data_Bifoldable_Bifoldable, Data_Bifoldable.Bifoldable, Constructor_Data_Bifoldable_Bifoldable[*Constructor_Data_Tuple_Tuple[gopurs_runtime.Value, gopurs_runtime.Value]], 1) with fields=0
Generating Rebox_Data_Bitraversable_4280144779_3566843086 for srcT=Struct(Data_Data_Bifoldable_Bifoldable, Data_Bifoldable.Bifoldable, Constructor_Data_Bifoldable_Bifoldable[*Constructor_Data_Functor_Product2_Product2[gopurs_runtime.Value, gopurs_runtime.Value, gopurs_runtime.Value, gopurs_runtime.Value]], 1), destT=Struct(Data_Data_Bifoldable_Bifoldable, Data_Bifoldable.Bifoldable, Constructor_Data_Bifoldable_Bifoldable[gopurs_runtime.Value], 1) with fields=0
Generating Rebox_Data_Bitraversable_2812820739_3566843086 for srcT=Struct(Data_Data_Bifoldable_Bifoldable, Data_Bifoldable.Bifoldable, Constructor_Data_Bifoldable_Bifoldable[*Constructor_Data_Tuple_Tuple[gopurs_runtime.Value, gopurs_runtime.Value]], 1), destT=Struct(Data_Data_Bifoldable_Bifoldable, Data_Bifoldable.Bifoldable, Constructor_Data_Bifoldable_Bifoldable[gopurs_runtime.Value], 1) with fields=0
Generating Rebox_Data_Bitraversable_3566843086_4280144779 for srcT=Struct(Data_Data_Bifoldable_Bifoldable, Data_Bifoldable.Bifoldable, Constructor_Data_Bifoldable_Bifoldable[gopurs_runtime.Value], 1), destT=Struct(Data_Data_Bifoldable_Bifoldable, Data_Bifoldable.Bifoldable, Constructor_Data_Bifoldable_Bifoldable[*Constructor_Data_Functor_Product2_Product2[gopurs_runtime.Value, gopurs_runtime.Value, gopurs_runtime.Value, gopurs_runtime.Value]], 1) with fields=0
Generating Rebox_Data_Bitraversable_3566843086_2812820739 for srcT=Struct(Data_Data_Bifoldable_Bifoldable, Data_Bifoldable.Bifoldable, Constructor_Data_Bifoldable_Bifoldable[gopurs_runtime.Value], 1), destT=Struct(Data_Data_Bifoldable_Bifoldable, Data_Bifoldable.Bifoldable, Constructor_Data_Bifoldable_Bifoldable[*Constructor_Data_Tuple_Tuple[gopurs_runtime.Value, gopurs_runtime.Value]], 1) with fields=0
Generating Rebox_Data_Bitraversable_2864580459_1688994542 for srcT=Struct(Data_Data_Bifunctor_Bifunctor, Data_Bifunctor.Bifunctor, Constructor_Data_Bifunctor_Bifunctor[*Constructor_Data_Functor_Product2_Product2[gopurs_runtime.Value, gopurs_runtime.Value, gopurs_runtime.Value, gopurs_runtime.Value]], 1), destT=Struct(Data_Data_Bifunctor_Bifunctor, Data_Bifunctor.Bifunctor, Constructor_Data_Bifunctor_Bifunctor[gopurs_runtime.Value], 1) with fields=0
Generating Rebox_Data_Bitraversable_1495429347_1688994542 for srcT=Struct(Data_Data_Bifunctor_Bifunctor, Data_Bifunctor.Bifunctor, Constructor_Data_Bifunctor_Bifunctor[*Constructor_Data_Tuple_Tuple[gopurs_runtime.Value, gopurs_runtime.Value]], 1), destT=Struct(Data_Data_Bifunctor_Bifunctor, Data_Bifunctor.Bifunctor, Constructor_Data_Bifunctor_Bifunctor[gopurs_runtime.Value], 1) with fields=0
Generating Rebox_Data_Bitraversable_1688994542_2864580459 for srcT=Struct(Data_Data_Bifunctor_Bifunctor, Data_Bifunctor.Bifunctor, Constructor_Data_Bifunctor_Bifunctor[gopurs_runtime.Value], 1), destT=Struct(Data_Data_Bifunctor_Bifunctor, Data_Bifunctor.Bifunctor, Constructor_Data_Bifunctor_Bifunctor[*Constructor_Data_Functor_Product2_Product2[gopurs_runtime.Value, gopurs_runtime.Value, gopurs_runtime.Value, gopurs_runtime.Value]], 1) with fields=0
Generating Rebox_Data_Bitraversable_1688994542_1495429347 for srcT=Struct(Data_Data_Bifunctor_Bifunctor, Data_Bifunctor.Bifunctor, Constructor_Data_Bifunctor_Bifunctor[gopurs_runtime.Value], 1), destT=Struct(Data_Data_Bifunctor_Bifunctor, Data_Bifunctor.Bifunctor, Constructor_Data_Bifunctor_Bifunctor[*Constructor_Data_Tuple_Tuple[gopurs_runtime.Value, gopurs_runtime.Value]], 1) with fields=0
Generating Rebox_Data_Bitraversable_4211574891_3561684974 for srcT=Struct(Data_Data_Bitraversable_Bitraversable, Data_Bitraversable.Bitraversable, Constructor_Data_Bitraversable_Bitraversable[*Constructor_Data_Functor_Product2_Product2[gopurs_runtime.Value, gopurs_runtime.Value, gopurs_runtime.Value, gopurs_runtime.Value]], 1), destT=Struct(Data_Data_Bitraversable_Bitraversable, Data_Bitraversable.Bitraversable, Constructor_Data_Bitraversable_Bitraversable[gopurs_runtime.Value], 1) with fields=0
Generating Rebox_Data_Bitraversable_2243670499_3561684974 for srcT=Struct(Data_Data_Bitraversable_Bitraversable, Data_Bitraversable.Bitraversable, Constructor_Data_Bitraversable_Bitraversable[*Constructor_Data_Tuple_Tuple[gopurs_runtime.Value, gopurs_runtime.Value]], 1), destT=Struct(Data_Data_Bitraversable_Bitraversable, Data_Bitraversable.Bitraversable, Constructor_Data_Bitraversable_Bitraversable[gopurs_runtime.Value], 1) with fields=0
Generating Rebox_Data_Bitraversable_3561684974_4211574891 for srcT=Struct(Data_Data_Bitraversable_Bitraversable, Data_Bitraversable.Bitraversable, Constructor_Data_Bitraversable_Bitraversable[gopurs_runtime.Value], 1), destT=Struct(Data_Data_Bitraversable_Bitraversable, Data_Bitraversable.Bitraversable, Constructor_Data_Bitraversable_Bitraversable[*Constructor_Data_Functor_Product2_Product2[gopurs_runtime.Value, gopurs_runtime.Value, gopurs_runtime.Value, gopurs_runtime.Value]], 1) with fields=0
Generating Rebox_Data_Bitraversable_3561684974_2243670499 for srcT=Struct(Data_Data_Bitraversable_Bitraversable, Data_Bitraversable.Bitraversable, Constructor_Data_Bitraversable_Bitraversable[gopurs_runtime.Value], 1), destT=Struct(Data_Data_Bitraversable_Bitraversable, Data_Bitraversable.Bitraversable, Constructor_Data_Bitraversable_Bitraversable[*Constructor_Data_Tuple_Tuple[gopurs_runtime.Value, gopurs_runtime.Value]], 1) with fields=0
Generating Rebox_Data_Bounded_Generic_1168670562_3733901485 for srcT=Struct(Data_Data_Bounded_Generic_GenericBottom, Data_Bounded_Generic.GenericBottom, Constructor_Data_Bounded_Generic_GenericBottom[*Constructor_Data_Generic_Rep_Product[gopurs_runtime.Value, gopurs_runtime.Value]], 1), destT=Struct(Data_Data_Bounded_Generic_GenericBottom, Data_Bounded_Generic.GenericBottom, Constructor_Data_Bounded_Generic_GenericBottom[gopurs_runtime.Value], 1) with fields=0
Generating Rebox_Data_Bounded_Generic_3733901485_1168670562 for srcT=Struct(Data_Data_Bounded_Generic_GenericBottom, Data_Bounded_Generic.GenericBottom, Constructor_Data_Bounded_Generic_GenericBottom[gopurs_runtime.Value], 1), destT=Struct(Data_Data_Bounded_Generic_GenericBottom, Data_Bounded_Generic.GenericBottom, Constructor_Data_Bounded_Generic_GenericBottom[*Constructor_Data_Generic_Rep_Product[gopurs_runtime.Value, gopurs_runtime.Value]], 1) with fields=0
Generating Rebox_Data_Bounded_Generic_3733901485_132713952 for srcT=Struct(Data_Data_Bounded_Generic_GenericBottom, Data_Bounded_Generic.GenericBottom, Constructor_Data_Bounded_Generic_GenericBottom[gopurs_runtime.Value], 1), destT=Struct(Data_Data_Bounded_Generic_GenericBottom, Data_Bounded_Generic.GenericBottom, Constructor_Data_Bounded_Generic_GenericBottom[uint32], 1) with fields=0
Generating Rebox_Data_Bounded_Generic_132713952_3733901485 for srcT=Struct(Data_Data_Bounded_Generic_GenericBottom, Data_Bounded_Generic.GenericBottom, Constructor_Data_Bounded_Generic_GenericBottom[uint32], 1), destT=Struct(Data_Data_Bounded_Generic_GenericBottom, Data_Bounded_Generic.GenericBottom, Constructor_Data_Bounded_Generic_GenericBottom[gopurs_runtime.Value], 1) with fields=0
Generating Rebox_Data_Bounded_Generic_3068835302_1013281673 for srcT=Struct(Data_Data_Bounded_Generic_GenericTop, Data_Bounded_Generic.GenericTop, Constructor_Data_Bounded_Generic_GenericTop[*Constructor_Data_Generic_Rep_Product[gopurs_runtime.Value, gopurs_runtime.Value]], 1), destT=Struct(Data_Data_Bounded_Generic_GenericTop, Data_Bounded_Generic.GenericTop, Constructor_Data_Bounded_Generic_GenericTop[gopurs_runtime.Value], 1) with fields=0
Generating Rebox_Data_Bounded_Generic_1013281673_3068835302 for srcT=Struct(Data_Data_Bounded_Generic_GenericTop, Data_Bounded_Generic.GenericTop, Constructor_Data_Bounded_Generic_GenericTop[gopurs_runtime.Value], 1), destT=Struct(Data_Data_Bounded_Generic_GenericTop, Data_Bounded_Generic.GenericTop, Constructor_Data_Bounded_Generic_GenericTop[*Constructor_Data_Generic_Rep_Product[gopurs_runtime.Value, gopurs_runtime.Value]], 1) with fields=0
Generating Rebox_Data_Bounded_Generic_1013281673_591561892 for srcT=Struct(Data_Data_Bounded_Generic_GenericTop, Data_Bounded_Generic.GenericTop, Constructor_Data_Bounded_Generic_GenericTop[gopurs_runtime.Value], 1), destT=Struct(Data_Data_Bounded_Generic_GenericTop, Data_Bounded_Generic.GenericTop, Constructor_Data_Bounded_Generic_GenericTop[uint32], 1) with fields=0
Generating Rebox_Data_Bounded_Generic_591561892_1013281673 for srcT=Struct(Data_Data_Bounded_Generic_GenericTop, Data_Bounded_Generic.GenericTop, Constructor_Data_Bounded_Generic_GenericTop[uint32], 1), destT=Struct(Data_Data_Bounded_Generic_GenericTop, Data_Bounded_Generic.GenericTop, Constructor_Data_Bounded_Generic_GenericTop[gopurs_runtime.Value], 1) with fields=0
Generating Rebox_Data_Enum_3728870730_2094947566 for srcT=Struct(Data_Data_Bounded_Bounded, Data_Bounded.Bounded, Constructor_Data_Bounded_Bounded[bool], 1), destT=Struct(Data_Data_Bounded_Bounded, Data_Bounded.Bounded, Constructor_Data_Bounded_Bounded[gopurs_runtime.Value], 1) with fields=0
Generating Rebox_Data_Enum_2094947566_3728870730 for srcT=Struct(Data_Data_Bounded_Bounded, Data_Bounded.Bounded, Constructor_Data_Bounded_Bounded[gopurs_runtime.Value], 1), destT=Struct(Data_Data_Bounded_Bounded, Data_Bounded.Bounded, Constructor_Data_Bounded_Bounded[bool], 1) with fields=0
Generating Rebox_Data_Enum_2094947566_2420955921 for srcT=Struct(Data_Data_Bounded_Bounded, Data_Bounded.Bounded, Constructor_Data_Bounded_Bounded[gopurs_runtime.Value], 1), destT=Struct(Data_Data_Bounded_Bounded, Data_Bounded.Bounded, Constructor_Data_Bounded_Bounded[string], 1) with fields=0
Generating Rebox_Data_Enum_2094947566_832288803 for srcT=Struct(Data_Data_Bounded_Bounded, Data_Bounded.Bounded, Constructor_Data_Bounded_Bounded[gopurs_runtime.Value], 1), destT=Struct(Data_Data_Bounded_Bounded, Data_Bounded.Bounded, Constructor_Data_Bounded_Bounded[uint32], 1) with fields=0
Generating Rebox_Data_Enum_2420955921_2094947566 for srcT=Struct(Data_Data_Bounded_Bounded, Data_Bounded.Bounded, Constructor_Data_Bounded_Bounded[string], 1), destT=Struct(Data_Data_Bounded_Bounded, Data_Bounded.Bounded, Constructor_Data_Bounded_Bounded[gopurs_runtime.Value], 1) with fields=0
Generating Rebox_Data_Enum_832288803_2094947566 for srcT=Struct(Data_Data_Bounded_Bounded, Data_Bounded.Bounded, Constructor_Data_Bounded_Bounded[uint32], 1), destT=Struct(Data_Data_Bounded_Bounded, Data_Bounded.Bounded, Constructor_Data_Bounded_Bounded[gopurs_runtime.Value], 1) with fields=0
Generating Rebox_Data_Enum_3083804185_123048125 for srcT=Struct(Data_Data_Enum_BoundedEnum, Data_Enum.BoundedEnum, Constructor_Data_Enum_BoundedEnum[bool], 1), destT=Struct(Data_Data_Enum_BoundedEnum, Data_Enum.BoundedEnum, Constructor_Data_Enum_BoundedEnum[gopurs_runtime.Value], 1) with fields=0
Generating Rebox_Data_Enum_123048125_3083804185 for srcT=Struct(Data_Data_Enum_BoundedEnum, Data_Enum.BoundedEnum, Constructor_Data_Enum_BoundedEnum[gopurs_runtime.Value], 1), destT=Struct(Data_Data_Enum_BoundedEnum, Data_Enum.BoundedEnum, Constructor_Data_Enum_BoundedEnum[bool], 1) with fields=0
Generating Rebox_Data_Enum_123048125_3569500834 for srcT=Struct(Data_Data_Enum_BoundedEnum, Data_Enum.BoundedEnum, Constructor_Data_Enum_BoundedEnum[gopurs_runtime.Value], 1), destT=Struct(Data_Data_Enum_BoundedEnum, Data_Enum.BoundedEnum, Constructor_Data_Enum_BoundedEnum[string], 1) with fields=0
Generating Rebox_Data_Enum_123048125_4021906832 for srcT=Struct(Data_Data_Enum_BoundedEnum, Data_Enum.BoundedEnum, Constructor_Data_Enum_BoundedEnum[gopurs_runtime.Value], 1), destT=Struct(Data_Data_Enum_BoundedEnum, Data_Enum.BoundedEnum, Constructor_Data_Enum_BoundedEnum[uint32], 1) with fields=0
Generating Rebox_Data_Enum_3569500834_123048125 for srcT=Struct(Data_Data_Enum_BoundedEnum, Data_Enum.BoundedEnum, Constructor_Data_Enum_BoundedEnum[string], 1), destT=Struct(Data_Data_Enum_BoundedEnum, Data_Enum.BoundedEnum, Constructor_Data_Enum_BoundedEnum[gopurs_runtime.Value], 1) with fields=0
Generating Rebox_Data_Enum_4021906832_123048125 for srcT=Struct(Data_Data_Enum_BoundedEnum, Data_Enum.BoundedEnum, Constructor_Data_Enum_BoundedEnum[uint32], 1), destT=Struct(Data_Data_Enum_BoundedEnum, Data_Enum.BoundedEnum, Constructor_Data_Enum_BoundedEnum[gopurs_runtime.Value], 1) with fields=0
Generating Rebox_Data_Enum_3494563625_556578094 for srcT=Struct(Data_Data_Enum_Enum, Data_Enum.Enum, Constructor_Data_Enum_Enum[*Constructor_Data_Date_Date], 1), destT=Struct(Data_Data_Enum_Enum, Data_Enum.Enum, Constructor_Data_Enum_Enum[gopurs_runtime.Value], 1) with fields=0
Generating Rebox_Data_Enum_2522609743_556578094 for srcT=Struct(Data_Data_Enum_Enum, Data_Enum.Enum, Constructor_Data_Enum_Enum[*Constructor_Data_Maybe_Just[gopurs_runtime.Value]], 1), destT=Struct(Data_Data_Enum_Enum, Data_Enum.Enum, Constructor_Data_Enum_Enum[gopurs_runtime.Value], 1) with fields=0
Generating Rebox_Data_Enum_3481421219_556578094 for srcT=Struct(Data_Data_Enum_Enum, Data_Enum.Enum, Constructor_Data_Enum_Enum[*Constructor_Data_Tuple_Tuple[gopurs_runtime.Value, gopurs_runtime.Value]], 1), destT=Struct(Data_Data_Enum_Enum, Data_Enum.Enum, Constructor_Data_Enum_Enum[gopurs_runtime.Value], 1) with fields=0
Generating Rebox_Data_Enum_342165130_556578094 for srcT=Struct(Data_Data_Enum_Enum, Data_Enum.Enum, Constructor_Data_Enum_Enum[bool], 1), destT=Struct(Data_Data_Enum_Enum, Data_Enum.Enum, Constructor_Data_Enum_Enum[gopurs_runtime.Value], 1) with fields=0
Generating Rebox_Data_Enum_556578094_3494563625 for srcT=Struct(Data_Data_Enum_Enum, Data_Enum.Enum, Constructor_Data_Enum_Enum[gopurs_runtime.Value], 1), destT=Struct(Data_Data_Enum_Enum, Data_Enum.Enum, Constructor_Data_Enum_Enum[*Constructor_Data_Date_Date], 1) with fields=0
Generating Rebox_Data_Enum_556578094_2522609743 for srcT=Struct(Data_Data_Enum_Enum, Data_Enum.Enum, Constructor_Data_Enum_Enum[gopurs_runtime.Value], 1), destT=Struct(Data_Data_Enum_Enum, Data_Enum.Enum, Constructor_Data_Enum_Enum[*Constructor_Data_Maybe_Just[gopurs_runtime.Value]], 1) with fields=0
Generating Rebox_Data_Enum_556578094_3481421219 for srcT=Struct(Data_Data_Enum_Enum, Data_Enum.Enum, Constructor_Data_Enum_Enum[gopurs_runtime.Value], 1), destT=Struct(Data_Data_Enum_Enum, Data_Enum.Enum, Constructor_Data_Enum_Enum[*Constructor_Data_Tuple_Tuple[gopurs_runtime.Value, gopurs_runtime.Value]], 1) with fields=0
Generating Rebox_Data_Enum_556578094_342165130 for srcT=Struct(Data_Data_Enum_Enum, Data_Enum.Enum, Constructor_Data_Enum_Enum[gopurs_runtime.Value], 1), destT=Struct(Data_Data_Enum_Enum, Data_Enum.Enum, Constructor_Data_Enum_Enum[bool], 1) with fields=0
Generating Rebox_Data_Enum_556578094_4060049525 for srcT=Struct(Data_Data_Enum_Enum, Data_Enum.Enum, Constructor_Data_Enum_Enum[gopurs_runtime.Value], 1), destT=Struct(Data_Data_Enum_Enum, Data_Enum.Enum, Constructor_Data_Enum_Enum[int64], 1) with fields=0
Generating Rebox_Data_Enum_556578094_3409577041 for srcT=Struct(Data_Data_Enum_Enum, Data_Enum.Enum, Constructor_Data_Enum_Enum[gopurs_runtime.Value], 1), destT=Struct(Data_Data_Enum_Enum, Data_Enum.Enum, Constructor_Data_Enum_Enum[string], 1) with fields=0
Generating Rebox_Data_Enum_556578094_2359585123 for srcT=Struct(Data_Data_Enum_Enum, Data_Enum.Enum, Constructor_Data_Enum_Enum[gopurs_runtime.Value], 1), destT=Struct(Data_Data_Enum_Enum, Data_Enum.Enum, Constructor_Data_Enum_Enum[uint32], 1) with fields=0
Generating Rebox_Data_Enum_4060049525_556578094 for srcT=Struct(Data_Data_Enum_Enum, Data_Enum.Enum, Constructor_Data_Enum_Enum[int64], 1), destT=Struct(Data_Data_Enum_Enum, Data_Enum.Enum, Constructor_Data_Enum_Enum[gopurs_runtime.Value], 1) with fields=0
Generating Rebox_Data_Enum_3409577041_556578094 for srcT=Struct(Data_Data_Enum_Enum, Data_Enum.Enum, Constructor_Data_Enum_Enum[string], 1), destT=Struct(Data_Data_Enum_Enum, Data_Enum.Enum, Constructor_Data_Enum_Enum[gopurs_runtime.Value], 1) with fields=0
Generating Rebox_Data_Enum_2359585123_556578094 for srcT=Struct(Data_Data_Enum_Enum, Data_Enum.Enum, Constructor_Data_Enum_Enum[uint32], 1), destT=Struct(Data_Data_Enum_Enum, Data_Enum.Enum, Constructor_Data_Enum_Enum[gopurs_runtime.Value], 1) with fields=0
Generating Rebox_Data_Enum_3508461103_3790796878 for srcT=Struct(Data_Data_Eq_Eq, Data_Eq.Eq, Constructor_Data_Eq_Eq[*Constructor_Data_Maybe_Just[gopurs_runtime.Value]], 1), destT=Struct(Data_Data_Eq_Eq, Data_Eq.Eq, Constructor_Data_Eq_Eq[gopurs_runtime.Value], 1) with fields=0
Generating Rebox_Data_Enum_2450374787_3790796878 for srcT=Struct(Data_Data_Eq_Eq, Data_Eq.Eq, Constructor_Data_Eq_Eq[*Constructor_Data_Tuple_Tuple[gopurs_runtime.Value, gopurs_runtime.Value]], 1), destT=Struct(Data_Data_Eq_Eq, Data_Eq.Eq, Constructor_Data_Eq_Eq[gopurs_runtime.Value], 1) with fields=0
Generating Rebox_Data_Enum_3790796878_3508461103 for srcT=Struct(Data_Data_Eq_Eq, Data_Eq.Eq, Constructor_Data_Eq_Eq[gopurs_runtime.Value], 1), destT=Struct(Data_Data_Eq_Eq, Data_Eq.Eq, Constructor_Data_Eq_Eq[*Constructor_Data_Maybe_Just[gopurs_runtime.Value]], 1) with fields=0
Generating Rebox_Data_Enum_3790796878_2450374787 for srcT=Struct(Data_Data_Eq_Eq, Data_Eq.Eq, Constructor_Data_Eq_Eq[gopurs_runtime.Value], 1), destT=Struct(Data_Data_Eq_Eq, Data_Eq.Eq, Constructor_Data_Eq_Eq[*Constructor_Data_Tuple_Tuple[gopurs_runtime.Value, gopurs_runtime.Value]], 1) with fields=0
Generating Rebox_Data_Enum_3790796878_1053099733 for srcT=Struct(Data_Data_Eq_Eq, Data_Eq.Eq, Constructor_Data_Eq_Eq[gopurs_runtime.Value], 1), destT=Struct(Data_Data_Eq_Eq, Data_Eq.Eq, Constructor_Data_Eq_Eq[int64], 1) with fields=0
Generating Rebox_Data_Enum_1053099733_3790796878 for srcT=Struct(Data_Data_Eq_Eq, Data_Eq.Eq, Constructor_Data_Eq_Eq[int64], 1), destT=Struct(Data_Data_Eq_Eq, Data_Eq.Eq, Constructor_Data_Eq_Eq[gopurs_runtime.Value], 1) with fields=0
Generating Rebox_Data_Enum_2280409795_3094389156 for srcT=Struct(Data_Data_Maybe_Just, Data_Maybe.Just, Constructor_Data_Maybe_Just[*Constructor_Data_Date_Date], 1), destT=Struct(Data_Data_Maybe_Just, Data_Maybe.Just, Constructor_Data_Maybe_Just[gopurs_runtime.Value], 1) with fields=1
Generating Rebox_Data_Enum_215731685_3094389156 for srcT=Struct(Data_Data_Maybe_Just, Data_Maybe.Just, Constructor_Data_Maybe_Just[*Constructor_Data_Maybe_Just[gopurs_runtime.Value]], 1), destT=Struct(Data_Data_Maybe_Just, Data_Maybe.Just, Constructor_Data_Maybe_Just[gopurs_runtime.Value], 1) with fields=1
Generating Rebox_Data_Enum_4010058633_3094389156 for srcT=Struct(Data_Data_Maybe_Just, Data_Maybe.Just, Constructor_Data_Maybe_Just[*Constructor_Data_Tuple_Tuple[gopurs_runtime.Value, gopurs_runtime.Value]], 1), destT=Struct(Data_Data_Maybe_Just, Data_Maybe.Just, Constructor_Data_Maybe_Just[gopurs_runtime.Value], 1) with fields=1
Generating Rebox_Data_Enum_1415037225_3094389156 for srcT=Struct(Data_Data_Maybe_Just, Data_Maybe.Just, Constructor_Data_Maybe_Just[*Constructor_Data_Tuple_Tuple[int64, int64]], 1), destT=Struct(Data_Data_Maybe_Just, Data_Maybe.Just, Constructor_Data_Maybe_Just[gopurs_runtime.Value], 1) with fields=1
Generating Rebox_Data_Enum_1044698560_3094389156 for srcT=Struct(Data_Data_Maybe_Just, Data_Maybe.Just, Constructor_Data_Maybe_Just[bool], 1), destT=Struct(Data_Data_Maybe_Just, Data_Maybe.Just, Constructor_Data_Maybe_Just[gopurs_runtime.Value], 1) with fields=1
Generating Rebox_Data_Enum_3094389156_2280409795 for srcT=Struct(Data_Data_Maybe_Just, Data_Maybe.Just, Constructor_Data_Maybe_Just[gopurs_runtime.Value], 1), destT=Struct(Data_Data_Maybe_Just, Data_Maybe.Just, Constructor_Data_Maybe_Just[*Constructor_Data_Date_Date], 1) with fields=1
Generating Rebox_Data_Enum_3094389156_215731685 for srcT=Struct(Data_Data_Maybe_Just, Data_Maybe.Just, Constructor_Data_Maybe_Just[gopurs_runtime.Value], 1), destT=Struct(Data_Data_Maybe_Just, Data_Maybe.Just, Constructor_Data_Maybe_Just[*Constructor_Data_Maybe_Just[gopurs_runtime.Value]], 1) with fields=1
Generating Rebox_Data_Enum_3094389156_4010058633 for srcT=Struct(Data_Data_Maybe_Just, Data_Maybe.Just, Constructor_Data_Maybe_Just[gopurs_runtime.Value], 1), destT=Struct(Data_Data_Maybe_Just, Data_Maybe.Just, Constructor_Data_Maybe_Just[*Constructor_Data_Tuple_Tuple[gopurs_runtime.Value, gopurs_runtime.Value]], 1) with fields=1
Generating Rebox_Data_Enum_3094389156_1415037225 for srcT=Struct(Data_Data_Maybe_Just, Data_Maybe.Just, Constructor_Data_Maybe_Just[gopurs_runtime.Value], 1), destT=Struct(Data_Data_Maybe_Just, Data_Maybe.Just, Constructor_Data_Maybe_Just[*Constructor_Data_Tuple_Tuple[int64, int64]], 1) with fields=1
Generating Rebox_Data_Enum_3094389156_1170268447 for srcT=Struct(Data_Data_Maybe_Just, Data_Maybe.Just, Constructor_Data_Maybe_Just[gopurs_runtime.Value], 1), destT=Struct(Data_Data_Maybe_Just, Data_Maybe.Just, Constructor_Data_Maybe_Just[int64], 1) with fields=1
Generating Rebox_Data_Enum_3094389156_622082505 for srcT=Struct(Data_Data_Maybe_Just, Data_Maybe.Just, Constructor_Data_Maybe_Just[gopurs_runtime.Value], 1), destT=Struct(Data_Data_Maybe_Just, Data_Maybe.Just, Constructor_Data_Maybe_Just[uint32], 1) with fields=1
Generating Rebox_Data_Enum_1170268447_3094389156 for srcT=Struct(Data_Data_Maybe_Just, Data_Maybe.Just, Constructor_Data_Maybe_Just[int64], 1), destT=Struct(Data_Data_Maybe_Just, Data_Maybe.Just, Constructor_Data_Maybe_Just[gopurs_runtime.Value], 1) with fields=1
Generating Rebox_Data_Enum_742090555_3094389156 for srcT=Struct(Data_Data_Maybe_Just, Data_Maybe.Just, Constructor_Data_Maybe_Just[string], 1), destT=Struct(Data_Data_Maybe_Just, Data_Maybe.Just, Constructor_Data_Maybe_Just[gopurs_runtime.Value], 1) with fields=1
Generating Rebox_Data_Enum_622082505_3094389156 for srcT=Struct(Data_Data_Maybe_Just, Data_Maybe.Just, Constructor_Data_Maybe_Just[uint32], 1), destT=Struct(Data_Data_Maybe_Just, Data_Maybe.Just, Constructor_Data_Maybe_Just[gopurs_runtime.Value], 1) with fields=1
Generating Rebox_Data_Enum_385277032_2621187955 for srcT=Struct(Data_Data_Newtype_Newtype, Data_Newtype.Newtype, Constructor_Data_Newtype_Newtype[gopurs_runtime.Value, gopurs_runtime.Value], 2), destT=Struct(Data_Data_Newtype_Newtype, Data_Newtype.Newtype, Constructor_Data_Newtype_Newtype[gopurs_runtime.Value, int64], 2) with fields=0
Generating Rebox_Data_Enum_2621187955_385277032 for srcT=Struct(Data_Data_Newtype_Newtype, Data_Newtype.Newtype, Constructor_Data_Newtype_Newtype[gopurs_runtime.Value, int64], 2), destT=Struct(Data_Data_Newtype_Newtype, Data_Newtype.Newtype, Constructor_Data_Newtype_Newtype[gopurs_runtime.Value, gopurs_runtime.Value], 2) with fields=0
Generating Rebox_Data_Enum_2155612431_4177771502 for srcT=Struct(Data_Data_Ord_Ord, Data_Ord.Ord, Constructor_Data_Ord_Ord[*Constructor_Data_Maybe_Just[gopurs_runtime.Value]], 1), destT=Struct(Data_Data_Ord_Ord, Data_Ord.Ord, Constructor_Data_Ord_Ord[gopurs_runtime.Value], 1) with fields=0
Generating Rebox_Data_Enum_1535415139_4177771502 for srcT=Struct(Data_Data_Ord_Ord, Data_Ord.Ord, Constructor_Data_Ord_Ord[*Constructor_Data_Tuple_Tuple[gopurs_runtime.Value, gopurs_runtime.Value]], 1), destT=Struct(Data_Data_Ord_Ord, Data_Ord.Ord, Constructor_Data_Ord_Ord[gopurs_runtime.Value], 1) with fields=0
Generating Rebox_Data_Enum_219188042_4177771502 for srcT=Struct(Data_Data_Ord_Ord, Data_Ord.Ord, Constructor_Data_Ord_Ord[bool], 1), destT=Struct(Data_Data_Ord_Ord, Data_Ord.Ord, Constructor_Data_Ord_Ord[gopurs_runtime.Value], 1) with fields=0
Generating Rebox_Data_Enum_4177771502_2155612431 for srcT=Struct(Data_Data_Ord_Ord, Data_Ord.Ord, Constructor_Data_Ord_Ord[gopurs_runtime.Value], 1), destT=Struct(Data_Data_Ord_Ord, Data_Ord.Ord, Constructor_Data_Ord_Ord[*Constructor_Data_Maybe_Just[gopurs_runtime.Value]], 1) with fields=0
Generating Rebox_Data_Enum_4177771502_1535415139 for srcT=Struct(Data_Data_Ord_Ord, Data_Ord.Ord, Constructor_Data_Ord_Ord[gopurs_runtime.Value], 1), destT=Struct(Data_Data_Ord_Ord, Data_Ord.Ord, Constructor_Data_Ord_Ord[*Constructor_Data_Tuple_Tuple[gopurs_runtime.Value, gopurs_runtime.Value]], 1) with fields=0
Generating Rebox_Data_Enum_4177771502_219188042 for srcT=Struct(Data_Data_Ord_Ord, Data_Ord.Ord, Constructor_Data_Ord_Ord[gopurs_runtime.Value], 1), destT=Struct(Data_Data_Ord_Ord, Data_Ord.Ord, Constructor_Data_Ord_Ord[bool], 1) with fields=0
Generating Rebox_Data_Enum_4177771502_3308271157 for srcT=Struct(Data_Data_Ord_Ord, Data_Ord.Ord, Constructor_Data_Ord_Ord[gopurs_runtime.Value], 1), destT=Struct(Data_Data_Ord_Ord, Data_Ord.Ord, Constructor_Data_Ord_Ord[int64], 1) with fields=0
Generating Rebox_Data_Enum_4177771502_2406510097 for srcT=Struct(Data_Data_Ord_Ord, Data_Ord.Ord, Constructor_Data_Ord_Ord[gopurs_runtime.Value], 1), destT=Struct(Data_Data_Ord_Ord, Data_Ord.Ord, Constructor_Data_Ord_Ord[string], 1) with fields=0
Generating Rebox_Data_Enum_4177771502_3730953251 for srcT=Struct(Data_Data_Ord_Ord, Data_Ord.Ord, Constructor_Data_Ord_Ord[gopurs_runtime.Value], 1), destT=Struct(Data_Data_Ord_Ord, Data_Ord.Ord, Constructor_Data_Ord_Ord[uint32], 1) with fields=0
Generating Rebox_Data_Enum_3308271157_4177771502 for srcT=Struct(Data_Data_Ord_Ord, Data_Ord.Ord, Constructor_Data_Ord_Ord[int64], 1), destT=Struct(Data_Data_Ord_Ord, Data_Ord.Ord, Constructor_Data_Ord_Ord[gopurs_runtime.Value], 1) with fields=0
Generating Rebox_Data_Enum_2406510097_4177771502 for srcT=Struct(Data_Data_Ord_Ord, Data_Ord.Ord, Constructor_Data_Ord_Ord[string], 1), destT=Struct(Data_Data_Ord_Ord, Data_Ord.Ord, Constructor_Data_Ord_Ord[gopurs_runtime.Value], 1) with fields=0
Generating Rebox_Data_Enum_3730953251_4177771502 for srcT=Struct(Data_Data_Ord_Ord, Data_Ord.Ord, Constructor_Data_Ord_Ord[uint32], 1), destT=Struct(Data_Data_Ord_Ord, Data_Ord.Ord, Constructor_Data_Ord_Ord[gopurs_runtime.Value], 1) with fields=0
Generating Rebox_Data_Enum_3804580809_138441832 for srcT=Struct(Data_Data_Tuple_Tuple, Data_Tuple.Tuple, Constructor_Data_Tuple_Tuple[gopurs_runtime.Value, *Constructor_Data_Maybe_Just[gopurs_runtime.Value]], 2), destT=Struct(Data_Data_Tuple_Tuple, Data_Tuple.Tuple, Constructor_Data_Tuple_Tuple[gopurs_runtime.Value, gopurs_runtime.Value], 2) with fields=2
Generating Rebox_Data_Enum_3418986898_138441832 for srcT=Struct(Data_Data_Tuple_Tuple, Data_Tuple.Tuple, Constructor_Data_Tuple_Tuple[gopurs_runtime.Value, *Constructor_Data_Maybe_Just[int64]], 2), destT=Struct(Data_Data_Tuple_Tuple, Data_Tuple.Tuple, Constructor_Data_Tuple_Tuple[gopurs_runtime.Value, gopurs_runtime.Value], 2) with fields=2
Generating Rebox_Data_Enum_138441832_3363075976 for srcT=Struct(Data_Data_Tuple_Tuple, Data_Tuple.Tuple, Constructor_Data_Tuple_Tuple[gopurs_runtime.Value, gopurs_runtime.Value], 2), destT=Struct(Data_Data_Tuple_Tuple, Data_Tuple.Tuple, Constructor_Data_Tuple_Tuple[int64, int64], 2) with fields=2
Generating Rebox_Data_Enum_3363075976_138441832 for srcT=Struct(Data_Data_Tuple_Tuple, Data_Tuple.Tuple, Constructor_Data_Tuple_Tuple[int64, int64], 2), destT=Struct(Data_Data_Tuple_Tuple, Data_Tuple.Tuple, Constructor_Data_Tuple_Tuple[gopurs_runtime.Value, gopurs_runtime.Value], 2) with fields=2
Generating Rebox_Data_Char_Gen_3094389156_742090555 for srcT=Struct(Data_Data_Maybe_Just, Data_Maybe.Just, Constructor_Data_Maybe_Just[gopurs_runtime.Value], 1), destT=Struct(Data_Data_Maybe_Just, Data_Maybe.Just, Constructor_Data_Maybe_Just[string], 1) with fields=1
Generating Rebox_Data_Char_Gen_742090555_3094389156 for srcT=Struct(Data_Data_Maybe_Just, Data_Maybe.Just, Constructor_Data_Maybe_Just[string], 1), destT=Struct(Data_Data_Maybe_Just, Data_Maybe.Just, Constructor_Data_Maybe_Just[gopurs_runtime.Value], 1) with fields=1
Generating Rebox_Data_Char_Gen_4217626592_4151366573 for srcT=Struct(Data_Data_Semigroup_Foldable_Foldable1, Data_Semigroup_Foldable.Foldable1, Constructor_Data_Semigroup_Foldable_Foldable1[*Constructor_Data_NonEmpty_NonEmpty[gopurs_runtime.Value, gopurs_runtime.Value]], 1), destT=Struct(Data_Data_Semigroup_Foldable_Foldable1, Data_Semigroup_Foldable.Foldable1, Constructor_Data_Semigroup_Foldable_Foldable1[gopurs_runtime.Value], 1) with fields=0
Generating Rebox_Data_Char_Gen_4151366573_4217626592 for srcT=Struct(Data_Data_Semigroup_Foldable_Foldable1, Data_Semigroup_Foldable.Foldable1, Constructor_Data_Semigroup_Foldable_Foldable1[gopurs_runtime.Value], 1), destT=Struct(Data_Data_Semigroup_Foldable_Foldable1, Data_Semigroup_Foldable.Foldable1, Constructor_Data_Semigroup_Foldable_Foldable1[*Constructor_Data_NonEmpty_NonEmpty[gopurs_runtime.Value, gopurs_runtime.Value]], 1) with fields=0
Generating Rebox_Data_Date_Component_2094947566_3764732725 for srcT=Struct(Data_Data_Bounded_Bounded, Data_Bounded.Bounded, Constructor_Data_Bounded_Bounded[gopurs_runtime.Value], 1), destT=Struct(Data_Data_Bounded_Bounded, Data_Bounded.Bounded, Constructor_Data_Bounded_Bounded[int64], 1) with fields=0
Generating Rebox_Data_Date_Component_2094947566_832288803 for srcT=Struct(Data_Data_Bounded_Bounded, Data_Bounded.Bounded, Constructor_Data_Bounded_Bounded[gopurs_runtime.Value], 1), destT=Struct(Data_Data_Bounded_Bounded, Data_Bounded.Bounded, Constructor_Data_Bounded_Bounded[uint32], 1) with fields=0
Generating Rebox_Data_Date_Component_3764732725_2094947566 for srcT=Struct(Data_Data_Bounded_Bounded, Data_Bounded.Bounded, Constructor_Data_Bounded_Bounded[int64], 1), destT=Struct(Data_Data_Bounded_Bounded, Data_Bounded.Bounded, Constructor_Data_Bounded_Bounded[gopurs_runtime.Value], 1) with fields=0
Generating Rebox_Data_Date_Component_832288803_2094947566 for srcT=Struct(Data_Data_Bounded_Bounded, Data_Bounded.Bounded, Constructor_Data_Bounded_Bounded[uint32], 1), destT=Struct(Data_Data_Bounded_Bounded, Data_Bounded.Bounded, Constructor_Data_Bounded_Bounded[gopurs_runtime.Value], 1) with fields=0
Generating Rebox_Data_Date_Component_123048125_1306125126 for srcT=Struct(Data_Data_Enum_BoundedEnum, Data_Enum.BoundedEnum, Constructor_Data_Enum_BoundedEnum[gopurs_runtime.Value], 1), destT=Struct(Data_Data_Enum_BoundedEnum, Data_Enum.BoundedEnum, Constructor_Data_Enum_BoundedEnum[int64], 1) with fields=0
Generating Rebox_Data_Date_Component_123048125_4021906832 for srcT=Struct(Data_Data_Enum_BoundedEnum, Data_Enum.BoundedEnum, Constructor_Data_Enum_BoundedEnum[gopurs_runtime.Value], 1), destT=Struct(Data_Data_Enum_BoundedEnum, Data_Enum.BoundedEnum, Constructor_Data_Enum_BoundedEnum[uint32], 1) with fields=0
Generating Rebox_Data_Date_Component_1306125126_123048125 for srcT=Struct(Data_Data_Enum_BoundedEnum, Data_Enum.BoundedEnum, Constructor_Data_Enum_BoundedEnum[int64], 1), destT=Struct(Data_Data_Enum_BoundedEnum, Data_Enum.BoundedEnum, Constructor_Data_Enum_BoundedEnum[gopurs_runtime.Value], 1) with fields=0
Generating Rebox_Data_Date_Component_4021906832_123048125 for srcT=Struct(Data_Data_Enum_BoundedEnum, Data_Enum.BoundedEnum, Constructor_Data_Enum_BoundedEnum[uint32], 1), destT=Struct(Data_Data_Enum_BoundedEnum, Data_Enum.BoundedEnum, Constructor_Data_Enum_BoundedEnum[gopurs_runtime.Value], 1) with fields=0
Generating Rebox_Data_Date_Component_556578094_4060049525 for srcT=Struct(Data_Data_Enum_Enum, Data_Enum.Enum, Constructor_Data_Enum_Enum[gopurs_runtime.Value], 1), destT=Struct(Data_Data_Enum_Enum, Data_Enum.Enum, Constructor_Data_Enum_Enum[int64], 1) with fields=0
Generating Rebox_Data_Date_Component_556578094_2359585123 for srcT=Struct(Data_Data_Enum_Enum, Data_Enum.Enum, Constructor_Data_Enum_Enum[gopurs_runtime.Value], 1), destT=Struct(Data_Data_Enum_Enum, Data_Enum.Enum, Constructor_Data_Enum_Enum[uint32], 1) with fields=0
Generating Rebox_Data_Date_Component_4060049525_556578094 for srcT=Struct(Data_Data_Enum_Enum, Data_Enum.Enum, Constructor_Data_Enum_Enum[int64], 1), destT=Struct(Data_Data_Enum_Enum, Data_Enum.Enum, Constructor_Data_Enum_Enum[gopurs_runtime.Value], 1) with fields=0
Generating Rebox_Data_Date_Component_2359585123_556578094 for srcT=Struct(Data_Data_Enum_Enum, Data_Enum.Enum, Constructor_Data_Enum_Enum[uint32], 1), destT=Struct(Data_Data_Enum_Enum, Data_Enum.Enum, Constructor_Data_Enum_Enum[gopurs_runtime.Value], 1) with fields=0
Generating Rebox_Data_Date_Component_3790796878_1053099733 for srcT=Struct(Data_Data_Eq_Eq, Data_Eq.Eq, Constructor_Data_Eq_Eq[gopurs_runtime.Value], 1), destT=Struct(Data_Data_Eq_Eq, Data_Eq.Eq, Constructor_Data_Eq_Eq[int64], 1) with fields=0
Generating Rebox_Data_Date_Component_3790796878_3768443459 for srcT=Struct(Data_Data_Eq_Eq, Data_Eq.Eq, Constructor_Data_Eq_Eq[gopurs_runtime.Value], 1), destT=Struct(Data_Data_Eq_Eq, Data_Eq.Eq, Constructor_Data_Eq_Eq[uint32], 1) with fields=0
Generating Rebox_Data_Date_Component_1053099733_3790796878 for srcT=Struct(Data_Data_Eq_Eq, Data_Eq.Eq, Constructor_Data_Eq_Eq[int64], 1), destT=Struct(Data_Data_Eq_Eq, Data_Eq.Eq, Constructor_Data_Eq_Eq[gopurs_runtime.Value], 1) with fields=0
Generating Rebox_Data_Date_Component_3768443459_3790796878 for srcT=Struct(Data_Data_Eq_Eq, Data_Eq.Eq, Constructor_Data_Eq_Eq[uint32], 1), destT=Struct(Data_Data_Eq_Eq, Data_Eq.Eq, Constructor_Data_Eq_Eq[gopurs_runtime.Value], 1) with fields=0
Generating Rebox_Data_Date_Component_1170268447_3094389156 for srcT=Struct(Data_Data_Maybe_Just, Data_Maybe.Just, Constructor_Data_Maybe_Just[int64], 1), destT=Struct(Data_Data_Maybe_Just, Data_Maybe.Just, Constructor_Data_Maybe_Just[gopurs_runtime.Value], 1) with fields=1
Generating Rebox_Data_Date_Component_622082505_3094389156 for srcT=Struct(Data_Data_Maybe_Just, Data_Maybe.Just, Constructor_Data_Maybe_Just[uint32], 1), destT=Struct(Data_Data_Maybe_Just, Data_Maybe.Just, Constructor_Data_Maybe_Just[gopurs_runtime.Value], 1) with fields=1
Generating Rebox_Data_Date_Component_4177771502_3308271157 for srcT=Struct(Data_Data_Ord_Ord, Data_Ord.Ord, Constructor_Data_Ord_Ord[gopurs_runtime.Value], 1), destT=Struct(Data_Data_Ord_Ord, Data_Ord.Ord, Constructor_Data_Ord_Ord[int64], 1) with fields=0
Generating Rebox_Data_Date_Component_4177771502_3730953251 for srcT=Struct(Data_Data_Ord_Ord, Data_Ord.Ord, Constructor_Data_Ord_Ord[gopurs_runtime.Value], 1), destT=Struct(Data_Data_Ord_Ord, Data_Ord.Ord, Constructor_Data_Ord_Ord[uint32], 1) with fields=0
Generating Rebox_Data_Date_Component_3308271157_4177771502 for srcT=Struct(Data_Data_Ord_Ord, Data_Ord.Ord, Constructor_Data_Ord_Ord[int64], 1), destT=Struct(Data_Data_Ord_Ord, Data_Ord.Ord, Constructor_Data_Ord_Ord[gopurs_runtime.Value], 1) with fields=0
Generating Rebox_Data_Date_Component_3730953251_4177771502 for srcT=Struct(Data_Data_Ord_Ord, Data_Ord.Ord, Constructor_Data_Ord_Ord[uint32], 1), destT=Struct(Data_Data_Ord_Ord, Data_Ord.Ord, Constructor_Data_Ord_Ord[gopurs_runtime.Value], 1) with fields=0
Generating Rebox_Data_Date_Component_1386611502_1636311157 for srcT=Struct(Data_Data_Show_Show, Data_Show.Show, Constructor_Data_Show_Show[gopurs_runtime.Value], 1), destT=Struct(Data_Data_Show_Show, Data_Show.Show, Constructor_Data_Show_Show[int64], 1) with fields=0
Generating Rebox_Data_Date_Component_1386611502_1209612131 for srcT=Struct(Data_Data_Show_Show, Data_Show.Show, Constructor_Data_Show_Show[gopurs_runtime.Value], 1), destT=Struct(Data_Data_Show_Show, Data_Show.Show, Constructor_Data_Show_Show[uint32], 1) with fields=0
Generating Rebox_Data_Date_Component_1636311157_1386611502 for srcT=Struct(Data_Data_Show_Show, Data_Show.Show, Constructor_Data_Show_Show[int64], 1), destT=Struct(Data_Data_Show_Show, Data_Show.Show, Constructor_Data_Show_Show[gopurs_runtime.Value], 1) with fields=0
Generating Rebox_Data_Date_Component_1209612131_1386611502 for srcT=Struct(Data_Data_Show_Show, Data_Show.Show, Constructor_Data_Show_Show[uint32], 1), destT=Struct(Data_Data_Show_Show, Data_Show.Show, Constructor_Data_Show_Show[gopurs_runtime.Value], 1) with fields=0
Generating Rebox_Data_Number_3240988860_3094389156 for srcT=Struct(Data_Data_Maybe_Just, Data_Maybe.Just, Constructor_Data_Maybe_Just[float64], 1), destT=Struct(Data_Data_Maybe_Just, Data_Maybe.Just, Constructor_Data_Maybe_Just[gopurs_runtime.Value], 1) with fields=1
Generating Rebox_Data_Number_3094389156_3240988860 for srcT=Struct(Data_Data_Maybe_Just, Data_Maybe.Just, Constructor_Data_Maybe_Just[gopurs_runtime.Value], 1), destT=Struct(Data_Data_Maybe_Just, Data_Maybe.Just, Constructor_Data_Maybe_Just[float64], 1) with fields=1
Generating Rebox_Data_Int_2094947566_832288803 for srcT=Struct(Data_Data_Bounded_Bounded, Data_Bounded.Bounded, Constructor_Data_Bounded_Bounded[gopurs_runtime.Value], 1), destT=Struct(Data_Data_Bounded_Bounded, Data_Bounded.Bounded, Constructor_Data_Bounded_Bounded[uint32], 1) with fields=0
Generating Rebox_Data_Int_832288803_2094947566 for srcT=Struct(Data_Data_Bounded_Bounded, Data_Bounded.Bounded, Constructor_Data_Bounded_Bounded[uint32], 1), destT=Struct(Data_Data_Bounded_Bounded, Data_Bounded.Bounded, Constructor_Data_Bounded_Bounded[gopurs_runtime.Value], 1) with fields=0
Generating Rebox_Data_Int_1073849710_2537586851 for srcT=Struct(Data_Data_CommutativeRing_CommutativeRing, Data_CommutativeRing.CommutativeRing, Constructor_Data_CommutativeRing_CommutativeRing[gopurs_runtime.Value], 1), destT=Struct(Data_Data_CommutativeRing_CommutativeRing, Data_CommutativeRing.CommutativeRing, Constructor_Data_CommutativeRing_CommutativeRing[uint32], 1) with fields=0
Generating Rebox_Data_Int_2537586851_1073849710 for srcT=Struct(Data_Data_CommutativeRing_CommutativeRing, Data_CommutativeRing.CommutativeRing, Constructor_Data_CommutativeRing_CommutativeRing[uint32], 1), destT=Struct(Data_Data_CommutativeRing_CommutativeRing, Data_CommutativeRing.CommutativeRing, Constructor_Data_CommutativeRing_CommutativeRing[gopurs_runtime.Value], 1) with fields=0
Generating Rebox_Data_Int_2381053422_2384868323 for srcT=Struct(Data_Data_DivisionRing_DivisionRing, Data_DivisionRing.DivisionRing, Constructor_Data_DivisionRing_DivisionRing[gopurs_runtime.Value], 1), destT=Struct(Data_Data_DivisionRing_DivisionRing, Data_DivisionRing.DivisionRing, Constructor_Data_DivisionRing_DivisionRing[uint32], 1) with fields=0
Generating Rebox_Data_Int_2384868323_2381053422 for srcT=Struct(Data_Data_DivisionRing_DivisionRing, Data_DivisionRing.DivisionRing, Constructor_Data_DivisionRing_DivisionRing[uint32], 1), destT=Struct(Data_Data_DivisionRing_DivisionRing, Data_DivisionRing.DivisionRing, Constructor_Data_DivisionRing_DivisionRing[gopurs_runtime.Value], 1) with fields=0
Generating Rebox_Data_Int_3790796878_3768443459 for srcT=Struct(Data_Data_Eq_Eq, Data_Eq.Eq, Constructor_Data_Eq_Eq[gopurs_runtime.Value], 1), destT=Struct(Data_Data_Eq_Eq, Data_Eq.Eq, Constructor_Data_Eq_Eq[uint32], 1) with fields=0
Generating Rebox_Data_Int_3768443459_3790796878 for srcT=Struct(Data_Data_Eq_Eq, Data_Eq.Eq, Constructor_Data_Eq_Eq[uint32], 1), destT=Struct(Data_Data_Eq_Eq, Data_Eq.Eq, Constructor_Data_Eq_Eq[gopurs_runtime.Value], 1) with fields=0
Generating Rebox_Data_Int_1774031598_3263107363 for srcT=Struct(Data_Data_EuclideanRing_EuclideanRing, Data_EuclideanRing.EuclideanRing, Constructor_Data_EuclideanRing_EuclideanRing[gopurs_runtime.Value], 1), destT=Struct(Data_Data_EuclideanRing_EuclideanRing, Data_EuclideanRing.EuclideanRing, Constructor_Data_EuclideanRing_EuclideanRing[uint32], 1) with fields=0
Generating Rebox_Data_Int_3263107363_1774031598 for srcT=Struct(Data_Data_EuclideanRing_EuclideanRing, Data_EuclideanRing.EuclideanRing, Constructor_Data_EuclideanRing_EuclideanRing[uint32], 1), destT=Struct(Data_Data_EuclideanRing_EuclideanRing, Data_EuclideanRing.EuclideanRing, Constructor_Data_EuclideanRing_EuclideanRing[gopurs_runtime.Value], 1) with fields=0
Generating Rebox_Data_Int_3094389156_1170268447 for srcT=Struct(Data_Data_Maybe_Just, Data_Maybe.Just, Constructor_Data_Maybe_Just[gopurs_runtime.Value], 1), destT=Struct(Data_Data_Maybe_Just, Data_Maybe.Just, Constructor_Data_Maybe_Just[int64], 1) with fields=1
Generating Rebox_Data_Int_1170268447_3094389156 for srcT=Struct(Data_Data_Maybe_Just, Data_Maybe.Just, Constructor_Data_Maybe_Just[int64], 1), destT=Struct(Data_Data_Maybe_Just, Data_Maybe.Just, Constructor_Data_Maybe_Just[gopurs_runtime.Value], 1) with fields=1
Generating Rebox_Data_Int_4177771502_3730953251 for srcT=Struct(Data_Data_Ord_Ord, Data_Ord.Ord, Constructor_Data_Ord_Ord[gopurs_runtime.Value], 1), destT=Struct(Data_Data_Ord_Ord, Data_Ord.Ord, Constructor_Data_Ord_Ord[uint32], 1) with fields=0
Generating Rebox_Data_Int_3730953251_4177771502 for srcT=Struct(Data_Data_Ord_Ord, Data_Ord.Ord, Constructor_Data_Ord_Ord[uint32], 1), destT=Struct(Data_Data_Ord_Ord, Data_Ord.Ord, Constructor_Data_Ord_Ord[gopurs_runtime.Value], 1) with fields=0
Generating Rebox_Data_Int_3060961102_2370240579 for srcT=Struct(Data_Data_Ring_Ring, Data_Ring.Ring, Constructor_Data_Ring_Ring[gopurs_runtime.Value], 1), destT=Struct(Data_Data_Ring_Ring, Data_Ring.Ring, Constructor_Data_Ring_Ring[uint32], 1) with fields=0
Generating Rebox_Data_Int_2370240579_3060961102 for srcT=Struct(Data_Data_Ring_Ring, Data_Ring.Ring, Constructor_Data_Ring_Ring[uint32], 1), destT=Struct(Data_Data_Ring_Ring, Data_Ring.Ring, Constructor_Data_Ring_Ring[gopurs_runtime.Value], 1) with fields=0
Generating Rebox_Data_Int_2826095630_2722024963 for srcT=Struct(Data_Data_Semiring_Semiring, Data_Semiring.Semiring, Constructor_Data_Semiring_Semiring[gopurs_runtime.Value], 1), destT=Struct(Data_Data_Semiring_Semiring, Data_Semiring.Semiring, Constructor_Data_Semiring_Semiring[uint32], 1) with fields=0
Generating Rebox_Data_Int_2722024963_2826095630 for srcT=Struct(Data_Data_Semiring_Semiring, Data_Semiring.Semiring, Constructor_Data_Semiring_Semiring[uint32], 1), destT=Struct(Data_Data_Semiring_Semiring, Data_Semiring.Semiring, Constructor_Data_Semiring_Semiring[gopurs_runtime.Value], 1) with fields=0
Generating Rebox_Data_Int_1386611502_1209612131 for srcT=Struct(Data_Data_Show_Show, Data_Show.Show, Constructor_Data_Show_Show[gopurs_runtime.Value], 1), destT=Struct(Data_Data_Show_Show, Data_Show.Show, Constructor_Data_Show_Show[uint32], 1) with fields=0
Generating Rebox_Data_Int_1209612131_1386611502 for srcT=Struct(Data_Data_Show_Show, Data_Show.Show, Constructor_Data_Show_Show[uint32], 1), destT=Struct(Data_Data_Show_Show, Data_Show.Show, Constructor_Data_Show_Show[gopurs_runtime.Value], 1) with fields=0
Generating Rebox_Data_Time_Duration_687527510_3790796878 for srcT=Struct(Data_Data_Eq_Eq, Data_Eq.Eq, Constructor_Data_Eq_Eq[float64], 1), destT=Struct(Data_Data_Eq_Eq, Data_Eq.Eq, Constructor_Data_Eq_Eq[gopurs_runtime.Value], 1) with fields=0
Generating Rebox_Data_Time_Duration_3790796878_687527510 for srcT=Struct(Data_Data_Eq_Eq, Data_Eq.Eq, Constructor_Data_Eq_Eq[gopurs_runtime.Value], 1), destT=Struct(Data_Data_Eq_Eq, Data_Eq.Eq, Constructor_Data_Eq_Eq[float64], 1) with fields=0
Generating Rebox_Data_Time_Duration_321927638_1201789390 for srcT=Struct(Data_Data_Monoid_Monoid, Data_Monoid.Monoid, Constructor_Data_Monoid_Monoid[float64], 1), destT=Struct(Data_Data_Monoid_Monoid, Data_Monoid.Monoid, Constructor_Data_Monoid_Monoid[gopurs_runtime.Value], 1) with fields=0
Generating Rebox_Data_Time_Duration_1201789390_321927638 for srcT=Struct(Data_Data_Monoid_Monoid, Data_Monoid.Monoid, Constructor_Data_Monoid_Monoid[gopurs_runtime.Value], 1), destT=Struct(Data_Data_Monoid_Monoid, Data_Monoid.Monoid, Constructor_Data_Monoid_Monoid[float64], 1) with fields=0
Generating Rebox_Data_Time_Duration_4289840808_385277032 for srcT=Struct(Data_Data_Newtype_Newtype, Data_Newtype.Newtype, Constructor_Data_Newtype_Newtype[float64, float64], 2), destT=Struct(Data_Data_Newtype_Newtype, Data_Newtype.Newtype, Constructor_Data_Newtype_Newtype[gopurs_runtime.Value, gopurs_runtime.Value], 2) with fields=0
Generating Rebox_Data_Time_Duration_385277032_4289840808 for srcT=Struct(Data_Data_Newtype_Newtype, Data_Newtype.Newtype, Constructor_Data_Newtype_Newtype[gopurs_runtime.Value, gopurs_runtime.Value], 2), destT=Struct(Data_Data_Newtype_Newtype, Data_Newtype.Newtype, Constructor_Data_Newtype_Newtype[float64, float64], 2) with fields=0
Generating Rebox_Data_Time_Duration_3047586294_4177771502 for srcT=Struct(Data_Data_Ord_Ord, Data_Ord.Ord, Constructor_Data_Ord_Ord[float64], 1), destT=Struct(Data_Data_Ord_Ord, Data_Ord.Ord, Constructor_Data_Ord_Ord[gopurs_runtime.Value], 1) with fields=0
Generating Rebox_Data_Time_Duration_4177771502_3047586294 for srcT=Struct(Data_Data_Ord_Ord, Data_Ord.Ord, Constructor_Data_Ord_Ord[gopurs_runtime.Value], 1), destT=Struct(Data_Data_Ord_Ord, Data_Ord.Ord, Constructor_Data_Ord_Ord[float64], 1) with fields=0
Generating Rebox_Data_Time_Duration_1640832054_4179793454 for srcT=Struct(Data_Data_Semigroup_Semigroup, Data_Semigroup.Semigroup, Constructor_Data_Semigroup_Semigroup[float64], 1), destT=Struct(Data_Data_Semigroup_Semigroup, Data_Semigroup.Semigroup, Constructor_Data_Semigroup_Semigroup[gopurs_runtime.Value], 1) with fields=0
Generating Rebox_Data_Time_Duration_4179793454_1640832054 for srcT=Struct(Data_Data_Semigroup_Semigroup, Data_Semigroup.Semigroup, Constructor_Data_Semigroup_Semigroup[gopurs_runtime.Value], 1), destT=Struct(Data_Data_Semigroup_Semigroup, Data_Semigroup.Semigroup, Constructor_Data_Semigroup_Semigroup[float64], 1) with fields=0
Generating Rebox_Data_Time_Duration_3263178038_1386611502 for srcT=Struct(Data_Data_Show_Show, Data_Show.Show, Constructor_Data_Show_Show[float64], 1), destT=Struct(Data_Data_Show_Show, Data_Show.Show, Constructor_Data_Show_Show[gopurs_runtime.Value], 1) with fields=0
Generating Rebox_Data_Time_Duration_1386611502_3263178038 for srcT=Struct(Data_Data_Show_Show, Data_Show.Show, Constructor_Data_Show_Show[gopurs_runtime.Value], 1), destT=Struct(Data_Data_Show_Show, Data_Show.Show, Constructor_Data_Show_Show[float64], 1) with fields=0
Generating Rebox_Data_Time_Duration_3362292604_1457896548 for srcT=Struct(Data_Data_Time_Duration_Duration, Data_Time_Duration.Duration, Constructor_Data_Time_Duration_Duration[float64], 1), destT=Struct(Data_Data_Time_Duration_Duration, Data_Time_Duration.Duration, Constructor_Data_Time_Duration_Duration[gopurs_runtime.Value], 1) with fields=0
Generating Rebox_Data_Time_Duration_1457896548_3362292604 for srcT=Struct(Data_Data_Time_Duration_Duration, Data_Time_Duration.Duration, Constructor_Data_Time_Duration_Duration[gopurs_runtime.Value], 1), destT=Struct(Data_Data_Time_Duration_Duration, Data_Time_Duration.Duration, Constructor_Data_Time_Duration_Duration[float64], 1) with fields=0
Generating Rebox_Data_Date_3523628265_2094947566 for srcT=Struct(Data_Data_Bounded_Bounded, Data_Bounded.Bounded, Constructor_Data_Bounded_Bounded[*Constructor_Data_Date_Date], 1), destT=Struct(Data_Data_Bounded_Bounded, Data_Bounded.Bounded, Constructor_Data_Bounded_Bounded[gopurs_runtime.Value], 1) with fields=0
Generating Rebox_Data_Date_2094947566_3523628265 for srcT=Struct(Data_Data_Bounded_Bounded, Data_Bounded.Bounded, Constructor_Data_Bounded_Bounded[gopurs_runtime.Value], 1), destT=Struct(Data_Data_Bounded_Bounded, Data_Bounded.Bounded, Constructor_Data_Bounded_Bounded[*Constructor_Data_Date_Date], 1) with fields=0
Generating Rebox_Data_Date_123048125_1306125126 for srcT=Struct(Data_Data_Enum_BoundedEnum, Data_Enum.BoundedEnum, Constructor_Data_Enum_BoundedEnum[gopurs_runtime.Value], 1), destT=Struct(Data_Data_Enum_BoundedEnum, Data_Enum.BoundedEnum, Constructor_Data_Enum_BoundedEnum[int64], 1) with fields=0
Generating Rebox_Data_Date_1306125126_123048125 for srcT=Struct(Data_Data_Enum_BoundedEnum, Data_Enum.BoundedEnum, Constructor_Data_Enum_BoundedEnum[int64], 1), destT=Struct(Data_Data_Enum_BoundedEnum, Data_Enum.BoundedEnum, Constructor_Data_Enum_BoundedEnum[gopurs_runtime.Value], 1) with fields=0
Generating Rebox_Data_Date_3494563625_556578094 for srcT=Struct(Data_Data_Enum_Enum, Data_Enum.Enum, Constructor_Data_Enum_Enum[*Constructor_Data_Date_Date], 1), destT=Struct(Data_Data_Enum_Enum, Data_Enum.Enum, Constructor_Data_Enum_Enum[gopurs_runtime.Value], 1) with fields=0
Generating Rebox_Data_Date_556578094_3494563625 for srcT=Struct(Data_Data_Enum_Enum, Data_Enum.Enum, Constructor_Data_Enum_Enum[gopurs_runtime.Value], 1), destT=Struct(Data_Data_Enum_Enum, Data_Enum.Enum, Constructor_Data_Enum_Enum[*Constructor_Data_Date_Date], 1) with fields=0
Generating Rebox_Data_Date_556578094_2359585123 for srcT=Struct(Data_Data_Enum_Enum, Data_Enum.Enum, Constructor_Data_Enum_Enum[gopurs_runtime.Value], 1), destT=Struct(Data_Data_Enum_Enum, Data_Enum.Enum, Constructor_Data_Enum_Enum[uint32], 1) with fields=0
Generating Rebox_Data_Date_2359585123_556578094 for srcT=Struct(Data_Data_Enum_Enum, Data_Enum.Enum, Constructor_Data_Enum_Enum[uint32], 1), destT=Struct(Data_Data_Enum_Enum, Data_Enum.Enum, Constructor_Data_Enum_Enum[gopurs_runtime.Value], 1) with fields=0
Generating Rebox_Data_Date_1957390985_3790796878 for srcT=Struct(Data_Data_Eq_Eq, Data_Eq.Eq, Constructor_Data_Eq_Eq[*Constructor_Data_Date_Date], 1), destT=Struct(Data_Data_Eq_Eq, Data_Eq.Eq, Constructor_Data_Eq_Eq[gopurs_runtime.Value], 1) with fields=0
Generating Rebox_Data_Date_3508461103_3790796878 for srcT=Struct(Data_Data_Eq_Eq, Data_Eq.Eq, Constructor_Data_Eq_Eq[*Constructor_Data_Maybe_Just[gopurs_runtime.Value]], 1), destT=Struct(Data_Data_Eq_Eq, Data_Eq.Eq, Constructor_Data_Eq_Eq[gopurs_runtime.Value], 1) with fields=0
Generating Rebox_Data_Date_3790796878_1957390985 for srcT=Struct(Data_Data_Eq_Eq, Data_Eq.Eq, Constructor_Data_Eq_Eq[gopurs_runtime.Value], 1), destT=Struct(Data_Data_Eq_Eq, Data_Eq.Eq, Constructor_Data_Eq_Eq[*Constructor_Data_Date_Date], 1) with fields=0
Generating Rebox_Data_Date_3790796878_3508461103 for srcT=Struct(Data_Data_Eq_Eq, Data_Eq.Eq, Constructor_Data_Eq_Eq[gopurs_runtime.Value], 1), destT=Struct(Data_Data_Eq_Eq, Data_Eq.Eq, Constructor_Data_Eq_Eq[*Constructor_Data_Maybe_Just[gopurs_runtime.Value]], 1) with fields=0
Generating Rebox_Data_Date_2280409795_3094389156 for srcT=Struct(Data_Data_Maybe_Just, Data_Maybe.Just, Constructor_Data_Maybe_Just[*Constructor_Data_Date_Date], 1), destT=Struct(Data_Data_Maybe_Just, Data_Maybe.Just, Constructor_Data_Maybe_Just[gopurs_runtime.Value], 1) with fields=1
Generating Rebox_Data_Date_3094389156_2280409795 for srcT=Struct(Data_Data_Maybe_Just, Data_Maybe.Just, Constructor_Data_Maybe_Just[gopurs_runtime.Value], 1), destT=Struct(Data_Data_Maybe_Just, Data_Maybe.Just, Constructor_Data_Maybe_Just[*Constructor_Data_Date_Date], 1) with fields=1
Generating Rebox_Data_Date_3094389156_1170268447 for srcT=Struct(Data_Data_Maybe_Just, Data_Maybe.Just, Constructor_Data_Maybe_Just[gopurs_runtime.Value], 1), destT=Struct(Data_Data_Maybe_Just, Data_Maybe.Just, Constructor_Data_Maybe_Just[int64], 1) with fields=1
Generating Rebox_Data_Date_3094389156_622082505 for srcT=Struct(Data_Data_Maybe_Just, Data_Maybe.Just, Constructor_Data_Maybe_Just[gopurs_runtime.Value], 1), destT=Struct(Data_Data_Maybe_Just, Data_Maybe.Just, Constructor_Data_Maybe_Just[uint32], 1) with fields=1
Generating Rebox_Data_Date_1170268447_3094389156 for srcT=Struct(Data_Data_Maybe_Just, Data_Maybe.Just, Constructor_Data_Maybe_Just[int64], 1), destT=Struct(Data_Data_Maybe_Just, Data_Maybe.Just, Constructor_Data_Maybe_Just[gopurs_runtime.Value], 1) with fields=1
Generating Rebox_Data_Date_758368489_4177771502 for srcT=Struct(Data_Data_Ord_Ord, Data_Ord.Ord, Constructor_Data_Ord_Ord[*Constructor_Data_Date_Date], 1), destT=Struct(Data_Data_Ord_Ord, Data_Ord.Ord, Constructor_Data_Ord_Ord[gopurs_runtime.Value], 1) with fields=0
Generating Rebox_Data_Date_2155612431_4177771502 for srcT=Struct(Data_Data_Ord_Ord, Data_Ord.Ord, Constructor_Data_Ord_Ord[*Constructor_Data_Maybe_Just[gopurs_runtime.Value]], 1), destT=Struct(Data_Data_Ord_Ord, Data_Ord.Ord, Constructor_Data_Ord_Ord[gopurs_runtime.Value], 1) with fields=0
Generating Rebox_Data_Date_4177771502_758368489 for srcT=Struct(Data_Data_Ord_Ord, Data_Ord.Ord, Constructor_Data_Ord_Ord[gopurs_runtime.Value], 1), destT=Struct(Data_Data_Ord_Ord, Data_Ord.Ord, Constructor_Data_Ord_Ord[*Constructor_Data_Date_Date], 1) with fields=0
Generating Rebox_Data_Date_4177771502_2155612431 for srcT=Struct(Data_Data_Ord_Ord, Data_Ord.Ord, Constructor_Data_Ord_Ord[gopurs_runtime.Value], 1), destT=Struct(Data_Data_Ord_Ord, Data_Ord.Ord, Constructor_Data_Ord_Ord[*Constructor_Data_Maybe_Just[gopurs_runtime.Value]], 1) with fields=0
Generating Rebox_Data_Date_4177771502_3308271157 for srcT=Struct(Data_Data_Ord_Ord, Data_Ord.Ord, Constructor_Data_Ord_Ord[gopurs_runtime.Value], 1), destT=Struct(Data_Data_Ord_Ord, Data_Ord.Ord, Constructor_Data_Ord_Ord[int64], 1) with fields=0
Generating Rebox_Data_Date_4177771502_3730953251 for srcT=Struct(Data_Data_Ord_Ord, Data_Ord.Ord, Constructor_Data_Ord_Ord[gopurs_runtime.Value], 1), destT=Struct(Data_Data_Ord_Ord, Data_Ord.Ord, Constructor_Data_Ord_Ord[uint32], 1) with fields=0
Generating Rebox_Data_Date_3308271157_4177771502 for srcT=Struct(Data_Data_Ord_Ord, Data_Ord.Ord, Constructor_Data_Ord_Ord[int64], 1), destT=Struct(Data_Data_Ord_Ord, Data_Ord.Ord, Constructor_Data_Ord_Ord[gopurs_runtime.Value], 1) with fields=0
Generating Rebox_Data_Date_3730953251_4177771502 for srcT=Struct(Data_Data_Ord_Ord, Data_Ord.Ord, Constructor_Data_Ord_Ord[uint32], 1), destT=Struct(Data_Data_Ord_Ord, Data_Ord.Ord, Constructor_Data_Ord_Ord[gopurs_runtime.Value], 1) with fields=0
Generating Rebox_Data_Date_1726078761_1386611502 for srcT=Struct(Data_Data_Show_Show, Data_Show.Show, Constructor_Data_Show_Show[*Constructor_Data_Date_Date], 1), destT=Struct(Data_Data_Show_Show, Data_Show.Show, Constructor_Data_Show_Show[gopurs_runtime.Value], 1) with fields=0
Generating Rebox_Data_Date_1386611502_1726078761 for srcT=Struct(Data_Data_Show_Show, Data_Show.Show, Constructor_Data_Show_Show[gopurs_runtime.Value], 1), destT=Struct(Data_Data_Show_Show, Data_Show.Show, Constructor_Data_Show_Show[*Constructor_Data_Date_Date], 1) with fields=0
Generating Rebox_Data_Enum_Gen_4217626592_4151366573 for srcT=Struct(Data_Data_Semigroup_Foldable_Foldable1, Data_Semigroup_Foldable.Foldable1, Constructor_Data_Semigroup_Foldable_Foldable1[*Constructor_Data_NonEmpty_NonEmpty[gopurs_runtime.Value, gopurs_runtime.Value]], 1), destT=Struct(Data_Data_Semigroup_Foldable_Foldable1, Data_Semigroup_Foldable.Foldable1, Constructor_Data_Semigroup_Foldable_Foldable1[gopurs_runtime.Value], 1) with fields=0
Generating Rebox_Data_Enum_Gen_4151366573_4217626592 for srcT=Struct(Data_Data_Semigroup_Foldable_Foldable1, Data_Semigroup_Foldable.Foldable1, Constructor_Data_Semigroup_Foldable_Foldable1[gopurs_runtime.Value], 1), destT=Struct(Data_Data_Semigroup_Foldable_Foldable1, Data_Semigroup_Foldable.Foldable1, Constructor_Data_Semigroup_Foldable_Foldable1[*Constructor_Data_NonEmpty_NonEmpty[gopurs_runtime.Value, gopurs_runtime.Value]], 1) with fields=0
Generating Rebox_Data_Date_Component_Gen_123048125_1306125126 for srcT=Struct(Data_Data_Enum_BoundedEnum, Data_Enum.BoundedEnum, Constructor_Data_Enum_BoundedEnum[gopurs_runtime.Value], 1), destT=Struct(Data_Data_Enum_BoundedEnum, Data_Enum.BoundedEnum, Constructor_Data_Enum_BoundedEnum[int64], 1) with fields=0
Generating Rebox_Data_Date_Component_Gen_123048125_4021906832 for srcT=Struct(Data_Data_Enum_BoundedEnum, Data_Enum.BoundedEnum, Constructor_Data_Enum_BoundedEnum[gopurs_runtime.Value], 1), destT=Struct(Data_Data_Enum_BoundedEnum, Data_Enum.BoundedEnum, Constructor_Data_Enum_BoundedEnum[uint32], 1) with fields=0
Generating Rebox_Data_Date_Component_Gen_1306125126_123048125 for srcT=Struct(Data_Data_Enum_BoundedEnum, Data_Enum.BoundedEnum, Constructor_Data_Enum_BoundedEnum[int64], 1), destT=Struct(Data_Data_Enum_BoundedEnum, Data_Enum.BoundedEnum, Constructor_Data_Enum_BoundedEnum[gopurs_runtime.Value], 1) with fields=0
Generating Rebox_Data_Date_Component_Gen_4021906832_123048125 for srcT=Struct(Data_Data_Enum_BoundedEnum, Data_Enum.BoundedEnum, Constructor_Data_Enum_BoundedEnum[uint32], 1), destT=Struct(Data_Data_Enum_BoundedEnum, Data_Enum.BoundedEnum, Constructor_Data_Enum_BoundedEnum[gopurs_runtime.Value], 1) with fields=0
Generating Rebox_Data_Date_Component_Gen_1170268447_3094389156 for srcT=Struct(Data_Data_Maybe_Just, Data_Maybe.Just, Constructor_Data_Maybe_Just[int64], 1), destT=Struct(Data_Data_Maybe_Just, Data_Maybe.Just, Constructor_Data_Maybe_Just[gopurs_runtime.Value], 1) with fields=1
Generating Rebox_Data_Date_Gen_2280409795_3094389156 for srcT=Struct(Data_Data_Maybe_Just, Data_Maybe.Just, Constructor_Data_Maybe_Just[*Constructor_Data_Date_Date], 1), destT=Struct(Data_Data_Maybe_Just, Data_Maybe.Just, Constructor_Data_Maybe_Just[gopurs_runtime.Value], 1) with fields=1
Generating Rebox_Data_Date_Gen_3094389156_2280409795 for srcT=Struct(Data_Data_Maybe_Just, Data_Maybe.Just, Constructor_Data_Maybe_Just[gopurs_runtime.Value], 1), destT=Struct(Data_Data_Maybe_Just, Data_Maybe.Just, Constructor_Data_Maybe_Just[*Constructor_Data_Date_Date], 1) with fields=1
Generating Rebox_Data_Date_Gen_1170268447_3094389156 for srcT=Struct(Data_Data_Maybe_Just, Data_Maybe.Just, Constructor_Data_Maybe_Just[int64], 1), destT=Struct(Data_Data_Maybe_Just, Data_Maybe.Just, Constructor_Data_Maybe_Just[gopurs_runtime.Value], 1) with fields=1
Generating Rebox_Data_Time_Component_2094947566_3764732725 for srcT=Struct(Data_Data_Bounded_Bounded, Data_Bounded.Bounded, Constructor_Data_Bounded_Bounded[gopurs_runtime.Value], 1), destT=Struct(Data_Data_Bounded_Bounded, Data_Bounded.Bounded, Constructor_Data_Bounded_Bounded[int64], 1) with fields=0
Generating Rebox_Data_Time_Component_3764732725_2094947566 for srcT=Struct(Data_Data_Bounded_Bounded, Data_Bounded.Bounded, Constructor_Data_Bounded_Bounded[int64], 1), destT=Struct(Data_Data_Bounded_Bounded, Data_Bounded.Bounded, Constructor_Data_Bounded_Bounded[gopurs_runtime.Value], 1) with fields=0
Generating Rebox_Data_Time_Component_123048125_1306125126 for srcT=Struct(Data_Data_Enum_BoundedEnum, Data_Enum.BoundedEnum, Constructor_Data_Enum_BoundedEnum[gopurs_runtime.Value], 1), destT=Struct(Data_Data_Enum_BoundedEnum, Data_Enum.BoundedEnum, Constructor_Data_Enum_BoundedEnum[int64], 1) with fields=0
Generating Rebox_Data_Time_Component_1306125126_123048125 for srcT=Struct(Data_Data_Enum_BoundedEnum, Data_Enum.BoundedEnum, Constructor_Data_Enum_BoundedEnum[int64], 1), destT=Struct(Data_Data_Enum_BoundedEnum, Data_Enum.BoundedEnum, Constructor_Data_Enum_BoundedEnum[gopurs_runtime.Value], 1) with fields=0
Generating Rebox_Data_Time_Component_556578094_4060049525 for srcT=Struct(Data_Data_Enum_Enum, Data_Enum.Enum, Constructor_Data_Enum_Enum[gopurs_runtime.Value], 1), destT=Struct(Data_Data_Enum_Enum, Data_Enum.Enum, Constructor_Data_Enum_Enum[int64], 1) with fields=0
Generating Rebox_Data_Time_Component_4060049525_556578094 for srcT=Struct(Data_Data_Enum_Enum, Data_Enum.Enum, Constructor_Data_Enum_Enum[int64], 1), destT=Struct(Data_Data_Enum_Enum, Data_Enum.Enum, Constructor_Data_Enum_Enum[gopurs_runtime.Value], 1) with fields=0
Generating Rebox_Data_Time_Component_3790796878_1053099733 for srcT=Struct(Data_Data_Eq_Eq, Data_Eq.Eq, Constructor_Data_Eq_Eq[gopurs_runtime.Value], 1), destT=Struct(Data_Data_Eq_Eq, Data_Eq.Eq, Constructor_Data_Eq_Eq[int64], 1) with fields=0
Generating Rebox_Data_Time_Component_1053099733_3790796878 for srcT=Struct(Data_Data_Eq_Eq, Data_Eq.Eq, Constructor_Data_Eq_Eq[int64], 1), destT=Struct(Data_Data_Eq_Eq, Data_Eq.Eq, Constructor_Data_Eq_Eq[gopurs_runtime.Value], 1) with fields=0
Generating Rebox_Data_Time_Component_1170268447_3094389156 for srcT=Struct(Data_Data_Maybe_Just, Data_Maybe.Just, Constructor_Data_Maybe_Just[int64], 1), destT=Struct(Data_Data_Maybe_Just, Data_Maybe.Just, Constructor_Data_Maybe_Just[gopurs_runtime.Value], 1) with fields=1
Generating Rebox_Data_Time_Component_4177771502_3308271157 for srcT=Struct(Data_Data_Ord_Ord, Data_Ord.Ord, Constructor_Data_Ord_Ord[gopurs_runtime.Value], 1), destT=Struct(Data_Data_Ord_Ord, Data_Ord.Ord, Constructor_Data_Ord_Ord[int64], 1) with fields=0
Generating Rebox_Data_Time_Component_3308271157_4177771502 for srcT=Struct(Data_Data_Ord_Ord, Data_Ord.Ord, Constructor_Data_Ord_Ord[int64], 1), destT=Struct(Data_Data_Ord_Ord, Data_Ord.Ord, Constructor_Data_Ord_Ord[gopurs_runtime.Value], 1) with fields=0
Generating Rebox_Data_Time_Component_1386611502_1636311157 for srcT=Struct(Data_Data_Show_Show, Data_Show.Show, Constructor_Data_Show_Show[gopurs_runtime.Value], 1), destT=Struct(Data_Data_Show_Show, Data_Show.Show, Constructor_Data_Show_Show[int64], 1) with fields=0
Generating Rebox_Data_Time_Component_1636311157_1386611502 for srcT=Struct(Data_Data_Show_Show, Data_Show.Show, Constructor_Data_Show_Show[int64], 1), destT=Struct(Data_Data_Show_Show, Data_Show.Show, Constructor_Data_Show_Show[gopurs_runtime.Value], 1) with fields=0
Generating Rebox_Data_Time_4136451977_2094947566 for srcT=Struct(Data_Data_Bounded_Bounded, Data_Bounded.Bounded, Constructor_Data_Bounded_Bounded[*Constructor_Data_Time_Time], 1), destT=Struct(Data_Data_Bounded_Bounded, Data_Bounded.Bounded, Constructor_Data_Bounded_Bounded[gopurs_runtime.Value], 1) with fields=0
Generating Rebox_Data_Time_2094947566_4136451977 for srcT=Struct(Data_Data_Bounded_Bounded, Data_Bounded.Bounded, Constructor_Data_Bounded_Bounded[gopurs_runtime.Value], 1), destT=Struct(Data_Data_Bounded_Bounded, Data_Bounded.Bounded, Constructor_Data_Bounded_Bounded[*Constructor_Data_Time_Time], 1) with fields=0
Generating Rebox_Data_Time_2330623017_3790796878 for srcT=Struct(Data_Data_Eq_Eq, Data_Eq.Eq, Constructor_Data_Eq_Eq[*Constructor_Data_Time_Time], 1), destT=Struct(Data_Data_Eq_Eq, Data_Eq.Eq, Constructor_Data_Eq_Eq[gopurs_runtime.Value], 1) with fields=0
Generating Rebox_Data_Time_3790796878_2330623017 for srcT=Struct(Data_Data_Eq_Eq, Data_Eq.Eq, Constructor_Data_Eq_Eq[gopurs_runtime.Value], 1), destT=Struct(Data_Data_Eq_Eq, Data_Eq.Eq, Constructor_Data_Eq_Eq[*Constructor_Data_Time_Time], 1) with fields=0
Generating Rebox_Data_Time_3094389156_3839235747 for srcT=Struct(Data_Data_Maybe_Just, Data_Maybe.Just, Constructor_Data_Maybe_Just[gopurs_runtime.Value], 1), destT=Struct(Data_Data_Maybe_Just, Data_Maybe.Just, Constructor_Data_Maybe_Just[*Constructor_Data_Time_Time], 1) with fields=1
Generating Rebox_Data_Time_3383090825_4177771502 for srcT=Struct(Data_Data_Ord_Ord, Data_Ord.Ord, Constructor_Data_Ord_Ord[*Constructor_Data_Time_Time], 1), destT=Struct(Data_Data_Ord_Ord, Data_Ord.Ord, Constructor_Data_Ord_Ord[gopurs_runtime.Value], 1) with fields=0
Generating Rebox_Data_Time_4177771502_3383090825 for srcT=Struct(Data_Data_Ord_Ord, Data_Ord.Ord, Constructor_Data_Ord_Ord[gopurs_runtime.Value], 1), destT=Struct(Data_Data_Ord_Ord, Data_Ord.Ord, Constructor_Data_Ord_Ord[*Constructor_Data_Time_Time], 1) with fields=0
Generating Rebox_Data_Time_4177771502_3308271157 for srcT=Struct(Data_Data_Ord_Ord, Data_Ord.Ord, Constructor_Data_Ord_Ord[gopurs_runtime.Value], 1), destT=Struct(Data_Data_Ord_Ord, Data_Ord.Ord, Constructor_Data_Ord_Ord[int64], 1) with fields=0
Generating Rebox_Data_Time_3308271157_4177771502 for srcT=Struct(Data_Data_Ord_Ord, Data_Ord.Ord, Constructor_Data_Ord_Ord[int64], 1), destT=Struct(Data_Data_Ord_Ord, Data_Ord.Ord, Constructor_Data_Ord_Ord[gopurs_runtime.Value], 1) with fields=0
Generating Rebox_Data_Time_4160946377_1386611502 for srcT=Struct(Data_Data_Show_Show, Data_Show.Show, Constructor_Data_Show_Show[*Constructor_Data_Time_Time], 1), destT=Struct(Data_Data_Show_Show, Data_Show.Show, Constructor_Data_Show_Show[gopurs_runtime.Value], 1) with fields=0
Generating Rebox_Data_Time_1386611502_4160946377 for srcT=Struct(Data_Data_Show_Show, Data_Show.Show, Constructor_Data_Show_Show[gopurs_runtime.Value], 1), destT=Struct(Data_Data_Show_Show, Data_Show.Show, Constructor_Data_Show_Show[*Constructor_Data_Time_Time], 1) with fields=0
Generating Rebox_Data_Time_4002750455_138441832 for srcT=Struct(Data_Data_Tuple_Tuple, Data_Tuple.Tuple, Constructor_Data_Tuple_Tuple[float64, *Constructor_Data_Time_Time], 2), destT=Struct(Data_Data_Tuple_Tuple, Data_Tuple.Tuple, Constructor_Data_Tuple_Tuple[gopurs_runtime.Value, gopurs_runtime.Value], 2) with fields=2
Generating Rebox_Data_DateTime_3247149001_2094947566 for srcT=Struct(Data_Data_Bounded_Bounded, Data_Bounded.Bounded, Constructor_Data_Bounded_Bounded[*Constructor_Data_DateTime_DateTime], 1), destT=Struct(Data_Data_Bounded_Bounded, Data_Bounded.Bounded, Constructor_Data_Bounded_Bounded[gopurs_runtime.Value], 1) with fields=0
Generating Rebox_Data_DateTime_2094947566_3247149001 for srcT=Struct(Data_Data_Bounded_Bounded, Data_Bounded.Bounded, Constructor_Data_Bounded_Bounded[gopurs_runtime.Value], 1), destT=Struct(Data_Data_Bounded_Bounded, Data_Bounded.Bounded, Constructor_Data_Bounded_Bounded[*Constructor_Data_DateTime_DateTime], 1) with fields=0
Generating Rebox_Data_DateTime_503123561_3790796878 for srcT=Struct(Data_Data_Eq_Eq, Data_Eq.Eq, Constructor_Data_Eq_Eq[*Constructor_Data_DateTime_DateTime], 1), destT=Struct(Data_Data_Eq_Eq, Data_Eq.Eq, Constructor_Data_Eq_Eq[gopurs_runtime.Value], 1) with fields=0
Generating Rebox_Data_DateTime_1957390985_3790796878 for srcT=Struct(Data_Data_Eq_Eq, Data_Eq.Eq, Constructor_Data_Eq_Eq[*Constructor_Data_Date_Date], 1), destT=Struct(Data_Data_Eq_Eq, Data_Eq.Eq, Constructor_Data_Eq_Eq[gopurs_runtime.Value], 1) with fields=0
Generating Rebox_Data_DateTime_3790796878_503123561 for srcT=Struct(Data_Data_Eq_Eq, Data_Eq.Eq, Constructor_Data_Eq_Eq[gopurs_runtime.Value], 1), destT=Struct(Data_Data_Eq_Eq, Data_Eq.Eq, Constructor_Data_Eq_Eq[*Constructor_Data_DateTime_DateTime], 1) with fields=0
Generating Rebox_Data_DateTime_3790796878_1957390985 for srcT=Struct(Data_Data_Eq_Eq, Data_Eq.Eq, Constructor_Data_Eq_Eq[gopurs_runtime.Value], 1), destT=Struct(Data_Data_Eq_Eq, Data_Eq.Eq, Constructor_Data_Eq_Eq[*Constructor_Data_Date_Date], 1) with fields=0
Generating Rebox_Data_DateTime_4151030883_3094389156 for srcT=Struct(Data_Data_Maybe_Just, Data_Maybe.Just, Constructor_Data_Maybe_Just[*Constructor_Data_DateTime_DateTime], 1), destT=Struct(Data_Data_Maybe_Just, Data_Maybe.Just, Constructor_Data_Maybe_Just[gopurs_runtime.Value], 1) with fields=1
Generating Rebox_Data_DateTime_3094389156_4151030883 for srcT=Struct(Data_Data_Maybe_Just, Data_Maybe.Just, Constructor_Data_Maybe_Just[gopurs_runtime.Value], 1), destT=Struct(Data_Data_Maybe_Just, Data_Maybe.Just, Constructor_Data_Maybe_Just[*Constructor_Data_DateTime_DateTime], 1) with fields=1
Generating Rebox_Data_DateTime_3094389156_2280409795 for srcT=Struct(Data_Data_Maybe_Just, Data_Maybe.Just, Constructor_Data_Maybe_Just[gopurs_runtime.Value], 1), destT=Struct(Data_Data_Maybe_Just, Data_Maybe.Just, Constructor_Data_Maybe_Just[*Constructor_Data_Date_Date], 1) with fields=1
Generating Rebox_Data_DateTime_1888627657_4177771502 for srcT=Struct(Data_Data_Ord_Ord, Data_Ord.Ord, Constructor_Data_Ord_Ord[*Constructor_Data_DateTime_DateTime], 1), destT=Struct(Data_Data_Ord_Ord, Data_Ord.Ord, Constructor_Data_Ord_Ord[gopurs_runtime.Value], 1) with fields=0
Generating Rebox_Data_DateTime_758368489_4177771502 for srcT=Struct(Data_Data_Ord_Ord, Data_Ord.Ord, Constructor_Data_Ord_Ord[*Constructor_Data_Date_Date], 1), destT=Struct(Data_Data_Ord_Ord, Data_Ord.Ord, Constructor_Data_Ord_Ord[gopurs_runtime.Value], 1) with fields=0
Generating Rebox_Data_DateTime_3383090825_4177771502 for srcT=Struct(Data_Data_Ord_Ord, Data_Ord.Ord, Constructor_Data_Ord_Ord[*Constructor_Data_Time_Time], 1), destT=Struct(Data_Data_Ord_Ord, Data_Ord.Ord, Constructor_Data_Ord_Ord[gopurs_runtime.Value], 1) with fields=0
Generating Rebox_Data_DateTime_4177771502_1888627657 for srcT=Struct(Data_Data_Ord_Ord, Data_Ord.Ord, Constructor_Data_Ord_Ord[gopurs_runtime.Value], 1), destT=Struct(Data_Data_Ord_Ord, Data_Ord.Ord, Constructor_Data_Ord_Ord[*Constructor_Data_DateTime_DateTime], 1) with fields=0
Generating Rebox_Data_DateTime_4177771502_758368489 for srcT=Struct(Data_Data_Ord_Ord, Data_Ord.Ord, Constructor_Data_Ord_Ord[gopurs_runtime.Value], 1), destT=Struct(Data_Data_Ord_Ord, Data_Ord.Ord, Constructor_Data_Ord_Ord[*Constructor_Data_Date_Date], 1) with fields=0
Generating Rebox_Data_DateTime_4177771502_3383090825 for srcT=Struct(Data_Data_Ord_Ord, Data_Ord.Ord, Constructor_Data_Ord_Ord[gopurs_runtime.Value], 1), destT=Struct(Data_Data_Ord_Ord, Data_Ord.Ord, Constructor_Data_Ord_Ord[*Constructor_Data_Time_Time], 1) with fields=0
Generating Rebox_Data_DateTime_2380273161_1386611502 for srcT=Struct(Data_Data_Show_Show, Data_Show.Show, Constructor_Data_Show_Show[*Constructor_Data_DateTime_DateTime], 1), destT=Struct(Data_Data_Show_Show, Data_Show.Show, Constructor_Data_Show_Show[gopurs_runtime.Value], 1) with fields=0
Generating Rebox_Data_DateTime_1726078761_1386611502 for srcT=Struct(Data_Data_Show_Show, Data_Show.Show, Constructor_Data_Show_Show[*Constructor_Data_Date_Date], 1), destT=Struct(Data_Data_Show_Show, Data_Show.Show, Constructor_Data_Show_Show[gopurs_runtime.Value], 1) with fields=0
Generating Rebox_Data_DateTime_4160946377_1386611502 for srcT=Struct(Data_Data_Show_Show, Data_Show.Show, Constructor_Data_Show_Show[*Constructor_Data_Time_Time], 1), destT=Struct(Data_Data_Show_Show, Data_Show.Show, Constructor_Data_Show_Show[gopurs_runtime.Value], 1) with fields=0
Generating Rebox_Data_DateTime_1386611502_2380273161 for srcT=Struct(Data_Data_Show_Show, Data_Show.Show, Constructor_Data_Show_Show[gopurs_runtime.Value], 1), destT=Struct(Data_Data_Show_Show, Data_Show.Show, Constructor_Data_Show_Show[*Constructor_Data_DateTime_DateTime], 1) with fields=0
Generating Rebox_Data_DateTime_1386611502_1726078761 for srcT=Struct(Data_Data_Show_Show, Data_Show.Show, Constructor_Data_Show_Show[gopurs_runtime.Value], 1), destT=Struct(Data_Data_Show_Show, Data_Show.Show, Constructor_Data_Show_Show[*Constructor_Data_Date_Date], 1) with fields=0
Generating Rebox_Data_DateTime_1386611502_4160946377 for srcT=Struct(Data_Data_Show_Show, Data_Show.Show, Constructor_Data_Show_Show[gopurs_runtime.Value], 1), destT=Struct(Data_Data_Show_Show, Data_Show.Show, Constructor_Data_Show_Show[*Constructor_Data_Time_Time], 1) with fields=0
Generating Rebox_Data_Time_Component_Gen_123048125_1306125126 for srcT=Struct(Data_Data_Enum_BoundedEnum, Data_Enum.BoundedEnum, Constructor_Data_Enum_BoundedEnum[gopurs_runtime.Value], 1), destT=Struct(Data_Data_Enum_BoundedEnum, Data_Enum.BoundedEnum, Constructor_Data_Enum_BoundedEnum[int64], 1) with fields=0
Generating Rebox_Data_Time_Component_Gen_1306125126_123048125 for srcT=Struct(Data_Data_Enum_BoundedEnum, Data_Enum.BoundedEnum, Constructor_Data_Enum_BoundedEnum[int64], 1), destT=Struct(Data_Data_Enum_BoundedEnum, Data_Enum.BoundedEnum, Constructor_Data_Enum_BoundedEnum[gopurs_runtime.Value], 1) with fields=0
Generating Rebox_Data_Time_Gen_123048125_1306125126 for srcT=Struct(Data_Data_Enum_BoundedEnum, Data_Enum.BoundedEnum, Constructor_Data_Enum_BoundedEnum[gopurs_runtime.Value], 1), destT=Struct(Data_Data_Enum_BoundedEnum, Data_Enum.BoundedEnum, Constructor_Data_Enum_BoundedEnum[int64], 1) with fields=0
Generating Rebox_Data_Time_Gen_1306125126_123048125 for srcT=Struct(Data_Data_Enum_BoundedEnum, Data_Enum.BoundedEnum, Constructor_Data_Enum_BoundedEnum[int64], 1), destT=Struct(Data_Data_Enum_BoundedEnum, Data_Enum.BoundedEnum, Constructor_Data_Enum_BoundedEnum[gopurs_runtime.Value], 1) with fields=0
Generating Rebox_Data_DateTime_Instant_4294747894_2094947566 for srcT=Struct(Data_Data_Bounded_Bounded, Data_Bounded.Bounded, Constructor_Data_Bounded_Bounded[float64], 1), destT=Struct(Data_Data_Bounded_Bounded, Data_Bounded.Bounded, Constructor_Data_Bounded_Bounded[gopurs_runtime.Value], 1) with fields=0
Generating Rebox_Data_DateTime_Instant_2094947566_4294747894 for srcT=Struct(Data_Data_Bounded_Bounded, Data_Bounded.Bounded, Constructor_Data_Bounded_Bounded[gopurs_runtime.Value], 1), destT=Struct(Data_Data_Bounded_Bounded, Data_Bounded.Bounded, Constructor_Data_Bounded_Bounded[float64], 1) with fields=0
Generating Rebox_Data_DateTime_Instant_687527510_3790796878 for srcT=Struct(Data_Data_Eq_Eq, Data_Eq.Eq, Constructor_Data_Eq_Eq[float64], 1), destT=Struct(Data_Data_Eq_Eq, Data_Eq.Eq, Constructor_Data_Eq_Eq[gopurs_runtime.Value], 1) with fields=0
Generating Rebox_Data_DateTime_Instant_3790796878_687527510 for srcT=Struct(Data_Data_Eq_Eq, Data_Eq.Eq, Constructor_Data_Eq_Eq[gopurs_runtime.Value], 1), destT=Struct(Data_Data_Eq_Eq, Data_Eq.Eq, Constructor_Data_Eq_Eq[float64], 1) with fields=0
Generating Rebox_Data_DateTime_Instant_3240988860_3094389156 for srcT=Struct(Data_Data_Maybe_Just, Data_Maybe.Just, Constructor_Data_Maybe_Just[float64], 1), destT=Struct(Data_Data_Maybe_Just, Data_Maybe.Just, Constructor_Data_Maybe_Just[gopurs_runtime.Value], 1) with fields=1
Generating Rebox_Data_DateTime_Instant_3047586294_4177771502 for srcT=Struct(Data_Data_Ord_Ord, Data_Ord.Ord, Constructor_Data_Ord_Ord[float64], 1), destT=Struct(Data_Data_Ord_Ord, Data_Ord.Ord, Constructor_Data_Ord_Ord[gopurs_runtime.Value], 1) with fields=0
Generating Rebox_Data_DateTime_Instant_4177771502_3047586294 for srcT=Struct(Data_Data_Ord_Ord, Data_Ord.Ord, Constructor_Data_Ord_Ord[gopurs_runtime.Value], 1), destT=Struct(Data_Data_Ord_Ord, Data_Ord.Ord, Constructor_Data_Ord_Ord[float64], 1) with fields=0
Generating Rebox_Data_DateTime_Instant_3263178038_1386611502 for srcT=Struct(Data_Data_Show_Show, Data_Show.Show, Constructor_Data_Show_Show[float64], 1), destT=Struct(Data_Data_Show_Show, Data_Show.Show, Constructor_Data_Show_Show[gopurs_runtime.Value], 1) with fields=0
Generating Rebox_Data_DateTime_Instant_1386611502_3263178038 for srcT=Struct(Data_Data_Show_Show, Data_Show.Show, Constructor_Data_Show_Show[gopurs_runtime.Value], 1), destT=Struct(Data_Data_Show_Show, Data_Show.Show, Constructor_Data_Show_Show[float64], 1) with fields=0
Generating Rebox_Data_Predicate_1931817002_72969294 for srcT=Struct(Data_Data_BooleanAlgebra_BooleanAlgebra, Data_BooleanAlgebra.BooleanAlgebra, Constructor_Data_BooleanAlgebra_BooleanAlgebra[bool], 1), destT=Struct(Data_Data_BooleanAlgebra_BooleanAlgebra, Data_BooleanAlgebra.BooleanAlgebra, Constructor_Data_BooleanAlgebra_BooleanAlgebra[gopurs_runtime.Value], 1) with fields=0
Generating Rebox_Data_Predicate_72969294_1931817002 for srcT=Struct(Data_Data_BooleanAlgebra_BooleanAlgebra, Data_BooleanAlgebra.BooleanAlgebra, Constructor_Data_BooleanAlgebra_BooleanAlgebra[gopurs_runtime.Value], 1), destT=Struct(Data_Data_BooleanAlgebra_BooleanAlgebra, Data_BooleanAlgebra.BooleanAlgebra, Constructor_Data_BooleanAlgebra_BooleanAlgebra[bool], 1) with fields=0
Generating Rebox_Data_Enum_Generic_61850029_3471223010 for srcT=Struct(Data_Data_Enum_Generic_GenericBoundedEnum, Data_Enum_Generic.GenericBoundedEnum, Constructor_Data_Enum_Generic_GenericBoundedEnum[*Constructor_Data_Generic_Rep_Product[gopurs_runtime.Value, gopurs_runtime.Value]], 1), destT=Struct(Data_Data_Enum_Generic_GenericBoundedEnum, Data_Enum_Generic.GenericBoundedEnum, Constructor_Data_Enum_Generic_GenericBoundedEnum[gopurs_runtime.Value], 1) with fields=0
Generating Rebox_Data_Enum_Generic_3471223010_61850029 for srcT=Struct(Data_Data_Enum_Generic_GenericBoundedEnum, Data_Enum_Generic.GenericBoundedEnum, Constructor_Data_Enum_Generic_GenericBoundedEnum[gopurs_runtime.Value], 1), destT=Struct(Data_Data_Enum_Generic_GenericBoundedEnum, Data_Enum_Generic.GenericBoundedEnum, Constructor_Data_Enum_Generic_GenericBoundedEnum[*Constructor_Data_Generic_Rep_Product[gopurs_runtime.Value, gopurs_runtime.Value]], 1) with fields=0
Generating Rebox_Data_Enum_Generic_3471223010_3675079727 for srcT=Struct(Data_Data_Enum_Generic_GenericBoundedEnum, Data_Enum_Generic.GenericBoundedEnum, Constructor_Data_Enum_Generic_GenericBoundedEnum[gopurs_runtime.Value], 1), destT=Struct(Data_Data_Enum_Generic_GenericBoundedEnum, Data_Enum_Generic.GenericBoundedEnum, Constructor_Data_Enum_Generic_GenericBoundedEnum[uint32], 1) with fields=0
Generating Rebox_Data_Enum_Generic_3675079727_3471223010 for srcT=Struct(Data_Data_Enum_Generic_GenericBoundedEnum, Data_Enum_Generic.GenericBoundedEnum, Constructor_Data_Enum_Generic_GenericBoundedEnum[uint32], 1), destT=Struct(Data_Data_Enum_Generic_GenericBoundedEnum, Data_Enum_Generic.GenericBoundedEnum, Constructor_Data_Enum_Generic_GenericBoundedEnum[gopurs_runtime.Value], 1) with fields=0
Generating Rebox_Data_Enum_Generic_1304835134_4181322513 for srcT=Struct(Data_Data_Enum_Generic_GenericEnum, Data_Enum_Generic.GenericEnum, Constructor_Data_Enum_Generic_GenericEnum[*Constructor_Data_Generic_Rep_Product[gopurs_runtime.Value, gopurs_runtime.Value]], 1), destT=Struct(Data_Data_Enum_Generic_GenericEnum, Data_Enum_Generic.GenericEnum, Constructor_Data_Enum_Generic_GenericEnum[gopurs_runtime.Value], 1) with fields=0
Generating Rebox_Data_Enum_Generic_4181322513_1304835134 for srcT=Struct(Data_Data_Enum_Generic_GenericEnum, Data_Enum_Generic.GenericEnum, Constructor_Data_Enum_Generic_GenericEnum[gopurs_runtime.Value], 1), destT=Struct(Data_Data_Enum_Generic_GenericEnum, Data_Enum_Generic.GenericEnum, Constructor_Data_Enum_Generic_GenericEnum[*Constructor_Data_Generic_Rep_Product[gopurs_runtime.Value, gopurs_runtime.Value]], 1) with fields=0
Generating Rebox_Data_Enum_Generic_4181322513_4197715708 for srcT=Struct(Data_Data_Enum_Generic_GenericEnum, Data_Enum_Generic.GenericEnum, Constructor_Data_Enum_Generic_GenericEnum[gopurs_runtime.Value], 1), destT=Struct(Data_Data_Enum_Generic_GenericEnum, Data_Enum_Generic.GenericEnum, Constructor_Data_Enum_Generic_GenericEnum[uint32], 1) with fields=0
Generating Rebox_Data_Enum_Generic_4197715708_4181322513 for srcT=Struct(Data_Data_Enum_Generic_GenericEnum, Data_Enum_Generic.GenericEnum, Constructor_Data_Enum_Generic_GenericEnum[uint32], 1), destT=Struct(Data_Data_Enum_Generic_GenericEnum, Data_Enum_Generic.GenericEnum, Constructor_Data_Enum_Generic_GenericEnum[gopurs_runtime.Value], 1) with fields=0
Generating Rebox_Data_Enum_Generic_622082505_3094389156 for srcT=Struct(Data_Data_Maybe_Just, Data_Maybe.Just, Constructor_Data_Maybe_Just[uint32], 1), destT=Struct(Data_Data_Maybe_Just, Data_Maybe.Just, Constructor_Data_Maybe_Just[gopurs_runtime.Value], 1) with fields=1
Generating Rebox_Data_Eq_Generic_1865914110_1498596945 for srcT=Struct(Data_Data_Eq_Generic_GenericEq, Data_Eq_Generic.GenericEq, Constructor_Data_Eq_Generic_GenericEq[*Constructor_Data_Generic_Rep_Product[gopurs_runtime.Value, gopurs_runtime.Value]], 1), destT=Struct(Data_Data_Eq_Generic_GenericEq, Data_Eq_Generic.GenericEq, Constructor_Data_Eq_Generic_GenericEq[gopurs_runtime.Value], 1) with fields=0
Generating Rebox_Data_Eq_Generic_1498596945_1865914110 for srcT=Struct(Data_Data_Eq_Generic_GenericEq, Data_Eq_Generic.GenericEq, Constructor_Data_Eq_Generic_GenericEq[gopurs_runtime.Value], 1), destT=Struct(Data_Data_Eq_Generic_GenericEq, Data_Eq_Generic.GenericEq, Constructor_Data_Eq_Generic_GenericEq[*Constructor_Data_Generic_Rep_Product[gopurs_runtime.Value, gopurs_runtime.Value]], 1) with fields=0
Generating Rebox_Data_Eq_Generic_1498596945_4167548092 for srcT=Struct(Data_Data_Eq_Generic_GenericEq, Data_Eq_Generic.GenericEq, Constructor_Data_Eq_Generic_GenericEq[gopurs_runtime.Value], 1), destT=Struct(Data_Data_Eq_Generic_GenericEq, Data_Eq_Generic.GenericEq, Constructor_Data_Eq_Generic_GenericEq[uint32], 1) with fields=0
Generating Rebox_Data_Eq_Generic_4167548092_1498596945 for srcT=Struct(Data_Data_Eq_Generic_GenericEq, Data_Eq_Generic.GenericEq, Constructor_Data_Eq_Generic_GenericEq[uint32], 1), destT=Struct(Data_Data_Eq_Generic_GenericEq, Data_Eq_Generic.GenericEq, Constructor_Data_Eq_Generic_GenericEq[gopurs_runtime.Value], 1) with fields=0
Generating Rebox_Data_HeytingAlgebra_Generic_3342988926_1111920849 for srcT=Struct(Data_Data_HeytingAlgebra_Generic_GenericHeytingAlgebra, Data_HeytingAlgebra_Generic.GenericHeytingAlgebra, Constructor_Data_HeytingAlgebra_Generic_GenericHeytingAlgebra[*Constructor_Data_Generic_Rep_Product[gopurs_runtime.Value, gopurs_runtime.Value]], 1), destT=Struct(Data_Data_HeytingAlgebra_Generic_GenericHeytingAlgebra, Data_HeytingAlgebra_Generic.GenericHeytingAlgebra, Constructor_Data_HeytingAlgebra_Generic_GenericHeytingAlgebra[gopurs_runtime.Value], 1) with fields=0
Generating Rebox_Data_HeytingAlgebra_Generic_1111920849_3342988926 for srcT=Struct(Data_Data_HeytingAlgebra_Generic_GenericHeytingAlgebra, Data_HeytingAlgebra_Generic.GenericHeytingAlgebra, Constructor_Data_HeytingAlgebra_Generic_GenericHeytingAlgebra[gopurs_runtime.Value], 1), destT=Struct(Data_Data_HeytingAlgebra_Generic_GenericHeytingAlgebra, Data_HeytingAlgebra_Generic.GenericHeytingAlgebra, Constructor_Data_HeytingAlgebra_Generic_GenericHeytingAlgebra[*Constructor_Data_Generic_Rep_Product[gopurs_runtime.Value, gopurs_runtime.Value]], 1) with fields=0
Generating Rebox_Data_HeytingAlgebra_Generic_1111920849_1092464188 for srcT=Struct(Data_Data_HeytingAlgebra_Generic_GenericHeytingAlgebra, Data_HeytingAlgebra_Generic.GenericHeytingAlgebra, Constructor_Data_HeytingAlgebra_Generic_GenericHeytingAlgebra[gopurs_runtime.Value], 1), destT=Struct(Data_Data_HeytingAlgebra_Generic_GenericHeytingAlgebra, Data_HeytingAlgebra_Generic.GenericHeytingAlgebra, Constructor_Data_HeytingAlgebra_Generic_GenericHeytingAlgebra[uint32], 1) with fields=0
Generating Rebox_Data_HeytingAlgebra_Generic_1092464188_1111920849 for srcT=Struct(Data_Data_HeytingAlgebra_Generic_GenericHeytingAlgebra, Data_HeytingAlgebra_Generic.GenericHeytingAlgebra, Constructor_Data_HeytingAlgebra_Generic_GenericHeytingAlgebra[uint32], 1), destT=Struct(Data_Data_HeytingAlgebra_Generic_GenericHeytingAlgebra, Data_HeytingAlgebra_Generic.GenericHeytingAlgebra, Constructor_Data_HeytingAlgebra_Generic_GenericHeytingAlgebra[gopurs_runtime.Value], 1) with fields=0
Generating Rebox_Data_List_Types_257347157_3421983481 for srcT=Struct(Data_Control_Alt_Alt, Control_Alt.Alt, Constructor_Control_Alt_Alt[*Constructor_Data_List_Types_Cons[gopurs_runtime.Value]], 1), destT=Struct(Data_Control_Alt_Alt, Control_Alt.Alt, Constructor_Control_Alt_Alt[gopurs_runtime.Value], 1) with fields=0
Generating Rebox_Data_List_Types_203237368_3421983481 for srcT=Struct(Data_Control_Alt_Alt, Control_Alt.Alt, Constructor_Control_Alt_Alt[*Constructor_Data_NonEmpty_NonEmpty[*Constructor_Data_List_Types_Cons[gopurs_runtime.Value], gopurs_runtime.Value]], 1), destT=Struct(Data_Control_Alt_Alt, Control_Alt.Alt, Constructor_Control_Alt_Alt[gopurs_runtime.Value], 1) with fields=0
Generating Rebox_Data_List_Types_3421983481_257347157 for srcT=Struct(Data_Control_Alt_Alt, Control_Alt.Alt, Constructor_Control_Alt_Alt[gopurs_runtime.Value], 1), destT=Struct(Data_Control_Alt_Alt, Control_Alt.Alt, Constructor_Control_Alt_Alt[*Constructor_Data_List_Types_Cons[gopurs_runtime.Value]], 1) with fields=0
Generating Rebox_Data_List_Types_3421983481_203237368 for srcT=Struct(Data_Control_Alt_Alt, Control_Alt.Alt, Constructor_Control_Alt_Alt[gopurs_runtime.Value], 1), destT=Struct(Data_Control_Alt_Alt, Control_Alt.Alt, Constructor_Control_Alt_Alt[*Constructor_Data_NonEmpty_NonEmpty[*Constructor_Data_List_Types_Cons[gopurs_runtime.Value], gopurs_runtime.Value]], 1) with fields=0
Generating Rebox_Data_List_Types_739440277_2307501113 for srcT=Struct(Data_Control_Alternative_Alternative, Control_Alternative.Alternative, Constructor_Control_Alternative_Alternative[*Constructor_Data_List_Types_Cons[gopurs_runtime.Value]], 1), destT=Struct(Data_Control_Alternative_Alternative, Control_Alternative.Alternative, Constructor_Control_Alternative_Alternative[gopurs_runtime.Value], 1) with fields=0
Generating Rebox_Data_List_Types_2307501113_739440277 for srcT=Struct(Data_Control_Alternative_Alternative, Control_Alternative.Alternative, Constructor_Control_Alternative_Alternative[gopurs_runtime.Value], 1), destT=Struct(Data_Control_Alternative_Alternative, Control_Alternative.Alternative, Constructor_Control_Alternative_Alternative[*Constructor_Data_List_Types_Cons[gopurs_runtime.Value]], 1) with fields=0
Generating Rebox_Data_List_Types_2870828117_1439734649 for srcT=Struct(Data_Control_Applicative_Applicative, Control_Applicative.Applicative, Constructor_Control_Applicative_Applicative[*Constructor_Data_List_Types_Cons[gopurs_runtime.Value]], 1), destT=Struct(Data_Control_Applicative_Applicative, Control_Applicative.Applicative, Constructor_Control_Applicative_Applicative[gopurs_runtime.Value], 1) with fields=0
Generating Rebox_Data_List_Types_2334388216_1439734649 for srcT=Struct(Data_Control_Applicative_Applicative, Control_Applicative.Applicative, Constructor_Control_Applicative_Applicative[*Constructor_Data_NonEmpty_NonEmpty[*Constructor_Data_List_Types_Cons[gopurs_runtime.Value], gopurs_runtime.Value]], 1), destT=Struct(Data_Control_Applicative_Applicative, Control_Applicative.Applicative, Constructor_Control_Applicative_Applicative[gopurs_runtime.Value], 1) with fields=0
Generating Rebox_Data_List_Types_1439734649_2870828117 for srcT=Struct(Data_Control_Applicative_Applicative, Control_Applicative.Applicative, Constructor_Control_Applicative_Applicative[gopurs_runtime.Value], 1), destT=Struct(Data_Control_Applicative_Applicative, Control_Applicative.Applicative, Constructor_Control_Applicative_Applicative[*Constructor_Data_List_Types_Cons[gopurs_runtime.Value]], 1) with fields=0
Generating Rebox_Data_List_Types_1439734649_2334388216 for srcT=Struct(Data_Control_Applicative_Applicative, Control_Applicative.Applicative, Constructor_Control_Applicative_Applicative[gopurs_runtime.Value], 1), destT=Struct(Data_Control_Applicative_Applicative, Control_Applicative.Applicative, Constructor_Control_Applicative_Applicative[*Constructor_Data_NonEmpty_NonEmpty[*Constructor_Data_List_Types_Cons[gopurs_runtime.Value], gopurs_runtime.Value]], 1) with fields=0
Generating Rebox_Data_List_Types_1305434581_3741347833 for srcT=Struct(Data_Control_Apply_Apply, Control_Apply.Apply, Constructor_Control_Apply_Apply[*Constructor_Data_List_Types_Cons[gopurs_runtime.Value]], 1), destT=Struct(Data_Control_Apply_Apply, Control_Apply.Apply, Constructor_Control_Apply_Apply[gopurs_runtime.Value], 1) with fields=0
Generating Rebox_Data_List_Types_3970790648_3741347833 for srcT=Struct(Data_Control_Apply_Apply, Control_Apply.Apply, Constructor_Control_Apply_Apply[*Constructor_Data_NonEmpty_NonEmpty[*Constructor_Data_List_Types_Cons[gopurs_runtime.Value], gopurs_runtime.Value]], 1), destT=Struct(Data_Control_Apply_Apply, Control_Apply.Apply, Constructor_Control_Apply_Apply[gopurs_runtime.Value], 1) with fields=0
Generating Rebox_Data_List_Types_3741347833_1305434581 for srcT=Struct(Data_Control_Apply_Apply, Control_Apply.Apply, Constructor_Control_Apply_Apply[gopurs_runtime.Value], 1), destT=Struct(Data_Control_Apply_Apply, Control_Apply.Apply, Constructor_Control_Apply_Apply[*Constructor_Data_List_Types_Cons[gopurs_runtime.Value]], 1) with fields=0
Generating Rebox_Data_List_Types_3741347833_3970790648 for srcT=Struct(Data_Control_Apply_Apply, Control_Apply.Apply, Constructor_Control_Apply_Apply[gopurs_runtime.Value], 1), destT=Struct(Data_Control_Apply_Apply, Control_Apply.Apply, Constructor_Control_Apply_Apply[*Constructor_Data_NonEmpty_NonEmpty[*Constructor_Data_List_Types_Cons[gopurs_runtime.Value], gopurs_runtime.Value]], 1) with fields=0
Generating Rebox_Data_List_Types_2183599445_2748095225 for srcT=Struct(Data_Control_Bind_Bind, Control_Bind.Bind, Constructor_Control_Bind_Bind[*Constructor_Data_List_Types_Cons[gopurs_runtime.Value]], 1), destT=Struct(Data_Control_Bind_Bind, Control_Bind.Bind, Constructor_Control_Bind_Bind[gopurs_runtime.Value], 1) with fields=0
Generating Rebox_Data_List_Types_3054666744_2748095225 for srcT=Struct(Data_Control_Bind_Bind, Control_Bind.Bind, Constructor_Control_Bind_Bind[*Constructor_Data_NonEmpty_NonEmpty[*Constructor_Data_List_Types_Cons[gopurs_runtime.Value], gopurs_runtime.Value]], 1), destT=Struct(Data_Control_Bind_Bind, Control_Bind.Bind, Constructor_Control_Bind_Bind[gopurs_runtime.Value], 1) with fields=0
Generating Rebox_Data_List_Types_2748095225_2183599445 for srcT=Struct(Data_Control_Bind_Bind, Control_Bind.Bind, Constructor_Control_Bind_Bind[gopurs_runtime.Value], 1), destT=Struct(Data_Control_Bind_Bind, Control_Bind.Bind, Constructor_Control_Bind_Bind[*Constructor_Data_List_Types_Cons[gopurs_runtime.Value]], 1) with fields=0
Generating Rebox_Data_List_Types_2748095225_3054666744 for srcT=Struct(Data_Control_Bind_Bind, Control_Bind.Bind, Constructor_Control_Bind_Bind[gopurs_runtime.Value], 1), destT=Struct(Data_Control_Bind_Bind, Control_Bind.Bind, Constructor_Control_Bind_Bind[*Constructor_Data_NonEmpty_NonEmpty[*Constructor_Data_List_Types_Cons[gopurs_runtime.Value], gopurs_runtime.Value]], 1) with fields=0
Generating Rebox_Data_List_Types_1262583736_2550391993 for srcT=Struct(Data_Control_Comonad_Comonad, Control_Comonad.Comonad, Constructor_Control_Comonad_Comonad[*Constructor_Data_NonEmpty_NonEmpty[*Constructor_Data_List_Types_Cons[gopurs_runtime.Value], gopurs_runtime.Value]], 1), destT=Struct(Data_Control_Comonad_Comonad, Control_Comonad.Comonad, Constructor_Control_Comonad_Comonad[gopurs_runtime.Value], 1) with fields=0
Generating Rebox_Data_List_Types_2550391993_1262583736 for srcT=Struct(Data_Control_Comonad_Comonad, Control_Comonad.Comonad, Constructor_Control_Comonad_Comonad[gopurs_runtime.Value], 1), destT=Struct(Data_Control_Comonad_Comonad, Control_Comonad.Comonad, Constructor_Control_Comonad_Comonad[*Constructor_Data_NonEmpty_NonEmpty[*Constructor_Data_List_Types_Cons[gopurs_runtime.Value], gopurs_runtime.Value]], 1) with fields=0
Generating Rebox_Data_List_Types_2171623093_3290176857 for srcT=Struct(Data_Control_Extend_Extend, Control_Extend.Extend, Constructor_Control_Extend_Extend[*Constructor_Data_List_Types_Cons[gopurs_runtime.Value]], 1), destT=Struct(Data_Control_Extend_Extend, Control_Extend.Extend, Constructor_Control_Extend_Extend[gopurs_runtime.Value], 1) with fields=0
Generating Rebox_Data_List_Types_2476964120_3290176857 for srcT=Struct(Data_Control_Extend_Extend, Control_Extend.Extend, Constructor_Control_Extend_Extend[*Constructor_Data_NonEmpty_NonEmpty[*Constructor_Data_List_Types_Cons[gopurs_runtime.Value], gopurs_runtime.Value]], 1), destT=Struct(Data_Control_Extend_Extend, Control_Extend.Extend, Constructor_Control_Extend_Extend[gopurs_runtime.Value], 1) with fields=0
Generating Rebox_Data_List_Types_3290176857_2171623093 for srcT=Struct(Data_Control_Extend_Extend, Control_Extend.Extend, Constructor_Control_Extend_Extend[gopurs_runtime.Value], 1), destT=Struct(Data_Control_Extend_Extend, Control_Extend.Extend, Constructor_Control_Extend_Extend[*Constructor_Data_List_Types_Cons[gopurs_runtime.Value]], 1) with fields=0
Generating Rebox_Data_List_Types_3290176857_2476964120 for srcT=Struct(Data_Control_Extend_Extend, Control_Extend.Extend, Constructor_Control_Extend_Extend[gopurs_runtime.Value], 1), destT=Struct(Data_Control_Extend_Extend, Control_Extend.Extend, Constructor_Control_Extend_Extend[*Constructor_Data_NonEmpty_NonEmpty[*Constructor_Data_List_Types_Cons[gopurs_runtime.Value], gopurs_runtime.Value]], 1) with fields=0
Generating Rebox_Data_List_Types_2656832021_2394491833 for srcT=Struct(Data_Control_MonadPlus_MonadPlus, Control_MonadPlus.MonadPlus, Constructor_Control_MonadPlus_MonadPlus[*Constructor_Data_List_Types_Cons[gopurs_runtime.Value]], 1), destT=Struct(Data_Control_MonadPlus_MonadPlus, Control_MonadPlus.MonadPlus, Constructor_Control_MonadPlus_MonadPlus[gopurs_runtime.Value], 1) with fields=0
Generating Rebox_Data_List_Types_2394491833_2656832021 for srcT=Struct(Data_Control_MonadPlus_MonadPlus, Control_MonadPlus.MonadPlus, Constructor_Control_MonadPlus_MonadPlus[gopurs_runtime.Value], 1), destT=Struct(Data_Control_MonadPlus_MonadPlus, Control_MonadPlus.MonadPlus, Constructor_Control_MonadPlus_MonadPlus[*Constructor_Data_List_Types_Cons[gopurs_runtime.Value]], 1) with fields=0
Generating Rebox_Data_List_Types_3994390613_2568689657 for srcT=Struct(Data_Control_Monad_Monad, Control_Monad.Monad, Constructor_Control_Monad_Monad[*Constructor_Data_List_Types_Cons[gopurs_runtime.Value]], 1), destT=Struct(Data_Control_Monad_Monad, Control_Monad.Monad, Constructor_Control_Monad_Monad[gopurs_runtime.Value], 1) with fields=0
Generating Rebox_Data_List_Types_1757775096_2568689657 for srcT=Struct(Data_Control_Monad_Monad, Control_Monad.Monad, Constructor_Control_Monad_Monad[*Constructor_Data_NonEmpty_NonEmpty[*Constructor_Data_List_Types_Cons[gopurs_runtime.Value], gopurs_runtime.Value]], 1), destT=Struct(Data_Control_Monad_Monad, Control_Monad.Monad, Constructor_Control_Monad_Monad[gopurs_runtime.Value], 1) with fields=0
Generating Rebox_Data_List_Types_2568689657_3994390613 for srcT=Struct(Data_Control_Monad_Monad, Control_Monad.Monad, Constructor_Control_Monad_Monad[gopurs_runtime.Value], 1), destT=Struct(Data_Control_Monad_Monad, Control_Monad.Monad, Constructor_Control_Monad_Monad[*Constructor_Data_List_Types_Cons[gopurs_runtime.Value]], 1) with fields=0
Generating Rebox_Data_List_Types_2568689657_1757775096 for srcT=Struct(Data_Control_Monad_Monad, Control_Monad.Monad, Constructor_Control_Monad_Monad[gopurs_runtime.Value], 1), destT=Struct(Data_Control_Monad_Monad, Control_Monad.Monad, Constructor_Control_Monad_Monad[*Constructor_Data_NonEmpty_NonEmpty[*Constructor_Data_List_Types_Cons[gopurs_runtime.Value], gopurs_runtime.Value]], 1) with fields=0
Generating Rebox_Data_List_Types_2173899317_3706288089 for srcT=Struct(Data_Control_Plus_Plus, Control_Plus.Plus, Constructor_Control_Plus_Plus[*Constructor_Data_List_Types_Cons[gopurs_runtime.Value]], 1), destT=Struct(Data_Control_Plus_Plus, Control_Plus.Plus, Constructor_Control_Plus_Plus[gopurs_runtime.Value], 1) with fields=0
Generating Rebox_Data_List_Types_3706288089_2173899317 for srcT=Struct(Data_Control_Plus_Plus, Control_Plus.Plus, Constructor_Control_Plus_Plus[gopurs_runtime.Value], 1), destT=Struct(Data_Control_Plus_Plus, Control_Plus.Plus, Constructor_Control_Plus_Plus[*Constructor_Data_List_Types_Cons[gopurs_runtime.Value]], 1) with fields=0
Generating Rebox_Data_List_Types_1636902754_3790796878 for srcT=Struct(Data_Data_Eq_Eq, Data_Eq.Eq, Constructor_Data_Eq_Eq[*Constructor_Data_List_Types_Cons[gopurs_runtime.Value]], 1), destT=Struct(Data_Data_Eq_Eq, Data_Eq.Eq, Constructor_Data_Eq_Eq[gopurs_runtime.Value], 1) with fields=0
Generating Rebox_Data_List_Types_2176830691_3790796878 for srcT=Struct(Data_Data_Eq_Eq, Data_Eq.Eq, Constructor_Data_Eq_Eq[*Constructor_Data_NonEmpty_NonEmpty[gopurs_runtime.Value, gopurs_runtime.Value]], 1), destT=Struct(Data_Data_Eq_Eq, Data_Eq.Eq, Constructor_Data_Eq_Eq[gopurs_runtime.Value], 1) with fields=0
Generating Rebox_Data_List_Types_3790796878_1636902754 for srcT=Struct(Data_Data_Eq_Eq, Data_Eq.Eq, Constructor_Data_Eq_Eq[gopurs_runtime.Value], 1), destT=Struct(Data_Data_Eq_Eq, Data_Eq.Eq, Constructor_Data_Eq_Eq[*Constructor_Data_List_Types_Cons[gopurs_runtime.Value]], 1) with fields=0
Generating Rebox_Data_List_Types_3790796878_2176830691 for srcT=Struct(Data_Data_Eq_Eq, Data_Eq.Eq, Constructor_Data_Eq_Eq[gopurs_runtime.Value], 1), destT=Struct(Data_Data_Eq_Eq, Data_Eq.Eq, Constructor_Data_Eq_Eq[*Constructor_Data_NonEmpty_NonEmpty[gopurs_runtime.Value, gopurs_runtime.Value]], 1) with fields=0
Generating Rebox_Data_List_Types_3554500787_1766074591 for srcT=Struct(Data_Data_Eq_Eq1, Data_Eq.Eq1, Constructor_Data_Eq_Eq1[*Constructor_Data_List_Types_Cons[gopurs_runtime.Value]], 1), destT=Struct(Data_Data_Eq_Eq1, Data_Eq.Eq1, Constructor_Data_Eq_Eq1[gopurs_runtime.Value], 1) with fields=0
Generating Rebox_Data_List_Types_1625813138_1766074591 for srcT=Struct(Data_Data_Eq_Eq1, Data_Eq.Eq1, Constructor_Data_Eq_Eq1[*Constructor_Data_NonEmpty_NonEmpty[gopurs_runtime.Value, gopurs_runtime.Value]], 1), destT=Struct(Data_Data_Eq_Eq1, Data_Eq.Eq1, Constructor_Data_Eq_Eq1[gopurs_runtime.Value], 1) with fields=0
Generating Rebox_Data_List_Types_1766074591_3554500787 for srcT=Struct(Data_Data_Eq_Eq1, Data_Eq.Eq1, Constructor_Data_Eq_Eq1[gopurs_runtime.Value], 1), destT=Struct(Data_Data_Eq_Eq1, Data_Eq.Eq1, Constructor_Data_Eq_Eq1[*Constructor_Data_List_Types_Cons[gopurs_runtime.Value]], 1) with fields=0
Generating Rebox_Data_List_Types_1766074591_1625813138 for srcT=Struct(Data_Data_Eq_Eq1, Data_Eq.Eq1, Constructor_Data_Eq_Eq1[gopurs_runtime.Value], 1), destT=Struct(Data_Data_Eq_Eq1, Data_Eq.Eq1, Constructor_Data_Eq_Eq1[*Constructor_Data_NonEmpty_NonEmpty[gopurs_runtime.Value, gopurs_runtime.Value]], 1) with fields=0
Generating Rebox_Data_List_Types_4016503379_3725484264 for srcT=Struct(Data_Data_FoldableWithIndex_FoldableWithIndex, Data_FoldableWithIndex.FoldableWithIndex, Constructor_Data_FoldableWithIndex_FoldableWithIndex[*Constructor_Data_Maybe_Just[int64], *Constructor_Data_NonEmpty_NonEmpty[*Constructor_Data_List_Types_Cons[gopurs_runtime.Value], gopurs_runtime.Value]], 2), destT=Struct(Data_Data_FoldableWithIndex_FoldableWithIndex, Data_FoldableWithIndex.FoldableWithIndex, Constructor_Data_FoldableWithIndex_FoldableWithIndex[gopurs_runtime.Value, gopurs_runtime.Value], 2) with fields=0
Generating Rebox_Data_List_Types_3725484264_4016503379 for srcT=Struct(Data_Data_FoldableWithIndex_FoldableWithIndex, Data_FoldableWithIndex.FoldableWithIndex, Constructor_Data_FoldableWithIndex_FoldableWithIndex[gopurs_runtime.Value, gopurs_runtime.Value], 2), destT=Struct(Data_Data_FoldableWithIndex_FoldableWithIndex, Data_FoldableWithIndex.FoldableWithIndex, Constructor_Data_FoldableWithIndex_FoldableWithIndex[*Constructor_Data_Maybe_Just[int64], *Constructor_Data_NonEmpty_NonEmpty[*Constructor_Data_List_Types_Cons[gopurs_runtime.Value], gopurs_runtime.Value]], 2) with fields=0
Generating Rebox_Data_List_Types_3725484264_538456415 for srcT=Struct(Data_Data_FoldableWithIndex_FoldableWithIndex, Data_FoldableWithIndex.FoldableWithIndex, Constructor_Data_FoldableWithIndex_FoldableWithIndex[gopurs_runtime.Value, gopurs_runtime.Value], 2), destT=Struct(Data_Data_FoldableWithIndex_FoldableWithIndex, Data_FoldableWithIndex.FoldableWithIndex, Constructor_Data_FoldableWithIndex_FoldableWithIndex[int64, *Constructor_Data_List_Types_Cons[gopurs_runtime.Value]], 2) with fields=0
Generating Rebox_Data_List_Types_3725484264_1951493170 for srcT=Struct(Data_Data_FoldableWithIndex_FoldableWithIndex, Data_FoldableWithIndex.FoldableWithIndex, Constructor_Data_FoldableWithIndex_FoldableWithIndex[gopurs_runtime.Value, gopurs_runtime.Value], 2), destT=Struct(Data_Data_FoldableWithIndex_FoldableWithIndex, Data_FoldableWithIndex.FoldableWithIndex, Constructor_Data_FoldableWithIndex_FoldableWithIndex[int64, *Constructor_Data_NonEmpty_NonEmpty[*Constructor_Data_List_Types_Cons[gopurs_runtime.Value], gopurs_runtime.Value]], 2) with fields=0
Generating Rebox_Data_List_Types_538456415_3725484264 for srcT=Struct(Data_Data_FoldableWithIndex_FoldableWithIndex, Data_FoldableWithIndex.FoldableWithIndex, Constructor_Data_FoldableWithIndex_FoldableWithIndex[int64, *Constructor_Data_List_Types_Cons[gopurs_runtime.Value]], 2), destT=Struct(Data_Data_FoldableWithIndex_FoldableWithIndex, Data_FoldableWithIndex.FoldableWithIndex, Constructor_Data_FoldableWithIndex_FoldableWithIndex[gopurs_runtime.Value, gopurs_runtime.Value], 2) with fields=0
Generating Rebox_Data_List_Types_1951493170_3725484264 for srcT=Struct(Data_Data_FoldableWithIndex_FoldableWithIndex, Data_FoldableWithIndex.FoldableWithIndex, Constructor_Data_FoldableWithIndex_FoldableWithIndex[int64, *Constructor_Data_NonEmpty_NonEmpty[*Constructor_Data_List_Types_Cons[gopurs_runtime.Value], gopurs_runtime.Value]], 2), destT=Struct(Data_Data_FoldableWithIndex_FoldableWithIndex, Data_FoldableWithIndex.FoldableWithIndex, Constructor_Data_FoldableWithIndex_FoldableWithIndex[gopurs_runtime.Value, gopurs_runtime.Value], 2) with fields=0
Generating Rebox_Data_List_Types_1022383170_1680800814 for srcT=Struct(Data_Data_Foldable_Foldable, Data_Foldable.Foldable, Constructor_Data_Foldable_Foldable[*Constructor_Data_List_Types_Cons[gopurs_runtime.Value]], 1), destT=Struct(Data_Data_Foldable_Foldable, Data_Foldable.Foldable, Constructor_Data_Foldable_Foldable[gopurs_runtime.Value], 1) with fields=0
Generating Rebox_Data_List_Types_4064382095_1680800814 for srcT=Struct(Data_Data_Foldable_Foldable, Data_Foldable.Foldable, Constructor_Data_Foldable_Foldable[*Constructor_Data_NonEmpty_NonEmpty[*Constructor_Data_List_Types_Cons[gopurs_runtime.Value], gopurs_runtime.Value]], 1), destT=Struct(Data_Data_Foldable_Foldable, Data_Foldable.Foldable, Constructor_Data_Foldable_Foldable[gopurs_runtime.Value], 1) with fields=0
Generating Rebox_Data_List_Types_3071895939_1680800814 for srcT=Struct(Data_Data_Foldable_Foldable, Data_Foldable.Foldable, Constructor_Data_Foldable_Foldable[*Constructor_Data_NonEmpty_NonEmpty[gopurs_runtime.Value, gopurs_runtime.Value]], 1), destT=Struct(Data_Data_Foldable_Foldable, Data_Foldable.Foldable, Constructor_Data_Foldable_Foldable[gopurs_runtime.Value], 1) with fields=0
Generating Rebox_Data_List_Types_1680800814_1022383170 for srcT=Struct(Data_Data_Foldable_Foldable, Data_Foldable.Foldable, Constructor_Data_Foldable_Foldable[gopurs_runtime.Value], 1), destT=Struct(Data_Data_Foldable_Foldable, Data_Foldable.Foldable, Constructor_Data_Foldable_Foldable[*Constructor_Data_List_Types_Cons[gopurs_runtime.Value]], 1) with fields=0
Generating Rebox_Data_List_Types_1680800814_4064382095 for srcT=Struct(Data_Data_Foldable_Foldable, Data_Foldable.Foldable, Constructor_Data_Foldable_Foldable[gopurs_runtime.Value], 1), destT=Struct(Data_Data_Foldable_Foldable, Data_Foldable.Foldable, Constructor_Data_Foldable_Foldable[*Constructor_Data_NonEmpty_NonEmpty[*Constructor_Data_List_Types_Cons[gopurs_runtime.Value], gopurs_runtime.Value]], 1) with fields=0
Generating Rebox_Data_List_Types_1680800814_3071895939 for srcT=Struct(Data_Data_Foldable_Foldable, Data_Foldable.Foldable, Constructor_Data_Foldable_Foldable[gopurs_runtime.Value], 1), destT=Struct(Data_Data_Foldable_Foldable, Data_Foldable.Foldable, Constructor_Data_Foldable_Foldable[*Constructor_Data_NonEmpty_NonEmpty[gopurs_runtime.Value, gopurs_runtime.Value]], 1) with fields=0
Generating Rebox_Data_List_Types_475922212_2412140840 for srcT=Struct(Data_Data_FunctorWithIndex_FunctorWithIndex, Data_FunctorWithIndex.FunctorWithIndex, Constructor_Data_FunctorWithIndex_FunctorWithIndex[*Constructor_Data_Maybe_Just[gopurs_runtime.Value], *Constructor_Data_NonEmpty_NonEmpty[gopurs_runtime.Value, gopurs_runtime.Value]], 2), destT=Struct(Data_Data_FunctorWithIndex_FunctorWithIndex, Data_FunctorWithIndex.FunctorWithIndex, Constructor_Data_FunctorWithIndex_FunctorWithIndex[gopurs_runtime.Value, gopurs_runtime.Value], 2) with fields=0
Generating Rebox_Data_List_Types_2412140840_475922212 for srcT=Struct(Data_Data_FunctorWithIndex_FunctorWithIndex, Data_FunctorWithIndex.FunctorWithIndex, Constructor_Data_FunctorWithIndex_FunctorWithIndex[gopurs_runtime.Value, gopurs_runtime.Value], 2), destT=Struct(Data_Data_FunctorWithIndex_FunctorWithIndex, Data_FunctorWithIndex.FunctorWithIndex, Constructor_Data_FunctorWithIndex_FunctorWithIndex[*Constructor_Data_Maybe_Just[gopurs_runtime.Value], *Constructor_Data_NonEmpty_NonEmpty[gopurs_runtime.Value, gopurs_runtime.Value]], 2) with fields=0
Generating Rebox_Data_List_Types_2412140840_721753375 for srcT=Struct(Data_Data_FunctorWithIndex_FunctorWithIndex, Data_FunctorWithIndex.FunctorWithIndex, Constructor_Data_FunctorWithIndex_FunctorWithIndex[gopurs_runtime.Value, gopurs_runtime.Value], 2), destT=Struct(Data_Data_FunctorWithIndex_FunctorWithIndex, Data_FunctorWithIndex.FunctorWithIndex, Constructor_Data_FunctorWithIndex_FunctorWithIndex[int64, *Constructor_Data_List_Types_Cons[gopurs_runtime.Value]], 2) with fields=0
Generating Rebox_Data_List_Types_2412140840_3339399026 for srcT=Struct(Data_Data_FunctorWithIndex_FunctorWithIndex, Data_FunctorWithIndex.FunctorWithIndex, Constructor_Data_FunctorWithIndex_FunctorWithIndex[gopurs_runtime.Value, gopurs_runtime.Value], 2), destT=Struct(Data_Data_FunctorWithIndex_FunctorWithIndex, Data_FunctorWithIndex.FunctorWithIndex, Constructor_Data_FunctorWithIndex_FunctorWithIndex[int64, *Constructor_Data_NonEmpty_NonEmpty[*Constructor_Data_List_Types_Cons[gopurs_runtime.Value], gopurs_runtime.Value]], 2) with fields=0
Generating Rebox_Data_List_Types_721753375_2412140840 for srcT=Struct(Data_Data_FunctorWithIndex_FunctorWithIndex, Data_FunctorWithIndex.FunctorWithIndex, Constructor_Data_FunctorWithIndex_FunctorWithIndex[int64, *Constructor_Data_List_Types_Cons[gopurs_runtime.Value]], 2), destT=Struct(Data_Data_FunctorWithIndex_FunctorWithIndex, Data_FunctorWithIndex.FunctorWithIndex, Constructor_Data_FunctorWithIndex_FunctorWithIndex[gopurs_runtime.Value, gopurs_runtime.Value], 2) with fields=0
Generating Rebox_Data_List_Types_3339399026_2412140840 for srcT=Struct(Data_Data_FunctorWithIndex_FunctorWithIndex, Data_FunctorWithIndex.FunctorWithIndex, Constructor_Data_FunctorWithIndex_FunctorWithIndex[int64, *Constructor_Data_NonEmpty_NonEmpty[*Constructor_Data_List_Types_Cons[gopurs_runtime.Value], gopurs_runtime.Value]], 2), destT=Struct(Data_Data_FunctorWithIndex_FunctorWithIndex, Data_FunctorWithIndex.FunctorWithIndex, Constructor_Data_FunctorWithIndex_FunctorWithIndex[gopurs_runtime.Value, gopurs_runtime.Value], 2) with fields=0
Generating Rebox_Data_List_Types_3262795586_2812149806 for srcT=Struct(Data_Data_Functor_Functor, Data_Functor.Functor, Constructor_Data_Functor_Functor[*Constructor_Data_List_Types_Cons[gopurs_runtime.Value]], 1), destT=Struct(Data_Data_Functor_Functor, Data_Functor.Functor, Constructor_Data_Functor_Functor[gopurs_runtime.Value], 1) with fields=0
Generating Rebox_Data_List_Types_2801299215_2812149806 for srcT=Struct(Data_Data_Functor_Functor, Data_Functor.Functor, Constructor_Data_Functor_Functor[*Constructor_Data_NonEmpty_NonEmpty[*Constructor_Data_List_Types_Cons[gopurs_runtime.Value], gopurs_runtime.Value]], 1), destT=Struct(Data_Data_Functor_Functor, Data_Functor.Functor, Constructor_Data_Functor_Functor[gopurs_runtime.Value], 1) with fields=0
Generating Rebox_Data_List_Types_1468200963_2812149806 for srcT=Struct(Data_Data_Functor_Functor, Data_Functor.Functor, Constructor_Data_Functor_Functor[*Constructor_Data_NonEmpty_NonEmpty[gopurs_runtime.Value, gopurs_runtime.Value]], 1), destT=Struct(Data_Data_Functor_Functor, Data_Functor.Functor, Constructor_Data_Functor_Functor[gopurs_runtime.Value], 1) with fields=0
Generating Rebox_Data_List_Types_2812149806_3262795586 for srcT=Struct(Data_Data_Functor_Functor, Data_Functor.Functor, Constructor_Data_Functor_Functor[gopurs_runtime.Value], 1), destT=Struct(Data_Data_Functor_Functor, Data_Functor.Functor, Constructor_Data_Functor_Functor[*Constructor_Data_List_Types_Cons[gopurs_runtime.Value]], 1) with fields=0
Generating Rebox_Data_List_Types_2812149806_2801299215 for srcT=Struct(Data_Data_Functor_Functor, Data_Functor.Functor, Constructor_Data_Functor_Functor[gopurs_runtime.Value], 1), destT=Struct(Data_Data_Functor_Functor, Data_Functor.Functor, Constructor_Data_Functor_Functor[*Constructor_Data_NonEmpty_NonEmpty[*Constructor_Data_List_Types_Cons[gopurs_runtime.Value], gopurs_runtime.Value]], 1) with fields=0
Generating Rebox_Data_List_Types_2812149806_1468200963 for srcT=Struct(Data_Data_Functor_Functor, Data_Functor.Functor, Constructor_Data_Functor_Functor[gopurs_runtime.Value], 1), destT=Struct(Data_Data_Functor_Functor, Data_Functor.Functor, Constructor_Data_Functor_Functor[*Constructor_Data_NonEmpty_NonEmpty[gopurs_runtime.Value, gopurs_runtime.Value]], 1) with fields=0
Generating Rebox_Data_List_Types_1116310629_849153993 for srcT=Struct(Data_Data_List_Types_Cons, Data_List_Types.Cons, Constructor_Data_List_Types_Cons[*Constructor_Data_List_Types_Cons[gopurs_runtime.Value]], 1), destT=Struct(Data_Data_List_Types_Cons, Data_List_Types.Cons, Constructor_Data_List_Types_Cons[gopurs_runtime.Value], 1) with fields=2
Generating Rebox_Data_List_Types_849153993_1116310629 for srcT=Struct(Data_Data_List_Types_Cons, Data_List_Types.Cons, Constructor_Data_List_Types_Cons[gopurs_runtime.Value], 1), destT=Struct(Data_Data_List_Types_Cons, Data_List_Types.Cons, Constructor_Data_List_Types_Cons[*Constructor_Data_List_Types_Cons[gopurs_runtime.Value]], 1) with fields=2
Generating Rebox_Data_List_Types_3094389156_4010058633 for srcT=Struct(Data_Data_Maybe_Just, Data_Maybe.Just, Constructor_Data_Maybe_Just[gopurs_runtime.Value], 1), destT=Struct(Data_Data_Maybe_Just, Data_Maybe.Just, Constructor_Data_Maybe_Just[*Constructor_Data_Tuple_Tuple[gopurs_runtime.Value, gopurs_runtime.Value]], 1) with fields=1
Generating Rebox_Data_List_Types_640718306_1201789390 for srcT=Struct(Data_Data_Monoid_Monoid, Data_Monoid.Monoid, Constructor_Data_Monoid_Monoid[*Constructor_Data_List_Types_Cons[gopurs_runtime.Value]], 1), destT=Struct(Data_Data_Monoid_Monoid, Data_Monoid.Monoid, Constructor_Data_Monoid_Monoid[gopurs_runtime.Value], 1) with fields=0
Generating Rebox_Data_List_Types_1201789390_640718306 for srcT=Struct(Data_Data_Monoid_Monoid, Data_Monoid.Monoid, Constructor_Data_Monoid_Monoid[gopurs_runtime.Value], 1), destT=Struct(Data_Data_Monoid_Monoid, Data_Monoid.Monoid, Constructor_Data_Monoid_Monoid[*Constructor_Data_List_Types_Cons[gopurs_runtime.Value]], 1) with fields=0
Generating Rebox_Data_List_Types_3742495784_385277032 for srcT=Struct(Data_Data_Newtype_Newtype, Data_Newtype.Newtype, Constructor_Data_Newtype_Newtype[*Constructor_Data_NonEmpty_NonEmpty[*Constructor_Data_List_Types_Cons[gopurs_runtime.Value], gopurs_runtime.Value], *Constructor_Data_NonEmpty_NonEmpty[*Constructor_Data_List_Types_Cons[gopurs_runtime.Value], gopurs_runtime.Value]], 2), destT=Struct(Data_Data_Newtype_Newtype, Data_Newtype.Newtype, Constructor_Data_Newtype_Newtype[gopurs_runtime.Value, gopurs_runtime.Value], 2) with fields=0
Generating Rebox_Data_List_Types_385277032_3742495784 for srcT=Struct(Data_Data_Newtype_Newtype, Data_Newtype.Newtype, Constructor_Data_Newtype_Newtype[gopurs_runtime.Value, gopurs_runtime.Value], 2), destT=Struct(Data_Data_Newtype_Newtype, Data_Newtype.Newtype, Constructor_Data_Newtype_Newtype[*Constructor_Data_NonEmpty_NonEmpty[*Constructor_Data_List_Types_Cons[gopurs_runtime.Value], gopurs_runtime.Value], *Constructor_Data_NonEmpty_NonEmpty[*Constructor_Data_List_Types_Cons[gopurs_runtime.Value], gopurs_runtime.Value]], 2) with fields=0
Generating Rebox_Data_List_Types_3123684004_1293498952 for srcT=Struct(Data_Data_NonEmpty_NonEmpty, Data_NonEmpty.NonEmpty, Constructor_Data_NonEmpty_NonEmpty[*Constructor_Data_List_Types_Cons[gopurs_runtime.Value], gopurs_runtime.Value], 2), destT=Struct(Data_Data_NonEmpty_NonEmpty, Data_NonEmpty.NonEmpty, Constructor_Data_NonEmpty_NonEmpty[gopurs_runtime.Value, gopurs_runtime.Value], 2) with fields=2
Generating Rebox_Data_List_Types_1293498952_3123684004 for srcT=Struct(Data_Data_NonEmpty_NonEmpty, Data_NonEmpty.NonEmpty, Constructor_Data_NonEmpty_NonEmpty[gopurs_runtime.Value, gopurs_runtime.Value], 2), destT=Struct(Data_Data_NonEmpty_NonEmpty, Data_NonEmpty.NonEmpty, Constructor_Data_NonEmpty_NonEmpty[*Constructor_Data_List_Types_Cons[gopurs_runtime.Value], gopurs_runtime.Value], 2) with fields=2
Generating Rebox_Data_List_Types_4210054658_4177771502 for srcT=Struct(Data_Data_Ord_Ord, Data_Ord.Ord, Constructor_Data_Ord_Ord[*Constructor_Data_List_Types_Cons[gopurs_runtime.Value]], 1), destT=Struct(Data_Data_Ord_Ord, Data_Ord.Ord, Constructor_Data_Ord_Ord[gopurs_runtime.Value], 1) with fields=0
Generating Rebox_Data_List_Types_1180711887_4177771502 for srcT=Struct(Data_Data_Ord_Ord, Data_Ord.Ord, Constructor_Data_Ord_Ord[*Constructor_Data_NonEmpty_NonEmpty[*Constructor_Data_List_Types_Cons[gopurs_runtime.Value], gopurs_runtime.Value]], 1), destT=Struct(Data_Data_Ord_Ord, Data_Ord.Ord, Constructor_Data_Ord_Ord[gopurs_runtime.Value], 1) with fields=0
Generating Rebox_Data_List_Types_4177771502_4210054658 for srcT=Struct(Data_Data_Ord_Ord, Data_Ord.Ord, Constructor_Data_Ord_Ord[gopurs_runtime.Value], 1), destT=Struct(Data_Data_Ord_Ord, Data_Ord.Ord, Constructor_Data_Ord_Ord[*Constructor_Data_List_Types_Cons[gopurs_runtime.Value]], 1) with fields=0
Generating Rebox_Data_List_Types_4177771502_1180711887 for srcT=Struct(Data_Data_Ord_Ord, Data_Ord.Ord, Constructor_Data_Ord_Ord[gopurs_runtime.Value], 1), destT=Struct(Data_Data_Ord_Ord, Data_Ord.Ord, Constructor_Data_Ord_Ord[*Constructor_Data_NonEmpty_NonEmpty[*Constructor_Data_List_Types_Cons[gopurs_runtime.Value], gopurs_runtime.Value]], 1) with fields=0
Generating Rebox_Data_List_Types_3739089555_3985601471 for srcT=Struct(Data_Data_Ord_Ord1, Data_Ord.Ord1, Constructor_Data_Ord_Ord1[*Constructor_Data_List_Types_Cons[gopurs_runtime.Value]], 1), destT=Struct(Data_Data_Ord_Ord1, Data_Ord.Ord1, Constructor_Data_Ord_Ord1[gopurs_runtime.Value], 1) with fields=0
Generating Rebox_Data_List_Types_3290489278_3985601471 for srcT=Struct(Data_Data_Ord_Ord1, Data_Ord.Ord1, Constructor_Data_Ord_Ord1[*Constructor_Data_NonEmpty_NonEmpty[*Constructor_Data_List_Types_Cons[gopurs_runtime.Value], gopurs_runtime.Value]], 1), destT=Struct(Data_Data_Ord_Ord1, Data_Ord.Ord1, Constructor_Data_Ord_Ord1[gopurs_runtime.Value], 1) with fields=0
Generating Rebox_Data_List_Types_3985601471_3739089555 for srcT=Struct(Data_Data_Ord_Ord1, Data_Ord.Ord1, Constructor_Data_Ord_Ord1[gopurs_runtime.Value], 1), destT=Struct(Data_Data_Ord_Ord1, Data_Ord.Ord1, Constructor_Data_Ord_Ord1[*Constructor_Data_List_Types_Cons[gopurs_runtime.Value]], 1) with fields=0
Generating Rebox_Data_List_Types_3985601471_3290489278 for srcT=Struct(Data_Data_Ord_Ord1, Data_Ord.Ord1, Constructor_Data_Ord_Ord1[gopurs_runtime.Value], 1), destT=Struct(Data_Data_Ord_Ord1, Data_Ord.Ord1, Constructor_Data_Ord_Ord1[*Constructor_Data_NonEmpty_NonEmpty[*Constructor_Data_List_Types_Cons[gopurs_runtime.Value], gopurs_runtime.Value]], 1) with fields=0
Generating Rebox_Data_List_Types_3368202604_4151366573 for srcT=Struct(Data_Data_Semigroup_Foldable_Foldable1, Data_Semigroup_Foldable.Foldable1, Constructor_Data_Semigroup_Foldable_Foldable1[*Constructor_Data_NonEmpty_NonEmpty[*Constructor_Data_List_Types_Cons[gopurs_runtime.Value], gopurs_runtime.Value]], 1), destT=Struct(Data_Data_Semigroup_Foldable_Foldable1, Data_Semigroup_Foldable.Foldable1, Constructor_Data_Semigroup_Foldable_Foldable1[gopurs_runtime.Value], 1) with fields=0
Generating Rebox_Data_List_Types_4151366573_3368202604 for srcT=Struct(Data_Data_Semigroup_Foldable_Foldable1, Data_Semigroup_Foldable.Foldable1, Constructor_Data_Semigroup_Foldable_Foldable1[gopurs_runtime.Value], 1), destT=Struct(Data_Data_Semigroup_Foldable_Foldable1, Data_Semigroup_Foldable.Foldable1, Constructor_Data_Semigroup_Foldable_Foldable1[*Constructor_Data_NonEmpty_NonEmpty[*Constructor_Data_List_Types_Cons[gopurs_runtime.Value], gopurs_runtime.Value]], 1) with fields=0
Generating Rebox_Data_List_Types_4022093634_4179793454 for srcT=Struct(Data_Data_Semigroup_Semigroup, Data_Semigroup.Semigroup, Constructor_Data_Semigroup_Semigroup[*Constructor_Data_List_Types_Cons[gopurs_runtime.Value]], 1), destT=Struct(Data_Data_Semigroup_Semigroup, Data_Semigroup.Semigroup, Constructor_Data_Semigroup_Semigroup[gopurs_runtime.Value], 1) with fields=0
Generating Rebox_Data_List_Types_655843087_4179793454 for srcT=Struct(Data_Data_Semigroup_Semigroup, Data_Semigroup.Semigroup, Constructor_Data_Semigroup_Semigroup[*Constructor_Data_NonEmpty_NonEmpty[*Constructor_Data_List_Types_Cons[gopurs_runtime.Value], gopurs_runtime.Value]], 1), destT=Struct(Data_Data_Semigroup_Semigroup, Data_Semigroup.Semigroup, Constructor_Data_Semigroup_Semigroup[gopurs_runtime.Value], 1) with fields=0
Generating Rebox_Data_List_Types_4179793454_4022093634 for srcT=Struct(Data_Data_Semigroup_Semigroup, Data_Semigroup.Semigroup, Constructor_Data_Semigroup_Semigroup[gopurs_runtime.Value], 1), destT=Struct(Data_Data_Semigroup_Semigroup, Data_Semigroup.Semigroup, Constructor_Data_Semigroup_Semigroup[*Constructor_Data_List_Types_Cons[gopurs_runtime.Value]], 1) with fields=0
Generating Rebox_Data_List_Types_4179793454_655843087 for srcT=Struct(Data_Data_Semigroup_Semigroup, Data_Semigroup.Semigroup, Constructor_Data_Semigroup_Semigroup[gopurs_runtime.Value], 1), destT=Struct(Data_Data_Semigroup_Semigroup, Data_Semigroup.Semigroup, Constructor_Data_Semigroup_Semigroup[*Constructor_Data_NonEmpty_NonEmpty[*Constructor_Data_List_Types_Cons[gopurs_runtime.Value], gopurs_runtime.Value]], 1) with fields=0
Generating Rebox_Data_List_Types_3842311788_306175789 for srcT=Struct(Data_Data_Semigroup_Traversable_Traversable1, Data_Semigroup_Traversable.Traversable1, Constructor_Data_Semigroup_Traversable_Traversable1[*Constructor_Data_NonEmpty_NonEmpty[*Constructor_Data_List_Types_Cons[gopurs_runtime.Value], gopurs_runtime.Value]], 1), destT=Struct(Data_Data_Semigroup_Traversable_Traversable1, Data_Semigroup_Traversable.Traversable1, Constructor_Data_Semigroup_Traversable_Traversable1[gopurs_runtime.Value], 1) with fields=0
Generating Rebox_Data_List_Types_306175789_3842311788 for srcT=Struct(Data_Data_Semigroup_Traversable_Traversable1, Data_Semigroup_Traversable.Traversable1, Constructor_Data_Semigroup_Traversable_Traversable1[gopurs_runtime.Value], 1), destT=Struct(Data_Data_Semigroup_Traversable_Traversable1, Data_Semigroup_Traversable.Traversable1, Constructor_Data_Semigroup_Traversable_Traversable1[*Constructor_Data_NonEmpty_NonEmpty[*Constructor_Data_List_Types_Cons[gopurs_runtime.Value], gopurs_runtime.Value]], 1) with fields=0
Generating Rebox_Data_List_Types_3351995458_1386611502 for srcT=Struct(Data_Data_Show_Show, Data_Show.Show, Constructor_Data_Show_Show[*Constructor_Data_List_Types_Cons[gopurs_runtime.Value]], 1), destT=Struct(Data_Data_Show_Show, Data_Show.Show, Constructor_Data_Show_Show[gopurs_runtime.Value], 1) with fields=0
Generating Rebox_Data_List_Types_4061813263_1386611502 for srcT=Struct(Data_Data_Show_Show, Data_Show.Show, Constructor_Data_Show_Show[*Constructor_Data_NonEmpty_NonEmpty[*Constructor_Data_List_Types_Cons[gopurs_runtime.Value], gopurs_runtime.Value]], 1), destT=Struct(Data_Data_Show_Show, Data_Show.Show, Constructor_Data_Show_Show[gopurs_runtime.Value], 1) with fields=0
Generating Rebox_Data_List_Types_1507176707_1386611502 for srcT=Struct(Data_Data_Show_Show, Data_Show.Show, Constructor_Data_Show_Show[*Constructor_Data_NonEmpty_NonEmpty[gopurs_runtime.Value, gopurs_runtime.Value]], 1), destT=Struct(Data_Data_Show_Show, Data_Show.Show, Constructor_Data_Show_Show[gopurs_runtime.Value], 1) with fields=0
Generating Rebox_Data_List_Types_1386611502_3351995458 for srcT=Struct(Data_Data_Show_Show, Data_Show.Show, Constructor_Data_Show_Show[gopurs_runtime.Value], 1), destT=Struct(Data_Data_Show_Show, Data_Show.Show, Constructor_Data_Show_Show[*Constructor_Data_List_Types_Cons[gopurs_runtime.Value]], 1) with fields=0
Generating Rebox_Data_List_Types_1386611502_4061813263 for srcT=Struct(Data_Data_Show_Show, Data_Show.Show, Constructor_Data_Show_Show[gopurs_runtime.Value], 1), destT=Struct(Data_Data_Show_Show, Data_Show.Show, Constructor_Data_Show_Show[*Constructor_Data_NonEmpty_NonEmpty[*Constructor_Data_List_Types_Cons[gopurs_runtime.Value], gopurs_runtime.Value]], 1) with fields=0
Generating Rebox_Data_List_Types_1386611502_1507176707 for srcT=Struct(Data_Data_Show_Show, Data_Show.Show, Constructor_Data_Show_Show[gopurs_runtime.Value], 1), destT=Struct(Data_Data_Show_Show, Data_Show.Show, Constructor_Data_Show_Show[*Constructor_Data_NonEmpty_NonEmpty[gopurs_runtime.Value, gopurs_runtime.Value]], 1) with fields=0
Generating Rebox_Data_List_Types_4122471187_1812164904 for srcT=Struct(Data_Data_TraversableWithIndex_TraversableWithIndex, Data_TraversableWithIndex.TraversableWithIndex, Constructor_Data_TraversableWithIndex_TraversableWithIndex[*Constructor_Data_Maybe_Just[int64], *Constructor_Data_NonEmpty_NonEmpty[*Constructor_Data_List_Types_Cons[gopurs_runtime.Value], gopurs_runtime.Value]], 2), destT=Struct(Data_Data_TraversableWithIndex_TraversableWithIndex, Data_TraversableWithIndex.TraversableWithIndex, Constructor_Data_TraversableWithIndex_TraversableWithIndex[gopurs_runtime.Value, gopurs_runtime.Value], 2) with fields=0
Generating Rebox_Data_List_Types_1812164904_4122471187 for srcT=Struct(Data_Data_TraversableWithIndex_TraversableWithIndex, Data_TraversableWithIndex.TraversableWithIndex, Constructor_Data_TraversableWithIndex_TraversableWithIndex[gopurs_runtime.Value, gopurs_runtime.Value], 2), destT=Struct(Data_Data_TraversableWithIndex_TraversableWithIndex, Data_TraversableWithIndex.TraversableWithIndex, Constructor_Data_TraversableWithIndex_TraversableWithIndex[*Constructor_Data_Maybe_Just[int64], *Constructor_Data_NonEmpty_NonEmpty[*Constructor_Data_List_Types_Cons[gopurs_runtime.Value], gopurs_runtime.Value]], 2) with fields=0
Generating Rebox_Data_List_Types_1812164904_1544744991 for srcT=Struct(Data_Data_TraversableWithIndex_TraversableWithIndex, Data_TraversableWithIndex.TraversableWithIndex, Constructor_Data_TraversableWithIndex_TraversableWithIndex[gopurs_runtime.Value, gopurs_runtime.Value], 2), destT=Struct(Data_Data_TraversableWithIndex_TraversableWithIndex, Data_TraversableWithIndex.TraversableWithIndex, Constructor_Data_TraversableWithIndex_TraversableWithIndex[int64, *Constructor_Data_List_Types_Cons[gopurs_runtime.Value]], 2) with fields=0
Generating Rebox_Data_List_Types_1812164904_677368690 for srcT=Struct(Data_Data_TraversableWithIndex_TraversableWithIndex, Data_TraversableWithIndex.TraversableWithIndex, Constructor_Data_TraversableWithIndex_TraversableWithIndex[gopurs_runtime.Value, gopurs_runtime.Value], 2), destT=Struct(Data_Data_TraversableWithIndex_TraversableWithIndex, Data_TraversableWithIndex.TraversableWithIndex, Constructor_Data_TraversableWithIndex_TraversableWithIndex[int64, *Constructor_Data_NonEmpty_NonEmpty[*Constructor_Data_List_Types_Cons[gopurs_runtime.Value], gopurs_runtime.Value]], 2) with fields=0
Generating Rebox_Data_List_Types_1544744991_1812164904 for srcT=Struct(Data_Data_TraversableWithIndex_TraversableWithIndex, Data_TraversableWithIndex.TraversableWithIndex, Constructor_Data_TraversableWithIndex_TraversableWithIndex[int64, *Constructor_Data_List_Types_Cons[gopurs_runtime.Value]], 2), destT=Struct(Data_Data_TraversableWithIndex_TraversableWithIndex, Data_TraversableWithIndex.TraversableWithIndex, Constructor_Data_TraversableWithIndex_TraversableWithIndex[gopurs_runtime.Value, gopurs_runtime.Value], 2) with fields=0
Generating Rebox_Data_List_Types_677368690_1812164904 for srcT=Struct(Data_Data_TraversableWithIndex_TraversableWithIndex, Data_TraversableWithIndex.TraversableWithIndex, Constructor_Data_TraversableWithIndex_TraversableWithIndex[int64, *Constructor_Data_NonEmpty_NonEmpty[*Constructor_Data_List_Types_Cons[gopurs_runtime.Value], gopurs_runtime.Value]], 2), destT=Struct(Data_Data_TraversableWithIndex_TraversableWithIndex, Data_TraversableWithIndex.TraversableWithIndex, Constructor_Data_TraversableWithIndex_TraversableWithIndex[gopurs_runtime.Value, gopurs_runtime.Value], 2) with fields=0
Generating Rebox_Data_List_Types_3037784642_3043886126 for srcT=Struct(Data_Data_Traversable_Traversable, Data_Traversable.Traversable, Constructor_Data_Traversable_Traversable[*Constructor_Data_List_Types_Cons[gopurs_runtime.Value]], 1), destT=Struct(Data_Data_Traversable_Traversable, Data_Traversable.Traversable, Constructor_Data_Traversable_Traversable[gopurs_runtime.Value], 1) with fields=0
Generating Rebox_Data_List_Types_3425342735_3043886126 for srcT=Struct(Data_Data_Traversable_Traversable, Data_Traversable.Traversable, Constructor_Data_Traversable_Traversable[*Constructor_Data_NonEmpty_NonEmpty[*Constructor_Data_List_Types_Cons[gopurs_runtime.Value], gopurs_runtime.Value]], 1), destT=Struct(Data_Data_Traversable_Traversable, Data_Traversable.Traversable, Constructor_Data_Traversable_Traversable[gopurs_runtime.Value], 1) with fields=0
Generating Rebox_Data_List_Types_3043886126_3037784642 for srcT=Struct(Data_Data_Traversable_Traversable, Data_Traversable.Traversable, Constructor_Data_Traversable_Traversable[gopurs_runtime.Value], 1), destT=Struct(Data_Data_Traversable_Traversable, Data_Traversable.Traversable, Constructor_Data_Traversable_Traversable[*Constructor_Data_List_Types_Cons[gopurs_runtime.Value]], 1) with fields=0
Generating Rebox_Data_List_Types_3043886126_3425342735 for srcT=Struct(Data_Data_Traversable_Traversable, Data_Traversable.Traversable, Constructor_Data_Traversable_Traversable[gopurs_runtime.Value], 1), destT=Struct(Data_Data_Traversable_Traversable, Data_Traversable.Traversable, Constructor_Data_Traversable_Traversable[*Constructor_Data_NonEmpty_NonEmpty[*Constructor_Data_List_Types_Cons[gopurs_runtime.Value], gopurs_runtime.Value]], 1) with fields=0
Generating Rebox_Data_List_Types_138441832_3804580809 for srcT=Struct(Data_Data_Tuple_Tuple, Data_Tuple.Tuple, Constructor_Data_Tuple_Tuple[gopurs_runtime.Value, gopurs_runtime.Value], 2), destT=Struct(Data_Data_Tuple_Tuple, Data_Tuple.Tuple, Constructor_Data_Tuple_Tuple[gopurs_runtime.Value, *Constructor_Data_Maybe_Just[gopurs_runtime.Value]], 2) with fields=2
Generating Rebox_Data_List_Types_138441832_3800170591 for srcT=Struct(Data_Data_Tuple_Tuple, Data_Tuple.Tuple, Constructor_Data_Tuple_Tuple[gopurs_runtime.Value, gopurs_runtime.Value], 2), destT=Struct(Data_Data_Tuple_Tuple, Data_Tuple.Tuple, Constructor_Data_Tuple_Tuple[int64, *Constructor_Data_List_Types_Cons[gopurs_runtime.Value]], 2) with fields=2
Generating Rebox_Data_List_Types_138441832_1728839155 for srcT=Struct(Data_Data_Tuple_Tuple, Data_Tuple.Tuple, Constructor_Data_Tuple_Tuple[gopurs_runtime.Value, gopurs_runtime.Value], 2), destT=Struct(Data_Data_Tuple_Tuple, Data_Tuple.Tuple, Constructor_Data_Tuple_Tuple[int64, gopurs_runtime.Value], 2) with fields=2
Generating Rebox_Data_List_Types_3800170591_138441832 for srcT=Struct(Data_Data_Tuple_Tuple, Data_Tuple.Tuple, Constructor_Data_Tuple_Tuple[int64, *Constructor_Data_List_Types_Cons[gopurs_runtime.Value]], 2), destT=Struct(Data_Data_Tuple_Tuple, Data_Tuple.Tuple, Constructor_Data_Tuple_Tuple[gopurs_runtime.Value, gopurs_runtime.Value], 2) with fields=2
Generating Rebox_Data_List_Types_1728839155_138441832 for srcT=Struct(Data_Data_Tuple_Tuple, Data_Tuple.Tuple, Constructor_Data_Tuple_Tuple[int64, gopurs_runtime.Value], 2), destT=Struct(Data_Data_Tuple_Tuple, Data_Tuple.Tuple, Constructor_Data_Tuple_Tuple[gopurs_runtime.Value, gopurs_runtime.Value], 2) with fields=2
Generating Rebox_Data_List_Types_4073635714_2187088110 for srcT=Struct(Data_Data_Unfoldable1_Unfoldable1, Data_Unfoldable1.Unfoldable1, Constructor_Data_Unfoldable1_Unfoldable1[*Constructor_Data_List_Types_Cons[gopurs_runtime.Value]], 1), destT=Struct(Data_Data_Unfoldable1_Unfoldable1, Data_Unfoldable1.Unfoldable1, Constructor_Data_Unfoldable1_Unfoldable1[gopurs_runtime.Value], 1) with fields=0
Generating Rebox_Data_List_Types_2751875267_2187088110 for srcT=Struct(Data_Data_Unfoldable1_Unfoldable1, Data_Unfoldable1.Unfoldable1, Constructor_Data_Unfoldable1_Unfoldable1[*Constructor_Data_NonEmpty_NonEmpty[gopurs_runtime.Value, gopurs_runtime.Value]], 1), destT=Struct(Data_Data_Unfoldable1_Unfoldable1, Data_Unfoldable1.Unfoldable1, Constructor_Data_Unfoldable1_Unfoldable1[gopurs_runtime.Value], 1) with fields=0
Generating Rebox_Data_List_Types_2187088110_4073635714 for srcT=Struct(Data_Data_Unfoldable1_Unfoldable1, Data_Unfoldable1.Unfoldable1, Constructor_Data_Unfoldable1_Unfoldable1[gopurs_runtime.Value], 1), destT=Struct(Data_Data_Unfoldable1_Unfoldable1, Data_Unfoldable1.Unfoldable1, Constructor_Data_Unfoldable1_Unfoldable1[*Constructor_Data_List_Types_Cons[gopurs_runtime.Value]], 1) with fields=0
Generating Rebox_Data_List_Types_2187088110_2751875267 for srcT=Struct(Data_Data_Unfoldable1_Unfoldable1, Data_Unfoldable1.Unfoldable1, Constructor_Data_Unfoldable1_Unfoldable1[gopurs_runtime.Value], 1), destT=Struct(Data_Data_Unfoldable1_Unfoldable1, Data_Unfoldable1.Unfoldable1, Constructor_Data_Unfoldable1_Unfoldable1[*Constructor_Data_NonEmpty_NonEmpty[gopurs_runtime.Value, gopurs_runtime.Value]], 1) with fields=0
Generating Rebox_Data_List_Types_132451362_2738507278 for srcT=Struct(Data_Data_Unfoldable_Unfoldable, Data_Unfoldable.Unfoldable, Constructor_Data_Unfoldable_Unfoldable[*Constructor_Data_List_Types_Cons[gopurs_runtime.Value]], 1), destT=Struct(Data_Data_Unfoldable_Unfoldable, Data_Unfoldable.Unfoldable, Constructor_Data_Unfoldable_Unfoldable[gopurs_runtime.Value], 1) with fields=0
Generating Rebox_Data_List_Types_2738507278_132451362 for srcT=Struct(Data_Data_Unfoldable_Unfoldable, Data_Unfoldable.Unfoldable, Constructor_Data_Unfoldable_Unfoldable[gopurs_runtime.Value], 1), destT=Struct(Data_Data_Unfoldable_Unfoldable, Data_Unfoldable.Unfoldable, Constructor_Data_Unfoldable_Unfoldable[*Constructor_Data_List_Types_Cons[gopurs_runtime.Value]], 1) with fields=0
Generating Rebox_Data_List_2183599445_2748095225 for srcT=Struct(Data_Control_Bind_Bind, Control_Bind.Bind, Constructor_Control_Bind_Bind[*Constructor_Data_List_Types_Cons[gopurs_runtime.Value]], 1), destT=Struct(Data_Control_Bind_Bind, Control_Bind.Bind, Constructor_Control_Bind_Bind[gopurs_runtime.Value], 1) with fields=0
Generating Rebox_Data_List_2748095225_2183599445 for srcT=Struct(Data_Control_Bind_Bind, Control_Bind.Bind, Constructor_Control_Bind_Bind[gopurs_runtime.Value], 1), destT=Struct(Data_Control_Bind_Bind, Control_Bind.Bind, Constructor_Control_Bind_Bind[*Constructor_Data_List_Types_Cons[gopurs_runtime.Value]], 1) with fields=0
Generating Rebox_Data_List_802708012_3603546092 for srcT=Struct(Data_Control_Monad_Rec_Class_Done, Control_Monad_Rec_Class.Done, Constructor_Control_Monad_Rec_Class_Done[*Constructor_Data_Maybe_Just[gopurs_runtime.Value], *Constructor_Data_Maybe_Just[gopurs_runtime.Value]], 2), destT=Struct(Data_Control_Monad_Rec_Class_Done, Control_Monad_Rec_Class.Done, Constructor_Control_Monad_Rec_Class_Done[gopurs_runtime.Value, gopurs_runtime.Value], 2) with fields=1
Generating Rebox_Data_List_3406595152_4008603408 for srcT=Struct(Data_Control_Monad_Rec_Class_Loop, Control_Monad_Rec_Class.Loop, Constructor_Control_Monad_Rec_Class_Loop[*Constructor_Data_Maybe_Just[gopurs_runtime.Value], *Constructor_Data_Maybe_Just[gopurs_runtime.Value]], 2), destT=Struct(Data_Control_Monad_Rec_Class_Loop, Control_Monad_Rec_Class.Loop, Constructor_Control_Monad_Rec_Class_Loop[gopurs_runtime.Value, gopurs_runtime.Value], 2) with fields=1
Generating Rebox_Data_List_1636902754_3790796878 for srcT=Struct(Data_Data_Eq_Eq, Data_Eq.Eq, Constructor_Data_Eq_Eq[*Constructor_Data_List_Types_Cons[gopurs_runtime.Value]], 1), destT=Struct(Data_Data_Eq_Eq, Data_Eq.Eq, Constructor_Data_Eq_Eq[gopurs_runtime.Value], 1) with fields=0
Generating Rebox_Data_List_3790796878_1636902754 for srcT=Struct(Data_Data_Eq_Eq, Data_Eq.Eq, Constructor_Data_Eq_Eq[gopurs_runtime.Value], 1), destT=Struct(Data_Data_Eq_Eq, Data_Eq.Eq, Constructor_Data_Eq_Eq[*Constructor_Data_List_Types_Cons[gopurs_runtime.Value]], 1) with fields=0
Generating Rebox_Data_List_1116310629_849153993 for srcT=Struct(Data_Data_List_Types_Cons, Data_List_Types.Cons, Constructor_Data_List_Types_Cons[*Constructor_Data_List_Types_Cons[gopurs_runtime.Value]], 1), destT=Struct(Data_Data_List_Types_Cons, Data_List_Types.Cons, Constructor_Data_List_Types_Cons[gopurs_runtime.Value], 1) with fields=2
Generating Rebox_Data_List_587109416_849153993 for srcT=Struct(Data_Data_List_Types_Cons, Data_List_Types.Cons, Constructor_Data_List_Types_Cons[*Constructor_Data_NonEmpty_NonEmpty[*Constructor_Data_List_Types_Cons[gopurs_runtime.Value], gopurs_runtime.Value]], 1), destT=Struct(Data_Data_List_Types_Cons, Data_List_Types.Cons, Constructor_Data_List_Types_Cons[gopurs_runtime.Value], 1) with fields=2
Generating Rebox_Data_List_3266529732_849153993 for srcT=Struct(Data_Data_List_Types_Cons, Data_List_Types.Cons, Constructor_Data_List_Types_Cons[*Constructor_Data_Tuple_Tuple[gopurs_runtime.Value, gopurs_runtime.Value]], 1), destT=Struct(Data_Data_List_Types_Cons, Data_List_Types.Cons, Constructor_Data_List_Types_Cons[gopurs_runtime.Value], 1) with fields=2
Generating Rebox_Data_List_2442833393_849153993 for srcT=Struct(Data_Data_List_Types_Cons, Data_List_Types.Cons, Constructor_Data_List_Types_Cons[*Constructor_Data_Tuple_Tuple[uint32, float64]], 1), destT=Struct(Data_Data_List_Types_Cons, Data_List_Types.Cons, Constructor_Data_List_Types_Cons[gopurs_runtime.Value], 1) with fields=2
Generating Rebox_Data_List_849153993_1116310629 for srcT=Struct(Data_Data_List_Types_Cons, Data_List_Types.Cons, Constructor_Data_List_Types_Cons[gopurs_runtime.Value], 1), destT=Struct(Data_Data_List_Types_Cons, Data_List_Types.Cons, Constructor_Data_List_Types_Cons[*Constructor_Data_List_Types_Cons[gopurs_runtime.Value]], 1) with fields=2
Generating Rebox_Data_List_849153993_587109416 for srcT=Struct(Data_Data_List_Types_Cons, Data_List_Types.Cons, Constructor_Data_List_Types_Cons[gopurs_runtime.Value], 1), destT=Struct(Data_Data_List_Types_Cons, Data_List_Types.Cons, Constructor_Data_List_Types_Cons[*Constructor_Data_NonEmpty_NonEmpty[*Constructor_Data_List_Types_Cons[gopurs_runtime.Value], gopurs_runtime.Value]], 1) with fields=2
Generating Rebox_Data_List_849153993_3266529732 for srcT=Struct(Data_Data_List_Types_Cons, Data_List_Types.Cons, Constructor_Data_List_Types_Cons[gopurs_runtime.Value], 1), destT=Struct(Data_Data_List_Types_Cons, Data_List_Types.Cons, Constructor_Data_List_Types_Cons[*Constructor_Data_Tuple_Tuple[gopurs_runtime.Value, gopurs_runtime.Value]], 1) with fields=2
Generating Rebox_Data_List_849153993_2442833393 for srcT=Struct(Data_Data_List_Types_Cons, Data_List_Types.Cons, Constructor_Data_List_Types_Cons[gopurs_runtime.Value], 1), destT=Struct(Data_Data_List_Types_Cons, Data_List_Types.Cons, Constructor_Data_List_Types_Cons[*Constructor_Data_Tuple_Tuple[uint32, float64]], 1) with fields=2
Generating Rebox_Data_List_849153993_3704040722 for srcT=Struct(Data_Data_List_Types_Cons, Data_List_Types.Cons, Constructor_Data_List_Types_Cons[gopurs_runtime.Value], 1), destT=Struct(Data_Data_List_Types_Cons, Data_List_Types.Cons, Constructor_Data_List_Types_Cons[int64], 1) with fields=2
Generating Rebox_Data_List_3704040722_849153993 for srcT=Struct(Data_Data_List_Types_Cons, Data_List_Types.Cons, Constructor_Data_List_Types_Cons[int64], 1), destT=Struct(Data_Data_List_Types_Cons, Data_List_Types.Cons, Constructor_Data_List_Types_Cons[gopurs_runtime.Value], 1) with fields=2
Generating Rebox_Data_List_1978018568_3094389156 for srcT=Struct(Data_Data_Maybe_Just, Data_Maybe.Just, Constructor_Data_Maybe_Just[*Constructor_Data_List_Types_Cons[gopurs_runtime.Value]], 1), destT=Struct(Data_Data_Maybe_Just, Data_Maybe.Just, Constructor_Data_Maybe_Just[gopurs_runtime.Value], 1) with fields=1
Generating Rebox_Data_List_3094389156_1978018568 for srcT=Struct(Data_Data_Maybe_Just, Data_Maybe.Just, Constructor_Data_Maybe_Just[gopurs_runtime.Value], 1), destT=Struct(Data_Data_Maybe_Just, Data_Maybe.Just, Constructor_Data_Maybe_Just[*Constructor_Data_List_Types_Cons[gopurs_runtime.Value]], 1) with fields=1
Generating Rebox_Data_List_3094389156_1170268447 for srcT=Struct(Data_Data_Maybe_Just, Data_Maybe.Just, Constructor_Data_Maybe_Just[gopurs_runtime.Value], 1), destT=Struct(Data_Data_Maybe_Just, Data_Maybe.Just, Constructor_Data_Maybe_Just[int64], 1) with fields=1
Generating Rebox_Data_List_1170268447_3094389156 for srcT=Struct(Data_Data_Maybe_Just, Data_Maybe.Just, Constructor_Data_Maybe_Just[int64], 1), destT=Struct(Data_Data_Maybe_Just, Data_Maybe.Just, Constructor_Data_Maybe_Just[gopurs_runtime.Value], 1) with fields=1
Generating Rebox_Data_List_1501865320_385277032 for srcT=Struct(Data_Data_Newtype_Newtype, Data_Newtype.Newtype, Constructor_Data_Newtype_Newtype[*Constructor_Data_List_Types_Cons[gopurs_runtime.Value], *Constructor_Data_List_Types_Cons[gopurs_runtime.Value]], 2), destT=Struct(Data_Data_Newtype_Newtype, Data_Newtype.Newtype, Constructor_Data_Newtype_Newtype[gopurs_runtime.Value, gopurs_runtime.Value], 2) with fields=0
Generating Rebox_Data_List_385277032_1501865320 for srcT=Struct(Data_Data_Newtype_Newtype, Data_Newtype.Newtype, Constructor_Data_Newtype_Newtype[gopurs_runtime.Value, gopurs_runtime.Value], 2), destT=Struct(Data_Data_Newtype_Newtype, Data_Newtype.Newtype, Constructor_Data_Newtype_Newtype[*Constructor_Data_List_Types_Cons[gopurs_runtime.Value], *Constructor_Data_List_Types_Cons[gopurs_runtime.Value]], 2) with fields=0
Generating Rebox_Data_List_1293498952_3123684004 for srcT=Struct(Data_Data_NonEmpty_NonEmpty, Data_NonEmpty.NonEmpty, Constructor_Data_NonEmpty_NonEmpty[gopurs_runtime.Value, gopurs_runtime.Value], 2), destT=Struct(Data_Data_NonEmpty_NonEmpty, Data_NonEmpty.NonEmpty, Constructor_Data_NonEmpty_NonEmpty[*Constructor_Data_List_Types_Cons[gopurs_runtime.Value], gopurs_runtime.Value], 2) with fields=2
Generating Rebox_Data_List_4210054658_4177771502 for srcT=Struct(Data_Data_Ord_Ord, Data_Ord.Ord, Constructor_Data_Ord_Ord[*Constructor_Data_List_Types_Cons[gopurs_runtime.Value]], 1), destT=Struct(Data_Data_Ord_Ord, Data_Ord.Ord, Constructor_Data_Ord_Ord[gopurs_runtime.Value], 1) with fields=0
Generating Rebox_Data_List_4177771502_4210054658 for srcT=Struct(Data_Data_Ord_Ord, Data_Ord.Ord, Constructor_Data_Ord_Ord[gopurs_runtime.Value], 1), destT=Struct(Data_Data_Ord_Ord, Data_Ord.Ord, Constructor_Data_Ord_Ord[*Constructor_Data_List_Types_Cons[gopurs_runtime.Value]], 1) with fields=0
Generating Rebox_Data_List_3351995458_1386611502 for srcT=Struct(Data_Data_Show_Show, Data_Show.Show, Constructor_Data_Show_Show[*Constructor_Data_List_Types_Cons[gopurs_runtime.Value]], 1), destT=Struct(Data_Data_Show_Show, Data_Show.Show, Constructor_Data_Show_Show[gopurs_runtime.Value], 1) with fields=0
Generating Rebox_Data_List_1386611502_3351995458 for srcT=Struct(Data_Data_Show_Show, Data_Show.Show, Constructor_Data_Show_Show[gopurs_runtime.Value], 1), destT=Struct(Data_Data_Show_Show, Data_Show.Show, Constructor_Data_Show_Show[*Constructor_Data_List_Types_Cons[gopurs_runtime.Value]], 1) with fields=0
Generating Rebox_Data_List_3037784642_3043886126 for srcT=Struct(Data_Data_Traversable_Traversable, Data_Traversable.Traversable, Constructor_Data_Traversable_Traversable[*Constructor_Data_List_Types_Cons[gopurs_runtime.Value]], 1), destT=Struct(Data_Data_Traversable_Traversable, Data_Traversable.Traversable, Constructor_Data_Traversable_Traversable[gopurs_runtime.Value], 1) with fields=0
Generating Rebox_Data_List_3043886126_3037784642 for srcT=Struct(Data_Data_Traversable_Traversable, Data_Traversable.Traversable, Constructor_Data_Traversable_Traversable[gopurs_runtime.Value], 1), destT=Struct(Data_Data_Traversable_Traversable, Data_Traversable.Traversable, Constructor_Data_Traversable_Traversable[*Constructor_Data_List_Types_Cons[gopurs_runtime.Value]], 1) with fields=0
Generating Rebox_Data_List_22134120_138441832 for srcT=Struct(Data_Data_Tuple_Tuple, Data_Tuple.Tuple, Constructor_Data_Tuple_Tuple[*Constructor_Data_List_Types_Cons[gopurs_runtime.Value], *Constructor_Data_List_Types_Cons[gopurs_runtime.Value]], 2), destT=Struct(Data_Data_Tuple_Tuple, Data_Tuple.Tuple, Constructor_Data_Tuple_Tuple[gopurs_runtime.Value, gopurs_runtime.Value], 2) with fields=2
Generating Rebox_Data_List_2351501316_138441832 for srcT=Struct(Data_Data_Tuple_Tuple, Data_Tuple.Tuple, Constructor_Data_Tuple_Tuple[gopurs_runtime.Value, *Constructor_Data_List_Types_Cons[gopurs_runtime.Value]], 2), destT=Struct(Data_Data_Tuple_Tuple, Data_Tuple.Tuple, Constructor_Data_Tuple_Tuple[gopurs_runtime.Value, gopurs_runtime.Value], 2) with fields=2
Generating Rebox_Data_List_138441832_3132786365 for srcT=Struct(Data_Data_Tuple_Tuple, Data_Tuple.Tuple, Constructor_Data_Tuple_Tuple[gopurs_runtime.Value, gopurs_runtime.Value], 2), destT=Struct(Data_Data_Tuple_Tuple, Data_Tuple.Tuple, Constructor_Data_Tuple_Tuple[uint32, float64], 2) with fields=2
Generating Rebox_Data_List_3123684004_1293498952 for srcT=Struct(Data_Data_NonEmpty_NonEmpty, Data_NonEmpty.NonEmpty, Constructor_Data_NonEmpty_NonEmpty[*Constructor_Data_List_Types_Cons[gopurs_runtime.Value], gopurs_runtime.Value], 2), destT=Struct(Data_Data_NonEmpty_NonEmpty, Data_NonEmpty.NonEmpty, Constructor_Data_NonEmpty_NonEmpty[gopurs_runtime.Value, gopurs_runtime.Value], 2) with fields=2
Generating Rebox_Data_List_3132786365_138441832 for srcT=Struct(Data_Data_Tuple_Tuple, Data_Tuple.Tuple, Constructor_Data_Tuple_Tuple[uint32, float64], 2), destT=Struct(Data_Data_Tuple_Tuple, Data_Tuple.Tuple, Constructor_Data_Tuple_Tuple[gopurs_runtime.Value, gopurs_runtime.Value], 2) with fields=2
Generating Rebox_Data_Map_Internal_2686810384_3421983481 for srcT=Struct(Data_Control_Alt_Alt, Control_Alt.Alt, Constructor_Control_Alt_Alt[*Constructor_Data_Map_Internal_Node[gopurs_runtime.Value, gopurs_runtime.Value]], 1), destT=Struct(Data_Control_Alt_Alt, Control_Alt.Alt, Constructor_Control_Alt_Alt[gopurs_runtime.Value], 1) with fields=0
Generating Rebox_Data_Map_Internal_3421983481_2686810384 for srcT=Struct(Data_Control_Alt_Alt, Control_Alt.Alt, Constructor_Control_Alt_Alt[gopurs_runtime.Value], 1), destT=Struct(Data_Control_Alt_Alt, Control_Alt.Alt, Constructor_Control_Alt_Alt[*Constructor_Data_Map_Internal_Node[gopurs_runtime.Value, gopurs_runtime.Value]], 1) with fields=0
Generating Rebox_Data_Map_Internal_1628034448_3741347833 for srcT=Struct(Data_Control_Apply_Apply, Control_Apply.Apply, Constructor_Control_Apply_Apply[*Constructor_Data_Map_Internal_Node[gopurs_runtime.Value, gopurs_runtime.Value]], 1), destT=Struct(Data_Control_Apply_Apply, Control_Apply.Apply, Constructor_Control_Apply_Apply[gopurs_runtime.Value], 1) with fields=0
Generating Rebox_Data_Map_Internal_3741347833_1628034448 for srcT=Struct(Data_Control_Apply_Apply, Control_Apply.Apply, Constructor_Control_Apply_Apply[gopurs_runtime.Value], 1), destT=Struct(Data_Control_Apply_Apply, Control_Apply.Apply, Constructor_Control_Apply_Apply[*Constructor_Data_Map_Internal_Node[gopurs_runtime.Value, gopurs_runtime.Value]], 1) with fields=0
Generating Rebox_Data_Map_Internal_1860323088_2748095225 for srcT=Struct(Data_Control_Bind_Bind, Control_Bind.Bind, Constructor_Control_Bind_Bind[*Constructor_Data_Map_Internal_Node[gopurs_runtime.Value, gopurs_runtime.Value]], 1), destT=Struct(Data_Control_Bind_Bind, Control_Bind.Bind, Constructor_Control_Bind_Bind[gopurs_runtime.Value], 1) with fields=0
Generating Rebox_Data_Map_Internal_2748095225_1860323088 for srcT=Struct(Data_Control_Bind_Bind, Control_Bind.Bind, Constructor_Control_Bind_Bind[gopurs_runtime.Value], 1), destT=Struct(Data_Control_Bind_Bind, Control_Bind.Bind, Constructor_Control_Bind_Bind[*Constructor_Data_Map_Internal_Node[gopurs_runtime.Value, gopurs_runtime.Value]], 1) with fields=0
Generating Rebox_Data_Map_Internal_4212347312_3706288089 for srcT=Struct(Data_Control_Plus_Plus, Control_Plus.Plus, Constructor_Control_Plus_Plus[*Constructor_Data_Map_Internal_Node[gopurs_runtime.Value, gopurs_runtime.Value]], 1), destT=Struct(Data_Control_Plus_Plus, Control_Plus.Plus, Constructor_Control_Plus_Plus[gopurs_runtime.Value], 1) with fields=0
Generating Rebox_Data_Map_Internal_3706288089_4212347312 for srcT=Struct(Data_Control_Plus_Plus, Control_Plus.Plus, Constructor_Control_Plus_Plus[gopurs_runtime.Value], 1), destT=Struct(Data_Control_Plus_Plus, Control_Plus.Plus, Constructor_Control_Plus_Plus[*Constructor_Data_Map_Internal_Node[gopurs_runtime.Value, gopurs_runtime.Value]], 1) with fields=0
Generating Rebox_Data_Map_Internal_1444241223_3790796878 for srcT=Struct(Data_Data_Eq_Eq, Data_Eq.Eq, Constructor_Data_Eq_Eq[*Constructor_Data_Map_Internal_Node[gopurs_runtime.Value, gopurs_runtime.Value]], 1), destT=Struct(Data_Data_Eq_Eq, Data_Eq.Eq, Constructor_Data_Eq_Eq[gopurs_runtime.Value], 1) with fields=0
Generating Rebox_Data_Map_Internal_3790796878_1444241223 for srcT=Struct(Data_Data_Eq_Eq, Data_Eq.Eq, Constructor_Data_Eq_Eq[gopurs_runtime.Value], 1), destT=Struct(Data_Data_Eq_Eq, Data_Eq.Eq, Constructor_Data_Eq_Eq[*Constructor_Data_Map_Internal_Node[gopurs_runtime.Value, gopurs_runtime.Value]], 1) with fields=0
Generating Rebox_Data_Map_Internal_3691144502_1766074591 for srcT=Struct(Data_Data_Eq_Eq1, Data_Eq.Eq1, Constructor_Data_Eq_Eq1[*Constructor_Data_Map_Internal_Node[gopurs_runtime.Value, gopurs_runtime.Value]], 1), destT=Struct(Data_Data_Eq_Eq1, Data_Eq.Eq1, Constructor_Data_Eq_Eq1[gopurs_runtime.Value], 1) with fields=0
Generating Rebox_Data_Map_Internal_1766074591_3691144502 for srcT=Struct(Data_Data_Eq_Eq1, Data_Eq.Eq1, Constructor_Data_Eq_Eq1[gopurs_runtime.Value], 1), destT=Struct(Data_Data_Eq_Eq1, Data_Eq.Eq1, Constructor_Data_Eq_Eq1[*Constructor_Data_Map_Internal_Node[gopurs_runtime.Value, gopurs_runtime.Value]], 1) with fields=0
Generating Rebox_Data_Map_Internal_1245395425_3725484264 for srcT=Struct(Data_Data_FoldableWithIndex_FoldableWithIndex, Data_FoldableWithIndex.FoldableWithIndex, Constructor_Data_FoldableWithIndex_FoldableWithIndex[gopurs_runtime.Value, *Constructor_Data_Map_Internal_Node[gopurs_runtime.Value, gopurs_runtime.Value]], 2), destT=Struct(Data_Data_FoldableWithIndex_FoldableWithIndex, Data_FoldableWithIndex.FoldableWithIndex, Constructor_Data_FoldableWithIndex_FoldableWithIndex[gopurs_runtime.Value, gopurs_runtime.Value], 2) with fields=0
Generating Rebox_Data_Map_Internal_3725484264_1245395425 for srcT=Struct(Data_Data_FoldableWithIndex_FoldableWithIndex, Data_FoldableWithIndex.FoldableWithIndex, Constructor_Data_FoldableWithIndex_FoldableWithIndex[gopurs_runtime.Value, gopurs_runtime.Value], 2), destT=Struct(Data_Data_FoldableWithIndex_FoldableWithIndex, Data_FoldableWithIndex.FoldableWithIndex, Constructor_Data_FoldableWithIndex_FoldableWithIndex[gopurs_runtime.Value, *Constructor_Data_Map_Internal_Node[gopurs_runtime.Value, gopurs_runtime.Value]], 2) with fields=0
Generating Rebox_Data_Map_Internal_3596835815_1680800814 for srcT=Struct(Data_Data_Foldable_Foldable, Data_Foldable.Foldable, Constructor_Data_Foldable_Foldable[*Constructor_Data_Map_Internal_Node[gopurs_runtime.Value, gopurs_runtime.Value]], 1), destT=Struct(Data_Data_Foldable_Foldable, Data_Foldable.Foldable, Constructor_Data_Foldable_Foldable[gopurs_runtime.Value], 1) with fields=0
Generating Rebox_Data_Map_Internal_1680800814_3596835815 for srcT=Struct(Data_Data_Foldable_Foldable, Data_Foldable.Foldable, Constructor_Data_Foldable_Foldable[gopurs_runtime.Value], 1), destT=Struct(Data_Data_Foldable_Foldable, Data_Foldable.Foldable, Constructor_Data_Foldable_Foldable[*Constructor_Data_Map_Internal_Node[gopurs_runtime.Value, gopurs_runtime.Value]], 1) with fields=0
Generating Rebox_Data_Map_Internal_1397444001_2412140840 for srcT=Struct(Data_Data_FunctorWithIndex_FunctorWithIndex, Data_FunctorWithIndex.FunctorWithIndex, Constructor_Data_FunctorWithIndex_FunctorWithIndex[gopurs_runtime.Value, *Constructor_Data_Map_Internal_Node[gopurs_runtime.Value, gopurs_runtime.Value]], 2), destT=Struct(Data_Data_FunctorWithIndex_FunctorWithIndex, Data_FunctorWithIndex.FunctorWithIndex, Constructor_Data_FunctorWithIndex_FunctorWithIndex[gopurs_runtime.Value, gopurs_runtime.Value], 2) with fields=0
Generating Rebox_Data_Map_Internal_2412140840_1397444001 for srcT=Struct(Data_Data_FunctorWithIndex_FunctorWithIndex, Data_FunctorWithIndex.FunctorWithIndex, Constructor_Data_FunctorWithIndex_FunctorWithIndex[gopurs_runtime.Value, gopurs_runtime.Value], 2), destT=Struct(Data_Data_FunctorWithIndex_FunctorWithIndex, Data_FunctorWithIndex.FunctorWithIndex, Constructor_Data_FunctorWithIndex_FunctorWithIndex[gopurs_runtime.Value, *Constructor_Data_Map_Internal_Node[gopurs_runtime.Value, gopurs_runtime.Value]], 2) with fields=0
Generating Rebox_Data_Map_Internal_3281783655_2812149806 for srcT=Struct(Data_Data_Functor_Functor, Data_Functor.Functor, Constructor_Data_Functor_Functor[*Constructor_Data_Map_Internal_Node[gopurs_runtime.Value, gopurs_runtime.Value]], 1), destT=Struct(Data_Data_Functor_Functor, Data_Functor.Functor, Constructor_Data_Functor_Functor[gopurs_runtime.Value], 1) with fields=0
Generating Rebox_Data_Map_Internal_2812149806_3281783655 for srcT=Struct(Data_Data_Functor_Functor, Data_Functor.Functor, Constructor_Data_Functor_Functor[gopurs_runtime.Value], 1), destT=Struct(Data_Data_Functor_Functor, Data_Functor.Functor, Constructor_Data_Functor_Functor[*Constructor_Data_Map_Internal_Node[gopurs_runtime.Value, gopurs_runtime.Value]], 1) with fields=0
Generating Rebox_Data_Map_Internal_2442833393_849153993 for srcT=Struct(Data_Data_List_Types_Cons, Data_List_Types.Cons, Constructor_Data_List_Types_Cons[*Constructor_Data_Tuple_Tuple[uint32, float64]], 1), destT=Struct(Data_Data_List_Types_Cons, Data_List_Types.Cons, Constructor_Data_List_Types_Cons[gopurs_runtime.Value], 1) with fields=2
Generating Rebox_Data_Map_Internal_849153993_2442833393 for srcT=Struct(Data_Data_List_Types_Cons, Data_List_Types.Cons, Constructor_Data_List_Types_Cons[gopurs_runtime.Value], 1), destT=Struct(Data_Data_List_Types_Cons, Data_List_Types.Cons, Constructor_Data_List_Types_Cons[*Constructor_Data_Tuple_Tuple[uint32, float64]], 1) with fields=2
Generating Rebox_Data_Map_Internal_2487766124_261879545 for srcT=Struct(Data_Data_Map_Internal_Node, Data_Map_Internal.Node, Constructor_Data_Map_Internal_Node[gopurs_runtime.Value, gopurs_runtime.Value], 2), destT=Struct(Data_Data_Map_Internal_Node, Data_Map_Internal.Node, Constructor_Data_Map_Internal_Node[uint32, float64], 2) with fields=6
Generating Rebox_Data_Map_Internal_261879545_2487766124 for srcT=Struct(Data_Data_Map_Internal_Node, Data_Map_Internal.Node, Constructor_Data_Map_Internal_Node[uint32, float64], 2), destT=Struct(Data_Data_Map_Internal_Node, Data_Map_Internal.Node, Constructor_Data_Map_Internal_Node[gopurs_runtime.Value, gopurs_runtime.Value], 2) with fields=6
Generating Rebox_Data_Map_Internal_2549197956_3094389156 for srcT=Struct(Data_Data_Maybe_Just, Data_Maybe.Just, Constructor_Data_Maybe_Just[*Constructor_Data_Tuple_Tuple[*Constructor_Data_Tuple_Tuple[gopurs_runtime.Value, gopurs_runtime.Value], gopurs_runtime.Value]], 1), destT=Struct(Data_Data_Maybe_Just, Data_Maybe.Just, Constructor_Data_Maybe_Just[gopurs_runtime.Value], 1) with fields=1
Generating Rebox_Data_Map_Internal_3240988860_3094389156 for srcT=Struct(Data_Data_Maybe_Just, Data_Maybe.Just, Constructor_Data_Maybe_Just[float64], 1), destT=Struct(Data_Data_Maybe_Just, Data_Maybe.Just, Constructor_Data_Maybe_Just[gopurs_runtime.Value], 1) with fields=1
Generating Rebox_Data_Map_Internal_3094389156_4010058633 for srcT=Struct(Data_Data_Maybe_Just, Data_Maybe.Just, Constructor_Data_Maybe_Just[gopurs_runtime.Value], 1), destT=Struct(Data_Data_Maybe_Just, Data_Maybe.Just, Constructor_Data_Maybe_Just[*Constructor_Data_Tuple_Tuple[gopurs_runtime.Value, gopurs_runtime.Value]], 1) with fields=1
Generating Rebox_Data_Map_Internal_3094389156_3240988860 for srcT=Struct(Data_Data_Maybe_Just, Data_Maybe.Just, Constructor_Data_Maybe_Just[gopurs_runtime.Value], 1), destT=Struct(Data_Data_Maybe_Just, Data_Maybe.Just, Constructor_Data_Maybe_Just[float64], 1) with fields=1
Generating Rebox_Data_Map_Internal_1291127239_1201789390 for srcT=Struct(Data_Data_Monoid_Monoid, Data_Monoid.Monoid, Constructor_Data_Monoid_Monoid[*Constructor_Data_Map_Internal_Node[gopurs_runtime.Value, gopurs_runtime.Value]], 1), destT=Struct(Data_Data_Monoid_Monoid, Data_Monoid.Monoid, Constructor_Data_Monoid_Monoid[gopurs_runtime.Value], 1) with fields=0
Generating Rebox_Data_Map_Internal_1201789390_1291127239 for srcT=Struct(Data_Data_Monoid_Monoid, Data_Monoid.Monoid, Constructor_Data_Monoid_Monoid[gopurs_runtime.Value], 1), destT=Struct(Data_Data_Monoid_Monoid, Data_Monoid.Monoid, Constructor_Data_Monoid_Monoid[*Constructor_Data_Map_Internal_Node[gopurs_runtime.Value, gopurs_runtime.Value]], 1) with fields=0
Generating Rebox_Data_Map_Internal_1910448679_4177771502 for srcT=Struct(Data_Data_Ord_Ord, Data_Ord.Ord, Constructor_Data_Ord_Ord[*Constructor_Data_Map_Internal_Node[gopurs_runtime.Value, gopurs_runtime.Value]], 1), destT=Struct(Data_Data_Ord_Ord, Data_Ord.Ord, Constructor_Data_Ord_Ord[gopurs_runtime.Value], 1) with fields=0
Generating Rebox_Data_Map_Internal_4177771502_1910448679 for srcT=Struct(Data_Data_Ord_Ord, Data_Ord.Ord, Constructor_Data_Ord_Ord[gopurs_runtime.Value], 1), destT=Struct(Data_Data_Ord_Ord, Data_Ord.Ord, Constructor_Data_Ord_Ord[*Constructor_Data_Map_Internal_Node[gopurs_runtime.Value, gopurs_runtime.Value]], 1) with fields=0
Generating Rebox_Data_Map_Internal_4177771502_3730953251 for srcT=Struct(Data_Data_Ord_Ord, Data_Ord.Ord, Constructor_Data_Ord_Ord[gopurs_runtime.Value], 1), destT=Struct(Data_Data_Ord_Ord, Data_Ord.Ord, Constructor_Data_Ord_Ord[uint32], 1) with fields=0
Generating Rebox_Data_Map_Internal_3730953251_4177771502 for srcT=Struct(Data_Data_Ord_Ord, Data_Ord.Ord, Constructor_Data_Ord_Ord[uint32], 1), destT=Struct(Data_Data_Ord_Ord, Data_Ord.Ord, Constructor_Data_Ord_Ord[gopurs_runtime.Value], 1) with fields=0
Generating Rebox_Data_Map_Internal_849406934_3985601471 for srcT=Struct(Data_Data_Ord_Ord1, Data_Ord.Ord1, Constructor_Data_Ord_Ord1[*Constructor_Data_Map_Internal_Node[gopurs_runtime.Value, gopurs_runtime.Value]], 1), destT=Struct(Data_Data_Ord_Ord1, Data_Ord.Ord1, Constructor_Data_Ord_Ord1[gopurs_runtime.Value], 1) with fields=0
Generating Rebox_Data_Map_Internal_3985601471_849406934 for srcT=Struct(Data_Data_Ord_Ord1, Data_Ord.Ord1, Constructor_Data_Ord_Ord1[gopurs_runtime.Value], 1), destT=Struct(Data_Data_Ord_Ord1, Data_Ord.Ord1, Constructor_Data_Ord_Ord1[*Constructor_Data_Map_Internal_Node[gopurs_runtime.Value, gopurs_runtime.Value]], 1) with fields=0
Generating Rebox_Data_Map_Internal_3854229351_4179793454 for srcT=Struct(Data_Data_Semigroup_Semigroup, Data_Semigroup.Semigroup, Constructor_Data_Semigroup_Semigroup[*Constructor_Data_Map_Internal_Node[gopurs_runtime.Value, gopurs_runtime.Value]], 1), destT=Struct(Data_Data_Semigroup_Semigroup, Data_Semigroup.Semigroup, Constructor_Data_Semigroup_Semigroup[gopurs_runtime.Value], 1) with fields=0
Generating Rebox_Data_Map_Internal_4179793454_3854229351 for srcT=Struct(Data_Data_Semigroup_Semigroup, Data_Semigroup.Semigroup, Constructor_Data_Semigroup_Semigroup[gopurs_runtime.Value], 1), destT=Struct(Data_Data_Semigroup_Semigroup, Data_Semigroup.Semigroup, Constructor_Data_Semigroup_Semigroup[*Constructor_Data_Map_Internal_Node[gopurs_runtime.Value, gopurs_runtime.Value]], 1) with fields=0
Generating Rebox_Data_Map_Internal_2638796135_1386611502 for srcT=Struct(Data_Data_Show_Show, Data_Show.Show, Constructor_Data_Show_Show[*Constructor_Data_Map_Internal_Node[gopurs_runtime.Value, gopurs_runtime.Value]], 1), destT=Struct(Data_Data_Show_Show, Data_Show.Show, Constructor_Data_Show_Show[gopurs_runtime.Value], 1) with fields=0
Generating Rebox_Data_Map_Internal_544936005_1386611502 for srcT=Struct(Data_Data_Show_Show, Data_Show.Show, Constructor_Data_Show_Show[[]*Constructor_Data_Tuple_Tuple[gopurs_runtime.Value, gopurs_runtime.Value]], 1), destT=Struct(Data_Data_Show_Show, Data_Show.Show, Constructor_Data_Show_Show[gopurs_runtime.Value], 1) with fields=0
Generating Rebox_Data_Map_Internal_1386611502_2638796135 for srcT=Struct(Data_Data_Show_Show, Data_Show.Show, Constructor_Data_Show_Show[gopurs_runtime.Value], 1), destT=Struct(Data_Data_Show_Show, Data_Show.Show, Constructor_Data_Show_Show[*Constructor_Data_Map_Internal_Node[gopurs_runtime.Value, gopurs_runtime.Value]], 1) with fields=0
Generating Rebox_Data_Map_Internal_1386611502_544936005 for srcT=Struct(Data_Data_Show_Show, Data_Show.Show, Constructor_Data_Show_Show[gopurs_runtime.Value], 1), destT=Struct(Data_Data_Show_Show, Data_Show.Show, Constructor_Data_Show_Show[[]*Constructor_Data_Tuple_Tuple[gopurs_runtime.Value, gopurs_runtime.Value]], 1) with fields=0
Generating Rebox_Data_Map_Internal_4018835873_1812164904 for srcT=Struct(Data_Data_TraversableWithIndex_TraversableWithIndex, Data_TraversableWithIndex.TraversableWithIndex, Constructor_Data_TraversableWithIndex_TraversableWithIndex[gopurs_runtime.Value, *Constructor_Data_Map_Internal_Node[gopurs_runtime.Value, gopurs_runtime.Value]], 2), destT=Struct(Data_Data_TraversableWithIndex_TraversableWithIndex, Data_TraversableWithIndex.TraversableWithIndex, Constructor_Data_TraversableWithIndex_TraversableWithIndex[gopurs_runtime.Value, gopurs_runtime.Value], 2) with fields=0
Generating Rebox_Data_Map_Internal_1812164904_4018835873 for srcT=Struct(Data_Data_TraversableWithIndex_TraversableWithIndex, Data_TraversableWithIndex.TraversableWithIndex, Constructor_Data_TraversableWithIndex_TraversableWithIndex[gopurs_runtime.Value, gopurs_runtime.Value], 2), destT=Struct(Data_Data_TraversableWithIndex_TraversableWithIndex, Data_TraversableWithIndex.TraversableWithIndex, Constructor_Data_TraversableWithIndex_TraversableWithIndex[gopurs_runtime.Value, *Constructor_Data_Map_Internal_Node[gopurs_runtime.Value, gopurs_runtime.Value]], 2) with fields=0
Generating Rebox_Data_Map_Internal_2141765991_3043886126 for srcT=Struct(Data_Data_Traversable_Traversable, Data_Traversable.Traversable, Constructor_Data_Traversable_Traversable[*Constructor_Data_Map_Internal_Node[gopurs_runtime.Value, gopurs_runtime.Value]], 1), destT=Struct(Data_Data_Traversable_Traversable, Data_Traversable.Traversable, Constructor_Data_Traversable_Traversable[gopurs_runtime.Value], 1) with fields=0
Generating Rebox_Data_Map_Internal_3043886126_2141765991 for srcT=Struct(Data_Data_Traversable_Traversable, Data_Traversable.Traversable, Constructor_Data_Traversable_Traversable[gopurs_runtime.Value], 1), destT=Struct(Data_Data_Traversable_Traversable, Data_Traversable.Traversable, Constructor_Data_Traversable_Traversable[*Constructor_Data_Map_Internal_Node[gopurs_runtime.Value, gopurs_runtime.Value]], 1) with fields=0
Generating Rebox_Data_Map_Internal_3113727329_138441832 for srcT=Struct(Data_Data_Tuple_Tuple, Data_Tuple.Tuple, Constructor_Data_Tuple_Tuple[gopurs_runtime.Value, *Constructor_Data_Map_Internal_Node[gopurs_runtime.Value, gopurs_runtime.Value]], 2), destT=Struct(Data_Data_Tuple_Tuple, Data_Tuple.Tuple, Constructor_Data_Tuple_Tuple[gopurs_runtime.Value, gopurs_runtime.Value], 2) with fields=2
Generating Rebox_Data_Map_Internal_138441832_1785332133 for srcT=Struct(Data_Data_Tuple_Tuple, Data_Tuple.Tuple, Constructor_Data_Tuple_Tuple[gopurs_runtime.Value, gopurs_runtime.Value], 2), destT=Struct(Data_Data_Tuple_Tuple, Data_Tuple.Tuple, Constructor_Data_Tuple_Tuple[*Constructor_Data_Tuple_Tuple[gopurs_runtime.Value, gopurs_runtime.Value], gopurs_runtime.Value], 2) with fields=2
Generating Rebox_Data_Map_Internal_1785332133_138441832 for srcT=Struct(Data_Data_Tuple_Tuple, Data_Tuple.Tuple, Constructor_Data_Tuple_Tuple[*Constructor_Data_Tuple_Tuple[gopurs_runtime.Value, gopurs_runtime.Value], gopurs_runtime.Value], 2), destT=Struct(Data_Data_Tuple_Tuple, Data_Tuple.Tuple, Constructor_Data_Tuple_Tuple[gopurs_runtime.Value, gopurs_runtime.Value], 2) with fields=2
Generating Rebox_Data_Map_Internal_138441832_3132786365 for srcT=Struct(Data_Data_Tuple_Tuple, Data_Tuple.Tuple, Constructor_Data_Tuple_Tuple[gopurs_runtime.Value, gopurs_runtime.Value], 2), destT=Struct(Data_Data_Tuple_Tuple, Data_Tuple.Tuple, Constructor_Data_Tuple_Tuple[uint32, float64], 2) with fields=2
Generating Rebox_Data_Map_Internal_3132786365_138441832 for srcT=Struct(Data_Data_Tuple_Tuple, Data_Tuple.Tuple, Constructor_Data_Tuple_Tuple[uint32, float64], 2), destT=Struct(Data_Data_Tuple_Tuple, Data_Tuple.Tuple, Constructor_Data_Tuple_Tuple[gopurs_runtime.Value, gopurs_runtime.Value], 2) with fields=2
Generating Rebox_Data_Set_1444241223_3790796878 for srcT=Struct(Data_Data_Eq_Eq, Data_Eq.Eq, Constructor_Data_Eq_Eq[*Constructor_Data_Map_Internal_Node[gopurs_runtime.Value, gopurs_runtime.Value]], 1), destT=Struct(Data_Data_Eq_Eq, Data_Eq.Eq, Constructor_Data_Eq_Eq[gopurs_runtime.Value], 1) with fields=0
Generating Rebox_Data_Set_3790796878_1444241223 for srcT=Struct(Data_Data_Eq_Eq, Data_Eq.Eq, Constructor_Data_Eq_Eq[gopurs_runtime.Value], 1), destT=Struct(Data_Data_Eq_Eq, Data_Eq.Eq, Constructor_Data_Eq_Eq[*Constructor_Data_Map_Internal_Node[gopurs_runtime.Value, gopurs_runtime.Value]], 1) with fields=0
Generating Rebox_Data_Set_3691144502_1766074591 for srcT=Struct(Data_Data_Eq_Eq1, Data_Eq.Eq1, Constructor_Data_Eq_Eq1[*Constructor_Data_Map_Internal_Node[gopurs_runtime.Value, gopurs_runtime.Value]], 1), destT=Struct(Data_Data_Eq_Eq1, Data_Eq.Eq1, Constructor_Data_Eq_Eq1[gopurs_runtime.Value], 1) with fields=0
Generating Rebox_Data_Set_1766074591_3691144502 for srcT=Struct(Data_Data_Eq_Eq1, Data_Eq.Eq1, Constructor_Data_Eq_Eq1[gopurs_runtime.Value], 1), destT=Struct(Data_Data_Eq_Eq1, Data_Eq.Eq1, Constructor_Data_Eq_Eq1[*Constructor_Data_Map_Internal_Node[gopurs_runtime.Value, gopurs_runtime.Value]], 1) with fields=0
Generating Rebox_Data_Set_3596835815_1680800814 for srcT=Struct(Data_Data_Foldable_Foldable, Data_Foldable.Foldable, Constructor_Data_Foldable_Foldable[*Constructor_Data_Map_Internal_Node[gopurs_runtime.Value, gopurs_runtime.Value]], 1), destT=Struct(Data_Data_Foldable_Foldable, Data_Foldable.Foldable, Constructor_Data_Foldable_Foldable[gopurs_runtime.Value], 1) with fields=0
Generating Rebox_Data_Set_1680800814_3596835815 for srcT=Struct(Data_Data_Foldable_Foldable, Data_Foldable.Foldable, Constructor_Data_Foldable_Foldable[gopurs_runtime.Value], 1), destT=Struct(Data_Data_Foldable_Foldable, Data_Foldable.Foldable, Constructor_Data_Foldable_Foldable[*Constructor_Data_Map_Internal_Node[gopurs_runtime.Value, gopurs_runtime.Value]], 1) with fields=0
Generating Rebox_Data_Set_1291127239_1201789390 for srcT=Struct(Data_Data_Monoid_Monoid, Data_Monoid.Monoid, Constructor_Data_Monoid_Monoid[*Constructor_Data_Map_Internal_Node[gopurs_runtime.Value, gopurs_runtime.Value]], 1), destT=Struct(Data_Data_Monoid_Monoid, Data_Monoid.Monoid, Constructor_Data_Monoid_Monoid[gopurs_runtime.Value], 1) with fields=0
Generating Rebox_Data_Set_1201789390_1291127239 for srcT=Struct(Data_Data_Monoid_Monoid, Data_Monoid.Monoid, Constructor_Data_Monoid_Monoid[gopurs_runtime.Value], 1), destT=Struct(Data_Data_Monoid_Monoid, Data_Monoid.Monoid, Constructor_Data_Monoid_Monoid[*Constructor_Data_Map_Internal_Node[gopurs_runtime.Value, gopurs_runtime.Value]], 1) with fields=0
Generating Rebox_Data_Set_4210054658_4177771502 for srcT=Struct(Data_Data_Ord_Ord, Data_Ord.Ord, Constructor_Data_Ord_Ord[*Constructor_Data_List_Types_Cons[gopurs_runtime.Value]], 1), destT=Struct(Data_Data_Ord_Ord, Data_Ord.Ord, Constructor_Data_Ord_Ord[gopurs_runtime.Value], 1) with fields=0
Generating Rebox_Data_Set_1910448679_4177771502 for srcT=Struct(Data_Data_Ord_Ord, Data_Ord.Ord, Constructor_Data_Ord_Ord[*Constructor_Data_Map_Internal_Node[gopurs_runtime.Value, gopurs_runtime.Value]], 1), destT=Struct(Data_Data_Ord_Ord, Data_Ord.Ord, Constructor_Data_Ord_Ord[gopurs_runtime.Value], 1) with fields=0
Generating Rebox_Data_Set_4177771502_4210054658 for srcT=Struct(Data_Data_Ord_Ord, Data_Ord.Ord, Constructor_Data_Ord_Ord[gopurs_runtime.Value], 1), destT=Struct(Data_Data_Ord_Ord, Data_Ord.Ord, Constructor_Data_Ord_Ord[*Constructor_Data_List_Types_Cons[gopurs_runtime.Value]], 1) with fields=0
Generating Rebox_Data_Set_4177771502_1910448679 for srcT=Struct(Data_Data_Ord_Ord, Data_Ord.Ord, Constructor_Data_Ord_Ord[gopurs_runtime.Value], 1), destT=Struct(Data_Data_Ord_Ord, Data_Ord.Ord, Constructor_Data_Ord_Ord[*Constructor_Data_Map_Internal_Node[gopurs_runtime.Value, gopurs_runtime.Value]], 1) with fields=0
Generating Rebox_Data_Set_849406934_3985601471 for srcT=Struct(Data_Data_Ord_Ord1, Data_Ord.Ord1, Constructor_Data_Ord_Ord1[*Constructor_Data_Map_Internal_Node[gopurs_runtime.Value, gopurs_runtime.Value]], 1), destT=Struct(Data_Data_Ord_Ord1, Data_Ord.Ord1, Constructor_Data_Ord_Ord1[gopurs_runtime.Value], 1) with fields=0
Generating Rebox_Data_Set_3985601471_849406934 for srcT=Struct(Data_Data_Ord_Ord1, Data_Ord.Ord1, Constructor_Data_Ord_Ord1[gopurs_runtime.Value], 1), destT=Struct(Data_Data_Ord_Ord1, Data_Ord.Ord1, Constructor_Data_Ord_Ord1[*Constructor_Data_Map_Internal_Node[gopurs_runtime.Value, gopurs_runtime.Value]], 1) with fields=0
Generating Rebox_Data_Set_3854229351_4179793454 for srcT=Struct(Data_Data_Semigroup_Semigroup, Data_Semigroup.Semigroup, Constructor_Data_Semigroup_Semigroup[*Constructor_Data_Map_Internal_Node[gopurs_runtime.Value, gopurs_runtime.Value]], 1), destT=Struct(Data_Data_Semigroup_Semigroup, Data_Semigroup.Semigroup, Constructor_Data_Semigroup_Semigroup[gopurs_runtime.Value], 1) with fields=0
Generating Rebox_Data_Set_4179793454_3854229351 for srcT=Struct(Data_Data_Semigroup_Semigroup, Data_Semigroup.Semigroup, Constructor_Data_Semigroup_Semigroup[gopurs_runtime.Value], 1), destT=Struct(Data_Data_Semigroup_Semigroup, Data_Semigroup.Semigroup, Constructor_Data_Semigroup_Semigroup[*Constructor_Data_Map_Internal_Node[gopurs_runtime.Value, gopurs_runtime.Value]], 1) with fields=0
Generating Rebox_Data_Set_2638796135_1386611502 for srcT=Struct(Data_Data_Show_Show, Data_Show.Show, Constructor_Data_Show_Show[*Constructor_Data_Map_Internal_Node[gopurs_runtime.Value, gopurs_runtime.Value]], 1), destT=Struct(Data_Data_Show_Show, Data_Show.Show, Constructor_Data_Show_Show[gopurs_runtime.Value], 1) with fields=0
Generating Rebox_Data_Set_1356436936_1386611502 for srcT=Struct(Data_Data_Show_Show, Data_Show.Show, Constructor_Data_Show_Show[[]gopurs_runtime.Value], 1), destT=Struct(Data_Data_Show_Show, Data_Show.Show, Constructor_Data_Show_Show[gopurs_runtime.Value], 1) with fields=0
Generating Rebox_Data_Set_1386611502_2638796135 for srcT=Struct(Data_Data_Show_Show, Data_Show.Show, Constructor_Data_Show_Show[gopurs_runtime.Value], 1), destT=Struct(Data_Data_Show_Show, Data_Show.Show, Constructor_Data_Show_Show[*Constructor_Data_Map_Internal_Node[gopurs_runtime.Value, gopurs_runtime.Value]], 1) with fields=0
Generating Rebox_Data_Set_1386611502_1356436936 for srcT=Struct(Data_Data_Show_Show, Data_Show.Show, Constructor_Data_Show_Show[gopurs_runtime.Value], 1), destT=Struct(Data_Data_Show_Show, Data_Show.Show, Constructor_Data_Show_Show[[]gopurs_runtime.Value], 1) with fields=0
Generating Rebox_Data_Set_2351501316_138441832 for srcT=Struct(Data_Data_Tuple_Tuple, Data_Tuple.Tuple, Constructor_Data_Tuple_Tuple[gopurs_runtime.Value, *Constructor_Data_List_Types_Cons[gopurs_runtime.Value]], 2), destT=Struct(Data_Data_Tuple_Tuple, Data_Tuple.Tuple, Constructor_Data_Tuple_Tuple[gopurs_runtime.Value, gopurs_runtime.Value], 2) with fields=2
Generating Rebox_Data_Map_2686810384_3421983481 for srcT=Struct(Data_Control_Alt_Alt, Control_Alt.Alt, Constructor_Control_Alt_Alt[*Constructor_Data_Map_Internal_Node[gopurs_runtime.Value, gopurs_runtime.Value]], 1), destT=Struct(Data_Control_Alt_Alt, Control_Alt.Alt, Constructor_Control_Alt_Alt[gopurs_runtime.Value], 1) with fields=0
Generating Rebox_Data_Map_3421983481_2686810384 for srcT=Struct(Data_Control_Alt_Alt, Control_Alt.Alt, Constructor_Control_Alt_Alt[gopurs_runtime.Value], 1), destT=Struct(Data_Control_Alt_Alt, Control_Alt.Alt, Constructor_Control_Alt_Alt[*Constructor_Data_Map_Internal_Node[gopurs_runtime.Value, gopurs_runtime.Value]], 1) with fields=0
Generating Rebox_Data_Map_1628034448_3741347833 for srcT=Struct(Data_Control_Apply_Apply, Control_Apply.Apply, Constructor_Control_Apply_Apply[*Constructor_Data_Map_Internal_Node[gopurs_runtime.Value, gopurs_runtime.Value]], 1), destT=Struct(Data_Control_Apply_Apply, Control_Apply.Apply, Constructor_Control_Apply_Apply[gopurs_runtime.Value], 1) with fields=0
Generating Rebox_Data_Map_3741347833_1628034448 for srcT=Struct(Data_Control_Apply_Apply, Control_Apply.Apply, Constructor_Control_Apply_Apply[gopurs_runtime.Value], 1), destT=Struct(Data_Control_Apply_Apply, Control_Apply.Apply, Constructor_Control_Apply_Apply[*Constructor_Data_Map_Internal_Node[gopurs_runtime.Value, gopurs_runtime.Value]], 1) with fields=0
Generating Rebox_Data_Map_1860323088_2748095225 for srcT=Struct(Data_Control_Bind_Bind, Control_Bind.Bind, Constructor_Control_Bind_Bind[*Constructor_Data_Map_Internal_Node[gopurs_runtime.Value, gopurs_runtime.Value]], 1), destT=Struct(Data_Control_Bind_Bind, Control_Bind.Bind, Constructor_Control_Bind_Bind[gopurs_runtime.Value], 1) with fields=0
Generating Rebox_Data_Map_2748095225_1860323088 for srcT=Struct(Data_Control_Bind_Bind, Control_Bind.Bind, Constructor_Control_Bind_Bind[gopurs_runtime.Value], 1), destT=Struct(Data_Control_Bind_Bind, Control_Bind.Bind, Constructor_Control_Bind_Bind[*Constructor_Data_Map_Internal_Node[gopurs_runtime.Value, gopurs_runtime.Value]], 1) with fields=0
Generating Rebox_Data_Map_4212347312_3706288089 for srcT=Struct(Data_Control_Plus_Plus, Control_Plus.Plus, Constructor_Control_Plus_Plus[*Constructor_Data_Map_Internal_Node[gopurs_runtime.Value, gopurs_runtime.Value]], 1), destT=Struct(Data_Control_Plus_Plus, Control_Plus.Plus, Constructor_Control_Plus_Plus[gopurs_runtime.Value], 1) with fields=0
Generating Rebox_Data_Map_3706288089_4212347312 for srcT=Struct(Data_Control_Plus_Plus, Control_Plus.Plus, Constructor_Control_Plus_Plus[gopurs_runtime.Value], 1), destT=Struct(Data_Control_Plus_Plus, Control_Plus.Plus, Constructor_Control_Plus_Plus[*Constructor_Data_Map_Internal_Node[gopurs_runtime.Value, gopurs_runtime.Value]], 1) with fields=0
Generating Rebox_Data_Map_1444241223_3790796878 for srcT=Struct(Data_Data_Eq_Eq, Data_Eq.Eq, Constructor_Data_Eq_Eq[*Constructor_Data_Map_Internal_Node[gopurs_runtime.Value, gopurs_runtime.Value]], 1), destT=Struct(Data_Data_Eq_Eq, Data_Eq.Eq, Constructor_Data_Eq_Eq[gopurs_runtime.Value], 1) with fields=0
Generating Rebox_Data_Map_3790796878_1444241223 for srcT=Struct(Data_Data_Eq_Eq, Data_Eq.Eq, Constructor_Data_Eq_Eq[gopurs_runtime.Value], 1), destT=Struct(Data_Data_Eq_Eq, Data_Eq.Eq, Constructor_Data_Eq_Eq[*Constructor_Data_Map_Internal_Node[gopurs_runtime.Value, gopurs_runtime.Value]], 1) with fields=0
Generating Rebox_Data_Map_3691144502_1766074591 for srcT=Struct(Data_Data_Eq_Eq1, Data_Eq.Eq1, Constructor_Data_Eq_Eq1[*Constructor_Data_Map_Internal_Node[gopurs_runtime.Value, gopurs_runtime.Value]], 1), destT=Struct(Data_Data_Eq_Eq1, Data_Eq.Eq1, Constructor_Data_Eq_Eq1[gopurs_runtime.Value], 1) with fields=0
Generating Rebox_Data_Map_1766074591_3691144502 for srcT=Struct(Data_Data_Eq_Eq1, Data_Eq.Eq1, Constructor_Data_Eq_Eq1[gopurs_runtime.Value], 1), destT=Struct(Data_Data_Eq_Eq1, Data_Eq.Eq1, Constructor_Data_Eq_Eq1[*Constructor_Data_Map_Internal_Node[gopurs_runtime.Value, gopurs_runtime.Value]], 1) with fields=0
Generating Rebox_Data_Map_1245395425_3725484264 for srcT=Struct(Data_Data_FoldableWithIndex_FoldableWithIndex, Data_FoldableWithIndex.FoldableWithIndex, Constructor_Data_FoldableWithIndex_FoldableWithIndex[gopurs_runtime.Value, *Constructor_Data_Map_Internal_Node[gopurs_runtime.Value, gopurs_runtime.Value]], 2), destT=Struct(Data_Data_FoldableWithIndex_FoldableWithIndex, Data_FoldableWithIndex.FoldableWithIndex, Constructor_Data_FoldableWithIndex_FoldableWithIndex[gopurs_runtime.Value, gopurs_runtime.Value], 2) with fields=0
Generating Rebox_Data_Map_3725484264_1245395425 for srcT=Struct(Data_Data_FoldableWithIndex_FoldableWithIndex, Data_FoldableWithIndex.FoldableWithIndex, Constructor_Data_FoldableWithIndex_FoldableWithIndex[gopurs_runtime.Value, gopurs_runtime.Value], 2), destT=Struct(Data_Data_FoldableWithIndex_FoldableWithIndex, Data_FoldableWithIndex.FoldableWithIndex, Constructor_Data_FoldableWithIndex_FoldableWithIndex[gopurs_runtime.Value, *Constructor_Data_Map_Internal_Node[gopurs_runtime.Value, gopurs_runtime.Value]], 2) with fields=0
Generating Rebox_Data_Map_3596835815_1680800814 for srcT=Struct(Data_Data_Foldable_Foldable, Data_Foldable.Foldable, Constructor_Data_Foldable_Foldable[*Constructor_Data_Map_Internal_Node[gopurs_runtime.Value, gopurs_runtime.Value]], 1), destT=Struct(Data_Data_Foldable_Foldable, Data_Foldable.Foldable, Constructor_Data_Foldable_Foldable[gopurs_runtime.Value], 1) with fields=0
Generating Rebox_Data_Map_1680800814_3596835815 for srcT=Struct(Data_Data_Foldable_Foldable, Data_Foldable.Foldable, Constructor_Data_Foldable_Foldable[gopurs_runtime.Value], 1), destT=Struct(Data_Data_Foldable_Foldable, Data_Foldable.Foldable, Constructor_Data_Foldable_Foldable[*Constructor_Data_Map_Internal_Node[gopurs_runtime.Value, gopurs_runtime.Value]], 1) with fields=0
Generating Rebox_Data_Map_1397444001_2412140840 for srcT=Struct(Data_Data_FunctorWithIndex_FunctorWithIndex, Data_FunctorWithIndex.FunctorWithIndex, Constructor_Data_FunctorWithIndex_FunctorWithIndex[gopurs_runtime.Value, *Constructor_Data_Map_Internal_Node[gopurs_runtime.Value, gopurs_runtime.Value]], 2), destT=Struct(Data_Data_FunctorWithIndex_FunctorWithIndex, Data_FunctorWithIndex.FunctorWithIndex, Constructor_Data_FunctorWithIndex_FunctorWithIndex[gopurs_runtime.Value, gopurs_runtime.Value], 2) with fields=0
Generating Rebox_Data_Map_2412140840_1397444001 for srcT=Struct(Data_Data_FunctorWithIndex_FunctorWithIndex, Data_FunctorWithIndex.FunctorWithIndex, Constructor_Data_FunctorWithIndex_FunctorWithIndex[gopurs_runtime.Value, gopurs_runtime.Value], 2), destT=Struct(Data_Data_FunctorWithIndex_FunctorWithIndex, Data_FunctorWithIndex.FunctorWithIndex, Constructor_Data_FunctorWithIndex_FunctorWithIndex[gopurs_runtime.Value, *Constructor_Data_Map_Internal_Node[gopurs_runtime.Value, gopurs_runtime.Value]], 2) with fields=0
Generating Rebox_Data_Map_3281783655_2812149806 for srcT=Struct(Data_Data_Functor_Functor, Data_Functor.Functor, Constructor_Data_Functor_Functor[*Constructor_Data_Map_Internal_Node[gopurs_runtime.Value, gopurs_runtime.Value]], 1), destT=Struct(Data_Data_Functor_Functor, Data_Functor.Functor, Constructor_Data_Functor_Functor[gopurs_runtime.Value], 1) with fields=0
Generating Rebox_Data_Map_2812149806_3281783655 for srcT=Struct(Data_Data_Functor_Functor, Data_Functor.Functor, Constructor_Data_Functor_Functor[gopurs_runtime.Value], 1), destT=Struct(Data_Data_Functor_Functor, Data_Functor.Functor, Constructor_Data_Functor_Functor[*Constructor_Data_Map_Internal_Node[gopurs_runtime.Value, gopurs_runtime.Value]], 1) with fields=0
Generating Rebox_Data_Map_1291127239_1201789390 for srcT=Struct(Data_Data_Monoid_Monoid, Data_Monoid.Monoid, Constructor_Data_Monoid_Monoid[*Constructor_Data_Map_Internal_Node[gopurs_runtime.Value, gopurs_runtime.Value]], 1), destT=Struct(Data_Data_Monoid_Monoid, Data_Monoid.Monoid, Constructor_Data_Monoid_Monoid[gopurs_runtime.Value], 1) with fields=0
Generating Rebox_Data_Map_1201789390_1291127239 for srcT=Struct(Data_Data_Monoid_Monoid, Data_Monoid.Monoid, Constructor_Data_Monoid_Monoid[gopurs_runtime.Value], 1), destT=Struct(Data_Data_Monoid_Monoid, Data_Monoid.Monoid, Constructor_Data_Monoid_Monoid[*Constructor_Data_Map_Internal_Node[gopurs_runtime.Value, gopurs_runtime.Value]], 1) with fields=0
Generating Rebox_Data_Map_451298056_385277032 for srcT=Struct(Data_Data_Newtype_Newtype, Data_Newtype.Newtype, Constructor_Data_Newtype_Newtype[*Constructor_Data_Map_Internal_Node[gopurs_runtime.Value, gopurs_runtime.Value], *Constructor_Data_Map_Internal_Node[gopurs_runtime.Value, gopurs_runtime.Value]], 2), destT=Struct(Data_Data_Newtype_Newtype, Data_Newtype.Newtype, Constructor_Data_Newtype_Newtype[gopurs_runtime.Value, gopurs_runtime.Value], 2) with fields=0
Generating Rebox_Data_Map_385277032_451298056 for srcT=Struct(Data_Data_Newtype_Newtype, Data_Newtype.Newtype, Constructor_Data_Newtype_Newtype[gopurs_runtime.Value, gopurs_runtime.Value], 2), destT=Struct(Data_Data_Newtype_Newtype, Data_Newtype.Newtype, Constructor_Data_Newtype_Newtype[*Constructor_Data_Map_Internal_Node[gopurs_runtime.Value, gopurs_runtime.Value], *Constructor_Data_Map_Internal_Node[gopurs_runtime.Value, gopurs_runtime.Value]], 2) with fields=0
Generating Rebox_Data_Map_1910448679_4177771502 for srcT=Struct(Data_Data_Ord_Ord, Data_Ord.Ord, Constructor_Data_Ord_Ord[*Constructor_Data_Map_Internal_Node[gopurs_runtime.Value, gopurs_runtime.Value]], 1), destT=Struct(Data_Data_Ord_Ord, Data_Ord.Ord, Constructor_Data_Ord_Ord[gopurs_runtime.Value], 1) with fields=0
Generating Rebox_Data_Map_4177771502_1910448679 for srcT=Struct(Data_Data_Ord_Ord, Data_Ord.Ord, Constructor_Data_Ord_Ord[gopurs_runtime.Value], 1), destT=Struct(Data_Data_Ord_Ord, Data_Ord.Ord, Constructor_Data_Ord_Ord[*Constructor_Data_Map_Internal_Node[gopurs_runtime.Value, gopurs_runtime.Value]], 1) with fields=0
Generating Rebox_Data_Map_849406934_3985601471 for srcT=Struct(Data_Data_Ord_Ord1, Data_Ord.Ord1, Constructor_Data_Ord_Ord1[*Constructor_Data_Map_Internal_Node[gopurs_runtime.Value, gopurs_runtime.Value]], 1), destT=Struct(Data_Data_Ord_Ord1, Data_Ord.Ord1, Constructor_Data_Ord_Ord1[gopurs_runtime.Value], 1) with fields=0
Generating Rebox_Data_Map_3985601471_849406934 for srcT=Struct(Data_Data_Ord_Ord1, Data_Ord.Ord1, Constructor_Data_Ord_Ord1[gopurs_runtime.Value], 1), destT=Struct(Data_Data_Ord_Ord1, Data_Ord.Ord1, Constructor_Data_Ord_Ord1[*Constructor_Data_Map_Internal_Node[gopurs_runtime.Value, gopurs_runtime.Value]], 1) with fields=0
Generating Rebox_Data_Map_3854229351_4179793454 for srcT=Struct(Data_Data_Semigroup_Semigroup, Data_Semigroup.Semigroup, Constructor_Data_Semigroup_Semigroup[*Constructor_Data_Map_Internal_Node[gopurs_runtime.Value, gopurs_runtime.Value]], 1), destT=Struct(Data_Data_Semigroup_Semigroup, Data_Semigroup.Semigroup, Constructor_Data_Semigroup_Semigroup[gopurs_runtime.Value], 1) with fields=0
Generating Rebox_Data_Map_4179793454_3854229351 for srcT=Struct(Data_Data_Semigroup_Semigroup, Data_Semigroup.Semigroup, Constructor_Data_Semigroup_Semigroup[gopurs_runtime.Value], 1), destT=Struct(Data_Data_Semigroup_Semigroup, Data_Semigroup.Semigroup, Constructor_Data_Semigroup_Semigroup[*Constructor_Data_Map_Internal_Node[gopurs_runtime.Value, gopurs_runtime.Value]], 1) with fields=0
Generating Rebox_Data_Map_2638796135_1386611502 for srcT=Struct(Data_Data_Show_Show, Data_Show.Show, Constructor_Data_Show_Show[*Constructor_Data_Map_Internal_Node[gopurs_runtime.Value, gopurs_runtime.Value]], 1), destT=Struct(Data_Data_Show_Show, Data_Show.Show, Constructor_Data_Show_Show[gopurs_runtime.Value], 1) with fields=0
Generating Rebox_Data_Map_1386611502_2638796135 for srcT=Struct(Data_Data_Show_Show, Data_Show.Show, Constructor_Data_Show_Show[gopurs_runtime.Value], 1), destT=Struct(Data_Data_Show_Show, Data_Show.Show, Constructor_Data_Show_Show[*Constructor_Data_Map_Internal_Node[gopurs_runtime.Value, gopurs_runtime.Value]], 1) with fields=0
Generating Rebox_Data_Map_4018835873_1812164904 for srcT=Struct(Data_Data_TraversableWithIndex_TraversableWithIndex, Data_TraversableWithIndex.TraversableWithIndex, Constructor_Data_TraversableWithIndex_TraversableWithIndex[gopurs_runtime.Value, *Constructor_Data_Map_Internal_Node[gopurs_runtime.Value, gopurs_runtime.Value]], 2), destT=Struct(Data_Data_TraversableWithIndex_TraversableWithIndex, Data_TraversableWithIndex.TraversableWithIndex, Constructor_Data_TraversableWithIndex_TraversableWithIndex[gopurs_runtime.Value, gopurs_runtime.Value], 2) with fields=0
Generating Rebox_Data_Map_1812164904_4018835873 for srcT=Struct(Data_Data_TraversableWithIndex_TraversableWithIndex, Data_TraversableWithIndex.TraversableWithIndex, Constructor_Data_TraversableWithIndex_TraversableWithIndex[gopurs_runtime.Value, gopurs_runtime.Value], 2), destT=Struct(Data_Data_TraversableWithIndex_TraversableWithIndex, Data_TraversableWithIndex.TraversableWithIndex, Constructor_Data_TraversableWithIndex_TraversableWithIndex[gopurs_runtime.Value, *Constructor_Data_Map_Internal_Node[gopurs_runtime.Value, gopurs_runtime.Value]], 2) with fields=0
Generating Rebox_Data_Map_2141765991_3043886126 for srcT=Struct(Data_Data_Traversable_Traversable, Data_Traversable.Traversable, Constructor_Data_Traversable_Traversable[*Constructor_Data_Map_Internal_Node[gopurs_runtime.Value, gopurs_runtime.Value]], 1), destT=Struct(Data_Data_Traversable_Traversable, Data_Traversable.Traversable, Constructor_Data_Traversable_Traversable[gopurs_runtime.Value], 1) with fields=0
Generating Rebox_Data_Map_3043886126_2141765991 for srcT=Struct(Data_Data_Traversable_Traversable, Data_Traversable.Traversable, Constructor_Data_Traversable_Traversable[gopurs_runtime.Value], 1), destT=Struct(Data_Data_Traversable_Traversable, Data_Traversable.Traversable, Constructor_Data_Traversable_Traversable[*Constructor_Data_Map_Internal_Node[gopurs_runtime.Value, gopurs_runtime.Value]], 1) with fields=0
Generating Rebox_Data_Interval_Duration_2958538738_3790796878 for srcT=Struct(Data_Data_Eq_Eq, Data_Eq.Eq, Constructor_Data_Eq_Eq[*Constructor_Data_Map_Internal_Node[uint32, float64]], 1), destT=Struct(Data_Data_Eq_Eq, Data_Eq.Eq, Constructor_Data_Eq_Eq[gopurs_runtime.Value], 1) with fields=0
Generating Rebox_Data_Interval_Duration_687527510_3790796878 for srcT=Struct(Data_Data_Eq_Eq, Data_Eq.Eq, Constructor_Data_Eq_Eq[float64], 1), destT=Struct(Data_Data_Eq_Eq, Data_Eq.Eq, Constructor_Data_Eq_Eq[gopurs_runtime.Value], 1) with fields=0
Generating Rebox_Data_Interval_Duration_3790796878_2958538738 for srcT=Struct(Data_Data_Eq_Eq, Data_Eq.Eq, Constructor_Data_Eq_Eq[gopurs_runtime.Value], 1), destT=Struct(Data_Data_Eq_Eq, Data_Eq.Eq, Constructor_Data_Eq_Eq[*Constructor_Data_Map_Internal_Node[uint32, float64]], 1) with fields=0
Generating Rebox_Data_Interval_Duration_3790796878_687527510 for srcT=Struct(Data_Data_Eq_Eq, Data_Eq.Eq, Constructor_Data_Eq_Eq[gopurs_runtime.Value], 1), destT=Struct(Data_Data_Eq_Eq, Data_Eq.Eq, Constructor_Data_Eq_Eq[float64], 1) with fields=0
Generating Rebox_Data_Interval_Duration_3790796878_3768443459 for srcT=Struct(Data_Data_Eq_Eq, Data_Eq.Eq, Constructor_Data_Eq_Eq[gopurs_runtime.Value], 1), destT=Struct(Data_Data_Eq_Eq, Data_Eq.Eq, Constructor_Data_Eq_Eq[uint32], 1) with fields=0
Generating Rebox_Data_Interval_Duration_3768443459_3790796878 for srcT=Struct(Data_Data_Eq_Eq, Data_Eq.Eq, Constructor_Data_Eq_Eq[uint32], 1), destT=Struct(Data_Data_Eq_Eq, Data_Eq.Eq, Constructor_Data_Eq_Eq[gopurs_runtime.Value], 1) with fields=0
Generating Rebox_Data_Interval_Duration_2487766124_261879545 for srcT=Struct(Data_Data_Map_Internal_Node, Data_Map_Internal.Node, Constructor_Data_Map_Internal_Node[gopurs_runtime.Value, gopurs_runtime.Value], 2), destT=Struct(Data_Data_Map_Internal_Node, Data_Map_Internal.Node, Constructor_Data_Map_Internal_Node[uint32, float64], 2) with fields=6
Generating Rebox_Data_Interval_Duration_261879545_2487766124 for srcT=Struct(Data_Data_Map_Internal_Node, Data_Map_Internal.Node, Constructor_Data_Map_Internal_Node[uint32, float64], 2), destT=Struct(Data_Data_Map_Internal_Node, Data_Map_Internal.Node, Constructor_Data_Map_Internal_Node[gopurs_runtime.Value, gopurs_runtime.Value], 2) with fields=6
Generating Rebox_Data_Interval_Duration_4248054386_1201789390 for srcT=Struct(Data_Data_Monoid_Monoid, Data_Monoid.Monoid, Constructor_Data_Monoid_Monoid[*Constructor_Data_Map_Internal_Node[uint32, float64]], 1), destT=Struct(Data_Data_Monoid_Monoid, Data_Monoid.Monoid, Constructor_Data_Monoid_Monoid[gopurs_runtime.Value], 1) with fields=0
Generating Rebox_Data_Interval_Duration_1201789390_4248054386 for srcT=Struct(Data_Data_Monoid_Monoid, Data_Monoid.Monoid, Constructor_Data_Monoid_Monoid[gopurs_runtime.Value], 1), destT=Struct(Data_Data_Monoid_Monoid, Data_Monoid.Monoid, Constructor_Data_Monoid_Monoid[*Constructor_Data_Map_Internal_Node[uint32, float64]], 1) with fields=0
Generating Rebox_Data_Interval_Duration_1236362600_385277032 for srcT=Struct(Data_Data_Newtype_Newtype, Data_Newtype.Newtype, Constructor_Data_Newtype_Newtype[*Constructor_Data_Map_Internal_Node[uint32, float64], *Constructor_Data_Map_Internal_Node[uint32, float64]], 2), destT=Struct(Data_Data_Newtype_Newtype, Data_Newtype.Newtype, Constructor_Data_Newtype_Newtype[gopurs_runtime.Value, gopurs_runtime.Value], 2) with fields=0
Generating Rebox_Data_Interval_Duration_385277032_1236362600 for srcT=Struct(Data_Data_Newtype_Newtype, Data_Newtype.Newtype, Constructor_Data_Newtype_Newtype[gopurs_runtime.Value, gopurs_runtime.Value], 2), destT=Struct(Data_Data_Newtype_Newtype, Data_Newtype.Newtype, Constructor_Data_Newtype_Newtype[*Constructor_Data_Map_Internal_Node[uint32, float64], *Constructor_Data_Map_Internal_Node[uint32, float64]], 2) with fields=0
Generating Rebox_Data_Interval_Duration_3498527378_4177771502 for srcT=Struct(Data_Data_Ord_Ord, Data_Ord.Ord, Constructor_Data_Ord_Ord[*Constructor_Data_Map_Internal_Node[uint32, float64]], 1), destT=Struct(Data_Data_Ord_Ord, Data_Ord.Ord, Constructor_Data_Ord_Ord[gopurs_runtime.Value], 1) with fields=0
Generating Rebox_Data_Interval_Duration_3047586294_4177771502 for srcT=Struct(Data_Data_Ord_Ord, Data_Ord.Ord, Constructor_Data_Ord_Ord[float64], 1), destT=Struct(Data_Data_Ord_Ord, Data_Ord.Ord, Constructor_Data_Ord_Ord[gopurs_runtime.Value], 1) with fields=0
Generating Rebox_Data_Interval_Duration_4177771502_3498527378 for srcT=Struct(Data_Data_Ord_Ord, Data_Ord.Ord, Constructor_Data_Ord_Ord[gopurs_runtime.Value], 1), destT=Struct(Data_Data_Ord_Ord, Data_Ord.Ord, Constructor_Data_Ord_Ord[*Constructor_Data_Map_Internal_Node[uint32, float64]], 1) with fields=0
Generating Rebox_Data_Interval_Duration_4177771502_3047586294 for srcT=Struct(Data_Data_Ord_Ord, Data_Ord.Ord, Constructor_Data_Ord_Ord[gopurs_runtime.Value], 1), destT=Struct(Data_Data_Ord_Ord, Data_Ord.Ord, Constructor_Data_Ord_Ord[float64], 1) with fields=0
Generating Rebox_Data_Interval_Duration_4177771502_3730953251 for srcT=Struct(Data_Data_Ord_Ord, Data_Ord.Ord, Constructor_Data_Ord_Ord[gopurs_runtime.Value], 1), destT=Struct(Data_Data_Ord_Ord, Data_Ord.Ord, Constructor_Data_Ord_Ord[uint32], 1) with fields=0
Generating Rebox_Data_Interval_Duration_3730953251_4177771502 for srcT=Struct(Data_Data_Ord_Ord, Data_Ord.Ord, Constructor_Data_Ord_Ord[uint32], 1), destT=Struct(Data_Data_Ord_Ord, Data_Ord.Ord, Constructor_Data_Ord_Ord[gopurs_runtime.Value], 1) with fields=0
Generating Rebox_Data_Interval_Duration_1201208274_4179793454 for srcT=Struct(Data_Data_Semigroup_Semigroup, Data_Semigroup.Semigroup, Constructor_Data_Semigroup_Semigroup[*Constructor_Data_Map_Internal_Node[uint32, float64]], 1), destT=Struct(Data_Data_Semigroup_Semigroup, Data_Semigroup.Semigroup, Constructor_Data_Semigroup_Semigroup[gopurs_runtime.Value], 1) with fields=0
Generating Rebox_Data_Interval_Duration_4179793454_1201208274 for srcT=Struct(Data_Data_Semigroup_Semigroup, Data_Semigroup.Semigroup, Constructor_Data_Semigroup_Semigroup[gopurs_runtime.Value], 1), destT=Struct(Data_Data_Semigroup_Semigroup, Data_Semigroup.Semigroup, Constructor_Data_Semigroup_Semigroup[*Constructor_Data_Map_Internal_Node[uint32, float64]], 1) with fields=0
Generating Rebox_Data_Interval_Duration_983382226_1386611502 for srcT=Struct(Data_Data_Show_Show, Data_Show.Show, Constructor_Data_Show_Show[*Constructor_Data_Map_Internal_Node[uint32, float64]], 1), destT=Struct(Data_Data_Show_Show, Data_Show.Show, Constructor_Data_Show_Show[gopurs_runtime.Value], 1) with fields=0
Generating Rebox_Data_Interval_Duration_3263178038_1386611502 for srcT=Struct(Data_Data_Show_Show, Data_Show.Show, Constructor_Data_Show_Show[float64], 1), destT=Struct(Data_Data_Show_Show, Data_Show.Show, Constructor_Data_Show_Show[gopurs_runtime.Value], 1) with fields=0
Generating Rebox_Data_Interval_Duration_1386611502_983382226 for srcT=Struct(Data_Data_Show_Show, Data_Show.Show, Constructor_Data_Show_Show[gopurs_runtime.Value], 1), destT=Struct(Data_Data_Show_Show, Data_Show.Show, Constructor_Data_Show_Show[*Constructor_Data_Map_Internal_Node[uint32, float64]], 1) with fields=0
Generating Rebox_Data_Interval_Duration_1386611502_3263178038 for srcT=Struct(Data_Data_Show_Show, Data_Show.Show, Constructor_Data_Show_Show[gopurs_runtime.Value], 1), destT=Struct(Data_Data_Show_Show, Data_Show.Show, Constructor_Data_Show_Show[float64], 1) with fields=0
Generating Rebox_Data_Interval_Duration_1386611502_1209612131 for srcT=Struct(Data_Data_Show_Show, Data_Show.Show, Constructor_Data_Show_Show[gopurs_runtime.Value], 1), destT=Struct(Data_Data_Show_Show, Data_Show.Show, Constructor_Data_Show_Show[uint32], 1) with fields=0
Generating Rebox_Data_Interval_Duration_1209612131_1386611502 for srcT=Struct(Data_Data_Show_Show, Data_Show.Show, Constructor_Data_Show_Show[uint32], 1), destT=Struct(Data_Data_Show_Show, Data_Show.Show, Constructor_Data_Show_Show[gopurs_runtime.Value], 1) with fields=0
Generating Rebox_Data_Interval_844300469_3290176857 for srcT=Struct(Data_Control_Extend_Extend, Control_Extend.Extend, Constructor_Control_Extend_Extend[*Constructor_Data_Interval_RecurringInterval[gopurs_runtime.Value, gopurs_runtime.Value]], 1), destT=Struct(Data_Control_Extend_Extend, Control_Extend.Extend, Constructor_Control_Extend_Extend[gopurs_runtime.Value], 1) with fields=0
Generating Rebox_Data_Interval_3290176857_844300469 for srcT=Struct(Data_Control_Extend_Extend, Control_Extend.Extend, Constructor_Control_Extend_Extend[gopurs_runtime.Value], 1), destT=Struct(Data_Control_Extend_Extend, Control_Extend.Extend, Constructor_Control_Extend_Extend[*Constructor_Data_Interval_RecurringInterval[gopurs_runtime.Value, gopurs_runtime.Value]], 1) with fields=0
Generating Rebox_Data_Interval_1868148450_3566843086 for srcT=Struct(Data_Data_Bifoldable_Bifoldable, Data_Bifoldable.Bifoldable, Constructor_Data_Bifoldable_Bifoldable[*Constructor_Data_Interval_RecurringInterval[gopurs_runtime.Value, gopurs_runtime.Value]], 1), destT=Struct(Data_Data_Bifoldable_Bifoldable, Data_Bifoldable.Bifoldable, Constructor_Data_Bifoldable_Bifoldable[gopurs_runtime.Value], 1) with fields=0
Generating Rebox_Data_Interval_3566843086_1868148450 for srcT=Struct(Data_Data_Bifoldable_Bifoldable, Data_Bifoldable.Bifoldable, Constructor_Data_Bifoldable_Bifoldable[gopurs_runtime.Value], 1), destT=Struct(Data_Data_Bifoldable_Bifoldable, Data_Bifoldable.Bifoldable, Constructor_Data_Bifoldable_Bifoldable[*Constructor_Data_Interval_RecurringInterval[gopurs_runtime.Value, gopurs_runtime.Value]], 1) with fields=0
Generating Rebox_Data_Interval_2718763394_1688994542 for srcT=Struct(Data_Data_Bifunctor_Bifunctor, Data_Bifunctor.Bifunctor, Constructor_Data_Bifunctor_Bifunctor[*Constructor_Data_Interval_RecurringInterval[gopurs_runtime.Value, gopurs_runtime.Value]], 1), destT=Struct(Data_Data_Bifunctor_Bifunctor, Data_Bifunctor.Bifunctor, Constructor_Data_Bifunctor_Bifunctor[gopurs_runtime.Value], 1) with fields=0
Generating Rebox_Data_Interval_1688994542_2718763394 for srcT=Struct(Data_Data_Bifunctor_Bifunctor, Data_Bifunctor.Bifunctor, Constructor_Data_Bifunctor_Bifunctor[gopurs_runtime.Value], 1), destT=Struct(Data_Data_Bifunctor_Bifunctor, Data_Bifunctor.Bifunctor, Constructor_Data_Bifunctor_Bifunctor[*Constructor_Data_Interval_RecurringInterval[gopurs_runtime.Value, gopurs_runtime.Value]], 1) with fields=0
Generating Rebox_Data_Interval_1937664898_3561684974 for srcT=Struct(Data_Data_Bitraversable_Bitraversable, Data_Bitraversable.Bitraversable, Constructor_Data_Bitraversable_Bitraversable[*Constructor_Data_Interval_RecurringInterval[gopurs_runtime.Value, gopurs_runtime.Value]], 1), destT=Struct(Data_Data_Bitraversable_Bitraversable, Data_Bitraversable.Bitraversable, Constructor_Data_Bitraversable_Bitraversable[gopurs_runtime.Value], 1) with fields=0
Generating Rebox_Data_Interval_3561684974_1937664898 for srcT=Struct(Data_Data_Bitraversable_Bitraversable, Data_Bitraversable.Bitraversable, Constructor_Data_Bitraversable_Bitraversable[gopurs_runtime.Value], 1), destT=Struct(Data_Data_Bitraversable_Bitraversable, Data_Bitraversable.Bitraversable, Constructor_Data_Bitraversable_Bitraversable[*Constructor_Data_Interval_RecurringInterval[gopurs_runtime.Value, gopurs_runtime.Value]], 1) with fields=0
Generating Rebox_Data_Interval_1142559074_3790796878 for srcT=Struct(Data_Data_Eq_Eq, Data_Eq.Eq, Constructor_Data_Eq_Eq[*Constructor_Data_Interval_RecurringInterval[gopurs_runtime.Value, gopurs_runtime.Value]], 1), destT=Struct(Data_Data_Eq_Eq, Data_Eq.Eq, Constructor_Data_Eq_Eq[gopurs_runtime.Value], 1) with fields=0
Generating Rebox_Data_Interval_3508461103_3790796878 for srcT=Struct(Data_Data_Eq_Eq, Data_Eq.Eq, Constructor_Data_Eq_Eq[*Constructor_Data_Maybe_Just[gopurs_runtime.Value]], 1), destT=Struct(Data_Data_Eq_Eq, Data_Eq.Eq, Constructor_Data_Eq_Eq[gopurs_runtime.Value], 1) with fields=0
Generating Rebox_Data_Interval_3790796878_1142559074 for srcT=Struct(Data_Data_Eq_Eq, Data_Eq.Eq, Constructor_Data_Eq_Eq[gopurs_runtime.Value], 1), destT=Struct(Data_Data_Eq_Eq, Data_Eq.Eq, Constructor_Data_Eq_Eq[*Constructor_Data_Interval_RecurringInterval[gopurs_runtime.Value, gopurs_runtime.Value]], 1) with fields=0
Generating Rebox_Data_Interval_3790796878_3508461103 for srcT=Struct(Data_Data_Eq_Eq, Data_Eq.Eq, Constructor_Data_Eq_Eq[gopurs_runtime.Value], 1), destT=Struct(Data_Data_Eq_Eq, Data_Eq.Eq, Constructor_Data_Eq_Eq[*Constructor_Data_Maybe_Just[gopurs_runtime.Value]], 1) with fields=0
Generating Rebox_Data_Interval_170409538_1680800814 for srcT=Struct(Data_Data_Foldable_Foldable, Data_Foldable.Foldable, Constructor_Data_Foldable_Foldable[*Constructor_Data_Interval_RecurringInterval[gopurs_runtime.Value, gopurs_runtime.Value]], 1), destT=Struct(Data_Data_Foldable_Foldable, Data_Foldable.Foldable, Constructor_Data_Foldable_Foldable[gopurs_runtime.Value], 1) with fields=0
Generating Rebox_Data_Interval_1680800814_170409538 for srcT=Struct(Data_Data_Foldable_Foldable, Data_Foldable.Foldable, Constructor_Data_Foldable_Foldable[gopurs_runtime.Value], 1), destT=Struct(Data_Data_Foldable_Foldable, Data_Foldable.Foldable, Constructor_Data_Foldable_Foldable[*Constructor_Data_Interval_RecurringInterval[gopurs_runtime.Value, gopurs_runtime.Value]], 1) with fields=0
Generating Rebox_Data_Interval_749713730_2812149806 for srcT=Struct(Data_Data_Functor_Functor, Data_Functor.Functor, Constructor_Data_Functor_Functor[*Constructor_Data_Interval_RecurringInterval[gopurs_runtime.Value, gopurs_runtime.Value]], 1), destT=Struct(Data_Data_Functor_Functor, Data_Functor.Functor, Constructor_Data_Functor_Functor[gopurs_runtime.Value], 1) with fields=0
Generating Rebox_Data_Interval_2812149806_749713730 for srcT=Struct(Data_Data_Functor_Functor, Data_Functor.Functor, Constructor_Data_Functor_Functor[gopurs_runtime.Value], 1), destT=Struct(Data_Data_Functor_Functor, Data_Functor.Functor, Constructor_Data_Functor_Functor[*Constructor_Data_Interval_RecurringInterval[gopurs_runtime.Value, gopurs_runtime.Value]], 1) with fields=0
Generating Rebox_Data_Interval_3094389156_1170268447 for srcT=Struct(Data_Data_Maybe_Just, Data_Maybe.Just, Constructor_Data_Maybe_Just[gopurs_runtime.Value], 1), destT=Struct(Data_Data_Maybe_Just, Data_Maybe.Just, Constructor_Data_Maybe_Just[int64], 1) with fields=1
Generating Rebox_Data_Interval_1170268447_3094389156 for srcT=Struct(Data_Data_Maybe_Just, Data_Maybe.Just, Constructor_Data_Maybe_Just[int64], 1), destT=Struct(Data_Data_Maybe_Just, Data_Maybe.Just, Constructor_Data_Maybe_Just[gopurs_runtime.Value], 1) with fields=1
Generating Rebox_Data_Interval_2740699138_4177771502 for srcT=Struct(Data_Data_Ord_Ord, Data_Ord.Ord, Constructor_Data_Ord_Ord[*Constructor_Data_Interval_RecurringInterval[gopurs_runtime.Value, gopurs_runtime.Value]], 1), destT=Struct(Data_Data_Ord_Ord, Data_Ord.Ord, Constructor_Data_Ord_Ord[gopurs_runtime.Value], 1) with fields=0
Generating Rebox_Data_Interval_2155612431_4177771502 for srcT=Struct(Data_Data_Ord_Ord, Data_Ord.Ord, Constructor_Data_Ord_Ord[*Constructor_Data_Maybe_Just[gopurs_runtime.Value]], 1), destT=Struct(Data_Data_Ord_Ord, Data_Ord.Ord, Constructor_Data_Ord_Ord[gopurs_runtime.Value], 1) with fields=0
Generating Rebox_Data_Interval_4177771502_2740699138 for srcT=Struct(Data_Data_Ord_Ord, Data_Ord.Ord, Constructor_Data_Ord_Ord[gopurs_runtime.Value], 1), destT=Struct(Data_Data_Ord_Ord, Data_Ord.Ord, Constructor_Data_Ord_Ord[*Constructor_Data_Interval_RecurringInterval[gopurs_runtime.Value, gopurs_runtime.Value]], 1) with fields=0
Generating Rebox_Data_Interval_4177771502_2155612431 for srcT=Struct(Data_Data_Ord_Ord, Data_Ord.Ord, Constructor_Data_Ord_Ord[gopurs_runtime.Value], 1), destT=Struct(Data_Data_Ord_Ord, Data_Ord.Ord, Constructor_Data_Ord_Ord[*Constructor_Data_Maybe_Just[gopurs_runtime.Value]], 1) with fields=0
Generating Rebox_Data_Interval_4177771502_3308271157 for srcT=Struct(Data_Data_Ord_Ord, Data_Ord.Ord, Constructor_Data_Ord_Ord[gopurs_runtime.Value], 1), destT=Struct(Data_Data_Ord_Ord, Data_Ord.Ord, Constructor_Data_Ord_Ord[int64], 1) with fields=0
Generating Rebox_Data_Interval_3308271157_4177771502 for srcT=Struct(Data_Data_Ord_Ord, Data_Ord.Ord, Constructor_Data_Ord_Ord[int64], 1), destT=Struct(Data_Data_Ord_Ord, Data_Ord.Ord, Constructor_Data_Ord_Ord[gopurs_runtime.Value], 1) with fields=0
Generating Rebox_Data_Interval_951668290_1386611502 for srcT=Struct(Data_Data_Show_Show, Data_Show.Show, Constructor_Data_Show_Show[*Constructor_Data_Interval_RecurringInterval[gopurs_runtime.Value, gopurs_runtime.Value]], 1), destT=Struct(Data_Data_Show_Show, Data_Show.Show, Constructor_Data_Show_Show[gopurs_runtime.Value], 1) with fields=0
Generating Rebox_Data_Interval_345859663_1386611502 for srcT=Struct(Data_Data_Show_Show, Data_Show.Show, Constructor_Data_Show_Show[*Constructor_Data_Maybe_Just[gopurs_runtime.Value]], 1), destT=Struct(Data_Data_Show_Show, Data_Show.Show, Constructor_Data_Show_Show[gopurs_runtime.Value], 1) with fields=0
Generating Rebox_Data_Interval_2818770644_1386611502 for srcT=Struct(Data_Data_Show_Show, Data_Show.Show, Constructor_Data_Show_Show[*Constructor_Data_Maybe_Just[int64]], 1), destT=Struct(Data_Data_Show_Show, Data_Show.Show, Constructor_Data_Show_Show[gopurs_runtime.Value], 1) with fields=0
Generating Rebox_Data_Interval_1386611502_951668290 for srcT=Struct(Data_Data_Show_Show, Data_Show.Show, Constructor_Data_Show_Show[gopurs_runtime.Value], 1), destT=Struct(Data_Data_Show_Show, Data_Show.Show, Constructor_Data_Show_Show[*Constructor_Data_Interval_RecurringInterval[gopurs_runtime.Value, gopurs_runtime.Value]], 1) with fields=0
Generating Rebox_Data_Interval_1386611502_345859663 for srcT=Struct(Data_Data_Show_Show, Data_Show.Show, Constructor_Data_Show_Show[gopurs_runtime.Value], 1), destT=Struct(Data_Data_Show_Show, Data_Show.Show, Constructor_Data_Show_Show[*Constructor_Data_Maybe_Just[gopurs_runtime.Value]], 1) with fields=0
Generating Rebox_Data_Interval_1386611502_2818770644 for srcT=Struct(Data_Data_Show_Show, Data_Show.Show, Constructor_Data_Show_Show[gopurs_runtime.Value], 1), destT=Struct(Data_Data_Show_Show, Data_Show.Show, Constructor_Data_Show_Show[*Constructor_Data_Maybe_Just[int64]], 1) with fields=0
Generating Rebox_Data_Interval_185619522_3043886126 for srcT=Struct(Data_Data_Traversable_Traversable, Data_Traversable.Traversable, Constructor_Data_Traversable_Traversable[*Constructor_Data_Interval_RecurringInterval[gopurs_runtime.Value, gopurs_runtime.Value]], 1), destT=Struct(Data_Data_Traversable_Traversable, Data_Traversable.Traversable, Constructor_Data_Traversable_Traversable[gopurs_runtime.Value], 1) with fields=0
Generating Rebox_Data_Interval_3043886126_185619522 for srcT=Struct(Data_Data_Traversable_Traversable, Data_Traversable.Traversable, Constructor_Data_Traversable_Traversable[gopurs_runtime.Value], 1), destT=Struct(Data_Data_Traversable_Traversable, Data_Traversable.Traversable, Constructor_Data_Traversable_Traversable[*Constructor_Data_Interval_RecurringInterval[gopurs_runtime.Value, gopurs_runtime.Value]], 1) with fields=0
Generating Rebox_Data_List_NonEmpty_3054666744_2748095225 for srcT=Struct(Data_Control_Bind_Bind, Control_Bind.Bind, Constructor_Control_Bind_Bind[*Constructor_Data_NonEmpty_NonEmpty[*Constructor_Data_List_Types_Cons[gopurs_runtime.Value], gopurs_runtime.Value]], 1), destT=Struct(Data_Control_Bind_Bind, Control_Bind.Bind, Constructor_Control_Bind_Bind[gopurs_runtime.Value], 1) with fields=0
Generating Rebox_Data_List_NonEmpty_2748095225_3054666744 for srcT=Struct(Data_Control_Bind_Bind, Control_Bind.Bind, Constructor_Control_Bind_Bind[gopurs_runtime.Value], 1), destT=Struct(Data_Control_Bind_Bind, Control_Bind.Bind, Constructor_Control_Bind_Bind[*Constructor_Data_NonEmpty_NonEmpty[*Constructor_Data_List_Types_Cons[gopurs_runtime.Value], gopurs_runtime.Value]], 1) with fields=0
Generating Rebox_Data_List_NonEmpty_470062885_3094389156 for srcT=Struct(Data_Data_Maybe_Just, Data_Maybe.Just, Constructor_Data_Maybe_Just[*Constructor_Data_NonEmpty_NonEmpty[*Constructor_Data_List_Types_Cons[gopurs_runtime.Value], gopurs_runtime.Value]], 1), destT=Struct(Data_Data_Maybe_Just, Data_Maybe.Just, Constructor_Data_Maybe_Just[gopurs_runtime.Value], 1) with fields=1
Generating Rebox_Data_List_NonEmpty_3094389156_1978018568 for srcT=Struct(Data_Data_Maybe_Just, Data_Maybe.Just, Constructor_Data_Maybe_Just[gopurs_runtime.Value], 1), destT=Struct(Data_Data_Maybe_Just, Data_Maybe.Just, Constructor_Data_Maybe_Just[*Constructor_Data_List_Types_Cons[gopurs_runtime.Value]], 1) with fields=1
Generating Rebox_Data_List_NonEmpty_3094389156_470062885 for srcT=Struct(Data_Data_Maybe_Just, Data_Maybe.Just, Constructor_Data_Maybe_Just[gopurs_runtime.Value], 1), destT=Struct(Data_Data_Maybe_Just, Data_Maybe.Just, Constructor_Data_Maybe_Just[*Constructor_Data_NonEmpty_NonEmpty[*Constructor_Data_List_Types_Cons[gopurs_runtime.Value], gopurs_runtime.Value]], 1) with fields=1
Generating Rebox_Data_List_NonEmpty_3094389156_1170268447 for srcT=Struct(Data_Data_Maybe_Just, Data_Maybe.Just, Constructor_Data_Maybe_Just[gopurs_runtime.Value], 1), destT=Struct(Data_Data_Maybe_Just, Data_Maybe.Just, Constructor_Data_Maybe_Just[int64], 1) with fields=1
Generating Rebox_Data_List_NonEmpty_1170268447_3094389156 for srcT=Struct(Data_Data_Maybe_Just, Data_Maybe.Just, Constructor_Data_Maybe_Just[int64], 1), destT=Struct(Data_Data_Maybe_Just, Data_Maybe.Just, Constructor_Data_Maybe_Just[gopurs_runtime.Value], 1) with fields=1
Generating Rebox_Data_List_NonEmpty_3123684004_1293498952 for srcT=Struct(Data_Data_NonEmpty_NonEmpty, Data_NonEmpty.NonEmpty, Constructor_Data_NonEmpty_NonEmpty[*Constructor_Data_List_Types_Cons[gopurs_runtime.Value], gopurs_runtime.Value], 2), destT=Struct(Data_Data_NonEmpty_NonEmpty, Data_NonEmpty.NonEmpty, Constructor_Data_NonEmpty_NonEmpty[gopurs_runtime.Value, gopurs_runtime.Value], 2) with fields=2
Generating Rebox_Data_List_NonEmpty_1293498952_1656330533 for srcT=Struct(Data_Data_NonEmpty_NonEmpty, Data_NonEmpty.NonEmpty, Constructor_Data_NonEmpty_NonEmpty[gopurs_runtime.Value, gopurs_runtime.Value], 2), destT=Struct(Data_Data_NonEmpty_NonEmpty, Data_NonEmpty.NonEmpty, Constructor_Data_NonEmpty_NonEmpty[*Constructor_Data_List_Types_Cons[gopurs_runtime.Value], *Constructor_Data_Maybe_Just[gopurs_runtime.Value]], 2) with fields=2
Generating Rebox_Data_List_NonEmpty_1293498952_4231696009 for srcT=Struct(Data_Data_NonEmpty_NonEmpty, Data_NonEmpty.NonEmpty, Constructor_Data_NonEmpty_NonEmpty[gopurs_runtime.Value, gopurs_runtime.Value], 2), destT=Struct(Data_Data_NonEmpty_NonEmpty, Data_NonEmpty.NonEmpty, Constructor_Data_NonEmpty_NonEmpty[*Constructor_Data_List_Types_Cons[gopurs_runtime.Value], *Constructor_Data_Tuple_Tuple[gopurs_runtime.Value, gopurs_runtime.Value]], 2) with fields=2
Generating Rebox_Data_List_NonEmpty_1293498952_3123684004 for srcT=Struct(Data_Data_NonEmpty_NonEmpty, Data_NonEmpty.NonEmpty, Constructor_Data_NonEmpty_NonEmpty[gopurs_runtime.Value, gopurs_runtime.Value], 2), destT=Struct(Data_Data_NonEmpty_NonEmpty, Data_NonEmpty.NonEmpty, Constructor_Data_NonEmpty_NonEmpty[*Constructor_Data_List_Types_Cons[gopurs_runtime.Value], gopurs_runtime.Value], 2) with fields=2
Generating Rebox_Data_List_NonEmpty_3842311788_306175789 for srcT=Struct(Data_Data_Semigroup_Traversable_Traversable1, Data_Semigroup_Traversable.Traversable1, Constructor_Data_Semigroup_Traversable_Traversable1[*Constructor_Data_NonEmpty_NonEmpty[*Constructor_Data_List_Types_Cons[gopurs_runtime.Value], gopurs_runtime.Value]], 1), destT=Struct(Data_Data_Semigroup_Traversable_Traversable1, Data_Semigroup_Traversable.Traversable1, Constructor_Data_Semigroup_Traversable_Traversable1[gopurs_runtime.Value], 1) with fields=0
Generating Rebox_Data_List_NonEmpty_306175789_3842311788 for srcT=Struct(Data_Data_Semigroup_Traversable_Traversable1, Data_Semigroup_Traversable.Traversable1, Constructor_Data_Semigroup_Traversable_Traversable1[gopurs_runtime.Value], 1), destT=Struct(Data_Data_Semigroup_Traversable_Traversable1, Data_Semigroup_Traversable.Traversable1, Constructor_Data_Semigroup_Traversable_Traversable1[*Constructor_Data_NonEmpty_NonEmpty[*Constructor_Data_List_Types_Cons[gopurs_runtime.Value], gopurs_runtime.Value]], 1) with fields=0
Generating Rebox_Data_List_NonEmpty_1673906728_138441832 for srcT=Struct(Data_Data_Tuple_Tuple, Data_Tuple.Tuple, Constructor_Data_Tuple_Tuple[*Constructor_Data_NonEmpty_NonEmpty[*Constructor_Data_List_Types_Cons[gopurs_runtime.Value], gopurs_runtime.Value], *Constructor_Data_NonEmpty_NonEmpty[*Constructor_Data_List_Types_Cons[gopurs_runtime.Value], gopurs_runtime.Value]], 2), destT=Struct(Data_Data_Tuple_Tuple, Data_Tuple.Tuple, Constructor_Data_Tuple_Tuple[gopurs_runtime.Value, gopurs_runtime.Value], 2) with fields=2
Generating Rebox_Data_List_NonEmpty_2351501316_138441832 for srcT=Struct(Data_Data_Tuple_Tuple, Data_Tuple.Tuple, Constructor_Data_Tuple_Tuple[gopurs_runtime.Value, *Constructor_Data_List_Types_Cons[gopurs_runtime.Value]], 2), destT=Struct(Data_Data_Tuple_Tuple, Data_Tuple.Tuple, Constructor_Data_Tuple_Tuple[gopurs_runtime.Value, gopurs_runtime.Value], 2) with fields=2
Generating Rebox_Data_Interval_Duration_Iso_3288162985_3738801844 for srcT=Struct(Data_Data_Either_Left, Data_Either.Left, Constructor_Data_Either_Left[*Constructor_Data_NonEmpty_NonEmpty[*Constructor_Data_List_Types_Cons[gopurs_runtime.Value], gopurs_runtime.Value], *Constructor_Data_Map_Internal_Node[uint32, float64]], 2), destT=Struct(Data_Data_Either_Left, Data_Either.Left, Constructor_Data_Either_Left[gopurs_runtime.Value, gopurs_runtime.Value], 2) with fields=1
Generating Rebox_Data_Interval_Duration_Iso_4085783634_2779272559 for srcT=Struct(Data_Data_Either_Right, Data_Either.Right, Constructor_Data_Either_Right[*Constructor_Data_NonEmpty_NonEmpty[*Constructor_Data_List_Types_Cons[gopurs_runtime.Value], gopurs_runtime.Value], *Constructor_Data_Map_Internal_Node[uint32, float64]], 2), destT=Struct(Data_Data_Either_Right, Data_Either.Right, Constructor_Data_Either_Right[gopurs_runtime.Value, gopurs_runtime.Value], 2) with fields=1
Generating Rebox_Data_Interval_Duration_Iso_2958538738_3790796878 for srcT=Struct(Data_Data_Eq_Eq, Data_Eq.Eq, Constructor_Data_Eq_Eq[*Constructor_Data_Map_Internal_Node[uint32, float64]], 1), destT=Struct(Data_Data_Eq_Eq, Data_Eq.Eq, Constructor_Data_Eq_Eq[gopurs_runtime.Value], 1) with fields=0
Generating Rebox_Data_Interval_Duration_Iso_3790796878_2958538738 for srcT=Struct(Data_Data_Eq_Eq, Data_Eq.Eq, Constructor_Data_Eq_Eq[gopurs_runtime.Value], 1), destT=Struct(Data_Data_Eq_Eq, Data_Eq.Eq, Constructor_Data_Eq_Eq[*Constructor_Data_Map_Internal_Node[uint32, float64]], 1) with fields=0
Generating Rebox_Data_Interval_Duration_Iso_2442833393_849153993 for srcT=Struct(Data_Data_List_Types_Cons, Data_List_Types.Cons, Constructor_Data_List_Types_Cons[*Constructor_Data_Tuple_Tuple[uint32, float64]], 1), destT=Struct(Data_Data_List_Types_Cons, Data_List_Types.Cons, Constructor_Data_List_Types_Cons[gopurs_runtime.Value], 1) with fields=2
Generating Rebox_Data_Interval_Duration_Iso_849153993_2442833393 for srcT=Struct(Data_Data_List_Types_Cons, Data_List_Types.Cons, Constructor_Data_List_Types_Cons[gopurs_runtime.Value], 1), destT=Struct(Data_Data_List_Types_Cons, Data_List_Types.Cons, Constructor_Data_List_Types_Cons[*Constructor_Data_Tuple_Tuple[uint32, float64]], 1) with fields=2
Generating Rebox_Data_Interval_Duration_Iso_2487766124_261879545 for srcT=Struct(Data_Data_Map_Internal_Node, Data_Map_Internal.Node, Constructor_Data_Map_Internal_Node[gopurs_runtime.Value, gopurs_runtime.Value], 2), destT=Struct(Data_Data_Map_Internal_Node, Data_Map_Internal.Node, Constructor_Data_Map_Internal_Node[uint32, float64], 2) with fields=6
Generating Rebox_Data_Interval_Duration_Iso_261879545_2487766124 for srcT=Struct(Data_Data_Map_Internal_Node, Data_Map_Internal.Node, Constructor_Data_Map_Internal_Node[uint32, float64], 2), destT=Struct(Data_Data_Map_Internal_Node, Data_Map_Internal.Node, Constructor_Data_Map_Internal_Node[gopurs_runtime.Value, gopurs_runtime.Value], 2) with fields=6
Generating Rebox_Data_Interval_Duration_Iso_3240988860_3094389156 for srcT=Struct(Data_Data_Maybe_Just, Data_Maybe.Just, Constructor_Data_Maybe_Just[float64], 1), destT=Struct(Data_Data_Maybe_Just, Data_Maybe.Just, Constructor_Data_Maybe_Just[gopurs_runtime.Value], 1) with fields=1
Generating Rebox_Data_Interval_Duration_Iso_3094389156_470062885 for srcT=Struct(Data_Data_Maybe_Just, Data_Maybe.Just, Constructor_Data_Maybe_Just[gopurs_runtime.Value], 1), destT=Struct(Data_Data_Maybe_Just, Data_Maybe.Just, Constructor_Data_Maybe_Just[*Constructor_Data_NonEmpty_NonEmpty[*Constructor_Data_List_Types_Cons[gopurs_runtime.Value], gopurs_runtime.Value]], 1) with fields=1
Generating Rebox_Data_Interval_Duration_Iso_3094389156_3240988860 for srcT=Struct(Data_Data_Maybe_Just, Data_Maybe.Just, Constructor_Data_Maybe_Just[gopurs_runtime.Value], 1), destT=Struct(Data_Data_Maybe_Just, Data_Maybe.Just, Constructor_Data_Maybe_Just[float64], 1) with fields=1
Generating Rebox_Data_Interval_Duration_Iso_3123684004_1293498952 for srcT=Struct(Data_Data_NonEmpty_NonEmpty, Data_NonEmpty.NonEmpty, Constructor_Data_NonEmpty_NonEmpty[*Constructor_Data_List_Types_Cons[gopurs_runtime.Value], gopurs_runtime.Value], 2), destT=Struct(Data_Data_NonEmpty_NonEmpty, Data_NonEmpty.NonEmpty, Constructor_Data_NonEmpty_NonEmpty[gopurs_runtime.Value, gopurs_runtime.Value], 2) with fields=2
Generating Rebox_Data_Interval_Duration_Iso_1293498952_3123684004 for srcT=Struct(Data_Data_NonEmpty_NonEmpty, Data_NonEmpty.NonEmpty, Constructor_Data_NonEmpty_NonEmpty[gopurs_runtime.Value, gopurs_runtime.Value], 2), destT=Struct(Data_Data_NonEmpty_NonEmpty, Data_NonEmpty.NonEmpty, Constructor_Data_NonEmpty_NonEmpty[*Constructor_Data_List_Types_Cons[gopurs_runtime.Value], gopurs_runtime.Value], 2) with fields=2
Generating Rebox_Data_Interval_Duration_Iso_3498527378_4177771502 for srcT=Struct(Data_Data_Ord_Ord, Data_Ord.Ord, Constructor_Data_Ord_Ord[*Constructor_Data_Map_Internal_Node[uint32, float64]], 1), destT=Struct(Data_Data_Ord_Ord, Data_Ord.Ord, Constructor_Data_Ord_Ord[gopurs_runtime.Value], 1) with fields=0
Generating Rebox_Data_Interval_Duration_Iso_4177771502_3498527378 for srcT=Struct(Data_Data_Ord_Ord, Data_Ord.Ord, Constructor_Data_Ord_Ord[gopurs_runtime.Value], 1), destT=Struct(Data_Data_Ord_Ord, Data_Ord.Ord, Constructor_Data_Ord_Ord[*Constructor_Data_Map_Internal_Node[uint32, float64]], 1) with fields=0
Generating Rebox_Data_Interval_Duration_Iso_983382226_1386611502 for srcT=Struct(Data_Data_Show_Show, Data_Show.Show, Constructor_Data_Show_Show[*Constructor_Data_Map_Internal_Node[uint32, float64]], 1), destT=Struct(Data_Data_Show_Show, Data_Show.Show, Constructor_Data_Show_Show[gopurs_runtime.Value], 1) with fields=0
Generating Rebox_Data_Interval_Duration_Iso_1386611502_983382226 for srcT=Struct(Data_Data_Show_Show, Data_Show.Show, Constructor_Data_Show_Show[gopurs_runtime.Value], 1), destT=Struct(Data_Data_Show_Show, Data_Show.Show, Constructor_Data_Show_Show[*Constructor_Data_Map_Internal_Node[uint32, float64]], 1) with fields=0
Generating Rebox_Data_Interval_Duration_Iso_138441832_3132786365 for srcT=Struct(Data_Data_Tuple_Tuple, Data_Tuple.Tuple, Constructor_Data_Tuple_Tuple[gopurs_runtime.Value, gopurs_runtime.Value], 2), destT=Struct(Data_Data_Tuple_Tuple, Data_Tuple.Tuple, Constructor_Data_Tuple_Tuple[uint32, float64], 2) with fields=2
Generating Rebox_Data_Interval_Duration_Iso_3132786365_138441832 for srcT=Struct(Data_Data_Tuple_Tuple, Data_Tuple.Tuple, Constructor_Data_Tuple_Tuple[uint32, float64], 2), destT=Struct(Data_Data_Tuple_Tuple, Data_Tuple.Tuple, Constructor_Data_Tuple_Tuple[gopurs_runtime.Value, gopurs_runtime.Value], 2) with fields=2
Generating Rebox_Data_List_Lazy_Types_2176830691_3790796878 for srcT=Struct(Data_Data_Eq_Eq, Data_Eq.Eq, Constructor_Data_Eq_Eq[*Constructor_Data_NonEmpty_NonEmpty[gopurs_runtime.Value, gopurs_runtime.Value]], 1), destT=Struct(Data_Data_Eq_Eq, Data_Eq.Eq, Constructor_Data_Eq_Eq[gopurs_runtime.Value], 1) with fields=0
Generating Rebox_Data_List_Lazy_Types_3790796878_2176830691 for srcT=Struct(Data_Data_Eq_Eq, Data_Eq.Eq, Constructor_Data_Eq_Eq[gopurs_runtime.Value], 1), destT=Struct(Data_Data_Eq_Eq, Data_Eq.Eq, Constructor_Data_Eq_Eq[*Constructor_Data_NonEmpty_NonEmpty[gopurs_runtime.Value, gopurs_runtime.Value]], 1) with fields=0
Generating Rebox_Data_List_Lazy_Types_2048287455_3725484264 for srcT=Struct(Data_Data_FoldableWithIndex_FoldableWithIndex, Data_FoldableWithIndex.FoldableWithIndex, Constructor_Data_FoldableWithIndex_FoldableWithIndex[*Constructor_Data_Maybe_Just[int64], *Constructor_Data_NonEmpty_NonEmpty[gopurs_runtime.Value, gopurs_runtime.Value]], 2), destT=Struct(Data_Data_FoldableWithIndex_FoldableWithIndex, Data_FoldableWithIndex.FoldableWithIndex, Constructor_Data_FoldableWithIndex_FoldableWithIndex[gopurs_runtime.Value, gopurs_runtime.Value], 2) with fields=0
Generating Rebox_Data_List_Lazy_Types_3725484264_2048287455 for srcT=Struct(Data_Data_FoldableWithIndex_FoldableWithIndex, Data_FoldableWithIndex.FoldableWithIndex, Constructor_Data_FoldableWithIndex_FoldableWithIndex[gopurs_runtime.Value, gopurs_runtime.Value], 2), destT=Struct(Data_Data_FoldableWithIndex_FoldableWithIndex, Data_FoldableWithIndex.FoldableWithIndex, Constructor_Data_FoldableWithIndex_FoldableWithIndex[*Constructor_Data_Maybe_Just[int64], *Constructor_Data_NonEmpty_NonEmpty[gopurs_runtime.Value, gopurs_runtime.Value]], 2) with fields=0
Generating Rebox_Data_List_Lazy_Types_3725484264_2491554675 for srcT=Struct(Data_Data_FoldableWithIndex_FoldableWithIndex, Data_FoldableWithIndex.FoldableWithIndex, Constructor_Data_FoldableWithIndex_FoldableWithIndex[gopurs_runtime.Value, gopurs_runtime.Value], 2), destT=Struct(Data_Data_FoldableWithIndex_FoldableWithIndex, Data_FoldableWithIndex.FoldableWithIndex, Constructor_Data_FoldableWithIndex_FoldableWithIndex[int64, gopurs_runtime.Value], 2) with fields=0
Generating Rebox_Data_List_Lazy_Types_2491554675_3725484264 for srcT=Struct(Data_Data_FoldableWithIndex_FoldableWithIndex, Data_FoldableWithIndex.FoldableWithIndex, Constructor_Data_FoldableWithIndex_FoldableWithIndex[int64, gopurs_runtime.Value], 2), destT=Struct(Data_Data_FoldableWithIndex_FoldableWithIndex, Data_FoldableWithIndex.FoldableWithIndex, Constructor_Data_FoldableWithIndex_FoldableWithIndex[gopurs_runtime.Value, gopurs_runtime.Value], 2) with fields=0
Generating Rebox_Data_List_Lazy_Types_3071895939_1680800814 for srcT=Struct(Data_Data_Foldable_Foldable, Data_Foldable.Foldable, Constructor_Data_Foldable_Foldable[*Constructor_Data_NonEmpty_NonEmpty[gopurs_runtime.Value, gopurs_runtime.Value]], 1), destT=Struct(Data_Data_Foldable_Foldable, Data_Foldable.Foldable, Constructor_Data_Foldable_Foldable[gopurs_runtime.Value], 1) with fields=0
Generating Rebox_Data_List_Lazy_Types_1680800814_3071895939 for srcT=Struct(Data_Data_Foldable_Foldable, Data_Foldable.Foldable, Constructor_Data_Foldable_Foldable[gopurs_runtime.Value], 1), destT=Struct(Data_Data_Foldable_Foldable, Data_Foldable.Foldable, Constructor_Data_Foldable_Foldable[*Constructor_Data_NonEmpty_NonEmpty[gopurs_runtime.Value, gopurs_runtime.Value]], 1) with fields=0
Generating Rebox_Data_List_Lazy_Types_475922212_2412140840 for srcT=Struct(Data_Data_FunctorWithIndex_FunctorWithIndex, Data_FunctorWithIndex.FunctorWithIndex, Constructor_Data_FunctorWithIndex_FunctorWithIndex[*Constructor_Data_Maybe_Just[gopurs_runtime.Value], *Constructor_Data_NonEmpty_NonEmpty[gopurs_runtime.Value, gopurs_runtime.Value]], 2), destT=Struct(Data_Data_FunctorWithIndex_FunctorWithIndex, Data_FunctorWithIndex.FunctorWithIndex, Constructor_Data_FunctorWithIndex_FunctorWithIndex[gopurs_runtime.Value, gopurs_runtime.Value], 2) with fields=0
Generating Rebox_Data_List_Lazy_Types_2412140840_475922212 for srcT=Struct(Data_Data_FunctorWithIndex_FunctorWithIndex, Data_FunctorWithIndex.FunctorWithIndex, Constructor_Data_FunctorWithIndex_FunctorWithIndex[gopurs_runtime.Value, gopurs_runtime.Value], 2), destT=Struct(Data_Data_FunctorWithIndex_FunctorWithIndex, Data_FunctorWithIndex.FunctorWithIndex, Constructor_Data_FunctorWithIndex_FunctorWithIndex[*Constructor_Data_Maybe_Just[gopurs_runtime.Value], *Constructor_Data_NonEmpty_NonEmpty[gopurs_runtime.Value, gopurs_runtime.Value]], 2) with fields=0
Generating Rebox_Data_List_Lazy_Types_2412140840_2773701683 for srcT=Struct(Data_Data_FunctorWithIndex_FunctorWithIndex, Data_FunctorWithIndex.FunctorWithIndex, Constructor_Data_FunctorWithIndex_FunctorWithIndex[gopurs_runtime.Value, gopurs_runtime.Value], 2), destT=Struct(Data_Data_FunctorWithIndex_FunctorWithIndex, Data_FunctorWithIndex.FunctorWithIndex, Constructor_Data_FunctorWithIndex_FunctorWithIndex[int64, gopurs_runtime.Value], 2) with fields=0
Generating Rebox_Data_List_Lazy_Types_2773701683_2412140840 for srcT=Struct(Data_Data_FunctorWithIndex_FunctorWithIndex, Data_FunctorWithIndex.FunctorWithIndex, Constructor_Data_FunctorWithIndex_FunctorWithIndex[int64, gopurs_runtime.Value], 2), destT=Struct(Data_Data_FunctorWithIndex_FunctorWithIndex, Data_FunctorWithIndex.FunctorWithIndex, Constructor_Data_FunctorWithIndex_FunctorWithIndex[gopurs_runtime.Value, gopurs_runtime.Value], 2) with fields=0
Generating Rebox_Data_List_Lazy_Types_1468200963_2812149806 for srcT=Struct(Data_Data_Functor_Functor, Data_Functor.Functor, Constructor_Data_Functor_Functor[*Constructor_Data_NonEmpty_NonEmpty[gopurs_runtime.Value, gopurs_runtime.Value]], 1), destT=Struct(Data_Data_Functor_Functor, Data_Functor.Functor, Constructor_Data_Functor_Functor[gopurs_runtime.Value], 1) with fields=0
Generating Rebox_Data_List_Lazy_Types_2812149806_1468200963 for srcT=Struct(Data_Data_Functor_Functor, Data_Functor.Functor, Constructor_Data_Functor_Functor[gopurs_runtime.Value], 1), destT=Struct(Data_Data_Functor_Functor, Data_Functor.Functor, Constructor_Data_Functor_Functor[*Constructor_Data_NonEmpty_NonEmpty[gopurs_runtime.Value, gopurs_runtime.Value]], 1) with fields=0
Generating Rebox_Data_List_Lazy_Types_3094389156_4010058633 for srcT=Struct(Data_Data_Maybe_Just, Data_Maybe.Just, Constructor_Data_Maybe_Just[gopurs_runtime.Value], 1), destT=Struct(Data_Data_Maybe_Just, Data_Maybe.Just, Constructor_Data_Maybe_Just[*Constructor_Data_Tuple_Tuple[gopurs_runtime.Value, gopurs_runtime.Value]], 1) with fields=1
Generating Rebox_Data_List_Lazy_Types_167870147_4177771502 for srcT=Struct(Data_Data_Ord_Ord, Data_Ord.Ord, Constructor_Data_Ord_Ord[*Constructor_Data_NonEmpty_NonEmpty[gopurs_runtime.Value, gopurs_runtime.Value]], 1), destT=Struct(Data_Data_Ord_Ord, Data_Ord.Ord, Constructor_Data_Ord_Ord[gopurs_runtime.Value], 1) with fields=0
Generating Rebox_Data_List_Lazy_Types_4177771502_167870147 for srcT=Struct(Data_Data_Ord_Ord, Data_Ord.Ord, Constructor_Data_Ord_Ord[gopurs_runtime.Value], 1), destT=Struct(Data_Data_Ord_Ord, Data_Ord.Ord, Constructor_Data_Ord_Ord[*Constructor_Data_NonEmpty_NonEmpty[gopurs_runtime.Value, gopurs_runtime.Value]], 1) with fields=0
Generating Rebox_Data_List_Lazy_Types_928333203_1386611502 for srcT=Struct(Data_Data_Show_Show, Data_Show.Show, Constructor_Data_Show_Show[*Constructor_Data_List_Lazy_Types_Cons[gopurs_runtime.Value]], 1), destT=Struct(Data_Data_Show_Show, Data_Show.Show, Constructor_Data_Show_Show[gopurs_runtime.Value], 1) with fields=0
Generating Rebox_Data_List_Lazy_Types_1507176707_1386611502 for srcT=Struct(Data_Data_Show_Show, Data_Show.Show, Constructor_Data_Show_Show[*Constructor_Data_NonEmpty_NonEmpty[gopurs_runtime.Value, gopurs_runtime.Value]], 1), destT=Struct(Data_Data_Show_Show, Data_Show.Show, Constructor_Data_Show_Show[gopurs_runtime.Value], 1) with fields=0
Generating Rebox_Data_List_Lazy_Types_1386611502_928333203 for srcT=Struct(Data_Data_Show_Show, Data_Show.Show, Constructor_Data_Show_Show[gopurs_runtime.Value], 1), destT=Struct(Data_Data_Show_Show, Data_Show.Show, Constructor_Data_Show_Show[*Constructor_Data_List_Lazy_Types_Cons[gopurs_runtime.Value]], 1) with fields=0
Generating Rebox_Data_List_Lazy_Types_1386611502_1507176707 for srcT=Struct(Data_Data_Show_Show, Data_Show.Show, Constructor_Data_Show_Show[gopurs_runtime.Value], 1), destT=Struct(Data_Data_Show_Show, Data_Show.Show, Constructor_Data_Show_Show[*Constructor_Data_NonEmpty_NonEmpty[gopurs_runtime.Value, gopurs_runtime.Value]], 1) with fields=0
Generating Rebox_Data_List_Lazy_Types_525353375_1812164904 for srcT=Struct(Data_Data_TraversableWithIndex_TraversableWithIndex, Data_TraversableWithIndex.TraversableWithIndex, Constructor_Data_TraversableWithIndex_TraversableWithIndex[*Constructor_Data_Maybe_Just[int64], *Constructor_Data_NonEmpty_NonEmpty[gopurs_runtime.Value, gopurs_runtime.Value]], 2), destT=Struct(Data_Data_TraversableWithIndex_TraversableWithIndex, Data_TraversableWithIndex.TraversableWithIndex, Constructor_Data_TraversableWithIndex_TraversableWithIndex[gopurs_runtime.Value, gopurs_runtime.Value], 2) with fields=0
Generating Rebox_Data_List_Lazy_Types_1812164904_525353375 for srcT=Struct(Data_Data_TraversableWithIndex_TraversableWithIndex, Data_TraversableWithIndex.TraversableWithIndex, Constructor_Data_TraversableWithIndex_TraversableWithIndex[gopurs_runtime.Value, gopurs_runtime.Value], 2), destT=Struct(Data_Data_TraversableWithIndex_TraversableWithIndex, Data_TraversableWithIndex.TraversableWithIndex, Constructor_Data_TraversableWithIndex_TraversableWithIndex[*Constructor_Data_Maybe_Just[int64], *Constructor_Data_NonEmpty_NonEmpty[gopurs_runtime.Value, gopurs_runtime.Value]], 2) with fields=0
Generating Rebox_Data_List_Lazy_Types_1812164904_2955889203 for srcT=Struct(Data_Data_TraversableWithIndex_TraversableWithIndex, Data_TraversableWithIndex.TraversableWithIndex, Constructor_Data_TraversableWithIndex_TraversableWithIndex[gopurs_runtime.Value, gopurs_runtime.Value], 2), destT=Struct(Data_Data_TraversableWithIndex_TraversableWithIndex, Data_TraversableWithIndex.TraversableWithIndex, Constructor_Data_TraversableWithIndex_TraversableWithIndex[int64, gopurs_runtime.Value], 2) with fields=0
Generating Rebox_Data_List_Lazy_Types_2955889203_1812164904 for srcT=Struct(Data_Data_TraversableWithIndex_TraversableWithIndex, Data_TraversableWithIndex.TraversableWithIndex, Constructor_Data_TraversableWithIndex_TraversableWithIndex[int64, gopurs_runtime.Value], 2), destT=Struct(Data_Data_TraversableWithIndex_TraversableWithIndex, Data_TraversableWithIndex.TraversableWithIndex, Constructor_Data_TraversableWithIndex_TraversableWithIndex[gopurs_runtime.Value, gopurs_runtime.Value], 2) with fields=0
Generating Rebox_Data_List_Lazy_Types_4249989635_3043886126 for srcT=Struct(Data_Data_Traversable_Traversable, Data_Traversable.Traversable, Constructor_Data_Traversable_Traversable[*Constructor_Data_NonEmpty_NonEmpty[gopurs_runtime.Value, gopurs_runtime.Value]], 1), destT=Struct(Data_Data_Traversable_Traversable, Data_Traversable.Traversable, Constructor_Data_Traversable_Traversable[gopurs_runtime.Value], 1) with fields=0
Generating Rebox_Data_List_Lazy_Types_3043886126_4249989635 for srcT=Struct(Data_Data_Traversable_Traversable, Data_Traversable.Traversable, Constructor_Data_Traversable_Traversable[gopurs_runtime.Value], 1), destT=Struct(Data_Data_Traversable_Traversable, Data_Traversable.Traversable, Constructor_Data_Traversable_Traversable[*Constructor_Data_NonEmpty_NonEmpty[gopurs_runtime.Value, gopurs_runtime.Value]], 1) with fields=0
Generating Rebox_Data_List_Lazy_Types_138441832_3804580809 for srcT=Struct(Data_Data_Tuple_Tuple, Data_Tuple.Tuple, Constructor_Data_Tuple_Tuple[gopurs_runtime.Value, gopurs_runtime.Value], 2), destT=Struct(Data_Data_Tuple_Tuple, Data_Tuple.Tuple, Constructor_Data_Tuple_Tuple[gopurs_runtime.Value, *Constructor_Data_Maybe_Just[gopurs_runtime.Value]], 2) with fields=2
Generating Rebox_Data_List_Lazy_Types_138441832_1728839155 for srcT=Struct(Data_Data_Tuple_Tuple, Data_Tuple.Tuple, Constructor_Data_Tuple_Tuple[gopurs_runtime.Value, gopurs_runtime.Value], 2), destT=Struct(Data_Data_Tuple_Tuple, Data_Tuple.Tuple, Constructor_Data_Tuple_Tuple[int64, gopurs_runtime.Value], 2) with fields=2
Generating Rebox_Data_List_Lazy_Types_1728839155_138441832 for srcT=Struct(Data_Data_Tuple_Tuple, Data_Tuple.Tuple, Constructor_Data_Tuple_Tuple[int64, gopurs_runtime.Value], 2), destT=Struct(Data_Data_Tuple_Tuple, Data_Tuple.Tuple, Constructor_Data_Tuple_Tuple[gopurs_runtime.Value, gopurs_runtime.Value], 2) with fields=2
Generating Rebox_Data_List_Lazy_Types_2751875267_2187088110 for srcT=Struct(Data_Data_Unfoldable1_Unfoldable1, Data_Unfoldable1.Unfoldable1, Constructor_Data_Unfoldable1_Unfoldable1[*Constructor_Data_NonEmpty_NonEmpty[gopurs_runtime.Value, gopurs_runtime.Value]], 1), destT=Struct(Data_Data_Unfoldable1_Unfoldable1, Data_Unfoldable1.Unfoldable1, Constructor_Data_Unfoldable1_Unfoldable1[gopurs_runtime.Value], 1) with fields=0
Generating Rebox_Data_List_Lazy_Types_2187088110_2751875267 for srcT=Struct(Data_Data_Unfoldable1_Unfoldable1, Data_Unfoldable1.Unfoldable1, Constructor_Data_Unfoldable1_Unfoldable1[gopurs_runtime.Value], 1), destT=Struct(Data_Data_Unfoldable1_Unfoldable1, Data_Unfoldable1.Unfoldable1, Constructor_Data_Unfoldable1_Unfoldable1[*Constructor_Data_NonEmpty_NonEmpty[gopurs_runtime.Value, gopurs_runtime.Value]], 1) with fields=0
Generating Rebox_Data_List_Lazy_802708012_3603546092 for srcT=Struct(Data_Control_Monad_Rec_Class_Done, Control_Monad_Rec_Class.Done, Constructor_Control_Monad_Rec_Class_Done[*Constructor_Data_Maybe_Just[gopurs_runtime.Value], *Constructor_Data_Maybe_Just[gopurs_runtime.Value]], 2), destT=Struct(Data_Control_Monad_Rec_Class_Done, Control_Monad_Rec_Class.Done, Constructor_Control_Monad_Rec_Class_Done[gopurs_runtime.Value, gopurs_runtime.Value], 2) with fields=1
Generating Rebox_Data_List_Lazy_3406595152_4008603408 for srcT=Struct(Data_Control_Monad_Rec_Class_Loop, Control_Monad_Rec_Class.Loop, Constructor_Control_Monad_Rec_Class_Loop[*Constructor_Data_Maybe_Just[gopurs_runtime.Value], *Constructor_Data_Maybe_Just[gopurs_runtime.Value]], 2), destT=Struct(Data_Control_Monad_Rec_Class_Loop, Control_Monad_Rec_Class.Loop, Constructor_Control_Monad_Rec_Class_Loop[gopurs_runtime.Value, gopurs_runtime.Value], 2) with fields=1
Generating Rebox_Data_List_Lazy_1415037225_3094389156 for srcT=Struct(Data_Data_Maybe_Just, Data_Maybe.Just, Constructor_Data_Maybe_Just[*Constructor_Data_Tuple_Tuple[int64, int64]], 1), destT=Struct(Data_Data_Maybe_Just, Data_Maybe.Just, Constructor_Data_Maybe_Just[gopurs_runtime.Value], 1) with fields=1
Generating Rebox_Data_List_Lazy_3094389156_1415037225 for srcT=Struct(Data_Data_Maybe_Just, Data_Maybe.Just, Constructor_Data_Maybe_Just[gopurs_runtime.Value], 1), destT=Struct(Data_Data_Maybe_Just, Data_Maybe.Just, Constructor_Data_Maybe_Just[*Constructor_Data_Tuple_Tuple[int64, int64]], 1) with fields=1
Generating Rebox_Data_List_Lazy_3094389156_1170268447 for srcT=Struct(Data_Data_Maybe_Just, Data_Maybe.Just, Constructor_Data_Maybe_Just[gopurs_runtime.Value], 1), destT=Struct(Data_Data_Maybe_Just, Data_Maybe.Just, Constructor_Data_Maybe_Just[int64], 1) with fields=1
Generating Rebox_Data_List_Lazy_1170268447_3094389156 for srcT=Struct(Data_Data_Maybe_Just, Data_Maybe.Just, Constructor_Data_Maybe_Just[int64], 1), destT=Struct(Data_Data_Maybe_Just, Data_Maybe.Just, Constructor_Data_Maybe_Just[gopurs_runtime.Value], 1) with fields=1
Generating Rebox_Data_List_Lazy_138441832_3363075976 for srcT=Struct(Data_Data_Tuple_Tuple, Data_Tuple.Tuple, Constructor_Data_Tuple_Tuple[gopurs_runtime.Value, gopurs_runtime.Value], 2), destT=Struct(Data_Data_Tuple_Tuple, Data_Tuple.Tuple, Constructor_Data_Tuple_Tuple[int64, int64], 2) with fields=2
Generating Rebox_Data_List_Lazy_3363075976_138441832 for srcT=Struct(Data_Data_Tuple_Tuple, Data_Tuple.Tuple, Constructor_Data_Tuple_Tuple[int64, int64], 2), destT=Struct(Data_Data_Tuple_Tuple, Data_Tuple.Tuple, Constructor_Data_Tuple_Tuple[gopurs_runtime.Value, gopurs_runtime.Value], 2) with fields=2
Generating Rebox_Data_Map_Gen_1022383170_1680800814 for srcT=Struct(Data_Data_Foldable_Foldable, Data_Foldable.Foldable, Constructor_Data_Foldable_Foldable[*Constructor_Data_List_Types_Cons[gopurs_runtime.Value]], 1), destT=Struct(Data_Data_Foldable_Foldable, Data_Foldable.Foldable, Constructor_Data_Foldable_Foldable[gopurs_runtime.Value], 1) with fields=0
Generating Rebox_Data_Map_Gen_1680800814_1022383170 for srcT=Struct(Data_Data_Foldable_Foldable, Data_Foldable.Foldable, Constructor_Data_Foldable_Foldable[gopurs_runtime.Value], 1), destT=Struct(Data_Data_Foldable_Foldable, Data_Foldable.Foldable, Constructor_Data_Foldable_Foldable[*Constructor_Data_List_Types_Cons[gopurs_runtime.Value]], 1) with fields=0
Generating Rebox_Data_Map_Gen_132451362_2738507278 for srcT=Struct(Data_Data_Unfoldable_Unfoldable, Data_Unfoldable.Unfoldable, Constructor_Data_Unfoldable_Unfoldable[*Constructor_Data_List_Types_Cons[gopurs_runtime.Value]], 1), destT=Struct(Data_Data_Unfoldable_Unfoldable, Data_Unfoldable.Unfoldable, Constructor_Data_Unfoldable_Unfoldable[gopurs_runtime.Value], 1) with fields=0
Generating Rebox_Data_Map_Gen_2738507278_132451362 for srcT=Struct(Data_Data_Unfoldable_Unfoldable, Data_Unfoldable.Unfoldable, Constructor_Data_Unfoldable_Unfoldable[gopurs_runtime.Value], 1), destT=Struct(Data_Data_Unfoldable_Unfoldable, Data_Unfoldable.Unfoldable, Constructor_Data_Unfoldable_Unfoldable[*Constructor_Data_List_Types_Cons[gopurs_runtime.Value]], 1) with fields=0
Generating Rebox_Data_Monoid_Generic_2471368446_4174781905 for srcT=Struct(Data_Data_Monoid_Generic_GenericMonoid, Data_Monoid_Generic.GenericMonoid, Constructor_Data_Monoid_Generic_GenericMonoid[*Constructor_Data_Generic_Rep_Product[gopurs_runtime.Value, gopurs_runtime.Value]], 1), destT=Struct(Data_Data_Monoid_Generic_GenericMonoid, Data_Monoid_Generic.GenericMonoid, Constructor_Data_Monoid_Generic_GenericMonoid[gopurs_runtime.Value], 1) with fields=0
Generating Rebox_Data_Monoid_Generic_4174781905_2471368446 for srcT=Struct(Data_Data_Monoid_Generic_GenericMonoid, Data_Monoid_Generic.GenericMonoid, Constructor_Data_Monoid_Generic_GenericMonoid[gopurs_runtime.Value], 1), destT=Struct(Data_Data_Monoid_Generic_GenericMonoid, Data_Monoid_Generic.GenericMonoid, Constructor_Data_Monoid_Generic_GenericMonoid[*Constructor_Data_Generic_Rep_Product[gopurs_runtime.Value, gopurs_runtime.Value]], 1) with fields=0
Generating Rebox_Data_Monoid_Generic_4174781905_3734302396 for srcT=Struct(Data_Data_Monoid_Generic_GenericMonoid, Data_Monoid_Generic.GenericMonoid, Constructor_Data_Monoid_Generic_GenericMonoid[gopurs_runtime.Value], 1), destT=Struct(Data_Data_Monoid_Generic_GenericMonoid, Data_Monoid_Generic.GenericMonoid, Constructor_Data_Monoid_Generic_GenericMonoid[uint32], 1) with fields=0
Generating Rebox_Data_Monoid_Generic_3734302396_4174781905 for srcT=Struct(Data_Data_Monoid_Generic_GenericMonoid, Data_Monoid_Generic.GenericMonoid, Constructor_Data_Monoid_Generic_GenericMonoid[uint32], 1), destT=Struct(Data_Data_Monoid_Generic_GenericMonoid, Data_Monoid_Generic.GenericMonoid, Constructor_Data_Monoid_Generic_GenericMonoid[gopurs_runtime.Value], 1) with fields=0
Generating Rebox_Data_Ord_Generic_2274670046_3050046641 for srcT=Struct(Data_Data_Ord_Generic_GenericOrd, Data_Ord_Generic.GenericOrd, Constructor_Data_Ord_Generic_GenericOrd[*Constructor_Data_Generic_Rep_Product[gopurs_runtime.Value, gopurs_runtime.Value]], 1), destT=Struct(Data_Data_Ord_Generic_GenericOrd, Data_Ord_Generic.GenericOrd, Constructor_Data_Ord_Generic_GenericOrd[gopurs_runtime.Value], 1) with fields=0
Generating Rebox_Data_Ord_Generic_3050046641_2274670046 for srcT=Struct(Data_Data_Ord_Generic_GenericOrd, Data_Ord_Generic.GenericOrd, Constructor_Data_Ord_Generic_GenericOrd[gopurs_runtime.Value], 1), destT=Struct(Data_Data_Ord_Generic_GenericOrd, Data_Ord_Generic.GenericOrd, Constructor_Data_Ord_Generic_GenericOrd[*Constructor_Data_Generic_Rep_Product[gopurs_runtime.Value, gopurs_runtime.Value]], 1) with fields=0
Generating Rebox_Data_Ord_Generic_3050046641_2756679068 for srcT=Struct(Data_Data_Ord_Generic_GenericOrd, Data_Ord_Generic.GenericOrd, Constructor_Data_Ord_Generic_GenericOrd[gopurs_runtime.Value], 1), destT=Struct(Data_Data_Ord_Generic_GenericOrd, Data_Ord_Generic.GenericOrd, Constructor_Data_Ord_Generic_GenericOrd[uint32], 1) with fields=0
Generating Rebox_Data_Ord_Generic_2756679068_3050046641 for srcT=Struct(Data_Data_Ord_Generic_GenericOrd, Data_Ord_Generic.GenericOrd, Constructor_Data_Ord_Generic_GenericOrd[uint32], 1), destT=Struct(Data_Data_Ord_Generic_GenericOrd, Data_Ord_Generic.GenericOrd, Constructor_Data_Ord_Generic_GenericOrd[gopurs_runtime.Value], 1) with fields=0
Generating Rebox_Data_Ring_Generic_2426474238_3123454929 for srcT=Struct(Data_Data_Ring_Generic_GenericRing, Data_Ring_Generic.GenericRing, Constructor_Data_Ring_Generic_GenericRing[*Constructor_Data_Generic_Rep_Product[gopurs_runtime.Value, gopurs_runtime.Value]], 1), destT=Struct(Data_Data_Ring_Generic_GenericRing, Data_Ring_Generic.GenericRing, Constructor_Data_Ring_Generic_GenericRing[gopurs_runtime.Value], 1) with fields=0
Generating Rebox_Data_Ring_Generic_3123454929_2426474238 for srcT=Struct(Data_Data_Ring_Generic_GenericRing, Data_Ring_Generic.GenericRing, Constructor_Data_Ring_Generic_GenericRing[gopurs_runtime.Value], 1), destT=Struct(Data_Data_Ring_Generic_GenericRing, Data_Ring_Generic.GenericRing, Constructor_Data_Ring_Generic_GenericRing[*Constructor_Data_Generic_Rep_Product[gopurs_runtime.Value, gopurs_runtime.Value]], 1) with fields=0
Generating Rebox_Data_Ring_Generic_3123454929_1088399036 for srcT=Struct(Data_Data_Ring_Generic_GenericRing, Data_Ring_Generic.GenericRing, Constructor_Data_Ring_Generic_GenericRing[gopurs_runtime.Value], 1), destT=Struct(Data_Data_Ring_Generic_GenericRing, Data_Ring_Generic.GenericRing, Constructor_Data_Ring_Generic_GenericRing[uint32], 1) with fields=0
Generating Rebox_Data_Ring_Generic_1088399036_3123454929 for srcT=Struct(Data_Data_Ring_Generic_GenericRing, Data_Ring_Generic.GenericRing, Constructor_Data_Ring_Generic_GenericRing[uint32], 1), destT=Struct(Data_Data_Ring_Generic_GenericRing, Data_Ring_Generic.GenericRing, Constructor_Data_Ring_Generic_GenericRing[gopurs_runtime.Value], 1) with fields=0
Generating Rebox_Data_Semigroup_Generic_1469292894_4024707121 for srcT=Struct(Data_Data_Semigroup_Generic_GenericSemigroup, Data_Semigroup_Generic.GenericSemigroup, Constructor_Data_Semigroup_Generic_GenericSemigroup[*Constructor_Data_Generic_Rep_Product[gopurs_runtime.Value, gopurs_runtime.Value]], 1), destT=Struct(Data_Data_Semigroup_Generic_GenericSemigroup, Data_Semigroup_Generic.GenericSemigroup, Constructor_Data_Semigroup_Generic_GenericSemigroup[gopurs_runtime.Value], 1) with fields=0
Generating Rebox_Data_Semigroup_Generic_4024707121_1469292894 for srcT=Struct(Data_Data_Semigroup_Generic_GenericSemigroup, Data_Semigroup_Generic.GenericSemigroup, Constructor_Data_Semigroup_Generic_GenericSemigroup[gopurs_runtime.Value], 1), destT=Struct(Data_Data_Semigroup_Generic_GenericSemigroup, Data_Semigroup_Generic.GenericSemigroup, Constructor_Data_Semigroup_Generic_GenericSemigroup[*Constructor_Data_Generic_Rep_Product[gopurs_runtime.Value, gopurs_runtime.Value]], 1) with fields=0
Generating Rebox_Data_Semigroup_Generic_4024707121_2647176220 for srcT=Struct(Data_Data_Semigroup_Generic_GenericSemigroup, Data_Semigroup_Generic.GenericSemigroup, Constructor_Data_Semigroup_Generic_GenericSemigroup[gopurs_runtime.Value], 1), destT=Struct(Data_Data_Semigroup_Generic_GenericSemigroup, Data_Semigroup_Generic.GenericSemigroup, Constructor_Data_Semigroup_Generic_GenericSemigroup[uint32], 1) with fields=0
Generating Rebox_Data_Semigroup_Generic_2647176220_4024707121 for srcT=Struct(Data_Data_Semigroup_Generic_GenericSemigroup, Data_Semigroup_Generic.GenericSemigroup, Constructor_Data_Semigroup_Generic_GenericSemigroup[uint32], 1), destT=Struct(Data_Data_Semigroup_Generic_GenericSemigroup, Data_Semigroup_Generic.GenericSemigroup, Constructor_Data_Semigroup_Generic_GenericSemigroup[gopurs_runtime.Value], 1) with fields=0
Generating Rebox_Data_Semiring_Generic_180684798_1889332433 for srcT=Struct(Data_Data_Semiring_Generic_GenericSemiring, Data_Semiring_Generic.GenericSemiring, Constructor_Data_Semiring_Generic_GenericSemiring[*Constructor_Data_Generic_Rep_Product[gopurs_runtime.Value, gopurs_runtime.Value]], 1), destT=Struct(Data_Data_Semiring_Generic_GenericSemiring, Data_Semiring_Generic.GenericSemiring, Constructor_Data_Semiring_Generic_GenericSemiring[gopurs_runtime.Value], 1) with fields=0
Generating Rebox_Data_Semiring_Generic_1889332433_180684798 for srcT=Struct(Data_Data_Semiring_Generic_GenericSemiring, Data_Semiring_Generic.GenericSemiring, Constructor_Data_Semiring_Generic_GenericSemiring[gopurs_runtime.Value], 1), destT=Struct(Data_Data_Semiring_Generic_GenericSemiring, Data_Semiring_Generic.GenericSemiring, Constructor_Data_Semiring_Generic_GenericSemiring[*Constructor_Data_Generic_Rep_Product[gopurs_runtime.Value, gopurs_runtime.Value]], 1) with fields=0
Generating Rebox_Data_Semiring_Generic_1889332433_2984329148 for srcT=Struct(Data_Data_Semiring_Generic_GenericSemiring, Data_Semiring_Generic.GenericSemiring, Constructor_Data_Semiring_Generic_GenericSemiring[gopurs_runtime.Value], 1), destT=Struct(Data_Data_Semiring_Generic_GenericSemiring, Data_Semiring_Generic.GenericSemiring, Constructor_Data_Semiring_Generic_GenericSemiring[uint32], 1) with fields=0
Generating Rebox_Data_Semiring_Generic_2984329148_1889332433 for srcT=Struct(Data_Data_Semiring_Generic_GenericSemiring, Data_Semiring_Generic.GenericSemiring, Constructor_Data_Semiring_Generic_GenericSemiring[uint32], 1), destT=Struct(Data_Data_Semiring_Generic_GenericSemiring, Data_Semiring_Generic.GenericSemiring, Constructor_Data_Semiring_Generic_GenericSemiring[gopurs_runtime.Value], 1) with fields=0
Generating Rebox_Data_Set_NonEmpty_1444241223_3790796878 for srcT=Struct(Data_Data_Eq_Eq, Data_Eq.Eq, Constructor_Data_Eq_Eq[*Constructor_Data_Map_Internal_Node[gopurs_runtime.Value, gopurs_runtime.Value]], 1), destT=Struct(Data_Data_Eq_Eq, Data_Eq.Eq, Constructor_Data_Eq_Eq[gopurs_runtime.Value], 1) with fields=0
Generating Rebox_Data_Set_NonEmpty_3790796878_1444241223 for srcT=Struct(Data_Data_Eq_Eq, Data_Eq.Eq, Constructor_Data_Eq_Eq[gopurs_runtime.Value], 1), destT=Struct(Data_Data_Eq_Eq, Data_Eq.Eq, Constructor_Data_Eq_Eq[*Constructor_Data_Map_Internal_Node[gopurs_runtime.Value, gopurs_runtime.Value]], 1) with fields=0
Generating Rebox_Data_Set_NonEmpty_3691144502_1766074591 for srcT=Struct(Data_Data_Eq_Eq1, Data_Eq.Eq1, Constructor_Data_Eq_Eq1[*Constructor_Data_Map_Internal_Node[gopurs_runtime.Value, gopurs_runtime.Value]], 1), destT=Struct(Data_Data_Eq_Eq1, Data_Eq.Eq1, Constructor_Data_Eq_Eq1[gopurs_runtime.Value], 1) with fields=0
Generating Rebox_Data_Set_NonEmpty_1766074591_3691144502 for srcT=Struct(Data_Data_Eq_Eq1, Data_Eq.Eq1, Constructor_Data_Eq_Eq1[gopurs_runtime.Value], 1), destT=Struct(Data_Data_Eq_Eq1, Data_Eq.Eq1, Constructor_Data_Eq_Eq1[*Constructor_Data_Map_Internal_Node[gopurs_runtime.Value, gopurs_runtime.Value]], 1) with fields=0
Generating Rebox_Data_Set_NonEmpty_3596835815_1680800814 for srcT=Struct(Data_Data_Foldable_Foldable, Data_Foldable.Foldable, Constructor_Data_Foldable_Foldable[*Constructor_Data_Map_Internal_Node[gopurs_runtime.Value, gopurs_runtime.Value]], 1), destT=Struct(Data_Data_Foldable_Foldable, Data_Foldable.Foldable, Constructor_Data_Foldable_Foldable[gopurs_runtime.Value], 1) with fields=0
Generating Rebox_Data_Set_NonEmpty_1680800814_3596835815 for srcT=Struct(Data_Data_Foldable_Foldable, Data_Foldable.Foldable, Constructor_Data_Foldable_Foldable[gopurs_runtime.Value], 1), destT=Struct(Data_Data_Foldable_Foldable, Data_Foldable.Foldable, Constructor_Data_Foldable_Foldable[*Constructor_Data_Map_Internal_Node[gopurs_runtime.Value, gopurs_runtime.Value]], 1) with fields=0
Generating Rebox_Data_Set_NonEmpty_2503784013_3094389156 for srcT=Struct(Data_Data_Maybe_Just, Data_Maybe.Just, Constructor_Data_Maybe_Just[*Constructor_Data_Map_Internal_Node[gopurs_runtime.Value, gopurs_runtime.Value]], 1), destT=Struct(Data_Data_Maybe_Just, Data_Maybe.Just, Constructor_Data_Maybe_Just[gopurs_runtime.Value], 1) with fields=1
Generating Rebox_Data_Set_NonEmpty_4010058633_3094389156 for srcT=Struct(Data_Data_Maybe_Just, Data_Maybe.Just, Constructor_Data_Maybe_Just[*Constructor_Data_Tuple_Tuple[gopurs_runtime.Value, gopurs_runtime.Value]], 1), destT=Struct(Data_Data_Maybe_Just, Data_Maybe.Just, Constructor_Data_Maybe_Just[gopurs_runtime.Value], 1) with fields=1
Generating Rebox_Data_Set_NonEmpty_1910448679_4177771502 for srcT=Struct(Data_Data_Ord_Ord, Data_Ord.Ord, Constructor_Data_Ord_Ord[*Constructor_Data_Map_Internal_Node[gopurs_runtime.Value, gopurs_runtime.Value]], 1), destT=Struct(Data_Data_Ord_Ord, Data_Ord.Ord, Constructor_Data_Ord_Ord[gopurs_runtime.Value], 1) with fields=0
Generating Rebox_Data_Set_NonEmpty_4177771502_1910448679 for srcT=Struct(Data_Data_Ord_Ord, Data_Ord.Ord, Constructor_Data_Ord_Ord[gopurs_runtime.Value], 1), destT=Struct(Data_Data_Ord_Ord, Data_Ord.Ord, Constructor_Data_Ord_Ord[*Constructor_Data_Map_Internal_Node[gopurs_runtime.Value, gopurs_runtime.Value]], 1) with fields=0
Generating Rebox_Data_Set_NonEmpty_849406934_3985601471 for srcT=Struct(Data_Data_Ord_Ord1, Data_Ord.Ord1, Constructor_Data_Ord_Ord1[*Constructor_Data_Map_Internal_Node[gopurs_runtime.Value, gopurs_runtime.Value]], 1), destT=Struct(Data_Data_Ord_Ord1, Data_Ord.Ord1, Constructor_Data_Ord_Ord1[gopurs_runtime.Value], 1) with fields=0
Generating Rebox_Data_Set_NonEmpty_3985601471_849406934 for srcT=Struct(Data_Data_Ord_Ord1, Data_Ord.Ord1, Constructor_Data_Ord_Ord1[gopurs_runtime.Value], 1), destT=Struct(Data_Data_Ord_Ord1, Data_Ord.Ord1, Constructor_Data_Ord_Ord1[*Constructor_Data_Map_Internal_Node[gopurs_runtime.Value, gopurs_runtime.Value]], 1) with fields=0
Generating Rebox_Data_Set_NonEmpty_68075396_4151366573 for srcT=Struct(Data_Data_Semigroup_Foldable_Foldable1, Data_Semigroup_Foldable.Foldable1, Constructor_Data_Semigroup_Foldable_Foldable1[*Constructor_Data_Map_Internal_Node[gopurs_runtime.Value, gopurs_runtime.Value]], 1), destT=Struct(Data_Data_Semigroup_Foldable_Foldable1, Data_Semigroup_Foldable.Foldable1, Constructor_Data_Semigroup_Foldable_Foldable1[gopurs_runtime.Value], 1) with fields=0
Generating Rebox_Data_Set_NonEmpty_3368202604_4151366573 for srcT=Struct(Data_Data_Semigroup_Foldable_Foldable1, Data_Semigroup_Foldable.Foldable1, Constructor_Data_Semigroup_Foldable_Foldable1[*Constructor_Data_NonEmpty_NonEmpty[*Constructor_Data_List_Types_Cons[gopurs_runtime.Value], gopurs_runtime.Value]], 1), destT=Struct(Data_Data_Semigroup_Foldable_Foldable1, Data_Semigroup_Foldable.Foldable1, Constructor_Data_Semigroup_Foldable_Foldable1[gopurs_runtime.Value], 1) with fields=0
Generating Rebox_Data_Set_NonEmpty_4151366573_68075396 for srcT=Struct(Data_Data_Semigroup_Foldable_Foldable1, Data_Semigroup_Foldable.Foldable1, Constructor_Data_Semigroup_Foldable_Foldable1[gopurs_runtime.Value], 1), destT=Struct(Data_Data_Semigroup_Foldable_Foldable1, Data_Semigroup_Foldable.Foldable1, Constructor_Data_Semigroup_Foldable_Foldable1[*Constructor_Data_Map_Internal_Node[gopurs_runtime.Value, gopurs_runtime.Value]], 1) with fields=0
Generating Rebox_Data_Set_NonEmpty_4151366573_3368202604 for srcT=Struct(Data_Data_Semigroup_Foldable_Foldable1, Data_Semigroup_Foldable.Foldable1, Constructor_Data_Semigroup_Foldable_Foldable1[gopurs_runtime.Value], 1), destT=Struct(Data_Data_Semigroup_Foldable_Foldable1, Data_Semigroup_Foldable.Foldable1, Constructor_Data_Semigroup_Foldable_Foldable1[*Constructor_Data_NonEmpty_NonEmpty[*Constructor_Data_List_Types_Cons[gopurs_runtime.Value], gopurs_runtime.Value]], 1) with fields=0
Generating Rebox_Data_Set_NonEmpty_3854229351_4179793454 for srcT=Struct(Data_Data_Semigroup_Semigroup, Data_Semigroup.Semigroup, Constructor_Data_Semigroup_Semigroup[*Constructor_Data_Map_Internal_Node[gopurs_runtime.Value, gopurs_runtime.Value]], 1), destT=Struct(Data_Data_Semigroup_Semigroup, Data_Semigroup.Semigroup, Constructor_Data_Semigroup_Semigroup[gopurs_runtime.Value], 1) with fields=0
Generating Rebox_Data_Set_NonEmpty_4179793454_3854229351 for srcT=Struct(Data_Data_Semigroup_Semigroup, Data_Semigroup.Semigroup, Constructor_Data_Semigroup_Semigroup[gopurs_runtime.Value], 1), destT=Struct(Data_Data_Semigroup_Semigroup, Data_Semigroup.Semigroup, Constructor_Data_Semigroup_Semigroup[*Constructor_Data_Map_Internal_Node[gopurs_runtime.Value, gopurs_runtime.Value]], 1) with fields=0
Generating Rebox_Data_Set_NonEmpty_2638796135_1386611502 for srcT=Struct(Data_Data_Show_Show, Data_Show.Show, Constructor_Data_Show_Show[*Constructor_Data_Map_Internal_Node[gopurs_runtime.Value, gopurs_runtime.Value]], 1), destT=Struct(Data_Data_Show_Show, Data_Show.Show, Constructor_Data_Show_Show[gopurs_runtime.Value], 1) with fields=0
Generating Rebox_Data_Set_NonEmpty_1356436936_1386611502 for srcT=Struct(Data_Data_Show_Show, Data_Show.Show, Constructor_Data_Show_Show[[]gopurs_runtime.Value], 1), destT=Struct(Data_Data_Show_Show, Data_Show.Show, Constructor_Data_Show_Show[gopurs_runtime.Value], 1) with fields=0
Generating Rebox_Data_Set_NonEmpty_1386611502_2638796135 for srcT=Struct(Data_Data_Show_Show, Data_Show.Show, Constructor_Data_Show_Show[gopurs_runtime.Value], 1), destT=Struct(Data_Data_Show_Show, Data_Show.Show, Constructor_Data_Show_Show[*Constructor_Data_Map_Internal_Node[gopurs_runtime.Value, gopurs_runtime.Value]], 1) with fields=0
Generating Rebox_Data_Set_NonEmpty_1386611502_1356436936 for srcT=Struct(Data_Data_Show_Show, Data_Show.Show, Constructor_Data_Show_Show[gopurs_runtime.Value], 1), destT=Struct(Data_Data_Show_Show, Data_Show.Show, Constructor_Data_Show_Show[[]gopurs_runtime.Value], 1) with fields=0
Generating Rebox_Data_Set_NonEmpty_2351501316_138441832 for srcT=Struct(Data_Data_Tuple_Tuple, Data_Tuple.Tuple, Constructor_Data_Tuple_Tuple[gopurs_runtime.Value, *Constructor_Data_List_Types_Cons[gopurs_runtime.Value]], 2), destT=Struct(Data_Data_Tuple_Tuple, Data_Tuple.Tuple, Constructor_Data_Tuple_Tuple[gopurs_runtime.Value, gopurs_runtime.Value], 2) with fields=2
Generating Rebox_Data_Set_NonEmpty_2435023311_2187088110 for srcT=Struct(Data_Data_Unfoldable1_Unfoldable1, Data_Unfoldable1.Unfoldable1, Constructor_Data_Unfoldable1_Unfoldable1[*Constructor_Data_NonEmpty_NonEmpty[*Constructor_Data_List_Types_Cons[gopurs_runtime.Value], gopurs_runtime.Value]], 1), destT=Struct(Data_Data_Unfoldable1_Unfoldable1, Data_Unfoldable1.Unfoldable1, Constructor_Data_Unfoldable1_Unfoldable1[gopurs_runtime.Value], 1) with fields=0
Generating Rebox_Data_Set_NonEmpty_2187088110_2435023311 for srcT=Struct(Data_Data_Unfoldable1_Unfoldable1, Data_Unfoldable1.Unfoldable1, Constructor_Data_Unfoldable1_Unfoldable1[gopurs_runtime.Value], 1), destT=Struct(Data_Data_Unfoldable1_Unfoldable1, Data_Unfoldable1.Unfoldable1, Constructor_Data_Unfoldable1_Unfoldable1[*Constructor_Data_NonEmpty_NonEmpty[*Constructor_Data_List_Types_Cons[gopurs_runtime.Value], gopurs_runtime.Value]], 1) with fields=0
Generating Rebox_Data_Show_Generic_1502409561_242610358 for srcT=Struct(Data_Data_Show_Generic_GenericShowArgs, Data_Show_Generic.GenericShowArgs, Constructor_Data_Show_Generic_GenericShowArgs[*Constructor_Data_Generic_Rep_Product[gopurs_runtime.Value, gopurs_runtime.Value]], 1), destT=Struct(Data_Data_Show_Generic_GenericShowArgs, Data_Show_Generic.GenericShowArgs, Constructor_Data_Show_Generic_GenericShowArgs[gopurs_runtime.Value], 1) with fields=0
Generating Rebox_Data_Show_Generic_242610358_1502409561 for srcT=Struct(Data_Data_Show_Generic_GenericShowArgs, Data_Show_Generic.GenericShowArgs, Constructor_Data_Show_Generic_GenericShowArgs[gopurs_runtime.Value], 1), destT=Struct(Data_Data_Show_Generic_GenericShowArgs, Data_Show_Generic.GenericShowArgs, Constructor_Data_Show_Generic_GenericShowArgs[*Constructor_Data_Generic_Rep_Product[gopurs_runtime.Value, gopurs_runtime.Value]], 1) with fields=0
Generating Rebox_Data_Show_Generic_242610358_127695515 for srcT=Struct(Data_Data_Show_Generic_GenericShowArgs, Data_Show_Generic.GenericShowArgs, Constructor_Data_Show_Generic_GenericShowArgs[gopurs_runtime.Value], 1), destT=Struct(Data_Data_Show_Generic_GenericShowArgs, Data_Show_Generic.GenericShowArgs, Constructor_Data_Show_Generic_GenericShowArgs[uint32], 1) with fields=0
Generating Rebox_Data_Show_Generic_127695515_242610358 for srcT=Struct(Data_Data_Show_Generic_GenericShowArgs, Data_Show_Generic.GenericShowArgs, Constructor_Data_Show_Generic_GenericShowArgs[uint32], 1), destT=Struct(Data_Data_Show_Generic_GenericShowArgs, Data_Show_Generic.GenericShowArgs, Constructor_Data_Show_Generic_GenericShowArgs[gopurs_runtime.Value], 1) with fields=0
Generating Rebox_Data_String_Pattern_3790796878_1140313009 for srcT=Struct(Data_Data_Eq_Eq, Data_Eq.Eq, Constructor_Data_Eq_Eq[gopurs_runtime.Value], 1), destT=Struct(Data_Data_Eq_Eq, Data_Eq.Eq, Constructor_Data_Eq_Eq[string], 1) with fields=0
Generating Rebox_Data_String_Pattern_1140313009_3790796878 for srcT=Struct(Data_Data_Eq_Eq, Data_Eq.Eq, Constructor_Data_Eq_Eq[string], 1), destT=Struct(Data_Data_Eq_Eq, Data_Eq.Eq, Constructor_Data_Eq_Eq[gopurs_runtime.Value], 1) with fields=0
Generating Rebox_Data_String_Pattern_385277032_2199435624 for srcT=Struct(Data_Data_Newtype_Newtype, Data_Newtype.Newtype, Constructor_Data_Newtype_Newtype[gopurs_runtime.Value, gopurs_runtime.Value], 2), destT=Struct(Data_Data_Newtype_Newtype, Data_Newtype.Newtype, Constructor_Data_Newtype_Newtype[string, string], 2) with fields=0
Generating Rebox_Data_String_Pattern_2199435624_385277032 for srcT=Struct(Data_Data_Newtype_Newtype, Data_Newtype.Newtype, Constructor_Data_Newtype_Newtype[string, string], 2), destT=Struct(Data_Data_Newtype_Newtype, Data_Newtype.Newtype, Constructor_Data_Newtype_Newtype[gopurs_runtime.Value, gopurs_runtime.Value], 2) with fields=0
Generating Rebox_Data_String_Pattern_4177771502_2406510097 for srcT=Struct(Data_Data_Ord_Ord, Data_Ord.Ord, Constructor_Data_Ord_Ord[gopurs_runtime.Value], 1), destT=Struct(Data_Data_Ord_Ord, Data_Ord.Ord, Constructor_Data_Ord_Ord[string], 1) with fields=0
Generating Rebox_Data_String_Pattern_2406510097_4177771502 for srcT=Struct(Data_Data_Ord_Ord, Data_Ord.Ord, Constructor_Data_Ord_Ord[string], 1), destT=Struct(Data_Data_Ord_Ord, Data_Ord.Ord, Constructor_Data_Ord_Ord[gopurs_runtime.Value], 1) with fields=0
Generating Rebox_Data_String_Pattern_1386611502_1514099793 for srcT=Struct(Data_Data_Show_Show, Data_Show.Show, Constructor_Data_Show_Show[gopurs_runtime.Value], 1), destT=Struct(Data_Data_Show_Show, Data_Show.Show, Constructor_Data_Show_Show[string], 1) with fields=0
Generating Rebox_Data_String_Pattern_1514099793_1386611502 for srcT=Struct(Data_Data_Show_Show, Data_Show.Show, Constructor_Data_Show_Show[string], 1), destT=Struct(Data_Data_Show_Show, Data_Show.Show, Constructor_Data_Show_Show[gopurs_runtime.Value], 1) with fields=0
Generating Rebox_Data_String_CodeUnits_742090555_3094389156 for srcT=Struct(Data_Data_Maybe_Just, Data_Maybe.Just, Constructor_Data_Maybe_Just[string], 1), destT=Struct(Data_Data_Maybe_Just, Data_Maybe.Just, Constructor_Data_Maybe_Just[gopurs_runtime.Value], 1) with fields=1
Generating Rebox_Data_String_CodePoints_2094947566_3764732725 for srcT=Struct(Data_Data_Bounded_Bounded, Data_Bounded.Bounded, Constructor_Data_Bounded_Bounded[gopurs_runtime.Value], 1), destT=Struct(Data_Data_Bounded_Bounded, Data_Bounded.Bounded, Constructor_Data_Bounded_Bounded[int64], 1) with fields=0
Generating Rebox_Data_String_CodePoints_3764732725_2094947566 for srcT=Struct(Data_Data_Bounded_Bounded, Data_Bounded.Bounded, Constructor_Data_Bounded_Bounded[int64], 1), destT=Struct(Data_Data_Bounded_Bounded, Data_Bounded.Bounded, Constructor_Data_Bounded_Bounded[gopurs_runtime.Value], 1) with fields=0
Generating Rebox_Data_String_CodePoints_123048125_1306125126 for srcT=Struct(Data_Data_Enum_BoundedEnum, Data_Enum.BoundedEnum, Constructor_Data_Enum_BoundedEnum[gopurs_runtime.Value], 1), destT=Struct(Data_Data_Enum_BoundedEnum, Data_Enum.BoundedEnum, Constructor_Data_Enum_BoundedEnum[int64], 1) with fields=0
Generating Rebox_Data_String_CodePoints_1306125126_123048125 for srcT=Struct(Data_Data_Enum_BoundedEnum, Data_Enum.BoundedEnum, Constructor_Data_Enum_BoundedEnum[int64], 1), destT=Struct(Data_Data_Enum_BoundedEnum, Data_Enum.BoundedEnum, Constructor_Data_Enum_BoundedEnum[gopurs_runtime.Value], 1) with fields=0
Generating Rebox_Data_String_CodePoints_556578094_4060049525 for srcT=Struct(Data_Data_Enum_Enum, Data_Enum.Enum, Constructor_Data_Enum_Enum[gopurs_runtime.Value], 1), destT=Struct(Data_Data_Enum_Enum, Data_Enum.Enum, Constructor_Data_Enum_Enum[int64], 1) with fields=0
Generating Rebox_Data_String_CodePoints_4060049525_556578094 for srcT=Struct(Data_Data_Enum_Enum, Data_Enum.Enum, Constructor_Data_Enum_Enum[int64], 1), destT=Struct(Data_Data_Enum_Enum, Data_Enum.Enum, Constructor_Data_Enum_Enum[gopurs_runtime.Value], 1) with fields=0
Generating Rebox_Data_String_CodePoints_3790796878_1053099733 for srcT=Struct(Data_Data_Eq_Eq, Data_Eq.Eq, Constructor_Data_Eq_Eq[gopurs_runtime.Value], 1), destT=Struct(Data_Data_Eq_Eq, Data_Eq.Eq, Constructor_Data_Eq_Eq[int64], 1) with fields=0
Generating Rebox_Data_String_CodePoints_1053099733_3790796878 for srcT=Struct(Data_Data_Eq_Eq, Data_Eq.Eq, Constructor_Data_Eq_Eq[int64], 1), destT=Struct(Data_Data_Eq_Eq, Data_Eq.Eq, Constructor_Data_Eq_Eq[gopurs_runtime.Value], 1) with fields=0
Generating Rebox_Data_String_CodePoints_639395693_3094389156 for srcT=Struct(Data_Data_Maybe_Just, Data_Maybe.Just, Constructor_Data_Maybe_Just[*Constructor_Data_Tuple_Tuple[int64, string]], 1), destT=Struct(Data_Data_Maybe_Just, Data_Maybe.Just, Constructor_Data_Maybe_Just[gopurs_runtime.Value], 1) with fields=1
Generating Rebox_Data_String_CodePoints_3094389156_639395693 for srcT=Struct(Data_Data_Maybe_Just, Data_Maybe.Just, Constructor_Data_Maybe_Just[gopurs_runtime.Value], 1), destT=Struct(Data_Data_Maybe_Just, Data_Maybe.Just, Constructor_Data_Maybe_Just[*Constructor_Data_Tuple_Tuple[int64, string]], 1) with fields=1
Generating Rebox_Data_String_CodePoints_3094389156_1170268447 for srcT=Struct(Data_Data_Maybe_Just, Data_Maybe.Just, Constructor_Data_Maybe_Just[gopurs_runtime.Value], 1), destT=Struct(Data_Data_Maybe_Just, Data_Maybe.Just, Constructor_Data_Maybe_Just[int64], 1) with fields=1
Generating Rebox_Data_String_CodePoints_3094389156_742090555 for srcT=Struct(Data_Data_Maybe_Just, Data_Maybe.Just, Constructor_Data_Maybe_Just[gopurs_runtime.Value], 1), destT=Struct(Data_Data_Maybe_Just, Data_Maybe.Just, Constructor_Data_Maybe_Just[string], 1) with fields=1
Generating Rebox_Data_String_CodePoints_1170268447_3094389156 for srcT=Struct(Data_Data_Maybe_Just, Data_Maybe.Just, Constructor_Data_Maybe_Just[int64], 1), destT=Struct(Data_Data_Maybe_Just, Data_Maybe.Just, Constructor_Data_Maybe_Just[gopurs_runtime.Value], 1) with fields=1
Generating Rebox_Data_String_CodePoints_742090555_3094389156 for srcT=Struct(Data_Data_Maybe_Just, Data_Maybe.Just, Constructor_Data_Maybe_Just[string], 1), destT=Struct(Data_Data_Maybe_Just, Data_Maybe.Just, Constructor_Data_Maybe_Just[gopurs_runtime.Value], 1) with fields=1
Generating Rebox_Data_String_CodePoints_4177771502_3308271157 for srcT=Struct(Data_Data_Ord_Ord, Data_Ord.Ord, Constructor_Data_Ord_Ord[gopurs_runtime.Value], 1), destT=Struct(Data_Data_Ord_Ord, Data_Ord.Ord, Constructor_Data_Ord_Ord[int64], 1) with fields=0
Generating Rebox_Data_String_CodePoints_3308271157_4177771502 for srcT=Struct(Data_Data_Ord_Ord, Data_Ord.Ord, Constructor_Data_Ord_Ord[int64], 1), destT=Struct(Data_Data_Ord_Ord, Data_Ord.Ord, Constructor_Data_Ord_Ord[gopurs_runtime.Value], 1) with fields=0
Generating Rebox_Data_String_CodePoints_1386611502_1636311157 for srcT=Struct(Data_Data_Show_Show, Data_Show.Show, Constructor_Data_Show_Show[gopurs_runtime.Value], 1), destT=Struct(Data_Data_Show_Show, Data_Show.Show, Constructor_Data_Show_Show[int64], 1) with fields=0
Generating Rebox_Data_String_CodePoints_1636311157_1386611502 for srcT=Struct(Data_Data_Show_Show, Data_Show.Show, Constructor_Data_Show_Show[int64], 1), destT=Struct(Data_Data_Show_Show, Data_Show.Show, Constructor_Data_Show_Show[gopurs_runtime.Value], 1) with fields=0
Generating Rebox_Data_String_CodePoints_2169642284_138441832 for srcT=Struct(Data_Data_Tuple_Tuple, Data_Tuple.Tuple, Constructor_Data_Tuple_Tuple[int64, string], 2), destT=Struct(Data_Data_Tuple_Tuple, Data_Tuple.Tuple, Constructor_Data_Tuple_Tuple[gopurs_runtime.Value, gopurs_runtime.Value], 2) with fields=2
Generating Rebox_Data_String_CodePoints_138441832_2169642284 for srcT=Struct(Data_Data_Tuple_Tuple, Data_Tuple.Tuple, Constructor_Data_Tuple_Tuple[gopurs_runtime.Value, gopurs_runtime.Value], 2), destT=Struct(Data_Data_Tuple_Tuple, Data_Tuple.Tuple, Constructor_Data_Tuple_Tuple[int64, string], 2) with fields=2
Generating Rebox_Data_String_CaseInsensitive_3790796878_1140313009 for srcT=Struct(Data_Data_Eq_Eq, Data_Eq.Eq, Constructor_Data_Eq_Eq[gopurs_runtime.Value], 1), destT=Struct(Data_Data_Eq_Eq, Data_Eq.Eq, Constructor_Data_Eq_Eq[string], 1) with fields=0
Generating Rebox_Data_String_CaseInsensitive_1140313009_3790796878 for srcT=Struct(Data_Data_Eq_Eq, Data_Eq.Eq, Constructor_Data_Eq_Eq[string], 1), destT=Struct(Data_Data_Eq_Eq, Data_Eq.Eq, Constructor_Data_Eq_Eq[gopurs_runtime.Value], 1) with fields=0
Generating Rebox_Data_String_CaseInsensitive_385277032_2199435624 for srcT=Struct(Data_Data_Newtype_Newtype, Data_Newtype.Newtype, Constructor_Data_Newtype_Newtype[gopurs_runtime.Value, gopurs_runtime.Value], 2), destT=Struct(Data_Data_Newtype_Newtype, Data_Newtype.Newtype, Constructor_Data_Newtype_Newtype[string, string], 2) with fields=0
Generating Rebox_Data_String_CaseInsensitive_2199435624_385277032 for srcT=Struct(Data_Data_Newtype_Newtype, Data_Newtype.Newtype, Constructor_Data_Newtype_Newtype[string, string], 2), destT=Struct(Data_Data_Newtype_Newtype, Data_Newtype.Newtype, Constructor_Data_Newtype_Newtype[gopurs_runtime.Value, gopurs_runtime.Value], 2) with fields=0
Generating Rebox_Data_String_CaseInsensitive_4177771502_2406510097 for srcT=Struct(Data_Data_Ord_Ord, Data_Ord.Ord, Constructor_Data_Ord_Ord[gopurs_runtime.Value], 1), destT=Struct(Data_Data_Ord_Ord, Data_Ord.Ord, Constructor_Data_Ord_Ord[string], 1) with fields=0
Generating Rebox_Data_String_CaseInsensitive_2406510097_4177771502 for srcT=Struct(Data_Data_Ord_Ord, Data_Ord.Ord, Constructor_Data_Ord_Ord[string], 1), destT=Struct(Data_Data_Ord_Ord, Data_Ord.Ord, Constructor_Data_Ord_Ord[gopurs_runtime.Value], 1) with fields=0
Generating Rebox_Data_String_CaseInsensitive_1386611502_1514099793 for srcT=Struct(Data_Data_Show_Show, Data_Show.Show, Constructor_Data_Show_Show[gopurs_runtime.Value], 1), destT=Struct(Data_Data_Show_Show, Data_Show.Show, Constructor_Data_Show_Show[string], 1) with fields=0
Generating Rebox_Data_String_CaseInsensitive_1514099793_1386611502 for srcT=Struct(Data_Data_Show_Show, Data_Show.Show, Constructor_Data_Show_Show[string], 1), destT=Struct(Data_Data_Show_Show, Data_Show.Show, Constructor_Data_Show_Show[gopurs_runtime.Value], 1) with fields=0
Generating Rebox_Data_String_NonEmpty_Internal_3790796878_1140313009 for srcT=Struct(Data_Data_Eq_Eq, Data_Eq.Eq, Constructor_Data_Eq_Eq[gopurs_runtime.Value], 1), destT=Struct(Data_Data_Eq_Eq, Data_Eq.Eq, Constructor_Data_Eq_Eq[string], 1) with fields=0
Generating Rebox_Data_String_NonEmpty_Internal_1140313009_3790796878 for srcT=Struct(Data_Data_Eq_Eq, Data_Eq.Eq, Constructor_Data_Eq_Eq[string], 1), destT=Struct(Data_Data_Eq_Eq, Data_Eq.Eq, Constructor_Data_Eq_Eq[gopurs_runtime.Value], 1) with fields=0
Generating Rebox_Data_String_NonEmpty_Internal_3094389156_742090555 for srcT=Struct(Data_Data_Maybe_Just, Data_Maybe.Just, Constructor_Data_Maybe_Just[gopurs_runtime.Value], 1), destT=Struct(Data_Data_Maybe_Just, Data_Maybe.Just, Constructor_Data_Maybe_Just[string], 1) with fields=1
Generating Rebox_Data_String_NonEmpty_Internal_742090555_3094389156 for srcT=Struct(Data_Data_Maybe_Just, Data_Maybe.Just, Constructor_Data_Maybe_Just[string], 1), destT=Struct(Data_Data_Maybe_Just, Data_Maybe.Just, Constructor_Data_Maybe_Just[gopurs_runtime.Value], 1) with fields=1
Generating Rebox_Data_String_NonEmpty_Internal_4177771502_2406510097 for srcT=Struct(Data_Data_Ord_Ord, Data_Ord.Ord, Constructor_Data_Ord_Ord[gopurs_runtime.Value], 1), destT=Struct(Data_Data_Ord_Ord, Data_Ord.Ord, Constructor_Data_Ord_Ord[string], 1) with fields=0
Generating Rebox_Data_String_NonEmpty_Internal_2406510097_4177771502 for srcT=Struct(Data_Data_Ord_Ord, Data_Ord.Ord, Constructor_Data_Ord_Ord[string], 1), destT=Struct(Data_Data_Ord_Ord, Data_Ord.Ord, Constructor_Data_Ord_Ord[gopurs_runtime.Value], 1) with fields=0
Generating Rebox_Data_String_NonEmpty_Internal_4179793454_443971153 for srcT=Struct(Data_Data_Semigroup_Semigroup, Data_Semigroup.Semigroup, Constructor_Data_Semigroup_Semigroup[gopurs_runtime.Value], 1), destT=Struct(Data_Data_Semigroup_Semigroup, Data_Semigroup.Semigroup, Constructor_Data_Semigroup_Semigroup[string], 1) with fields=0
Generating Rebox_Data_String_NonEmpty_Internal_443971153_4179793454 for srcT=Struct(Data_Data_Semigroup_Semigroup, Data_Semigroup.Semigroup, Constructor_Data_Semigroup_Semigroup[string], 1), destT=Struct(Data_Data_Semigroup_Semigroup, Data_Semigroup.Semigroup, Constructor_Data_Semigroup_Semigroup[gopurs_runtime.Value], 1) with fields=0
Generating Rebox_Data_String_NonEmpty_Internal_1386611502_1514099793 for srcT=Struct(Data_Data_Show_Show, Data_Show.Show, Constructor_Data_Show_Show[gopurs_runtime.Value], 1), destT=Struct(Data_Data_Show_Show, Data_Show.Show, Constructor_Data_Show_Show[string], 1) with fields=0
Generating Rebox_Data_String_NonEmpty_Internal_1514099793_1386611502 for srcT=Struct(Data_Data_Show_Show, Data_Show.Show, Constructor_Data_Show_Show[string], 1), destT=Struct(Data_Data_Show_Show, Data_Show.Show, Constructor_Data_Show_Show[gopurs_runtime.Value], 1) with fields=0
Generating Rebox_Data_String_NonEmpty_CodePoints_3094389156_1170268447 for srcT=Struct(Data_Data_Maybe_Just, Data_Maybe.Just, Constructor_Data_Maybe_Just[gopurs_runtime.Value], 1), destT=Struct(Data_Data_Maybe_Just, Data_Maybe.Just, Constructor_Data_Maybe_Just[int64], 1) with fields=1
Generating Rebox_Data_String_NonEmpty_CodePoints_1170268447_3094389156 for srcT=Struct(Data_Data_Maybe_Just, Data_Maybe.Just, Constructor_Data_Maybe_Just[int64], 1), destT=Struct(Data_Data_Maybe_Just, Data_Maybe.Just, Constructor_Data_Maybe_Just[gopurs_runtime.Value], 1) with fields=1
Generating Rebox_Data_String_NonEmpty_CodePoints_742090555_3094389156 for srcT=Struct(Data_Data_Maybe_Just, Data_Maybe.Just, Constructor_Data_Maybe_Just[string], 1), destT=Struct(Data_Data_Maybe_Just, Data_Maybe.Just, Constructor_Data_Maybe_Just[gopurs_runtime.Value], 1) with fields=1
Generating Rebox_Data_String_NonEmpty_CodePoints_4179793454_443971153 for srcT=Struct(Data_Data_Semigroup_Semigroup, Data_Semigroup.Semigroup, Constructor_Data_Semigroup_Semigroup[gopurs_runtime.Value], 1), destT=Struct(Data_Data_Semigroup_Semigroup, Data_Semigroup.Semigroup, Constructor_Data_Semigroup_Semigroup[string], 1) with fields=0
Generating Rebox_Data_String_NonEmpty_CodePoints_443971153_4179793454 for srcT=Struct(Data_Data_Semigroup_Semigroup, Data_Semigroup.Semigroup, Constructor_Data_Semigroup_Semigroup[string], 1), destT=Struct(Data_Data_Semigroup_Semigroup, Data_Semigroup.Semigroup, Constructor_Data_Semigroup_Semigroup[gopurs_runtime.Value], 1) with fields=0
Generating Rebox_Data_String_NonEmpty_CaseInsensitive_3790796878_1140313009 for srcT=Struct(Data_Data_Eq_Eq, Data_Eq.Eq, Constructor_Data_Eq_Eq[gopurs_runtime.Value], 1), destT=Struct(Data_Data_Eq_Eq, Data_Eq.Eq, Constructor_Data_Eq_Eq[string], 1) with fields=0
Generating Rebox_Data_String_NonEmpty_CaseInsensitive_1140313009_3790796878 for srcT=Struct(Data_Data_Eq_Eq, Data_Eq.Eq, Constructor_Data_Eq_Eq[string], 1), destT=Struct(Data_Data_Eq_Eq, Data_Eq.Eq, Constructor_Data_Eq_Eq[gopurs_runtime.Value], 1) with fields=0
Generating Rebox_Data_String_NonEmpty_CaseInsensitive_385277032_2199435624 for srcT=Struct(Data_Data_Newtype_Newtype, Data_Newtype.Newtype, Constructor_Data_Newtype_Newtype[gopurs_runtime.Value, gopurs_runtime.Value], 2), destT=Struct(Data_Data_Newtype_Newtype, Data_Newtype.Newtype, Constructor_Data_Newtype_Newtype[string, string], 2) with fields=0
Generating Rebox_Data_String_NonEmpty_CaseInsensitive_2199435624_385277032 for srcT=Struct(Data_Data_Newtype_Newtype, Data_Newtype.Newtype, Constructor_Data_Newtype_Newtype[string, string], 2), destT=Struct(Data_Data_Newtype_Newtype, Data_Newtype.Newtype, Constructor_Data_Newtype_Newtype[gopurs_runtime.Value, gopurs_runtime.Value], 2) with fields=0
Generating Rebox_Data_String_NonEmpty_CaseInsensitive_4177771502_2406510097 for srcT=Struct(Data_Data_Ord_Ord, Data_Ord.Ord, Constructor_Data_Ord_Ord[gopurs_runtime.Value], 1), destT=Struct(Data_Data_Ord_Ord, Data_Ord.Ord, Constructor_Data_Ord_Ord[string], 1) with fields=0
Generating Rebox_Data_String_NonEmpty_CaseInsensitive_2406510097_4177771502 for srcT=Struct(Data_Data_Ord_Ord, Data_Ord.Ord, Constructor_Data_Ord_Ord[string], 1), destT=Struct(Data_Data_Ord_Ord, Data_Ord.Ord, Constructor_Data_Ord_Ord[gopurs_runtime.Value], 1) with fields=0
Generating Rebox_Data_String_NonEmpty_CaseInsensitive_1386611502_1514099793 for srcT=Struct(Data_Data_Show_Show, Data_Show.Show, Constructor_Data_Show_Show[gopurs_runtime.Value], 1), destT=Struct(Data_Data_Show_Show, Data_Show.Show, Constructor_Data_Show_Show[string], 1) with fields=0
Generating Rebox_Data_String_NonEmpty_CaseInsensitive_1514099793_1386611502 for srcT=Struct(Data_Data_Show_Show, Data_Show.Show, Constructor_Data_Show_Show[string], 1), destT=Struct(Data_Data_Show_Show, Data_Show.Show, Constructor_Data_Show_Show[gopurs_runtime.Value], 1) with fields=0
Generating Rebox_Data_String_NonEmpty_CodeUnits_742090555_3094389156 for srcT=Struct(Data_Data_Maybe_Just, Data_Maybe.Just, Constructor_Data_Maybe_Just[string], 1), destT=Struct(Data_Data_Maybe_Just, Data_Maybe.Just, Constructor_Data_Maybe_Just[gopurs_runtime.Value], 1) with fields=1
Generating Rebox_Data_String_NonEmpty_CodeUnits_4179793454_443971153 for srcT=Struct(Data_Data_Semigroup_Semigroup, Data_Semigroup.Semigroup, Constructor_Data_Semigroup_Semigroup[gopurs_runtime.Value], 1), destT=Struct(Data_Data_Semigroup_Semigroup, Data_Semigroup.Semigroup, Constructor_Data_Semigroup_Semigroup[string], 1) with fields=0
Generating Rebox_Data_String_NonEmpty_CodeUnits_443971153_4179793454 for srcT=Struct(Data_Data_Semigroup_Semigroup, Data_Semigroup.Semigroup, Constructor_Data_Semigroup_Semigroup[string], 1), destT=Struct(Data_Data_Semigroup_Semigroup, Data_Semigroup.Semigroup, Constructor_Data_Semigroup_Semigroup[gopurs_runtime.Value], 1) with fields=0
Generating Rebox_Data_String_Regex_Flags_131790935_3790796878 for srcT=Struct(Data_Data_Eq_Eq, Data_Eq.Eq, Constructor_Data_Eq_Eq[[]string], 1), destT=Struct(Data_Data_Eq_Eq, Data_Eq.Eq, Constructor_Data_Eq_Eq[gopurs_runtime.Value], 1) with fields=0
Generating Rebox_Data_String_Regex_Flags_3790796878_131790935 for srcT=Struct(Data_Data_Eq_Eq, Data_Eq.Eq, Constructor_Data_Eq_Eq[gopurs_runtime.Value], 1), destT=Struct(Data_Data_Eq_Eq, Data_Eq.Eq, Constructor_Data_Eq_Eq[[]string], 1) with fields=0
Generating Rebox_Data_Tuple_Nested_2669680037_138441832 for srcT=Struct(Data_Data_Tuple_Tuple, Data_Tuple.Tuple, Constructor_Data_Tuple_Tuple[gopurs_runtime.Value, *Constructor_Data_Tuple_Tuple[gopurs_runtime.Value, *Constructor_Data_Tuple_Tuple[gopurs_runtime.Value, *Constructor_Data_Tuple_Tuple[gopurs_runtime.Value, *Constructor_Data_Tuple_Tuple[gopurs_runtime.Value, *Constructor_Data_Tuple_Tuple[gopurs_runtime.Value, *Constructor_Data_Tuple_Tuple[gopurs_runtime.Value, *Constructor_Data_Tuple_Tuple[gopurs_runtime.Value, *Constructor_Data_Tuple_Tuple[gopurs_runtime.Value, *Constructor_Data_Tuple_Tuple[gopurs_runtime.Value, gopurs_runtime.Value]]]]]]]]]], 2), destT=Struct(Data_Data_Tuple_Tuple, Data_Tuple.Tuple, Constructor_Data_Tuple_Tuple[gopurs_runtime.Value, gopurs_runtime.Value], 2) with fields=2
Generating Rebox_Data_Tuple_Nested_1040459240_138441832 for srcT=Struct(Data_Data_Tuple_Tuple, Data_Tuple.Tuple, Constructor_Data_Tuple_Tuple[gopurs_runtime.Value, *Constructor_Data_Tuple_Tuple[gopurs_runtime.Value, *Constructor_Data_Tuple_Tuple[gopurs_runtime.Value, *Constructor_Data_Tuple_Tuple[gopurs_runtime.Value, *Constructor_Data_Tuple_Tuple[gopurs_runtime.Value, *Constructor_Data_Tuple_Tuple[gopurs_runtime.Value, *Constructor_Data_Tuple_Tuple[gopurs_runtime.Value, *Constructor_Data_Tuple_Tuple[gopurs_runtime.Value, *Constructor_Data_Tuple_Tuple[gopurs_runtime.Value, gopurs_runtime.Value]]]]]]]]], 2), destT=Struct(Data_Data_Tuple_Tuple, Data_Tuple.Tuple, Constructor_Data_Tuple_Tuple[gopurs_runtime.Value, gopurs_runtime.Value], 2) with fields=2
Generating Rebox_Data_Tuple_Nested_1049642885_138441832 for srcT=Struct(Data_Data_Tuple_Tuple, Data_Tuple.Tuple, Constructor_Data_Tuple_Tuple[gopurs_runtime.Value, *Constructor_Data_Tuple_Tuple[gopurs_runtime.Value, *Constructor_Data_Tuple_Tuple[gopurs_runtime.Value, *Constructor_Data_Tuple_Tuple[gopurs_runtime.Value, *Constructor_Data_Tuple_Tuple[gopurs_runtime.Value, *Constructor_Data_Tuple_Tuple[gopurs_runtime.Value, *Constructor_Data_Tuple_Tuple[gopurs_runtime.Value, *Constructor_Data_Tuple_Tuple[gopurs_runtime.Value, gopurs_runtime.Value]]]]]]]], 2), destT=Struct(Data_Data_Tuple_Tuple, Data_Tuple.Tuple, Constructor_Data_Tuple_Tuple[gopurs_runtime.Value, gopurs_runtime.Value], 2) with fields=2
Generating Rebox_Data_Tuple_Nested_1227469768_138441832 for srcT=Struct(Data_Data_Tuple_Tuple, Data_Tuple.Tuple, Constructor_Data_Tuple_Tuple[gopurs_runtime.Value, *Constructor_Data_Tuple_Tuple[gopurs_runtime.Value, *Constructor_Data_Tuple_Tuple[gopurs_runtime.Value, *Constructor_Data_Tuple_Tuple[gopurs_runtime.Value, *Constructor_Data_Tuple_Tuple[gopurs_runtime.Value, *Constructor_Data_Tuple_Tuple[gopurs_runtime.Value, *Constructor_Data_Tuple_Tuple[gopurs_runtime.Value, gopurs_runtime.Value]]]]]]], 2), destT=Struct(Data_Data_Tuple_Tuple, Data_Tuple.Tuple, Constructor_Data_Tuple_Tuple[gopurs_runtime.Value, gopurs_runtime.Value], 2) with fields=2
Generating Rebox_Data_Tuple_Nested_1650028645_138441832 for srcT=Struct(Data_Data_Tuple_Tuple, Data_Tuple.Tuple, Constructor_Data_Tuple_Tuple[gopurs_runtime.Value, *Constructor_Data_Tuple_Tuple[gopurs_runtime.Value, *Constructor_Data_Tuple_Tuple[gopurs_runtime.Value, *Constructor_Data_Tuple_Tuple[gopurs_runtime.Value, *Constructor_Data_Tuple_Tuple[gopurs_runtime.Value, *Constructor_Data_Tuple_Tuple[gopurs_runtime.Value, gopurs_runtime.Value]]]]]], 2), destT=Struct(Data_Data_Tuple_Tuple, Data_Tuple.Tuple, Constructor_Data_Tuple_Tuple[gopurs_runtime.Value, gopurs_runtime.Value], 2) with fields=2
Generating Rebox_Data_Tuple_Nested_3279942184_138441832 for srcT=Struct(Data_Data_Tuple_Tuple, Data_Tuple.Tuple, Constructor_Data_Tuple_Tuple[gopurs_runtime.Value, *Constructor_Data_Tuple_Tuple[gopurs_runtime.Value, *Constructor_Data_Tuple_Tuple[gopurs_runtime.Value, *Constructor_Data_Tuple_Tuple[gopurs_runtime.Value, *Constructor_Data_Tuple_Tuple[gopurs_runtime.Value, gopurs_runtime.Value]]]]], 2), destT=Struct(Data_Data_Tuple_Tuple, Data_Tuple.Tuple, Constructor_Data_Tuple_Tuple[gopurs_runtime.Value, gopurs_runtime.Value], 2) with fields=2
Generating Rebox_Data_Tuple_Nested_85379653_138441832 for srcT=Struct(Data_Data_Tuple_Tuple, Data_Tuple.Tuple, Constructor_Data_Tuple_Tuple[gopurs_runtime.Value, *Constructor_Data_Tuple_Tuple[gopurs_runtime.Value, *Constructor_Data_Tuple_Tuple[gopurs_runtime.Value, *Constructor_Data_Tuple_Tuple[gopurs_runtime.Value, gopurs_runtime.Value]]]], 2), destT=Struct(Data_Data_Tuple_Tuple, Data_Tuple.Tuple, Constructor_Data_Tuple_Tuple[gopurs_runtime.Value, gopurs_runtime.Value], 2) with fields=2
Generating Rebox_Data_Tuple_Nested_1095212552_138441832 for srcT=Struct(Data_Data_Tuple_Tuple, Data_Tuple.Tuple, Constructor_Data_Tuple_Tuple[gopurs_runtime.Value, *Constructor_Data_Tuple_Tuple[gopurs_runtime.Value, *Constructor_Data_Tuple_Tuple[gopurs_runtime.Value, gopurs_runtime.Value]]], 2), destT=Struct(Data_Data_Tuple_Tuple, Data_Tuple.Tuple, Constructor_Data_Tuple_Tuple[gopurs_runtime.Value, gopurs_runtime.Value], 2) with fields=2
Generating Rebox_Data_Tuple_Nested_1721956901_138441832 for srcT=Struct(Data_Data_Tuple_Tuple, Data_Tuple.Tuple, Constructor_Data_Tuple_Tuple[gopurs_runtime.Value, *Constructor_Data_Tuple_Tuple[gopurs_runtime.Value, gopurs_runtime.Value]], 2), destT=Struct(Data_Data_Tuple_Tuple, Data_Tuple.Tuple, Constructor_Data_Tuple_Tuple[gopurs_runtime.Value, gopurs_runtime.Value], 2) with fields=2
Generating Rebox_Data_Tuple_Nested_138441832_2669680037 for srcT=Struct(Data_Data_Tuple_Tuple, Data_Tuple.Tuple, Constructor_Data_Tuple_Tuple[gopurs_runtime.Value, gopurs_runtime.Value], 2), destT=Struct(Data_Data_Tuple_Tuple, Data_Tuple.Tuple, Constructor_Data_Tuple_Tuple[gopurs_runtime.Value, *Constructor_Data_Tuple_Tuple[gopurs_runtime.Value, *Constructor_Data_Tuple_Tuple[gopurs_runtime.Value, *Constructor_Data_Tuple_Tuple[gopurs_runtime.Value, *Constructor_Data_Tuple_Tuple[gopurs_runtime.Value, *Constructor_Data_Tuple_Tuple[gopurs_runtime.Value, *Constructor_Data_Tuple_Tuple[gopurs_runtime.Value, *Constructor_Data_Tuple_Tuple[gopurs_runtime.Value, *Constructor_Data_Tuple_Tuple[gopurs_runtime.Value, *Constructor_Data_Tuple_Tuple[gopurs_runtime.Value, gopurs_runtime.Value]]]]]]]]]], 2) with fields=2
Generating Rebox_Data_Tuple_Nested_138441832_1040459240 for srcT=Struct(Data_Data_Tuple_Tuple, Data_Tuple.Tuple, Constructor_Data_Tuple_Tuple[gopurs_runtime.Value, gopurs_runtime.Value], 2), destT=Struct(Data_Data_Tuple_Tuple, Data_Tuple.Tuple, Constructor_Data_Tuple_Tuple[gopurs_runtime.Value, *Constructor_Data_Tuple_Tuple[gopurs_runtime.Value, *Constructor_Data_Tuple_Tuple[gopurs_runtime.Value, *Constructor_Data_Tuple_Tuple[gopurs_runtime.Value, *Constructor_Data_Tuple_Tuple[gopurs_runtime.Value, *Constructor_Data_Tuple_Tuple[gopurs_runtime.Value, *Constructor_Data_Tuple_Tuple[gopurs_runtime.Value, *Constructor_Data_Tuple_Tuple[gopurs_runtime.Value, *Constructor_Data_Tuple_Tuple[gopurs_runtime.Value, gopurs_runtime.Value]]]]]]]]], 2) with fields=2
Generating Rebox_Data_Tuple_Nested_138441832_1049642885 for srcT=Struct(Data_Data_Tuple_Tuple, Data_Tuple.Tuple, Constructor_Data_Tuple_Tuple[gopurs_runtime.Value, gopurs_runtime.Value], 2), destT=Struct(Data_Data_Tuple_Tuple, Data_Tuple.Tuple, Constructor_Data_Tuple_Tuple[gopurs_runtime.Value, *Constructor_Data_Tuple_Tuple[gopurs_runtime.Value, *Constructor_Data_Tuple_Tuple[gopurs_runtime.Value, *Constructor_Data_Tuple_Tuple[gopurs_runtime.Value, *Constructor_Data_Tuple_Tuple[gopurs_runtime.Value, *Constructor_Data_Tuple_Tuple[gopurs_runtime.Value, *Constructor_Data_Tuple_Tuple[gopurs_runtime.Value, *Constructor_Data_Tuple_Tuple[gopurs_runtime.Value, gopurs_runtime.Value]]]]]]]], 2) with fields=2
Generating Rebox_Data_Tuple_Nested_138441832_1227469768 for srcT=Struct(Data_Data_Tuple_Tuple, Data_Tuple.Tuple, Constructor_Data_Tuple_Tuple[gopurs_runtime.Value, gopurs_runtime.Value], 2), destT=Struct(Data_Data_Tuple_Tuple, Data_Tuple.Tuple, Constructor_Data_Tuple_Tuple[gopurs_runtime.Value, *Constructor_Data_Tuple_Tuple[gopurs_runtime.Value, *Constructor_Data_Tuple_Tuple[gopurs_runtime.Value, *Constructor_Data_Tuple_Tuple[gopurs_runtime.Value, *Constructor_Data_Tuple_Tuple[gopurs_runtime.Value, *Constructor_Data_Tuple_Tuple[gopurs_runtime.Value, *Constructor_Data_Tuple_Tuple[gopurs_runtime.Value, gopurs_runtime.Value]]]]]]], 2) with fields=2
Generating Rebox_Data_Tuple_Nested_138441832_1650028645 for srcT=Struct(Data_Data_Tuple_Tuple, Data_Tuple.Tuple, Constructor_Data_Tuple_Tuple[gopurs_runtime.Value, gopurs_runtime.Value], 2), destT=Struct(Data_Data_Tuple_Tuple, Data_Tuple.Tuple, Constructor_Data_Tuple_Tuple[gopurs_runtime.Value, *Constructor_Data_Tuple_Tuple[gopurs_runtime.Value, *Constructor_Data_Tuple_Tuple[gopurs_runtime.Value, *Constructor_Data_Tuple_Tuple[gopurs_runtime.Value, *Constructor_Data_Tuple_Tuple[gopurs_runtime.Value, *Constructor_Data_Tuple_Tuple[gopurs_runtime.Value, gopurs_runtime.Value]]]]]], 2) with fields=2
Generating Rebox_Data_Tuple_Nested_138441832_3279942184 for srcT=Struct(Data_Data_Tuple_Tuple, Data_Tuple.Tuple, Constructor_Data_Tuple_Tuple[gopurs_runtime.Value, gopurs_runtime.Value], 2), destT=Struct(Data_Data_Tuple_Tuple, Data_Tuple.Tuple, Constructor_Data_Tuple_Tuple[gopurs_runtime.Value, *Constructor_Data_Tuple_Tuple[gopurs_runtime.Value, *Constructor_Data_Tuple_Tuple[gopurs_runtime.Value, *Constructor_Data_Tuple_Tuple[gopurs_runtime.Value, *Constructor_Data_Tuple_Tuple[gopurs_runtime.Value, gopurs_runtime.Value]]]]], 2) with fields=2
Generating Rebox_Data_Tuple_Nested_138441832_85379653 for srcT=Struct(Data_Data_Tuple_Tuple, Data_Tuple.Tuple, Constructor_Data_Tuple_Tuple[gopurs_runtime.Value, gopurs_runtime.Value], 2), destT=Struct(Data_Data_Tuple_Tuple, Data_Tuple.Tuple, Constructor_Data_Tuple_Tuple[gopurs_runtime.Value, *Constructor_Data_Tuple_Tuple[gopurs_runtime.Value, *Constructor_Data_Tuple_Tuple[gopurs_runtime.Value, *Constructor_Data_Tuple_Tuple[gopurs_runtime.Value, gopurs_runtime.Value]]]], 2) with fields=2
Generating Rebox_Data_Tuple_Nested_138441832_1095212552 for srcT=Struct(Data_Data_Tuple_Tuple, Data_Tuple.Tuple, Constructor_Data_Tuple_Tuple[gopurs_runtime.Value, gopurs_runtime.Value], 2), destT=Struct(Data_Data_Tuple_Tuple, Data_Tuple.Tuple, Constructor_Data_Tuple_Tuple[gopurs_runtime.Value, *Constructor_Data_Tuple_Tuple[gopurs_runtime.Value, *Constructor_Data_Tuple_Tuple[gopurs_runtime.Value, gopurs_runtime.Value]]], 2) with fields=2
Generating Rebox_Data_Tuple_Nested_138441832_1721956901 for srcT=Struct(Data_Data_Tuple_Tuple, Data_Tuple.Tuple, Constructor_Data_Tuple_Tuple[gopurs_runtime.Value, gopurs_runtime.Value], 2), destT=Struct(Data_Data_Tuple_Tuple, Data_Tuple.Tuple, Constructor_Data_Tuple_Tuple[gopurs_runtime.Value, *Constructor_Data_Tuple_Tuple[gopurs_runtime.Value, gopurs_runtime.Value]], 2) with fields=2
=== Go ===
# gopurs/output/purescript
purescript/Control_Applicative.go:536:59: undefined: Data_Control_Apply_Apply
purescript/Control_Applicative.go:542:59: undefined: Data_Control_Applicative_Applicative
purescript/Control_Applicative.go:548:59: undefined: Data_Control_Apply_Apply
purescript/Control_Applicative.go:554:59: undefined: Data_Control_Applicative_Applicative
purescript/Control_Apply.go:738:53: undefined: Data_Control_Apply_Apply
purescript/Control_Apply.go:744:52: undefined: Data_Data_Functor_Functor
purescript/Control_Apply.go:750:53: undefined: Data_Control_Apply_Apply
purescript/Control_Apply.go:756:52: undefined: Data_Data_Functor_Functor
purescript/Control_Biapplicative.go:74:61: undefined: Data_Control_Biapplicative_Biapplicative
purescript/Control_Biapplicative.go:80:61: undefined: Data_Control_Biapply_Biapply
purescript/Control_Biapplicative.go:80:61: too many errors
=== Go (gopurs) failed ===

Building...
Reading Spago workspace configuration...

✓ Selecting package to build: ps-rust-test

Downloading dependencies...
Building...
           Src   Lib   All
Warnings     0     0     0
Errors       0     0     0

✓ Build succeeded.

=== Rust ===
error[E0618]: expected function, found `purust_core::Value`
  --> Purs_Control_Semigroupoid/src/lib.rs:35:428
   |
35 | ...et _f = (/* Typed crate::UnknownType <- crate::UnknownType : App(Accessor(Local(...))) */((dictSemigroupoid).compose.clone())(/* Typed crate::UnknownType <- crate::UnknownType : Local(...) */g, /* Typed crate::UnknownType <- crate::UnknownType : Local(...) */f)).clone(); move |mut _a0: crate::UnknownType, mut _a1: crate::UnknownType| -> crate::UnknownType { _f(_a0, _a1) } ...
   |       --                                                                                                                                                                                                                                                                                                                                                                   ^^----------
   |       |                                                                                                                                                                                                                                                                                                                                                                    |
   |       `_f` has type `purust_core::Value`                                                                                                                                                                                                                                                                                                                                   call expression requires function

For more information about this error, try `rustc --explain E0618`.
error: could not compile `Purs_Control_Semigroupoid` (lib) due to 1 previous error
error[E0308]: mismatched types
  --> Purs_Partial_Unsafe/src/lib.rs:13:411
   |
13 | ... { _f(crate::Value::Func1(purust_core::Func1::Shared(std::rc::Rc::new({ let _f = (_a0).clone(); move |mut _a0: crate::UnknownType| -> crate::UnknownType { _f(_a0) } })))) }...
   |       -- ^^^^^^^^^^^^^^^^^^^^^^^^^^^^^^^^^^^^^^^^^^^^^^^^^^^^^^^^^^^^^^^^^^^^^^^^^^^^^^^^^^^^^^^^^^^^^^^^^^^^^^^^^^^^^^^^^^^^^^^^^^^^^^^^^^^^^^^^^^^^^^^^^^^^^^^^^^^^^^^^^^^ expected `Func1<Value, _>`, found `Value`
   |       |
   |       arguments to this function are incorrect
   |
   = note: expected enum `purust_core::Func1<purust_core::Value, _>`
              found enum `purust_core::Value`

For more information about this error, try `rustc --explain E0308`.
error: could not compile `Purs_Partial_Unsafe` (lib) due to 1 previous error
=== Rust (purust) failed ===

Building...
Reading Spago workspace configuration...

✓ Selecting package to build: ps-cs-test

Downloading dependencies...
Building...
           Src   Lib   All
Warnings     0     0     0
Errors       0     0     0

✓ Build succeeded.

Compiling with backend "../sharpurs/sharpurs/bin/sharpurs"

✓ Backend build succeeded.

=== F#/C# ===
/Users/0x1/Documents/htdocs/altbak.pub/run/bak/sharp/output/Main/Test.FileOps.fs(7,99): error FS0039: The value or constructor 'Test_FileOps_loopE' is not defined. Maybe you want one of the following:   Test_ListOps_foldl   Test_ListOps_foldl_tco   Test_ListOpsFFI_act   Test_ListOpsFFI_FFI   Test_ListOps_List [/Users/0x1/Documents/htdocs/altbak.pub/run/bak/sharp/output/Main/Program.fsproj]
/Users/0x1/Documents/htdocs/altbak.pub/run/bak/sharp/output/Main/Test.FileOps.fs(7,395): error FS0039: The value or constructor 'Test_FileOps_writeFileSync' is not defined. Maybe you want one of the following:   Test_ListOps_filterEvens   Test_ListOpsFFI_describe   Test_RowToList_keysCons1   Test_AffOperations_liftEffect   Test_RowToListFFI_FFI [/Users/0x1/Documents/htdocs/altbak.pub/run/bak/sharp/output/Main/Program.fsproj]
/Users/0x1/Documents/htdocs/altbak.pub/run/bak/sharp/output/Main/Test.FileOps.fs(7,700): error FS0039: The value or constructor 'Test_FileOps_readFileSync' is not defined. Maybe you want one of the following:   Test_ListOps_filterEvens   Test_AffOperations_act   Test_ArrayOps_filterEvens   Test_ListOpsFFI_describe   Test_ArrayOpsFFI_describe [/Users/0x1/Documents/htdocs/altbak.pub/run/bak/sharp/output/Main/Program.fsproj]

The build failed. Fix the build errors and run again.
=== F#/C# failed ===
