mbDirectCall FAIL (entry Nothing): f isLocal: true hasGlobalType: false
mbDirectCall FAIL (entry Nothing): g isLocal: true hasGlobalType: false
mbDirectCall FAIL (entry Nothing): Accessor isLocal: true hasGlobalType: false
mbDirectCall FAIL (entry Nothing): Accessor isLocal: true hasGlobalType: false
mbDirectCall FAIL (entry Nothing): unsafeCoerce isLocal: true hasGlobalType: true
mbDirectCall FAIL (entry Nothing): f isLocal: true hasGlobalType: false
mbDirectCall FAIL (entry Nothing): Accessor isLocal: true hasGlobalType: false
mbDirectCall FAIL (entry Nothing): Accessor isLocal: true hasGlobalType: false
mbDirectCall FAIL (entry Nothing): Accessor isLocal: true hasGlobalType: false
mbDirectCall FAIL (entry Nothing): Accessor isLocal: true hasGlobalType: false
mbDirectCall FAIL (entry Nothing): Accessor isLocal: true hasGlobalType: false
mbDirectCall FAIL (entry Nothing): Accessor isLocal: true hasGlobalType: false
mbDirectCall FAIL (entry Nothing): Accessor isLocal: true hasGlobalType: false
mbDirectCall FAIL (entry Nothing): Accessor isLocal: true hasGlobalType: false
mbDirectCall FAIL (entry Nothing): Accessor isLocal: true hasGlobalType: false
mbDirectCall FAIL (entry Nothing): f isLocal: true hasGlobalType: false
mbDirectCall FAIL (entry Nothing): g isLocal: true hasGlobalType: false
mbDirectCall FAIL (entry Nothing): Accessor isLocal: true hasGlobalType: false
mbDirectCall FAIL (entry Nothing): f isLocal: true hasGlobalType: false
mbDirectCall FAIL (entry Nothing): g isLocal: true hasGlobalType: false
mbDirectCall FAIL (entry Nothing): Accessor isLocal: true hasGlobalType: false
mbDirectCall FAIL (entry Nothing): f isLocal: true hasGlobalType: false
mbDirectCall FAIL (entry Nothing): g isLocal: true hasGlobalType: false
mbDirectCall FAIL (entry Nothing): Accessor isLocal: true hasGlobalType: false
mbDirectCall FAIL (entry Nothing): f isLocal: true hasGlobalType: false
mbDirectCall FAIL (entry Nothing): Accessor isLocal: true hasGlobalType: false
mbDirectCall match: unsafeGet argsLen: 1 arity: 2
mbDirectCall match: unsafeSet argsLen: 3 arity: 3
mbDirectCall FAIL (entry Nothing): Accessor isLocal: true hasGlobalType: false
mbDirectCall FAIL (entry Nothing): get isLocal: true hasGlobalType: false
mbDirectCall FAIL (entry Nothing): get isLocal: true hasGlobalType: false
mbDirectCall FAIL (entry Nothing): Accessor isLocal: true hasGlobalType: false
mbDirectCall FAIL (entry Nothing): Accessor isLocal: true hasGlobalType: false
mbDirectCall match: unsafeGet argsLen: 1 arity: 2
mbDirectCall match: unsafeSet argsLen: 3 arity: 3
mbDirectCall FAIL (entry Nothing): Accessor isLocal: true hasGlobalType: false
mbDirectCall FAIL (entry Nothing): get isLocal: true hasGlobalType: false
mbDirectCall FAIL (entry Nothing): get isLocal: true hasGlobalType: false
mbDirectCall FAIL (entry Nothing): Accessor isLocal: true hasGlobalType: false
mbDirectCall match: unsafeSet argsLen: 3 arity: 3
mbDirectCall FAIL (entry Nothing): Accessor isLocal: true hasGlobalType: false
mbDirectCall FAIL (entry Nothing): Accessor isLocal: true hasGlobalType: false
mbDirectCall FAIL (entry Nothing): Accessor isLocal: true hasGlobalType: false
mbDirectCall match: unsafeGet argsLen: 1 arity: 2
mbDirectCall match: unsafeSet argsLen: 3 arity: 3
mbDirectCall FAIL (entry Nothing): Accessor isLocal: true hasGlobalType: false
mbDirectCall FAIL (entry Nothing): get isLocal: true hasGlobalType: false
mbDirectCall FAIL (entry Nothing): get isLocal: true hasGlobalType: false
mbDirectCall FAIL (entry Nothing): Accessor isLocal: true hasGlobalType: false
mbDirectCall FAIL (entry Nothing): Accessor isLocal: true hasGlobalType: false
mbDirectCall match: unsafeSet argsLen: 3 arity: 3
mbDirectCall FAIL (entry Nothing): Accessor isLocal: true hasGlobalType: false
mbDirectCall match: unsafeGet argsLen: 2 arity: 2
mbDirectCall FAIL (entry Nothing): Accessor isLocal: true hasGlobalType: false
mbDirectCall match: unsafeSet argsLen: 3 arity: 3
mbDirectCall FAIL (entry Nothing): Accessor isLocal: true hasGlobalType: false
mbDirectCall FAIL (entry Nothing): Accessor isLocal: true hasGlobalType: false
mbDirectCall FAIL (entry Nothing): spin isLocal: true hasGlobalType: false
mbDirectCall FAIL (entry Nothing): spin isLocal: true hasGlobalType: false
mbDirectCall FAIL (entry Nothing): spin isLocal: true hasGlobalType: false
mbDirectCall FAIL (entry Nothing): spin isLocal: true hasGlobalType: false
mbDirectCall FAIL (entry Nothing): Accessor isLocal: true hasGlobalType: false
mbDirectCall FAIL (entry Nothing): eqArrayImpl isLocal: true hasGlobalType: true
mbDirectCall FAIL (entry Nothing): eqArrayImpl isLocal: true hasGlobalType: true
mbDirectCall match: unsafeGet argsLen: 1 arity: 2
mbDirectCall FAIL (entry Nothing): Accessor isLocal: true hasGlobalType: false
mbDirectCall FAIL (entry Nothing): Accessor isLocal: true hasGlobalType: false
mbDirectCall FAIL (entry Nothing): Accessor isLocal: true hasGlobalType: false
mbDirectCall FAIL (entry Nothing): get isLocal: true hasGlobalType: false
mbDirectCall FAIL (entry Nothing): get isLocal: true hasGlobalType: false
mbDirectCall FAIL (entry Nothing): Accessor isLocal: true hasGlobalType: false
mbDirectCall FAIL (entry Nothing): Accessor isLocal: true hasGlobalType: false
mbDirectCall FAIL (entry Nothing): Accessor isLocal: true hasGlobalType: false
mbDirectCall FAIL (entry Nothing): Accessor isLocal: true hasGlobalType: false
mbDirectCall FAIL (entry Nothing): Accessor isLocal: true hasGlobalType: false
mbDirectCall FAIL (entry Nothing): eq12 isLocal: true hasGlobalType: false
mbDirectCall FAIL (entry Nothing): Accessor isLocal: true hasGlobalType: false
mbDirectCall FAIL (entry Nothing): Accessor isLocal: true hasGlobalType: false
mbDirectCall FAIL (entry Nothing): f isLocal: true hasGlobalType: false
mbDirectCall FAIL (entry Nothing): g isLocal: true hasGlobalType: false
mbDirectCall FAIL (entry Nothing): Accessor isLocal: true hasGlobalType: false
mbDirectCall match: unsafeGet argsLen: 1 arity: 2
mbDirectCall match: unsafeSet argsLen: 3 arity: 3
mbDirectCall FAIL (entry Nothing): Accessor isLocal: true hasGlobalType: false
mbDirectCall FAIL (entry Nothing): get isLocal: true hasGlobalType: false
mbDirectCall FAIL (entry Nothing): get isLocal: true hasGlobalType: false
mbDirectCall FAIL (entry Nothing): Accessor isLocal: true hasGlobalType: false
mbDirectCall FAIL (entry Nothing): Accessor isLocal: true hasGlobalType: false
mbDirectCall FAIL (entry Nothing): Accessor isLocal: true hasGlobalType: false
mbDirectCall FAIL (entry Nothing): Accessor isLocal: true hasGlobalType: false
mbDirectCall FAIL (entry Nothing): showArrayImpl isLocal: true hasGlobalType: true
mbDirectCall FAIL (entry Nothing): Accessor isLocal: true hasGlobalType: false
mbDirectCall FAIL (entry Nothing): Accessor isLocal: true hasGlobalType: false
mbDirectCall FAIL (entry Nothing): Accessor isLocal: true hasGlobalType: false
mbDirectCall FAIL (entry Nothing): Accessor isLocal: true hasGlobalType: false
mbDirectCall FAIL (entry Nothing): Accessor isLocal: true hasGlobalType: false
mbDirectCall FAIL (entry Nothing): Accessor isLocal: true hasGlobalType: false
mbDirectCall match: unsafeGet argsLen: 2 arity: 2
mbDirectCall FAIL (entry Nothing): Accessor isLocal: true hasGlobalType: false
mbDirectCall FAIL (entry Nothing): Accessor isLocal: true hasGlobalType: false
mbDirectCall FAIL (entry Nothing): Accessor isLocal: true hasGlobalType: false
mbDirectCall FAIL (entry Nothing): Accessor isLocal: true hasGlobalType: false
mbDirectCall FAIL (entry Nothing): Accessor isLocal: true hasGlobalType: false
mbDirectCall FAIL (entry Nothing): Accessor isLocal: true hasGlobalType: false
mbDirectCall FAIL (entry Nothing): Accessor isLocal: true hasGlobalType: false
mbDirectCall FAIL (entry Nothing): Accessor isLocal: true hasGlobalType: false
mbDirectCall match: unsafeGet argsLen: 2 arity: 2
mbDirectCall FAIL (entry Nothing): Accessor isLocal: true hasGlobalType: false
mbDirectCall FAIL (entry Nothing): Accessor isLocal: true hasGlobalType: false
mbDirectCall FAIL (entry Nothing): Accessor isLocal: true hasGlobalType: false
mbDirectCall FAIL (entry Nothing): Accessor isLocal: true hasGlobalType: false
mbDirectCall FAIL (entry Nothing): Accessor isLocal: true hasGlobalType: false
mbDirectCall FAIL (entry Nothing): f isLocal: true hasGlobalType: false
mbDirectCall FAIL (entry Nothing): g isLocal: true hasGlobalType: false
mbDirectCall FAIL (entry Nothing): Accessor isLocal: true hasGlobalType: false
mbDirectCall FAIL (entry Nothing): f isLocal: true hasGlobalType: false
mbDirectCall FAIL (entry Nothing): g isLocal: true hasGlobalType: false
mbDirectCall FAIL (entry Nothing): Accessor isLocal: true hasGlobalType: false
mbDirectCall match: unsafeGet argsLen: 1 arity: 2
mbDirectCall match: unsafeSet argsLen: 3 arity: 3
mbDirectCall FAIL (entry Nothing): Accessor isLocal: true hasGlobalType: false
mbDirectCall FAIL (entry Nothing): get isLocal: true hasGlobalType: false
mbDirectCall FAIL (entry Nothing): get isLocal: true hasGlobalType: false
mbDirectCall FAIL (entry Nothing): Accessor isLocal: true hasGlobalType: false
mbDirectCall FAIL (entry Nothing): Accessor isLocal: true hasGlobalType: false
mbDirectCall match: unsafeGet argsLen: 1 arity: 2
mbDirectCall match: unsafeSet argsLen: 3 arity: 3
mbDirectCall FAIL (entry Nothing): Accessor isLocal: true hasGlobalType: false
mbDirectCall FAIL (entry Nothing): get isLocal: true hasGlobalType: false
mbDirectCall FAIL (entry Nothing): get isLocal: true hasGlobalType: false
mbDirectCall FAIL (entry Nothing): Accessor isLocal: true hasGlobalType: false
mbDirectCall match: unsafeSet argsLen: 3 arity: 3
mbDirectCall FAIL (entry Nothing): Accessor isLocal: true hasGlobalType: false
mbDirectCall FAIL (entry Nothing): Accessor isLocal: true hasGlobalType: false
mbDirectCall match: unsafeSet argsLen: 3 arity: 3
mbDirectCall FAIL (entry Nothing): Accessor isLocal: true hasGlobalType: false
mbDirectCall FAIL (entry Nothing): Accessor isLocal: true hasGlobalType: false
mbDirectCall match: semiringRecordCons argsLen: 3 arity: 4
mbDirectCall FAIL (entry Nothing): Accessor isLocal: true hasGlobalType: false
mbDirectCall FAIL (entry Nothing): semiringRecordCons1 isLocal: true hasGlobalType: false
mbDirectCall FAIL (entry Nothing): Accessor isLocal: true hasGlobalType: false
mbDirectCall FAIL (entry Nothing): Accessor isLocal: true hasGlobalType: false
mbDirectCall match: unsafeGet argsLen: 1 arity: 2
mbDirectCall match: unsafeSet argsLen: 3 arity: 3
mbDirectCall FAIL (entry Nothing): Accessor isLocal: true hasGlobalType: false
mbDirectCall FAIL (entry Nothing): get isLocal: true hasGlobalType: false
mbDirectCall FAIL (entry Nothing): get isLocal: true hasGlobalType: false
mbDirectCall FAIL (entry Nothing): Accessor isLocal: true hasGlobalType: false
mbDirectCall FAIL (entry Nothing): Accessor isLocal: true hasGlobalType: false
mbDirectCall FAIL (entry Nothing): Accessor isLocal: true hasGlobalType: false
mbDirectCall FAIL (entry Nothing): Accessor isLocal: true hasGlobalType: false
mbDirectCall FAIL (entry Nothing): Accessor isLocal: true hasGlobalType: false
mbDirectCall FAIL (entry Nothing): Accessor isLocal: true hasGlobalType: false
mbDirectCall FAIL (entry Nothing): Accessor isLocal: true hasGlobalType: false
mbDirectCall FAIL (entry Nothing): Accessor isLocal: true hasGlobalType: false
mbDirectCall FAIL (entry Nothing): Accessor isLocal: true hasGlobalType: false
mbDirectCall FAIL (entry Nothing): f isLocal: true hasGlobalType: false
mbDirectCall FAIL (entry Nothing): g isLocal: true hasGlobalType: false
mbDirectCall FAIL (entry Nothing): Accessor isLocal: true hasGlobalType: false
mbDirectCall FAIL (entry Nothing): f isLocal: true hasGlobalType: false
mbDirectCall FAIL (entry Nothing): g isLocal: true hasGlobalType: false
mbDirectCall FAIL (entry Nothing): Accessor isLocal: true hasGlobalType: false
mbDirectCall FAIL (entry Nothing): f isLocal: true hasGlobalType: false
mbDirectCall FAIL (entry Nothing): g isLocal: true hasGlobalType: false
mbDirectCall FAIL (entry Nothing): Accessor isLocal: true hasGlobalType: false
mbDirectCall FAIL (entry Nothing): Accessor isLocal: true hasGlobalType: false
mbDirectCall FAIL (entry Nothing): ordStringImpl isLocal: true hasGlobalType: true
mbDirectCall FAIL (entry Nothing): ordNumberImpl isLocal: true hasGlobalType: true
mbDirectCall FAIL (entry Nothing): ordIntImpl isLocal: true hasGlobalType: true
mbDirectCall FAIL (entry Nothing): ordCharImpl isLocal: true hasGlobalType: true
mbDirectCall FAIL (entry Nothing): ordBooleanImpl isLocal: true hasGlobalType: true
mbDirectCall FAIL (entry Nothing): Accessor isLocal: true hasGlobalType: false
mbDirectCall FAIL (entry Nothing): Accessor isLocal: true hasGlobalType: false
mbDirectCall FAIL (entry Nothing): Accessor isLocal: true hasGlobalType: false
mbDirectCall FAIL (entry Nothing): ordIntImpl isLocal: true hasGlobalType: true
mbDirectCall FAIL (entry Nothing): Accessor isLocal: true hasGlobalType: false
mbDirectCall FAIL (entry Nothing): f isLocal: true hasGlobalType: false
mbDirectCall FAIL (entry Nothing): f isLocal: true hasGlobalType: false
mbDirectCall FAIL (entry Nothing): Accessor isLocal: true hasGlobalType: false
mbDirectCall FAIL (entry Nothing): Accessor isLocal: true hasGlobalType: false
mbDirectCall FAIL (entry Nothing): Accessor isLocal: true hasGlobalType: false
mbDirectCall FAIL (entry Nothing): Accessor isLocal: true hasGlobalType: false
mbDirectCall FAIL (entry Nothing): Accessor isLocal: true hasGlobalType: false
mbDirectCall FAIL (entry Nothing): Accessor isLocal: true hasGlobalType: false
mbDirectCall FAIL (entry Nothing): Accessor isLocal: true hasGlobalType: false
mbDirectCall FAIL (entry Nothing): Accessor isLocal: true hasGlobalType: false
mbDirectCall FAIL (entry Nothing): Accessor isLocal: true hasGlobalType: false
mbDirectCall FAIL (entry Nothing): Accessor isLocal: true hasGlobalType: false
mbDirectCall FAIL (entry Nothing): Accessor isLocal: true hasGlobalType: false
mbDirectCall match: eqArrayImpl argsLen: 1 arity: 3
mbDirectCall FAIL (entry Nothing): Accessor isLocal: true hasGlobalType: false
mbDirectCall match: compare2 argsLen: 2 arity: 0
mbDirectCall FAIL (entry Nothing): ordArrayImpl isLocal: true hasGlobalType: true
mbDirectCall FAIL (entry Nothing): Accessor isLocal: true hasGlobalType: false
mbDirectCall match: ordArray argsLen: 1 arity: 1
mbDirectCall match: eqRowCons argsLen: 2 arity: 4
mbDirectCall FAIL (entry Nothing): Accessor isLocal: true hasGlobalType: false
mbDirectCall FAIL (entry Nothing): eqRowCons isLocal: true hasGlobalType: false
mbDirectCall FAIL (entry Nothing): eqRowCons1 isLocal: true hasGlobalType: false
mbDirectCall FAIL (entry Nothing): Accessor isLocal: true hasGlobalType: false
mbDirectCall FAIL (entry Nothing): Accessor isLocal: true hasGlobalType: false
mbDirectCall FAIL (entry Nothing): Accessor isLocal: true hasGlobalType: false
mbDirectCall match: unsafeGet argsLen: 2 arity: 2
mbDirectCall match: unsafeGet argsLen: 2 arity: 2
mbDirectCall FAIL (entry Nothing): Accessor isLocal: true hasGlobalType: false
mbDirectCall FAIL (entry Nothing): Accessor isLocal: true hasGlobalType: false
mbDirectCall FAIL (entry Nothing): Accessor isLocal: true hasGlobalType: false
mbDirectCall FAIL (entry Nothing): Accessor isLocal: true hasGlobalType: false
mbDirectCall FAIL (entry Nothing): Accessor isLocal: true hasGlobalType: false
mbDirectCall FAIL (entry Nothing): Accessor isLocal: true hasGlobalType: false
mbDirectCall FAIL (entry Nothing): Accessor isLocal: true hasGlobalType: false
mbDirectCall FAIL (entry Nothing): Accessor isLocal: true hasGlobalType: false
mbDirectCall FAIL (entry Nothing): Accessor isLocal: true hasGlobalType: false
mbDirectCall FAIL (entry Nothing): Accessor isLocal: true hasGlobalType: false
mbDirectCall FAIL (entry Nothing): Accessor isLocal: true hasGlobalType: false
mbDirectCall match: ordIntImpl argsLen: 3 arity: 5
mbDirectCall FAIL (entry Nothing): Local_Nothing isLocal: true hasGlobalType: false
mbDirectCall FAIL (entry Nothing): f isLocal: true hasGlobalType: false
mbDirectCall FAIL (entry Nothing): g isLocal: true hasGlobalType: false
mbDirectCall FAIL (entry Nothing): g isLocal: true hasGlobalType: false
mbDirectCall FAIL (entry Nothing): f isLocal: true hasGlobalType: false
mbDirectCall FAIL (entry Nothing): g isLocal: true hasGlobalType: false
mbDirectCall FAIL (entry Nothing): g isLocal: true hasGlobalType: false
mbDirectCall FAIL (entry Nothing): f isLocal: true hasGlobalType: false
mbDirectCall FAIL (entry Nothing): f isLocal: true hasGlobalType: false
mbDirectCall FAIL (entry Nothing): f isLocal: true hasGlobalType: false
mbDirectCall match: lessThanOrEq argsLen: 2 arity: 0
mbDirectCall FAIL (entry Nothing): f isLocal: true hasGlobalType: false
mbDirectCall FAIL (entry Nothing): f isLocal: true hasGlobalType: false
mbDirectCall FAIL (entry Nothing): f isLocal: true hasGlobalType: false
mbDirectCall FAIL (entry Nothing): Accessor isLocal: true hasGlobalType: false
mbDirectCall FAIL (entry Nothing): Accessor isLocal: true hasGlobalType: false
mbDirectCall FAIL (entry Nothing): Accessor isLocal: true hasGlobalType: false
mbDirectCall FAIL (entry Nothing): Accessor isLocal: true hasGlobalType: false
mbDirectCall FAIL (entry Nothing): Accessor isLocal: true hasGlobalType: false
mbDirectCall FAIL (entry Nothing): Accessor isLocal: true hasGlobalType: false
mbDirectCall FAIL (entry Nothing): f isLocal: true hasGlobalType: false
mbDirectCall FAIL (entry Nothing): f isLocal: true hasGlobalType: false
mbDirectCall FAIL (entry Nothing): g isLocal: true hasGlobalType: false
mbDirectCall FAIL (entry Nothing): Accessor isLocal: true hasGlobalType: false
mbDirectCall FAIL (entry Nothing): Accessor isLocal: true hasGlobalType: false
mbDirectCall FAIL (entry Nothing): Accessor isLocal: true hasGlobalType: false
mbDirectCall FAIL (entry Nothing): Accessor isLocal: true hasGlobalType: false
mbDirectCall FAIL (entry Nothing): Accessor isLocal: true hasGlobalType: false
mbDirectCall FAIL (entry Nothing): Accessor isLocal: true hasGlobalType: false
mbDirectCall FAIL (entry Nothing): Accessor isLocal: true hasGlobalType: false
mbDirectCall FAIL (entry Nothing): Accessor isLocal: true hasGlobalType: false
mbDirectCall FAIL (entry Nothing): Accessor isLocal: true hasGlobalType: false
mbDirectCall FAIL (entry Nothing): Accessor isLocal: true hasGlobalType: false
mbDirectCall FAIL (entry Nothing): Accessor isLocal: true hasGlobalType: false
mbDirectCall FAIL (entry Nothing): Accessor isLocal: true hasGlobalType: false
mbDirectCall FAIL (entry Nothing): Accessor isLocal: true hasGlobalType: false
mbDirectCall FAIL (entry Nothing): Accessor isLocal: true hasGlobalType: false
mbDirectCall FAIL (entry Nothing): Accessor isLocal: true hasGlobalType: false
mbDirectCall FAIL (entry Nothing): Accessor isLocal: true hasGlobalType: false
mbDirectCall FAIL (entry Nothing): Accessor isLocal: true hasGlobalType: false
mbDirectCall FAIL (entry Nothing): Accessor isLocal: true hasGlobalType: false
mbDirectCall FAIL (entry Nothing): Accessor isLocal: true hasGlobalType: false
mbDirectCall FAIL (entry Nothing): Accessor isLocal: true hasGlobalType: false
mbDirectCall FAIL (entry Nothing): Accessor isLocal: true hasGlobalType: false
mbDirectCall FAIL (entry Nothing): Accessor isLocal: true hasGlobalType: false
mbDirectCall FAIL (entry Nothing): Accessor isLocal: true hasGlobalType: false
mbDirectCall FAIL (entry Nothing): Accessor isLocal: true hasGlobalType: false
mbDirectCall FAIL (entry Nothing): Accessor isLocal: true hasGlobalType: false
mbDirectCall FAIL (entry Nothing): Accessor isLocal: true hasGlobalType: false
mbDirectCall FAIL (entry Nothing): Accessor isLocal: true hasGlobalType: false
mbDirectCall FAIL (entry Nothing): Accessor isLocal: true hasGlobalType: false
mbDirectCall FAIL (entry Nothing): Accessor isLocal: true hasGlobalType: false
mbDirectCall FAIL (entry Nothing): Accessor isLocal: true hasGlobalType: false
mbDirectCall FAIL (entry Nothing): Accessor isLocal: true hasGlobalType: false
mbDirectCall FAIL (entry Nothing): Accessor isLocal: true hasGlobalType: false
mbDirectCall FAIL (entry Nothing): f isLocal: true hasGlobalType: false
mbDirectCall FAIL (entry Nothing): m isLocal: true hasGlobalType: false
mbDirectCall FAIL (entry Nothing): Accessor isLocal: true hasGlobalType: false
mbDirectCall FAIL (entry Nothing): Accessor isLocal: true hasGlobalType: false
mbDirectCall FAIL (entry Nothing): g isLocal: true hasGlobalType: false
mbDirectCall FAIL (entry Nothing): Accessor isLocal: true hasGlobalType: false
mbDirectCall FAIL (entry Nothing): f isLocal: true hasGlobalType: false
mbDirectCall FAIL (entry Nothing): Accessor isLocal: true hasGlobalType: false
mbDirectCall FAIL (entry Nothing): Accessor isLocal: true hasGlobalType: false
mbDirectCall FAIL (entry Nothing): Accessor isLocal: true hasGlobalType: false
mbDirectCall FAIL (entry Nothing): Accessor isLocal: true hasGlobalType: false
mbDirectCall FAIL (entry Nothing): Accessor isLocal: true hasGlobalType: false
mbDirectCall FAIL (entry Nothing): Accessor isLocal: true hasGlobalType: false
mbDirectCall FAIL (entry Nothing): Accessor isLocal: true hasGlobalType: false
mbDirectCall FAIL (entry Nothing): Accessor isLocal: true hasGlobalType: false
mbDirectCall FAIL (entry Nothing): Accessor isLocal: true hasGlobalType: false
mbDirectCall FAIL (entry Nothing): Accessor isLocal: true hasGlobalType: false
mbDirectCall FAIL (entry Nothing): Accessor isLocal: true hasGlobalType: false
mbDirectCall FAIL (entry Nothing): Accessor isLocal: true hasGlobalType: false
mbDirectCall FAIL (entry Nothing): Accessor isLocal: true hasGlobalType: false
mbDirectCall FAIL (entry Nothing): Accessor isLocal: true hasGlobalType: false
mbDirectCall FAIL (entry Nothing): f isLocal: true hasGlobalType: false
mbDirectCall FAIL (entry Nothing): Accessor isLocal: true hasGlobalType: false
mbDirectCall FAIL (entry Nothing): Accessor isLocal: true hasGlobalType: false
mbDirectCall FAIL (entry Nothing): Accessor isLocal: true hasGlobalType: false
mbDirectCall FAIL (entry Nothing): Accessor isLocal: true hasGlobalType: false
mbDirectCall FAIL (entry Nothing): f isLocal: true hasGlobalType: false
mbDirectCall FAIL (entry Nothing): Accessor isLocal: true hasGlobalType: false
mbDirectCall FAIL (entry Nothing): Accessor isLocal: true hasGlobalType: false
mbDirectCall FAIL (entry Nothing): Accessor isLocal: true hasGlobalType: false
mbDirectCall FAIL (entry Nothing): Accessor isLocal: true hasGlobalType: false
mbDirectCall FAIL (entry Nothing): Accessor isLocal: true hasGlobalType: false
mbDirectCall FAIL (entry Nothing): f' isLocal: true hasGlobalType: false
mbDirectCall match: heytingAlgebraRecordCons argsLen: 3 arity: 4
mbDirectCall FAIL (entry Nothing): Accessor isLocal: true hasGlobalType: false
mbDirectCall FAIL (entry Nothing): heytingAlgebraRecordCons1 isLocal: true hasGlobalType: false
mbDirectCall FAIL (entry Nothing): Accessor isLocal: true hasGlobalType: false
mbDirectCall FAIL (entry Nothing): Accessor isLocal: true hasGlobalType: false
mbDirectCall FAIL (entry Nothing): Accessor isLocal: true hasGlobalType: false
mbDirectCall FAIL (entry Nothing): Accessor isLocal: true hasGlobalType: false
mbDirectCall FAIL (entry Nothing): Accessor isLocal: true hasGlobalType: false
mbDirectCall FAIL (entry Nothing): Accessor isLocal: true hasGlobalType: false
mbDirectCall FAIL (entry Nothing): Accessor isLocal: true hasGlobalType: false
mbDirectCall FAIL (entry Nothing): Accessor isLocal: true hasGlobalType: false
mbDirectCall FAIL (entry Nothing): Accessor isLocal: true hasGlobalType: false
mbDirectCall FAIL (entry Nothing): Accessor isLocal: true hasGlobalType: false
mbDirectCall FAIL (entry Nothing): f isLocal: true hasGlobalType: false
mbDirectCall FAIL (entry Nothing): g isLocal: true hasGlobalType: false
mbDirectCall FAIL (entry Nothing): Accessor isLocal: true hasGlobalType: false
mbDirectCall FAIL (entry Nothing): f isLocal: true hasGlobalType: false
mbDirectCall FAIL (entry Nothing): g isLocal: true hasGlobalType: false
mbDirectCall FAIL (entry Nothing): Accessor isLocal: true hasGlobalType: false
mbDirectCall FAIL (entry Nothing): f isLocal: true hasGlobalType: false
mbDirectCall FAIL (entry Nothing): g isLocal: true hasGlobalType: false
mbDirectCall FAIL (entry Nothing): Accessor isLocal: true hasGlobalType: false
mbDirectCall FAIL (entry Nothing): f isLocal: true hasGlobalType: false
mbDirectCall match: ringRecordCons argsLen: 3 arity: 4
mbDirectCall FAIL (entry Nothing): Accessor isLocal: true hasGlobalType: false
mbDirectCall FAIL (entry Nothing): ringRecordCons1 isLocal: true hasGlobalType: false
mbDirectCall FAIL (entry Nothing): Accessor isLocal: true hasGlobalType: false
mbDirectCall FAIL (entry Nothing): Accessor isLocal: true hasGlobalType: false
mbDirectCall FAIL (entry Nothing): Accessor isLocal: true hasGlobalType: false
mbDirectCall FAIL (entry Nothing): Accessor isLocal: true hasGlobalType: false
mbDirectCall FAIL (entry Nothing): Accessor isLocal: true hasGlobalType: false
mbDirectCall FAIL (entry Nothing): Accessor isLocal: true hasGlobalType: false
mbDirectCall FAIL (entry Nothing): Accessor isLocal: true hasGlobalType: false
mbDirectCall FAIL (entry Nothing): Accessor isLocal: true hasGlobalType: false
mbDirectCall FAIL (entry Nothing): Accessor isLocal: true hasGlobalType: false
mbDirectCall FAIL (entry Nothing): Accessor isLocal: true hasGlobalType: false
mbDirectCall FAIL (entry Nothing): Accessor isLocal: true hasGlobalType: false
mbDirectCall FAIL (entry Nothing): f isLocal: true hasGlobalType: false
mbDirectCall FAIL (entry Nothing): g isLocal: true hasGlobalType: false
mbDirectCall FAIL (entry Nothing): Accessor isLocal: true hasGlobalType: false
mbDirectCall FAIL (entry Nothing): f isLocal: true hasGlobalType: false
mbDirectCall FAIL (entry Nothing): g isLocal: true hasGlobalType: false
mbDirectCall FAIL (entry Nothing): Accessor isLocal: true hasGlobalType: false
mbDirectCall FAIL (entry Nothing): f isLocal: true hasGlobalType: false
mbDirectCall FAIL (entry Nothing): g isLocal: true hasGlobalType: false
mbDirectCall FAIL (entry Nothing): Accessor isLocal: true hasGlobalType: false
mbDirectCall FAIL (entry Nothing): Accessor isLocal: true hasGlobalType: false
mbDirectCall FAIL (entry Nothing): Accessor isLocal: true hasGlobalType: false
mbDirectCall match: gcd argsLen: 4 arity: 2
mbDirectCall FAIL (entry Nothing): Accessor isLocal: true hasGlobalType: false
mbDirectCall FAIL (entry Nothing): Accessor isLocal: true hasGlobalType: false
mbDirectCall FAIL (entry Nothing): Accessor isLocal: true hasGlobalType: false
mbDirectCall FAIL (entry Nothing): Accessor isLocal: true hasGlobalType: false
mbDirectCall FAIL (entry Nothing): Accessor isLocal: true hasGlobalType: false
mbDirectCall match: gcd argsLen: 2 arity: 2
mbDirectCall FAIL (entry Nothing): Accessor isLocal: true hasGlobalType: false
mbDirectCall FAIL (entry Nothing): Accessor isLocal: true hasGlobalType: false
mbDirectCall FAIL (entry Nothing): gcd2 isLocal: true hasGlobalType: false
mbDirectCall FAIL (entry Nothing): Accessor isLocal: true hasGlobalType: false
mbDirectCall FAIL (entry Nothing): Accessor isLocal: true hasGlobalType: false
mbDirectCall FAIL (entry Nothing): Accessor isLocal: true hasGlobalType: false
mbDirectCall match: ordIntImpl argsLen: 3 arity: 5
mbDirectCall FAIL (entry Nothing): Local_Nothing isLocal: true hasGlobalType: false
mbDirectCall FAIL (entry Nothing): Accessor isLocal: true hasGlobalType: false
mbDirectCall FAIL (entry Nothing): Accessor isLocal: true hasGlobalType: false
mbDirectCall FAIL (entry Nothing): Accessor isLocal: true hasGlobalType: false
mbDirectCall FAIL (entry Nothing): Accessor isLocal: true hasGlobalType: false
mbDirectCall FAIL (entry Nothing): Accessor isLocal: true hasGlobalType: false
mbDirectCall FAIL (entry Nothing): f isLocal: true hasGlobalType: false
mbDirectCall FAIL (entry Nothing): g isLocal: true hasGlobalType: false
mbDirectCall FAIL (entry Nothing): Accessor isLocal: true hasGlobalType: false
mbDirectCall FAIL (entry Nothing): Accessor isLocal: true hasGlobalType: false
mbDirectCall FAIL (entry Nothing): Accessor isLocal: true hasGlobalType: false
mbDirectCall match: unsafeGet argsLen: 1 arity: 2
mbDirectCall match: unsafeSet argsLen: 3 arity: 3
mbDirectCall FAIL (entry Nothing): Accessor isLocal: true hasGlobalType: false
mbDirectCall FAIL (entry Nothing): get isLocal: true hasGlobalType: false
mbDirectCall FAIL (entry Nothing): get isLocal: true hasGlobalType: false
mbDirectCall FAIL (entry Nothing): Accessor isLocal: true hasGlobalType: false
mbDirectCall match: unsafeSet argsLen: 3 arity: 3
mbDirectCall FAIL (entry Nothing): Accessor isLocal: true hasGlobalType: false
mbDirectCall FAIL (entry Nothing): Accessor isLocal: true hasGlobalType: false
mbDirectCall FAIL (entry Nothing): Accessor isLocal: true hasGlobalType: false
mbDirectCall FAIL (entry Nothing): go isLocal: true hasGlobalType: false
mbDirectCall FAIL (entry Nothing): Accessor isLocal: true hasGlobalType: false
mbDirectCall FAIL (entry Nothing): Accessor isLocal: true hasGlobalType: false
mbDirectCall FAIL (entry Nothing): Accessor isLocal: true hasGlobalType: false
mbDirectCall match: lessThanOrEq argsLen: 2 arity: 0
mbDirectCall FAIL (entry Nothing): Accessor isLocal: true hasGlobalType: false
mbDirectCall FAIL (entry Nothing): go isLocal: true hasGlobalType: false
mbDirectCall FAIL (entry Nothing): Accessor isLocal: true hasGlobalType: false
mbDirectCall FAIL (entry Nothing): Accessor isLocal: true hasGlobalType: false
mbDirectCall match: ordIntImpl argsLen: 3 arity: 5
mbDirectCall FAIL (entry Nothing): Accessor isLocal: true hasGlobalType: false
mbDirectCall FAIL (entry Nothing): Accessor isLocal: true hasGlobalType: false
mbDirectCall FAIL (entry Nothing): Accessor isLocal: true hasGlobalType: false
mbDirectCall FAIL (entry Nothing): Accessor isLocal: true hasGlobalType: false
mbDirectCall FAIL (entry Nothing): Accessor isLocal: true hasGlobalType: false
mbDirectCall FAIL (entry Nothing): Accessor isLocal: true hasGlobalType: false
mbDirectCall FAIL (entry Nothing): Accessor isLocal: true hasGlobalType: false
mbDirectCall FAIL (entry Nothing): Accessor isLocal: true hasGlobalType: false
mbDirectCall FAIL (entry Nothing): Accessor isLocal: true hasGlobalType: false
mbDirectCall FAIL (entry Nothing): Accessor isLocal: true hasGlobalType: false
mbDirectCall match: unsafeGet argsLen: 1 arity: 2
mbDirectCall FAIL (entry Nothing): Accessor isLocal: true hasGlobalType: false
mbDirectCall FAIL (entry Nothing): Accessor isLocal: true hasGlobalType: false
mbDirectCall FAIL (entry Nothing): Accessor isLocal: true hasGlobalType: false
mbDirectCall FAIL (entry Nothing): get isLocal: true hasGlobalType: false
mbDirectCall FAIL (entry Nothing): get isLocal: true hasGlobalType: false
mbDirectCall FAIL (entry Nothing): Accessor isLocal: true hasGlobalType: false
mbDirectCall FAIL (entry Nothing): Accessor isLocal: true hasGlobalType: false
mbDirectCall FAIL (entry Nothing): Accessor isLocal: true hasGlobalType: false
mbDirectCall match: unsafeGet argsLen: 2 arity: 2
mbDirectCall match: unsafeGet argsLen: 2 arity: 2
mbDirectCall FAIL (entry Nothing): Accessor isLocal: true hasGlobalType: false
mbDirectCall FAIL (entry Nothing): Accessor isLocal: true hasGlobalType: false
mbDirectCall FAIL (entry Nothing): Accessor isLocal: true hasGlobalType: false
mbDirectCall match: unsafeSet argsLen: 3 arity: 3
mbDirectCall FAIL (entry Nothing): Accessor isLocal: true hasGlobalType: false
mbDirectCall FAIL (entry Nothing): Accessor isLocal: true hasGlobalType: false
mbDirectCall match: unsafeSet argsLen: 3 arity: 3
mbDirectCall FAIL (entry Nothing): Accessor isLocal: true hasGlobalType: false
mbDirectCall FAIL (entry Nothing): Accessor isLocal: true hasGlobalType: false
mbDirectCall FAIL (entry Nothing): Accessor isLocal: true hasGlobalType: false
mbDirectCall FAIL (entry Nothing): Accessor isLocal: true hasGlobalType: false
mbDirectCall FAIL (entry Nothing): Accessor isLocal: true hasGlobalType: false
mbDirectCall FAIL (entry Nothing): Accessor isLocal: true hasGlobalType: false
mbDirectCall FAIL (entry Nothing): Accessor isLocal: true hasGlobalType: false
mbDirectCall FAIL (entry Nothing): Accessor isLocal: true hasGlobalType: false
mbDirectCall FAIL (entry Nothing): Accessor isLocal: true hasGlobalType: false
mbDirectCall FAIL (entry Nothing): Accessor isLocal: true hasGlobalType: false
mbDirectCall FAIL (entry Nothing): Accessor isLocal: true hasGlobalType: false
mbDirectCall FAIL (entry Nothing): Accessor isLocal: true hasGlobalType: false
mbDirectCall FAIL (entry Nothing): Accessor isLocal: true hasGlobalType: false
mbDirectCall FAIL (entry Nothing): Accessor isLocal: true hasGlobalType: false
mbDirectCall FAIL (entry Nothing): Accessor isLocal: true hasGlobalType: false
mbDirectCall FAIL (entry Nothing): Accessor isLocal: true hasGlobalType: false
mbDirectCall FAIL (entry Nothing): f' isLocal: true hasGlobalType: false
mbDirectCall FAIL (entry Nothing): Accessor isLocal: true hasGlobalType: false
mbDirectCall FAIL (entry Nothing): Accessor isLocal: true hasGlobalType: false
mbDirectCall FAIL (entry Nothing): Accessor isLocal: true hasGlobalType: false
mbDirectCall FAIL (entry Nothing): Accessor isLocal: true hasGlobalType: false
mbDirectCall FAIL (entry Nothing): Accessor isLocal: true hasGlobalType: false
mbDirectCall FAIL (entry Nothing): Accessor isLocal: true hasGlobalType: false
mbDirectCall FAIL (entry Nothing): Accessor isLocal: true hasGlobalType: false
mbDirectCall FAIL (entry Nothing): Accessor isLocal: true hasGlobalType: false
mbDirectCall FAIL (entry Nothing): Accessor isLocal: true hasGlobalType: false
mbDirectCall FAIL (entry Nothing): Accessor isLocal: true hasGlobalType: false
mbDirectCall FAIL (entry Nothing): f' isLocal: true hasGlobalType: false
mbDirectCall match: lift2 argsLen: 1 arity: 3
mbDirectCall match: lift2 argsLen: 1 arity: 3
mbDirectCall FAIL (entry Nothing): Accessor isLocal: true hasGlobalType: false
mbDirectCall FAIL (entry Nothing): Accessor isLocal: true hasGlobalType: false
mbDirectCall FAIL (entry Nothing): warn isLocal: true hasGlobalType: true
mbDirectCall FAIL (entry Nothing): Accessor isLocal: true hasGlobalType: false
mbDirectCall FAIL (entry Nothing): log isLocal: true hasGlobalType: true
mbDirectCall FAIL (entry Nothing): Accessor isLocal: true hasGlobalType: false
mbDirectCall FAIL (entry Nothing): info isLocal: true hasGlobalType: true
mbDirectCall FAIL (entry Nothing): Accessor isLocal: true hasGlobalType: false
mbDirectCall match: discard argsLen: 2 arity: 0
mbDirectCall FAIL (entry Nothing): group isLocal: true hasGlobalType: true
mbDirectCall FAIL (entry Nothing): Accessor isLocal: true hasGlobalType: false
mbDirectCall match: discard argsLen: 2 arity: 0
mbDirectCall FAIL (entry Nothing): Accessor isLocal: true hasGlobalType: false
mbDirectCall FAIL (entry Nothing): error isLocal: true hasGlobalType: true
mbDirectCall FAIL (entry Nothing): Accessor isLocal: true hasGlobalType: false
mbDirectCall FAIL (entry Nothing): debug isLocal: true hasGlobalType: true
mbDirectCall FAIL (entry Nothing): Accessor isLocal: true hasGlobalType: false
mbDirectCall FAIL (entry Nothing): Accessor isLocal: true hasGlobalType: false
mbDirectCall match: discard argsLen: 2 arity: 0
mbDirectCall FAIL (entry Nothing): Accessor isLocal: true hasGlobalType: false
mbDirectCall match: discard argsLen: 2 arity: 0
mbDirectCall FAIL (entry Nothing): Accessor isLocal: true hasGlobalType: false
mbDirectCall FAIL (entry Nothing): Accessor isLocal: true hasGlobalType: false
mbDirectCall match: discard argsLen: 2 arity: 0
mbDirectCall match: log argsLen: 1 arity: 1
mbDirectCall FAIL (entry Nothing): Accessor isLocal: true hasGlobalType: false
mbDirectCall FAIL (entry Nothing): Accessor isLocal: true hasGlobalType: false
mbDirectCall FAIL (entry Nothing): formatNumber isLocal: true hasGlobalType: true
mbDirectCall FAIL (entry Nothing): Accessor isLocal: true hasGlobalType: false
mbDirectCall match: log argsLen: 1 arity: 1
mbDirectCall match: ackermann argsLen: 2 arity: 2
mbDirectCall FAIL (entry Nothing): Accessor isLocal: true hasGlobalType: false
mbDirectCall match: opaque argsLen: 1 arity: 1
mbDirectCall match: log argsLen: 1 arity: 1
mbDirectCall FAIL (entry Nothing): Accessor isLocal: true hasGlobalType: false
mbDirectCall match: ackermann argsLen: 2 arity: 2
mbDirectCall FAIL (entry Nothing): Accessor isLocal: true hasGlobalType: false
mbDirectCall FAIL (entry Nothing): Accessor isLocal: true hasGlobalType: false
mbDirectCall FAIL (entry Nothing): Accessor isLocal: true hasGlobalType: false
mbDirectCall FAIL (entry Nothing): f isLocal: true hasGlobalType: false
mbDirectCall FAIL (entry Nothing): Accessor isLocal: true hasGlobalType: false
mbDirectCall FAIL (entry Nothing): f isLocal: true hasGlobalType: false
mbDirectCall FAIL (entry Nothing): Accessor isLocal: true hasGlobalType: false
mbDirectCall FAIL (entry Nothing): Accessor isLocal: true hasGlobalType: false
mbDirectCall FAIL (entry Nothing): Accessor isLocal: true hasGlobalType: false
mbDirectCall FAIL (entry Nothing): Accessor isLocal: true hasGlobalType: false
mbDirectCall FAIL (entry Nothing): Accessor isLocal: true hasGlobalType: false
mbDirectCall FAIL (entry Nothing): f isLocal: true hasGlobalType: false
mbDirectCall FAIL (entry Nothing): v isLocal: true hasGlobalType: false
mbDirectCall FAIL (entry Nothing): f isLocal: true hasGlobalType: false
mbDirectCall FAIL (entry Nothing): f isLocal: true hasGlobalType: false
mbDirectCall FAIL (entry Nothing): g isLocal: true hasGlobalType: false
mbDirectCall FAIL (entry Nothing): Accessor isLocal: true hasGlobalType: false
mbDirectCall FAIL (entry Nothing): Accessor isLocal: true hasGlobalType: false
mbDirectCall FAIL (entry Nothing): Accessor isLocal: true hasGlobalType: false
mbDirectCall FAIL (entry Nothing): f isLocal: true hasGlobalType: false
mbDirectCall FAIL (entry Nothing): Accessor isLocal: true hasGlobalType: false
mbDirectCall FAIL (entry Nothing): g isLocal: true hasGlobalType: false
mbDirectCall FAIL (entry Nothing): Accessor isLocal: true hasGlobalType: false
mbDirectCall FAIL (entry Nothing): Accessor isLocal: true hasGlobalType: false
mbDirectCall FAIL (entry Nothing): Accessor isLocal: true hasGlobalType: false
mbDirectCall FAIL (entry Nothing): Accessor isLocal: true hasGlobalType: false
mbDirectCall FAIL (entry Nothing): Accessor isLocal: true hasGlobalType: false
mbDirectCall FAIL (entry Nothing): Accessor isLocal: true hasGlobalType: false
mbDirectCall FAIL (entry Nothing): Accessor isLocal: true hasGlobalType: false
mbDirectCall FAIL (entry Nothing): Accessor isLocal: true hasGlobalType: false
mbDirectCall FAIL (entry Nothing): f isLocal: true hasGlobalType: false
mbDirectCall FAIL (entry Nothing): v isLocal: true hasGlobalType: false
mbDirectCall FAIL (entry Nothing): f isLocal: true hasGlobalType: false
mbDirectCall FAIL (entry Nothing): Accessor isLocal: true hasGlobalType: false
mbDirectCall FAIL (entry Nothing): Accessor isLocal: true hasGlobalType: false
mbDirectCall FAIL (entry Nothing): Accessor isLocal: true hasGlobalType: false
mbDirectCall FAIL (entry Nothing): Accessor isLocal: true hasGlobalType: false
mbDirectCall FAIL (entry Nothing): Accessor isLocal: true hasGlobalType: false
mbDirectCall FAIL (entry Nothing): Accessor isLocal: true hasGlobalType: false
mbDirectCall FAIL (entry Nothing): Accessor isLocal: true hasGlobalType: false
mbDirectCall FAIL (entry Nothing): f isLocal: true hasGlobalType: false
mbDirectCall FAIL (entry Nothing): v isLocal: true hasGlobalType: false
mbDirectCall FAIL (entry Nothing): f isLocal: true hasGlobalType: false
mbDirectCall FAIL (entry Nothing): Accessor isLocal: true hasGlobalType: false
mbDirectCall FAIL (entry Nothing): Accessor isLocal: true hasGlobalType: false
mbDirectCall FAIL (entry Nothing): Accessor isLocal: true hasGlobalType: false
mbDirectCall FAIL (entry Nothing): Accessor isLocal: true hasGlobalType: false
mbDirectCall FAIL (entry Nothing): Accessor isLocal: true hasGlobalType: false
mbDirectCall FAIL (entry Nothing): Accessor isLocal: true hasGlobalType: false
mbDirectCall FAIL (entry Nothing): f isLocal: true hasGlobalType: false
mbDirectCall FAIL (entry Nothing): v isLocal: true hasGlobalType: false
mbDirectCall FAIL (entry Nothing): f isLocal: true hasGlobalType: false
mbDirectCall FAIL (entry Nothing): Accessor isLocal: true hasGlobalType: false
mbDirectCall FAIL (entry Nothing): Accessor isLocal: true hasGlobalType: false
mbDirectCall FAIL (entry Nothing): Accessor isLocal: true hasGlobalType: false
mbDirectCall FAIL (entry Nothing): Accessor isLocal: true hasGlobalType: false
mbDirectCall FAIL (entry Nothing): Accessor isLocal: true hasGlobalType: false
mbDirectCall FAIL (entry Nothing): Accessor isLocal: true hasGlobalType: false
mbDirectCall FAIL (entry Nothing): Accessor isLocal: true hasGlobalType: false
mbDirectCall FAIL (entry Nothing): Accessor isLocal: true hasGlobalType: false
mbDirectCall FAIL (entry Nothing): Accessor isLocal: true hasGlobalType: false
mbDirectCall FAIL (entry Nothing): Accessor isLocal: true hasGlobalType: false
mbDirectCall FAIL (entry Nothing): Accessor isLocal: true hasGlobalType: false
mbDirectCall FAIL (entry Nothing): f isLocal: true hasGlobalType: false
mbDirectCall FAIL (entry Nothing): v isLocal: true hasGlobalType: false
mbDirectCall FAIL (entry Nothing): f isLocal: true hasGlobalType: false
mbDirectCall FAIL (entry Nothing): Accessor isLocal: true hasGlobalType: false
mbDirectCall FAIL (entry Nothing): Accessor isLocal: true hasGlobalType: false
mbDirectCall FAIL (entry Nothing): Accessor isLocal: true hasGlobalType: false
mbDirectCall FAIL (entry Nothing): f isLocal: true hasGlobalType: false
mbDirectCall FAIL (entry Nothing): v isLocal: true hasGlobalType: false
mbDirectCall FAIL (entry Nothing): f isLocal: true hasGlobalType: false
mbDirectCall FAIL (entry Nothing): Accessor isLocal: true hasGlobalType: false
mbDirectCall FAIL (entry Nothing): Accessor isLocal: true hasGlobalType: false
mbDirectCall FAIL (entry Nothing): Accessor isLocal: true hasGlobalType: false
mbDirectCall FAIL (entry Nothing): f isLocal: true hasGlobalType: false
mbDirectCall FAIL (entry Nothing): v isLocal: true hasGlobalType: false
mbDirectCall FAIL (entry Nothing): f isLocal: true hasGlobalType: false
mbDirectCall FAIL (entry Nothing): fn isLocal: true hasGlobalType: false
mbDirectCall FAIL (entry Nothing): f isLocal: true hasGlobalType: false
mbDirectCall FAIL (entry Nothing): Accessor isLocal: true hasGlobalType: false
mbDirectCall FAIL (entry Nothing): Accessor isLocal: true hasGlobalType: false
mbDirectCall FAIL (entry Nothing): Accessor isLocal: true hasGlobalType: false
mbDirectCall FAIL (entry Nothing): Accessor isLocal: true hasGlobalType: false
mbDirectCall FAIL (entry Nothing): Accessor isLocal: true hasGlobalType: false
mbDirectCall FAIL (entry Nothing): Accessor isLocal: true hasGlobalType: false
mbDirectCall FAIL (entry Nothing): f isLocal: true hasGlobalType: false
mbDirectCall FAIL (entry Nothing): ab isLocal: true hasGlobalType: false
mbDirectCall FAIL (entry Nothing): v isLocal: true hasGlobalType: false
mbDirectCall FAIL (entry Nothing): ba isLocal: true hasGlobalType: false
mbDirectCall FAIL (entry Nothing): f isLocal: true hasGlobalType: false
mbDirectCall FAIL (entry Nothing): f isLocal: true hasGlobalType: false
mbDirectCall FAIL (entry Nothing): f isLocal: true hasGlobalType: false
mbDirectCall FAIL (entry Nothing): f isLocal: true hasGlobalType: false
mbDirectCall FAIL (entry Nothing): Accessor isLocal: true hasGlobalType: false
mbDirectCall FAIL (entry Nothing): Accessor isLocal: true hasGlobalType: false
mbDirectCall FAIL (entry Nothing): Accessor isLocal: true hasGlobalType: false
mbDirectCall FAIL (entry Nothing): Accessor isLocal: true hasGlobalType: false
mbDirectCall FAIL (entry Nothing): Accessor isLocal: true hasGlobalType: false
mbDirectCall FAIL (entry Nothing): Accessor isLocal: true hasGlobalType: false
mbDirectCall FAIL (entry Nothing): Accessor isLocal: true hasGlobalType: false
mbDirectCall FAIL (entry Nothing): Accessor isLocal: true hasGlobalType: false
mbDirectCall FAIL (entry Nothing): Accessor isLocal: true hasGlobalType: false
mbDirectCall FAIL (entry Nothing): Accessor isLocal: true hasGlobalType: false
mbDirectCall FAIL (entry Nothing): Accessor isLocal: true hasGlobalType: false
mbDirectCall FAIL (entry Nothing): Accessor isLocal: true hasGlobalType: false
mbDirectCall FAIL (entry Nothing): Accessor isLocal: true hasGlobalType: false
mbDirectCall FAIL (entry Nothing): Accessor isLocal: true hasGlobalType: false
mbDirectCall FAIL (entry Nothing): Accessor isLocal: true hasGlobalType: false
mbDirectCall FAIL (entry Nothing): Accessor isLocal: true hasGlobalType: false
mbDirectCall FAIL (entry Nothing): Accessor isLocal: true hasGlobalType: false
mbDirectCall FAIL (entry Nothing): Accessor isLocal: true hasGlobalType: false
mbDirectCall FAIL (entry Nothing): Accessor isLocal: true hasGlobalType: false
mbDirectCall FAIL (entry Nothing): Accessor isLocal: true hasGlobalType: false
mbDirectCall FAIL (entry Nothing): Accessor isLocal: true hasGlobalType: false
mbDirectCall FAIL (entry Nothing): Accessor isLocal: true hasGlobalType: false
mbDirectCall FAIL (entry Nothing): Accessor isLocal: true hasGlobalType: false
mbDirectCall FAIL (entry Nothing): Accessor isLocal: true hasGlobalType: false
mbDirectCall FAIL (entry Nothing): Accessor isLocal: true hasGlobalType: false
mbDirectCall FAIL (entry Nothing): Accessor isLocal: true hasGlobalType: false
mbDirectCall FAIL (entry Nothing): Accessor isLocal: true hasGlobalType: false
mbDirectCall FAIL (entry Nothing): Accessor isLocal: true hasGlobalType: false
mbDirectCall FAIL (entry Nothing): Accessor isLocal: true hasGlobalType: false
mbDirectCall FAIL (entry Nothing): Accessor isLocal: true hasGlobalType: false
mbDirectCall FAIL (entry Nothing): Accessor isLocal: true hasGlobalType: false
mbDirectCall FAIL (entry Nothing): Accessor isLocal: true hasGlobalType: false
mbDirectCall FAIL (entry Nothing): Accessor isLocal: true hasGlobalType: false
mbDirectCall FAIL (entry Nothing): Accessor isLocal: true hasGlobalType: false
mbDirectCall FAIL (entry Nothing): Accessor isLocal: true hasGlobalType: false
mbDirectCall FAIL (entry Nothing): Accessor isLocal: true hasGlobalType: false
mbDirectCall FAIL (entry Nothing): Accessor isLocal: true hasGlobalType: false
mbDirectCall FAIL (entry Nothing): Accessor isLocal: true hasGlobalType: false
mbDirectCall FAIL (entry Nothing): Accessor isLocal: true hasGlobalType: false
mbDirectCall FAIL (entry Nothing): Accessor isLocal: true hasGlobalType: false
mbDirectCall FAIL (entry Nothing): Accessor isLocal: true hasGlobalType: false
mbDirectCall FAIL (entry Nothing): Accessor isLocal: true hasGlobalType: false
mbDirectCall FAIL (entry Nothing): Accessor isLocal: true hasGlobalType: false
mbDirectCall FAIL (entry Nothing): v isLocal: true hasGlobalType: false
mbDirectCall FAIL (entry Nothing): v1 isLocal: true hasGlobalType: false
mbDirectCall FAIL (entry Nothing): v1 isLocal: true hasGlobalType: false
mbDirectCall FAIL (entry Nothing): v1 isLocal: true hasGlobalType: false
mbDirectCall FAIL (entry Nothing): v isLocal: true hasGlobalType: false
mbDirectCall FAIL (entry Nothing): Accessor isLocal: true hasGlobalType: false
mbDirectCall FAIL (entry Nothing): maybe' isLocal: true hasGlobalType: true
mbDirectCall FAIL (entry Nothing): v isLocal: true hasGlobalType: false
mbDirectCall FAIL (entry Nothing): Accessor isLocal: true hasGlobalType: false
mbDirectCall FAIL (entry Nothing): Accessor isLocal: true hasGlobalType: false
mbDirectCall FAIL (entry Nothing): Accessor isLocal: true hasGlobalType: false
mbDirectCall FAIL (entry Nothing): Accessor isLocal: true hasGlobalType: false
mbDirectCall FAIL (entry Nothing): Accessor isLocal: true hasGlobalType: false
mbDirectCall FAIL (entry Nothing): Accessor isLocal: true hasGlobalType: false
mbDirectCall FAIL (entry Nothing): Accessor isLocal: true hasGlobalType: false
mbDirectCall FAIL (entry Nothing): Accessor isLocal: true hasGlobalType: false
mbDirectCall FAIL (entry Nothing): Accessor isLocal: true hasGlobalType: false
mbDirectCall FAIL (entry Nothing): Accessor isLocal: true hasGlobalType: false
mbDirectCall FAIL (entry Nothing): Accessor isLocal: true hasGlobalType: false
mbDirectCall FAIL (entry Nothing): v1 isLocal: true hasGlobalType: false
mbDirectCall FAIL (entry Nothing): Accessor isLocal: true hasGlobalType: false
mbDirectCall FAIL (entry Nothing): Accessor isLocal: true hasGlobalType: false
mbDirectCall FAIL (entry Nothing): Accessor isLocal: true hasGlobalType: false
mbDirectCall FAIL (entry Nothing): Accessor isLocal: true hasGlobalType: false
mbDirectCall FAIL (entry Nothing): Accessor isLocal: true hasGlobalType: false
mbDirectCall FAIL (entry Nothing): Accessor isLocal: true hasGlobalType: false
mbDirectCall FAIL (entry Nothing): Accessor isLocal: true hasGlobalType: false
mbDirectCall FAIL (entry Nothing): Accessor isLocal: true hasGlobalType: false
mbDirectCall FAIL (entry Nothing): Accessor isLocal: true hasGlobalType: false
mbDirectCall FAIL (entry Nothing): f isLocal: true hasGlobalType: false
mbDirectCall FAIL (entry Nothing): f isLocal: true hasGlobalType: false
mbDirectCall FAIL (entry Nothing): Accessor isLocal: true hasGlobalType: false
mbDirectCall FAIL (entry Nothing): v isLocal: true hasGlobalType: false
mbDirectCall FAIL (entry Nothing): v isLocal: true hasGlobalType: false
mbDirectCall FAIL (entry Nothing): v isLocal: true hasGlobalType: false
mbDirectCall FAIL (entry Nothing): Accessor isLocal: true hasGlobalType: false
mbDirectCall FAIL (entry Nothing): Accessor isLocal: true hasGlobalType: false
mbDirectCall FAIL (entry Nothing): Accessor isLocal: true hasGlobalType: false
mbDirectCall FAIL (entry Nothing): Accessor isLocal: true hasGlobalType: false
mbDirectCall FAIL (entry Nothing): Accessor isLocal: true hasGlobalType: false
mbDirectCall FAIL (entry Nothing): Accessor isLocal: true hasGlobalType: false
mbDirectCall FAIL (entry Nothing): Accessor isLocal: true hasGlobalType: false
mbDirectCall FAIL (entry Nothing): Accessor isLocal: true hasGlobalType: false
mbDirectCall FAIL (entry Nothing): Accessor isLocal: true hasGlobalType: false
mbDirectCall FAIL (entry Nothing): Accessor isLocal: true hasGlobalType: false
mbDirectCall match: ordEither argsLen: 1 arity: 1
mbDirectCall FAIL (entry Nothing): Accessor isLocal: true hasGlobalType: false
mbDirectCall FAIL (entry Nothing): Accessor isLocal: true hasGlobalType: false
mbDirectCall FAIL (entry Nothing): Accessor isLocal: true hasGlobalType: false
mbDirectCall FAIL (entry Nothing): ordEither1 isLocal: true hasGlobalType: false
mbDirectCall FAIL (entry Nothing): v isLocal: true hasGlobalType: false
mbDirectCall FAIL (entry Nothing): v1 isLocal: true hasGlobalType: false
mbDirectCall FAIL (entry Nothing): v isLocal: true hasGlobalType: false
mbDirectCall FAIL (entry Nothing): v1 isLocal: true hasGlobalType: false
mbDirectCall FAIL (entry Nothing): Accessor isLocal: true hasGlobalType: false
mbDirectCall FAIL (entry Nothing): Accessor isLocal: true hasGlobalType: false
mbDirectCall FAIL (entry Nothing): Accessor isLocal: true hasGlobalType: false
mbDirectCall FAIL (entry Nothing): Accessor isLocal: true hasGlobalType: false
mbDirectCall match: ordEither argsLen: 1 arity: 1
mbDirectCall FAIL (entry Nothing): Accessor isLocal: true hasGlobalType: false
mbDirectCall FAIL (entry Nothing): ordEither1 isLocal: true hasGlobalType: false
mbDirectCall FAIL (entry Nothing): Accessor isLocal: true hasGlobalType: false
mbDirectCall FAIL (entry Nothing): Accessor isLocal: true hasGlobalType: false
mbDirectCall FAIL (entry Nothing): f isLocal: true hasGlobalType: false
mbDirectCall FAIL (entry Nothing): Accessor isLocal: true hasGlobalType: false
mbDirectCall FAIL (entry Nothing): Accessor isLocal: true hasGlobalType: false
mbDirectCall FAIL (entry Nothing): f isLocal: true hasGlobalType: false
mbDirectCall FAIL (entry Nothing): Accessor isLocal: true hasGlobalType: false
mbDirectCall FAIL (entry Nothing): Accessor isLocal: true hasGlobalType: false
mbDirectCall FAIL (entry Nothing): Accessor isLocal: true hasGlobalType: false
mbDirectCall FAIL (entry Nothing): Accessor isLocal: true hasGlobalType: false
mbDirectCall FAIL (entry Nothing): Accessor isLocal: true hasGlobalType: false
mbDirectCall FAIL (entry Nothing): Accessor isLocal: true hasGlobalType: false
mbDirectCall FAIL (entry Nothing): Accessor isLocal: true hasGlobalType: false
mbDirectCall FAIL (entry Nothing): Accessor isLocal: true hasGlobalType: false
mbDirectCall FAIL (entry Nothing): Accessor isLocal: true hasGlobalType: false
mbDirectCall FAIL (entry Nothing): Accessor isLocal: true hasGlobalType: false
mbDirectCall FAIL (entry Nothing): Accessor isLocal: true hasGlobalType: false
mbDirectCall FAIL (entry Nothing): Accessor isLocal: true hasGlobalType: false
mbDirectCall FAIL (entry Nothing): Accessor isLocal: true hasGlobalType: false
mbDirectCall FAIL (entry Nothing): Accessor isLocal: true hasGlobalType: false
mbDirectCall FAIL (entry Nothing): Accessor isLocal: true hasGlobalType: false
mbDirectCall FAIL (entry Nothing): Accessor isLocal: true hasGlobalType: false
mbDirectCall FAIL (entry Nothing): Accessor isLocal: true hasGlobalType: false
mbDirectCall FAIL (entry Nothing): semiringTuple1 isLocal: true hasGlobalType: false
mbDirectCall FAIL (entry Nothing): Accessor isLocal: true hasGlobalType: false
mbDirectCall FAIL (entry Nothing): Accessor isLocal: true hasGlobalType: false
mbDirectCall FAIL (entry Nothing): Accessor isLocal: true hasGlobalType: false
mbDirectCall FAIL (entry Nothing): Accessor isLocal: true hasGlobalType: false
mbDirectCall FAIL (entry Nothing): Accessor isLocal: true hasGlobalType: false
mbDirectCall FAIL (entry Nothing): Accessor isLocal: true hasGlobalType: false
mbDirectCall FAIL (entry Nothing): Accessor isLocal: true hasGlobalType: false
mbDirectCall FAIL (entry Nothing): Accessor isLocal: true hasGlobalType: false
mbDirectCall FAIL (entry Nothing): Accessor isLocal: true hasGlobalType: false
mbDirectCall FAIL (entry Nothing): Accessor isLocal: true hasGlobalType: false
mbDirectCall FAIL (entry Nothing): Accessor isLocal: true hasGlobalType: false
mbDirectCall FAIL (entry Nothing): Accessor isLocal: true hasGlobalType: false
mbDirectCall FAIL (entry Nothing): Accessor isLocal: true hasGlobalType: false
mbDirectCall FAIL (entry Nothing): Accessor isLocal: true hasGlobalType: false
mbDirectCall FAIL (entry Nothing): Accessor isLocal: true hasGlobalType: false
mbDirectCall FAIL (entry Nothing): f isLocal: true hasGlobalType: false
mbDirectCall FAIL (entry Nothing): Accessor isLocal: true hasGlobalType: false
mbDirectCall FAIL (entry Nothing): Accessor isLocal: true hasGlobalType: false
mbDirectCall FAIL (entry Nothing): f isLocal: true hasGlobalType: false
mbDirectCall FAIL (entry Nothing): Accessor isLocal: true hasGlobalType: false
mbDirectCall FAIL (entry Nothing): f isLocal: true hasGlobalType: false
mbDirectCall FAIL (entry Nothing): f isLocal: true hasGlobalType: false
mbDirectCall FAIL (entry Nothing): Accessor isLocal: true hasGlobalType: false
mbDirectCall FAIL (entry Nothing): Accessor isLocal: true hasGlobalType: false
mbDirectCall FAIL (entry Nothing): Accessor isLocal: true hasGlobalType: false
mbDirectCall match: eqTuple argsLen: 1 arity: 2
mbDirectCall FAIL (entry Nothing): Accessor isLocal: true hasGlobalType: false
mbDirectCall FAIL (entry Nothing): eqTuple1 isLocal: true hasGlobalType: false
mbDirectCall FAIL (entry Nothing): Accessor isLocal: true hasGlobalType: false
mbDirectCall FAIL (entry Nothing): Accessor isLocal: true hasGlobalType: false
mbDirectCall FAIL (entry Nothing): Accessor isLocal: true hasGlobalType: false
mbDirectCall match: eqTuple argsLen: 2 arity: 2
mbDirectCall match: ordTuple argsLen: 1 arity: 1
mbDirectCall FAIL (entry Nothing): Accessor isLocal: true hasGlobalType: false
mbDirectCall match: eqTuple argsLen: 2 arity: 2
mbDirectCall FAIL (entry Nothing): ordTuple1 isLocal: true hasGlobalType: false
mbDirectCall FAIL (entry Nothing): f isLocal: true hasGlobalType: false
mbDirectCall match: ringTuple argsLen: 1 arity: 1
mbDirectCall FAIL (entry Nothing): Accessor isLocal: true hasGlobalType: false
mbDirectCall FAIL (entry Nothing): ringTuple1 isLocal: true hasGlobalType: false
mbDirectCall FAIL (entry Nothing): Accessor isLocal: true hasGlobalType: false
mbDirectCall match: ordTuple argsLen: 1 arity: 1
mbDirectCall FAIL (entry Nothing): Accessor isLocal: true hasGlobalType: false
mbDirectCall FAIL (entry Nothing): ordTuple1 isLocal: true hasGlobalType: false
mbDirectCall FAIL (entry Nothing): Accessor isLocal: true hasGlobalType: false
mbDirectCall match: heytingAlgebraTuple argsLen: 1 arity: 1
mbDirectCall FAIL (entry Nothing): Accessor isLocal: true hasGlobalType: false
mbDirectCall FAIL (entry Nothing): heytingAlgebraTuple1 isLocal: true hasGlobalType: false
mbDirectCall FAIL (entry Nothing): Accessor isLocal: true hasGlobalType: false
mbDirectCall FAIL (entry Nothing): Accessor isLocal: true hasGlobalType: false
mbDirectCall FAIL (entry Nothing): Accessor isLocal: true hasGlobalType: false
mbDirectCall match: applyTuple argsLen: 1 arity: 1
mbDirectCall FAIL (entry Nothing): f isLocal: true hasGlobalType: false
mbDirectCall FAIL (entry Nothing): Accessor isLocal: true hasGlobalType: false
mbDirectCall match: applyTuple argsLen: 1 arity: 1
mbDirectCall FAIL (entry Nothing): Accessor isLocal: true hasGlobalType: false
mbDirectCall match: Tuple argsLen: 1 arity: 0
mbDirectCall match: applicativeTuple argsLen: 1 arity: 1
mbDirectCall match: bindTuple argsLen: 1 arity: 1
mbDirectCall FAIL (entry Nothing): Accessor isLocal: true hasGlobalType: false
mbDirectCall FAIL (entry Nothing): Accessor isLocal: true hasGlobalType: false
mbDirectCall FAIL (entry Nothing): Accessor isLocal: true hasGlobalType: false
mbDirectCall FAIL (entry Nothing): Accessor isLocal: true hasGlobalType: false
mbDirectCall FAIL (entry Nothing): f isLocal: true hasGlobalType: false
mbDirectCall FAIL (entry Nothing): g isLocal: true hasGlobalType: false
mbDirectCall FAIL (entry Nothing): v isLocal: true hasGlobalType: false
mbDirectCall FAIL (entry Nothing): v1 isLocal: true hasGlobalType: false
mbDirectCall FAIL (entry Nothing): f isLocal: true hasGlobalType: false
mbDirectCall FAIL (entry Nothing): Accessor isLocal: true hasGlobalType: false
mbDirectCall FAIL (entry Nothing): Accessor isLocal: true hasGlobalType: false
mbDirectCall FAIL (entry Nothing): Accessor isLocal: true hasGlobalType: false
mbDirectCall FAIL (entry Nothing): f isLocal: true hasGlobalType: false
mbDirectCall FAIL (entry Nothing): Accessor isLocal: true hasGlobalType: false
mbDirectCall FAIL (entry Nothing): f isLocal: true hasGlobalType: false
mbDirectCall FAIL (entry Nothing): v isLocal: true hasGlobalType: false
mbDirectCall FAIL (entry Nothing): f isLocal: true hasGlobalType: false
mbDirectCall FAIL (entry Nothing): Accessor isLocal: true hasGlobalType: false
mbDirectCall FAIL (entry Nothing): modifyImpl isLocal: true hasGlobalType: true
mbDirectCall FAIL (entry Nothing): f isLocal: true hasGlobalType: false
mbDirectCall match: void argsLen: 1 arity: 0
mbDirectCall FAIL (entry Nothing): f isLocal: true hasGlobalType: false
mbDirectCall FAIL (entry Nothing): _crashWith isLocal: true hasGlobalType: true
mbDirectCall match: _crashWith argsLen: 1 arity: 1
mbDirectCall match: _crashWith argsLen: 1 arity: 1
mbDirectCall match: _crashWith argsLen: 1 arity: 1
mbDirectCall FAIL (entry Nothing): Accessor isLocal: true hasGlobalType: false
mbDirectCall FAIL (entry Nothing): Accessor isLocal: true hasGlobalType: false
mbDirectCall FAIL (entry Nothing): f isLocal: true hasGlobalType: false
mbDirectCall FAIL (entry Nothing): Accessor isLocal: true hasGlobalType: false
mbDirectCall FAIL (entry Nothing): f isLocal: true hasGlobalType: false
mbDirectCall FAIL (entry Nothing): Accessor isLocal: true hasGlobalType: false
mbDirectCall FAIL (entry Nothing): Accessor isLocal: true hasGlobalType: false
mbDirectCall FAIL (entry Nothing): Accessor isLocal: true hasGlobalType: false
mbDirectCall FAIL (entry Nothing): Accessor isLocal: true hasGlobalType: false
mbDirectCall FAIL (entry Nothing): Accessor isLocal: true hasGlobalType: false
mbDirectCall FAIL (entry Nothing): Accessor isLocal: true hasGlobalType: false
mbDirectCall FAIL (entry Nothing): Accessor isLocal: true hasGlobalType: false
mbDirectCall FAIL (entry Nothing): Accessor isLocal: true hasGlobalType: false
mbDirectCall FAIL (entry Nothing): Accessor isLocal: true hasGlobalType: false
mbDirectCall FAIL (entry Nothing): Accessor isLocal: true hasGlobalType: false
mbDirectCall FAIL (entry Nothing): Accessor isLocal: true hasGlobalType: false
mbDirectCall FAIL (entry Nothing): Accessor isLocal: true hasGlobalType: false
mbDirectCall FAIL (entry Nothing): Accessor isLocal: true hasGlobalType: false
mbDirectCall FAIL (entry Nothing): Accessor isLocal: true hasGlobalType: false
mbDirectCall FAIL (entry Nothing): f isLocal: true hasGlobalType: false
mbDirectCall FAIL (entry Nothing): go isLocal: true hasGlobalType: false
mbDirectCall FAIL (entry Nothing): f isLocal: true hasGlobalType: false
mbDirectCall FAIL (entry Nothing): f isLocal: true hasGlobalType: false
mbDirectCall FAIL (entry Nothing): go isLocal: true hasGlobalType: false
mbDirectCall FAIL (entry Nothing): f isLocal: true hasGlobalType: false
mbDirectCall FAIL (entry Nothing): f isLocal: true hasGlobalType: false
mbDirectCall FAIL (entry Nothing): go isLocal: true hasGlobalType: false
mbDirectCall FAIL (entry Nothing): f isLocal: true hasGlobalType: false
mbDirectCall FAIL (entry Nothing): f isLocal: true hasGlobalType: false
mbDirectCall FAIL (entry Nothing): go isLocal: true hasGlobalType: false
mbDirectCall FAIL (entry Nothing): f isLocal: true hasGlobalType: false
mbDirectCall FAIL (entry Nothing): f isLocal: true hasGlobalType: false
mbDirectCall FAIL (entry Nothing): go isLocal: true hasGlobalType: false
mbDirectCall FAIL (entry Nothing): f isLocal: true hasGlobalType: false
mbDirectCall FAIL (entry Nothing): f isLocal: true hasGlobalType: false
mbDirectCall FAIL (entry Nothing): go isLocal: true hasGlobalType: false
mbDirectCall FAIL (entry Nothing): f isLocal: true hasGlobalType: false
mbDirectCall FAIL (entry Nothing): f isLocal: true hasGlobalType: false
mbDirectCall FAIL (entry Nothing): go isLocal: true hasGlobalType: false
mbDirectCall FAIL (entry Nothing): f isLocal: true hasGlobalType: false
mbDirectCall FAIL (entry Nothing): f isLocal: true hasGlobalType: false
mbDirectCall FAIL (entry Nothing): go isLocal: true hasGlobalType: false
mbDirectCall FAIL (entry Nothing): f isLocal: true hasGlobalType: false
mbDirectCall FAIL (entry Nothing): Accessor isLocal: true hasGlobalType: false
mbDirectCall FAIL (entry Nothing): Accessor isLocal: true hasGlobalType: false
mbDirectCall FAIL (entry Nothing): f isLocal: true hasGlobalType: false
mbDirectCall match: discard argsLen: 2 arity: 0
mbDirectCall match: untilE argsLen: 1 arity: 1
mbDirectCall FAIL (entry Nothing): Accessor isLocal: true hasGlobalType: false
mbDirectCall FAIL (entry Nothing): Accessor isLocal: true hasGlobalType: false
mbDirectCall FAIL (entry Nothing): f isLocal: true hasGlobalType: false
mbDirectCall FAIL (entry Nothing): Accessor isLocal: true hasGlobalType: false
mbDirectCall FAIL (entry Nothing): Accessor isLocal: true hasGlobalType: false
mbDirectCall FAIL (entry Nothing): Accessor isLocal: true hasGlobalType: false
mbDirectCall FAIL (entry Nothing): Accessor isLocal: true hasGlobalType: false
mbDirectCall FAIL (entry Nothing): f isLocal: true hasGlobalType: false
mbDirectCall FAIL (entry Nothing): Accessor isLocal: true hasGlobalType: false
mbDirectCall FAIL (entry Nothing): Accessor isLocal: true hasGlobalType: false
mbDirectCall FAIL (entry Nothing): Accessor isLocal: true hasGlobalType: false
mbDirectCall FAIL (entry Nothing): Accessor isLocal: true hasGlobalType: false
mbDirectCall FAIL (entry Nothing): Accessor isLocal: true hasGlobalType: false
mbDirectCall FAIL (entry Nothing): Accessor isLocal: true hasGlobalType: false
mbDirectCall FAIL (entry Nothing): v isLocal: true hasGlobalType: false
mbDirectCall FAIL (entry Nothing): v1 isLocal: true hasGlobalType: false
mbDirectCall FAIL (entry Nothing): modifyImpl isLocal: true hasGlobalType: true
mbDirectCall FAIL (entry Nothing): f isLocal: true hasGlobalType: false
mbDirectCall FAIL (entry Nothing): Accessor isLocal: true hasGlobalType: false
mbDirectCall FAIL (entry Nothing): Accessor isLocal: true hasGlobalType: false
mbDirectCall FAIL (entry Nothing): Accessor isLocal: true hasGlobalType: false
mbDirectCall FAIL (entry Nothing): Accessor isLocal: true hasGlobalType: false
mbDirectCall FAIL (entry Nothing): Accessor isLocal: true hasGlobalType: false
mbDirectCall FAIL (entry Nothing): Accessor isLocal: true hasGlobalType: false
mbDirectCall FAIL (entry Nothing): f' isLocal: true hasGlobalType: false
mbDirectCall FAIL (entry Nothing): Accessor isLocal: true hasGlobalType: false
mbDirectCall FAIL (entry Nothing): Accessor isLocal: true hasGlobalType: false
mbDirectCall FAIL (entry Nothing): Accessor isLocal: true hasGlobalType: false
mbDirectCall FAIL (entry Nothing): Accessor isLocal: true hasGlobalType: false
mbDirectCall match: lift2 argsLen: 1 arity: 3
mbDirectCall FAIL (entry Nothing): Accessor isLocal: true hasGlobalType: false
mbDirectCall FAIL (entry Nothing): Accessor isLocal: true hasGlobalType: false
mbDirectCall FAIL (entry Nothing): f isLocal: true hasGlobalType: false
mbDirectCall match: discard argsLen: 2 arity: 0
mbDirectCall FAIL (entry Nothing): while isLocal: true hasGlobalType: true
mbDirectCall FAIL (entry Nothing): Accessor isLocal: true hasGlobalType: false
mbDirectCall FAIL (entry Nothing): Accessor isLocal: true hasGlobalType: false
mbDirectCall FAIL (entry Nothing): Accessor isLocal: true hasGlobalType: false
mbDirectCall FAIL (entry Nothing): f isLocal: true hasGlobalType: false
mbDirectCall match: void argsLen: 1 arity: 0
mbDirectCall FAIL (entry Nothing): Accessor isLocal: true hasGlobalType: false
mbDirectCall FAIL (entry Nothing): Accessor isLocal: true hasGlobalType: false
mbDirectCall match: lift2 argsLen: 1 arity: 3
mbDirectCall FAIL (entry Nothing): Accessor isLocal: true hasGlobalType: false
mbDirectCall FAIL (entry Nothing): Accessor isLocal: true hasGlobalType: false
mbDirectCall FAIL (entry Nothing): Accessor isLocal: true hasGlobalType: false
mbDirectCall FAIL (entry Nothing): Accessor isLocal: true hasGlobalType: false
mbDirectCall FAIL (entry Nothing): Accessor isLocal: true hasGlobalType: false
mbDirectCall FAIL (entry Nothing): Accessor isLocal: true hasGlobalType: false
mbDirectCall FAIL (entry Nothing): Accessor isLocal: true hasGlobalType: false
mbDirectCall FAIL (entry Nothing): Accessor isLocal: true hasGlobalType: false
mbDirectCall FAIL (entry Nothing): Accessor isLocal: true hasGlobalType: false
mbDirectCall FAIL (entry Nothing): Accessor isLocal: true hasGlobalType: false
mbDirectCall FAIL (entry Nothing): Accessor isLocal: true hasGlobalType: false
mbDirectCall FAIL (entry Nothing): Accessor isLocal: true hasGlobalType: false
mbDirectCall FAIL (entry Nothing): Accessor isLocal: true hasGlobalType: false
mbDirectCall FAIL (entry Nothing): Accessor isLocal: true hasGlobalType: false
mbDirectCall FAIL (entry Nothing): f isLocal: true hasGlobalType: false
mbDirectCall FAIL (entry Nothing): Accessor isLocal: true hasGlobalType: false
mbDirectCall FAIL (entry Nothing): eq11 isLocal: true hasGlobalType: false
mbDirectCall FAIL (entry Nothing): Accessor isLocal: true hasGlobalType: false
mbDirectCall FAIL (entry Nothing): Accessor isLocal: true hasGlobalType: false
mbDirectCall FAIL (entry Nothing): Accessor isLocal: true hasGlobalType: false
mbDirectCall FAIL (entry Nothing): Accessor isLocal: true hasGlobalType: false
mbDirectCall FAIL (entry Nothing): eq11 isLocal: true hasGlobalType: false
mbDirectCall FAIL (entry Nothing): compare11 isLocal: true hasGlobalType: false
mbDirectCall FAIL (entry Nothing): Accessor isLocal: true hasGlobalType: false
mbDirectCall FAIL (entry Nothing): Accessor isLocal: true hasGlobalType: false
mbDirectCall FAIL (entry Nothing): Accessor isLocal: true hasGlobalType: false
mbDirectCall FAIL (entry Nothing): Accessor isLocal: true hasGlobalType: false
mbDirectCall FAIL (entry Nothing): Accessor isLocal: true hasGlobalType: false
mbDirectCall FAIL (entry Nothing): Accessor isLocal: true hasGlobalType: false
mbDirectCall FAIL (entry Nothing): Accessor isLocal: true hasGlobalType: false
mbDirectCall FAIL (entry Nothing): eq11 isLocal: true hasGlobalType: false
mbDirectCall FAIL (entry Nothing): compare11 isLocal: true hasGlobalType: false
mbDirectCall FAIL (entry Nothing): Accessor isLocal: true hasGlobalType: false
mbDirectCall FAIL (entry Nothing): Accessor isLocal: true hasGlobalType: false
mbDirectCall FAIL (entry Nothing): Accessor isLocal: true hasGlobalType: false
mbDirectCall FAIL (entry Nothing): Accessor isLocal: true hasGlobalType: false
mbDirectCall FAIL (entry Nothing): Accessor isLocal: true hasGlobalType: false
mbDirectCall FAIL (entry Nothing): Accessor isLocal: true hasGlobalType: false
mbDirectCall FAIL (entry Nothing): Accessor isLocal: true hasGlobalType: false
mbDirectCall FAIL (entry Nothing): eq11 isLocal: true hasGlobalType: false
mbDirectCall FAIL (entry Nothing): eq11 isLocal: true hasGlobalType: false
mbDirectCall FAIL (entry Nothing): Accessor isLocal: true hasGlobalType: false
mbDirectCall FAIL (entry Nothing): Accessor isLocal: true hasGlobalType: false
mbDirectCall FAIL (entry Nothing): Accessor isLocal: true hasGlobalType: false
mbDirectCall FAIL (entry Nothing): Accessor isLocal: true hasGlobalType: false
mbDirectCall FAIL (entry Nothing): Accessor isLocal: true hasGlobalType: false
mbDirectCall FAIL (entry Nothing): Accessor isLocal: true hasGlobalType: false
mbDirectCall FAIL (entry Nothing): Accessor isLocal: true hasGlobalType: false
mbDirectCall FAIL (entry Nothing): eq11 isLocal: true hasGlobalType: false
mbDirectCall FAIL (entry Nothing): compare11 isLocal: true hasGlobalType: false
mbDirectCall FAIL (entry Nothing): Accessor isLocal: true hasGlobalType: false
mbDirectCall FAIL (entry Nothing): Accessor isLocal: true hasGlobalType: false
mbDirectCall FAIL (entry Nothing): Accessor isLocal: true hasGlobalType: false
mbDirectCall FAIL (entry Nothing): eq11 isLocal: true hasGlobalType: false
mbDirectCall FAIL (entry Nothing): eq11 isLocal: true hasGlobalType: false
mbDirectCall FAIL (entry Nothing): compare11 isLocal: true hasGlobalType: false
mbDirectCall FAIL (entry Nothing): Accessor isLocal: true hasGlobalType: false
mbDirectCall FAIL (entry Nothing): Accessor isLocal: true hasGlobalType: false
mbDirectCall FAIL (entry Nothing): eq11 isLocal: true hasGlobalType: false
mbDirectCall match: ordCompose argsLen: 1 arity: 1
mbDirectCall FAIL (entry Nothing): Accessor isLocal: true hasGlobalType: false
mbDirectCall FAIL (entry Nothing): ordCompose1 isLocal: true hasGlobalType: false
mbDirectCall FAIL (entry Nothing): Accessor isLocal: true hasGlobalType: false
mbDirectCall FAIL (entry Nothing): Accessor isLocal: true hasGlobalType: false
mbDirectCall FAIL (entry Nothing): Accessor isLocal: true hasGlobalType: false
mbDirectCall FAIL (entry Nothing): eq11 isLocal: true hasGlobalType: false
mbDirectCall FAIL (entry Nothing): ordCompose2 isLocal: true hasGlobalType: false
mbDirectCall FAIL (entry Nothing): natF isLocal: true hasGlobalType: false
mbDirectCall FAIL (entry Nothing): Accessor isLocal: true hasGlobalType: false
mbDirectCall FAIL (entry Nothing): Accessor isLocal: true hasGlobalType: false
mbDirectCall FAIL (entry Nothing): Accessor isLocal: true hasGlobalType: false
mbDirectCall FAIL (entry Nothing): Accessor isLocal: true hasGlobalType: false
mbDirectCall FAIL (entry Nothing): Accessor isLocal: true hasGlobalType: false
mbDirectCall FAIL (entry Nothing): Accessor isLocal: true hasGlobalType: false
mbDirectCall FAIL (entry Nothing): Accessor isLocal: true hasGlobalType: false
mbDirectCall FAIL (entry Nothing): Accessor isLocal: true hasGlobalType: false
mbDirectCall FAIL (entry Nothing): Accessor isLocal: true hasGlobalType: false
mbDirectCall FAIL (entry Nothing): Accessor isLocal: true hasGlobalType: false
mbDirectCall FAIL (entry Nothing): Accessor isLocal: true hasGlobalType: false
mbDirectCall FAIL (entry Nothing): Accessor isLocal: true hasGlobalType: false
mbDirectCall FAIL (entry Nothing): Accessor isLocal: true hasGlobalType: false
mbDirectCall FAIL (entry Nothing): Accessor isLocal: true hasGlobalType: false
mbDirectCall FAIL (entry Nothing): Accessor isLocal: true hasGlobalType: false
mbDirectCall FAIL (entry Nothing): Accessor isLocal: true hasGlobalType: false
mbDirectCall FAIL (entry Nothing): Accessor isLocal: true hasGlobalType: false
mbDirectCall FAIL (entry Nothing): Accessor isLocal: true hasGlobalType: false
mbDirectCall FAIL (entry Nothing): Accessor isLocal: true hasGlobalType: false
mbDirectCall FAIL (entry Nothing): Accessor isLocal: true hasGlobalType: false
mbDirectCall FAIL (entry Nothing): Accessor isLocal: true hasGlobalType: false
mbDirectCall FAIL (entry Nothing): Accessor isLocal: true hasGlobalType: false
mbDirectCall FAIL (entry Nothing): Accessor isLocal: true hasGlobalType: false
mbDirectCall FAIL (entry Nothing): Accessor isLocal: true hasGlobalType: false
mbDirectCall FAIL (entry Nothing): Accessor isLocal: true hasGlobalType: false
mbDirectCall FAIL (entry Nothing): Accessor isLocal: true hasGlobalType: false
mbDirectCall match: applicativeCompose argsLen: 1 arity: 1
mbDirectCall FAIL (entry Nothing): Accessor isLocal: true hasGlobalType: false
mbDirectCall FAIL (entry Nothing): Accessor isLocal: true hasGlobalType: false
mbDirectCall FAIL (entry Nothing): Accessor isLocal: true hasGlobalType: false
mbDirectCall FAIL (entry Nothing): Accessor isLocal: true hasGlobalType: false
mbDirectCall FAIL (entry Nothing): Accessor isLocal: true hasGlobalType: false
mbDirectCall FAIL (entry Nothing): Accessor isLocal: true hasGlobalType: false
mbDirectCall FAIL (entry Nothing): Accessor isLocal: true hasGlobalType: false
mbDirectCall FAIL (entry Nothing): applicativeCompose1 isLocal: true hasGlobalType: false
mbDirectCall FAIL (entry Nothing): plusCompose1 isLocal: true hasGlobalType: false
mbDirectCall FAIL (entry Nothing): Accessor isLocal: true hasGlobalType: false
mbDirectCall FAIL (entry Nothing): Accessor isLocal: true hasGlobalType: false
mbDirectCall FAIL (entry Nothing): Accessor isLocal: true hasGlobalType: false
mbDirectCall FAIL (entry Nothing): Accessor isLocal: true hasGlobalType: false
mbDirectCall FAIL (entry Nothing): Accessor isLocal: true hasGlobalType: false
mbDirectCall FAIL (entry Nothing): Accessor isLocal: true hasGlobalType: false
mbDirectCall FAIL (entry Nothing): Accessor isLocal: true hasGlobalType: false
mbDirectCall FAIL (entry Nothing): Accessor isLocal: true hasGlobalType: false
mbDirectCall FAIL (entry Nothing): Accessor isLocal: true hasGlobalType: false
mbDirectCall FAIL (entry Nothing): Accessor isLocal: true hasGlobalType: false
mbDirectCall FAIL (entry Nothing): Accessor isLocal: true hasGlobalType: false
mbDirectCall FAIL (entry Nothing): Accessor isLocal: true hasGlobalType: false
mbDirectCall FAIL (entry Nothing): Accessor isLocal: true hasGlobalType: false
mbDirectCall FAIL (entry Nothing): eq13 isLocal: true hasGlobalType: false
mbDirectCall FAIL (entry Nothing): eq12 isLocal: true hasGlobalType: false
mbDirectCall FAIL (entry Nothing): Accessor isLocal: true hasGlobalType: false
mbDirectCall FAIL (entry Nothing): Accessor isLocal: true hasGlobalType: false
mbDirectCall FAIL (entry Nothing): eq13 isLocal: true hasGlobalType: false
mbDirectCall FAIL (entry Nothing): eq12 isLocal: true hasGlobalType: false
mbDirectCall FAIL (entry Nothing): Accessor isLocal: true hasGlobalType: false
mbDirectCall FAIL (entry Nothing): Accessor isLocal: true hasGlobalType: false
mbDirectCall FAIL (entry Nothing): Accessor isLocal: true hasGlobalType: false
mbDirectCall FAIL (entry Nothing): Accessor isLocal: true hasGlobalType: false
mbDirectCall FAIL (entry Nothing): eq13 isLocal: true hasGlobalType: false
mbDirectCall FAIL (entry Nothing): eq12 isLocal: true hasGlobalType: false
mbDirectCall FAIL (entry Nothing): Accessor isLocal: true hasGlobalType: false
mbDirectCall FAIL (entry Nothing): Accessor isLocal: true hasGlobalType: false
mbDirectCall FAIL (entry Nothing): compare12 isLocal: true hasGlobalType: false
mbDirectCall FAIL (entry Nothing): compare13 isLocal: true hasGlobalType: false
mbDirectCall match: ord1Coproduct argsLen: 1 arity: 1
mbDirectCall FAIL (entry Nothing): Accessor isLocal: true hasGlobalType: false
mbDirectCall FAIL (entry Nothing): Accessor isLocal: true hasGlobalType: false
mbDirectCall FAIL (entry Nothing): Accessor isLocal: true hasGlobalType: false
mbDirectCall FAIL (entry Nothing): Accessor isLocal: true hasGlobalType: false
mbDirectCall FAIL (entry Nothing): Accessor isLocal: true hasGlobalType: false
mbDirectCall FAIL (entry Nothing): eq13 isLocal: true hasGlobalType: false
mbDirectCall FAIL (entry Nothing): eq12 isLocal: true hasGlobalType: false
mbDirectCall FAIL (entry Nothing): Accessor isLocal: true hasGlobalType: false
mbDirectCall FAIL (entry Nothing): ord1Coproduct1 isLocal: true hasGlobalType: false
mbDirectCall FAIL (entry Nothing): v isLocal: true hasGlobalType: false
mbDirectCall FAIL (entry Nothing): v1 isLocal: true hasGlobalType: false
mbDirectCall FAIL (entry Nothing): v isLocal: true hasGlobalType: false
mbDirectCall FAIL (entry Nothing): v1 isLocal: true hasGlobalType: false
mbDirectCall match: functorCoproduct argsLen: 1 arity: 2
mbDirectCall FAIL (entry Nothing): Accessor isLocal: true hasGlobalType: false
mbDirectCall FAIL (entry Nothing): functorCoproduct1 isLocal: true hasGlobalType: false
mbDirectCall FAIL (entry Nothing): Accessor isLocal: true hasGlobalType: false
mbDirectCall FAIL (entry Nothing): Accessor isLocal: true hasGlobalType: false
mbDirectCall FAIL (entry Nothing): f isLocal: true hasGlobalType: false
mbDirectCall FAIL (entry Nothing): Accessor isLocal: true hasGlobalType: false
mbDirectCall FAIL (entry Nothing): f isLocal: true hasGlobalType: false
mbDirectCall FAIL (entry Nothing): Local_Nothing isLocal: true hasGlobalType: false
mbDirectCall FAIL (entry Nothing): Local_Nothing isLocal: true hasGlobalType: false
mbDirectCall match: extendCoproduct argsLen: 1 arity: 1
mbDirectCall FAIL (entry Nothing): Accessor isLocal: true hasGlobalType: false
mbDirectCall FAIL (entry Nothing): extendCoproduct1 isLocal: true hasGlobalType: false
mbDirectCall FAIL (entry Nothing): Accessor isLocal: true hasGlobalType: false
mbDirectCall FAIL (entry Nothing): Accessor isLocal: true hasGlobalType: false
mbDirectCall FAIL (entry Nothing): Accessor isLocal: true hasGlobalType: false
mbDirectCall FAIL (entry Nothing): Accessor isLocal: true hasGlobalType: false
mbDirectCall FAIL (entry Nothing): Accessor isLocal: true hasGlobalType: false
mbDirectCall FAIL (entry Nothing): Accessor isLocal: true hasGlobalType: false
mbDirectCall FAIL (entry Nothing): Accessor isLocal: true hasGlobalType: false
mbDirectCall FAIL (entry Nothing): Accessor isLocal: true hasGlobalType: false
mbDirectCall FAIL (entry Nothing): Accessor isLocal: true hasGlobalType: false
mbDirectCall FAIL (entry Nothing): Accessor isLocal: true hasGlobalType: false
mbDirectCall FAIL (entry Nothing): Accessor isLocal: true hasGlobalType: false
mbDirectCall FAIL (entry Nothing): Accessor isLocal: true hasGlobalType: false
mbDirectCall FAIL (entry Nothing): Accessor isLocal: true hasGlobalType: false
mbDirectCall FAIL (entry Nothing): Accessor isLocal: true hasGlobalType: false
mbDirectCall FAIL (entry Nothing): Accessor isLocal: true hasGlobalType: false
mbDirectCall FAIL (entry Nothing): Accessor isLocal: true hasGlobalType: false
mbDirectCall FAIL (entry Nothing): eq12 isLocal: true hasGlobalType: false
mbDirectCall FAIL (entry Nothing): eq13 isLocal: true hasGlobalType: false
mbDirectCall FAIL (entry Nothing): Accessor isLocal: true hasGlobalType: false
mbDirectCall match: eq1Product argsLen: 2 arity: 2
mbDirectCall match: eq1Product argsLen: 1 arity: 2
mbDirectCall FAIL (entry Nothing): Accessor isLocal: true hasGlobalType: false
mbDirectCall FAIL (entry Nothing): eq1Product1 isLocal: true hasGlobalType: false
mbDirectCall FAIL (entry Nothing): Accessor isLocal: true hasGlobalType: false
mbDirectCall FAIL (entry Nothing): Accessor isLocal: true hasGlobalType: false
mbDirectCall FAIL (entry Nothing): Accessor isLocal: true hasGlobalType: false
mbDirectCall FAIL (entry Nothing): compare12 isLocal: true hasGlobalType: false
mbDirectCall FAIL (entry Nothing): compare13 isLocal: true hasGlobalType: false
mbDirectCall match: ord1Product argsLen: 1 arity: 1
mbDirectCall match: eqProduct argsLen: 1 arity: 3
mbDirectCall FAIL (entry Nothing): Accessor isLocal: true hasGlobalType: false
mbDirectCall FAIL (entry Nothing): eqProduct1 isLocal: true hasGlobalType: false
mbDirectCall FAIL (entry Nothing): Accessor isLocal: true hasGlobalType: false
mbDirectCall FAIL (entry Nothing): eqProduct2 isLocal: true hasGlobalType: false
mbDirectCall FAIL (entry Nothing): Accessor isLocal: true hasGlobalType: false
mbDirectCall FAIL (entry Nothing): Accessor isLocal: true hasGlobalType: false
mbDirectCall FAIL (entry Nothing): ord1Product1 isLocal: true hasGlobalType: false
mbDirectCall FAIL (entry Nothing): Accessor isLocal: true hasGlobalType: false
mbDirectCall match: functorProduct argsLen: 1 arity: 2
mbDirectCall FAIL (entry Nothing): Accessor isLocal: true hasGlobalType: false
mbDirectCall FAIL (entry Nothing): functorProduct1 isLocal: true hasGlobalType: false
mbDirectCall FAIL (entry Nothing): Accessor isLocal: true hasGlobalType: false
mbDirectCall FAIL (entry Nothing): Accessor isLocal: true hasGlobalType: false
mbDirectCall FAIL (entry Nothing): Accessor isLocal: true hasGlobalType: false
mbDirectCall match: applyProduct argsLen: 1 arity: 1
mbDirectCall FAIL (entry Nothing): Accessor isLocal: true hasGlobalType: false
mbDirectCall FAIL (entry Nothing): applyProduct1 isLocal: true hasGlobalType: false
mbDirectCall FAIL (entry Nothing): Accessor isLocal: true hasGlobalType: false
mbDirectCall FAIL (entry Nothing): Accessor isLocal: true hasGlobalType: false
mbDirectCall FAIL (entry Nothing): f isLocal: true hasGlobalType: false
mbDirectCall FAIL (entry Nothing): Accessor isLocal: true hasGlobalType: false
mbDirectCall FAIL (entry Nothing): f isLocal: true hasGlobalType: false
mbDirectCall match: applyProduct argsLen: 1 arity: 1
mbDirectCall FAIL (entry Nothing): Accessor isLocal: true hasGlobalType: false
mbDirectCall FAIL (entry Nothing): applyProduct1 isLocal: true hasGlobalType: false
mbDirectCall FAIL (entry Nothing): Accessor isLocal: true hasGlobalType: false
mbDirectCall FAIL (entry Nothing): Accessor isLocal: true hasGlobalType: false
mbDirectCall FAIL (entry Nothing): Accessor isLocal: true hasGlobalType: false
mbDirectCall match: applicativeProduct argsLen: 1 arity: 1
mbDirectCall FAIL (entry Nothing): Accessor isLocal: true hasGlobalType: false
mbDirectCall match: bindProduct argsLen: 1 arity: 1
mbDirectCall FAIL (entry Nothing): Accessor isLocal: true hasGlobalType: false
mbDirectCall FAIL (entry Nothing): applicativeProduct1 isLocal: true hasGlobalType: false
mbDirectCall FAIL (entry Nothing): Accessor isLocal: true hasGlobalType: false
mbDirectCall FAIL (entry Nothing): bindProduct1 isLocal: true hasGlobalType: false
mbDirectCall FAIL (entry Nothing): Accessor isLocal: true hasGlobalType: false
mbDirectCall FAIL (entry Nothing): Accessor isLocal: true hasGlobalType: false
mbDirectCall FAIL (entry Nothing): Accessor isLocal: true hasGlobalType: false
mbDirectCall FAIL (entry Nothing): Accessor isLocal: true hasGlobalType: false
mbDirectCall match: showMaybe argsLen: 1 arity: 1
mbDirectCall FAIL (entry Nothing): Accessor isLocal: true hasGlobalType: false
mbDirectCall FAIL (entry Nothing): Accessor isLocal: true hasGlobalType: false
mbDirectCall FAIL (entry Nothing): Accessor isLocal: true hasGlobalType: false
mbDirectCall FAIL (entry Nothing): Accessor isLocal: true hasGlobalType: false
mbDirectCall match: boundedMaybe argsLen: 1 arity: 1
mbDirectCall FAIL (entry Nothing): Accessor isLocal: true hasGlobalType: false
mbDirectCall FAIL (entry Nothing): Accessor isLocal: true hasGlobalType: false
mbDirectCall FAIL (entry Nothing): Accessor isLocal: true hasGlobalType: false
mbDirectCall match: showMaybe argsLen: 1 arity: 1
mbDirectCall FAIL (entry Nothing): Accessor isLocal: true hasGlobalType: false
mbDirectCall FAIL (entry Nothing): Accessor isLocal: true hasGlobalType: false
mbDirectCall FAIL (entry Nothing): Accessor isLocal: true hasGlobalType: false
mbDirectCall FAIL (entry Nothing): Accessor isLocal: true hasGlobalType: false
mbDirectCall match: boundedMaybe argsLen: 1 arity: 1
mbDirectCall FAIL (entry Nothing): Accessor isLocal: true hasGlobalType: false
mbDirectCall FAIL (entry Nothing): Accessor isLocal: true hasGlobalType: false
mbDirectCall FAIL (entry Nothing): Accessor isLocal: true hasGlobalType: false
mbDirectCall FAIL (entry Nothing): Local_Nothing isLocal: true hasGlobalType: false
mbDirectCall FAIL (entry Nothing): Accessor isLocal: true hasGlobalType: false
mbDirectCall FAIL (entry Nothing): Accessor isLocal: true hasGlobalType: false
mbDirectCall FAIL (entry Nothing): Accessor isLocal: true hasGlobalType: false
mbDirectCall FAIL (entry Nothing): Accessor isLocal: true hasGlobalType: false
mbDirectCall FAIL (entry Nothing): Accessor isLocal: true hasGlobalType: false
mbDirectCall FAIL (entry Nothing): Accessor isLocal: true hasGlobalType: false
mbDirectCall FAIL (entry Nothing): f isLocal: true hasGlobalType: false
mbDirectCall FAIL (entry Nothing): Accessor isLocal: true hasGlobalType: false
mbDirectCall FAIL (entry Nothing): Accessor isLocal: true hasGlobalType: false
mbDirectCall FAIL (entry Nothing): f isLocal: true hasGlobalType: false
mbDirectCall FAIL (entry Nothing): Accessor isLocal: true hasGlobalType: false
mbDirectCall FAIL (entry Nothing): Accessor isLocal: true hasGlobalType: false
mbDirectCall FAIL (entry Nothing): Accessor isLocal: true hasGlobalType: false
mbDirectCall FAIL (entry Nothing): Accessor isLocal: true hasGlobalType: false
mbDirectCall match: traverse_ argsLen: 1 arity: 1
mbDirectCall FAIL (entry Nothing): traverse_1 isLocal: true hasGlobalType: false
mbDirectCall FAIL (entry Nothing): Local_Nothing isLocal: true hasGlobalType: false
mbDirectCall match: traverse_ argsLen: 1 arity: 1
mbDirectCall FAIL (entry Nothing): traverse_1 isLocal: true hasGlobalType: false
mbDirectCall FAIL (entry Nothing): Accessor isLocal: true hasGlobalType: false
mbDirectCall FAIL (entry Nothing): Local_Nothing isLocal: true hasGlobalType: false
mbDirectCall FAIL (entry Nothing): Accessor isLocal: true hasGlobalType: false
mbDirectCall FAIL (entry Nothing): Accessor isLocal: true hasGlobalType: false
mbDirectCall FAIL (entry Nothing): Accessor isLocal: true hasGlobalType: false
mbDirectCall FAIL (entry Nothing): Accessor isLocal: true hasGlobalType: false
mbDirectCall FAIL (entry Nothing): Accessor isLocal: true hasGlobalType: false
mbDirectCall FAIL (entry Nothing): Accessor isLocal: true hasGlobalType: false
mbDirectCall FAIL (entry Nothing): Accessor isLocal: true hasGlobalType: false
mbDirectCall FAIL (entry Nothing): Accessor isLocal: true hasGlobalType: false
mbDirectCall FAIL (entry Nothing): cmp isLocal: true hasGlobalType: false
mbDirectCall match: maximumBy argsLen: 2 arity: 2
mbDirectCall FAIL (entry Nothing): Accessor isLocal: true hasGlobalType: false
mbDirectCall FAIL (entry Nothing): Accessor isLocal: true hasGlobalType: false
mbDirectCall FAIL (entry Nothing): cmp isLocal: true hasGlobalType: false
mbDirectCall match: minimumBy argsLen: 2 arity: 2
mbDirectCall FAIL (entry Nothing): Accessor isLocal: true hasGlobalType: false
mbDirectCall FAIL (entry Nothing): Accessor isLocal: true hasGlobalType: false
mbDirectCall FAIL (entry Nothing): f isLocal: true hasGlobalType: false
mbDirectCall FAIL (entry Nothing): f isLocal: true hasGlobalType: false
mbDirectCall FAIL (entry Nothing): f isLocal: true hasGlobalType: false
mbDirectCall FAIL (entry Nothing): f isLocal: true hasGlobalType: false
mbDirectCall FAIL (entry Nothing): f isLocal: true hasGlobalType: false
mbDirectCall FAIL (entry Nothing): f isLocal: true hasGlobalType: false
mbDirectCall FAIL (entry Nothing): v isLocal: true hasGlobalType: false
mbDirectCall FAIL (entry Nothing): v isLocal: true hasGlobalType: false
mbDirectCall FAIL (entry Nothing): v isLocal: true hasGlobalType: false
mbDirectCall FAIL (entry Nothing): f isLocal: true hasGlobalType: false
mbDirectCall FAIL (entry Nothing): f isLocal: true hasGlobalType: false
mbDirectCall FAIL (entry Nothing): f isLocal: true hasGlobalType: false
mbDirectCall FAIL (entry Nothing): v isLocal: true hasGlobalType: false
mbDirectCall FAIL (entry Nothing): v isLocal: true hasGlobalType: false
mbDirectCall FAIL (entry Nothing): v isLocal: true hasGlobalType: false
mbDirectCall FAIL (entry Nothing): f isLocal: true hasGlobalType: false
mbDirectCall FAIL (entry Nothing): f isLocal: true hasGlobalType: false
mbDirectCall FAIL (entry Nothing): f isLocal: true hasGlobalType: false
mbDirectCall FAIL (entry Nothing): f isLocal: true hasGlobalType: false
mbDirectCall FAIL (entry Nothing): f isLocal: true hasGlobalType: false
mbDirectCall FAIL (entry Nothing): f isLocal: true hasGlobalType: false
mbDirectCall FAIL (entry Nothing): f isLocal: true hasGlobalType: false
mbDirectCall FAIL (entry Nothing): f isLocal: true hasGlobalType: false
mbDirectCall FAIL (entry Nothing): f isLocal: true hasGlobalType: false
mbDirectCall FAIL (entry Nothing): f isLocal: true hasGlobalType: false
mbDirectCall FAIL (entry Nothing): f isLocal: true hasGlobalType: false
mbDirectCall FAIL (entry Nothing): f isLocal: true hasGlobalType: false
mbDirectCall FAIL (entry Nothing): Accessor isLocal: true hasGlobalType: false
mbDirectCall FAIL (entry Nothing): Accessor isLocal: true hasGlobalType: false
mbDirectCall FAIL (entry Nothing): Accessor isLocal: true hasGlobalType: false
mbDirectCall FAIL (entry Nothing): f isLocal: true hasGlobalType: false
mbDirectCall FAIL (entry Nothing): Accessor isLocal: true hasGlobalType: false
mbDirectCall FAIL (entry Nothing): Accessor isLocal: true hasGlobalType: false
mbDirectCall FAIL (entry Nothing): Accessor isLocal: true hasGlobalType: false
mbDirectCall FAIL (entry Nothing): f isLocal: true hasGlobalType: false
mbDirectCall FAIL (entry Nothing): Accessor isLocal: true hasGlobalType: false
mbDirectCall FAIL (entry Nothing): Accessor isLocal: true hasGlobalType: false
mbDirectCall FAIL (entry Nothing): Accessor isLocal: true hasGlobalType: false
mbDirectCall FAIL (entry Nothing): f isLocal: true hasGlobalType: false
mbDirectCall FAIL (entry Nothing): fn isLocal: true hasGlobalType: false
mbDirectCall FAIL (entry Nothing): go isLocal: true hasGlobalType: false
mbDirectCall FAIL (entry Nothing): fn isLocal: true hasGlobalType: false
mbDirectCall FAIL (entry Nothing): go isLocal: true hasGlobalType: false
mbDirectCall FAIL (entry Nothing): Accessor isLocal: true hasGlobalType: false
mbDirectCall FAIL (entry Nothing): Accessor isLocal: true hasGlobalType: false
mbDirectCall FAIL (entry Nothing): Accessor isLocal: true hasGlobalType: false
mbDirectCall FAIL (entry Nothing): f isLocal: true hasGlobalType: false
mbDirectCall FAIL (entry Nothing): Accessor isLocal: true hasGlobalType: false
mbDirectCall FAIL (entry Nothing): Accessor isLocal: true hasGlobalType: false
mbDirectCall FAIL (entry Nothing): Accessor isLocal: true hasGlobalType: false
mbDirectCall FAIL (entry Nothing): Accessor isLocal: true hasGlobalType: false
mbDirectCall FAIL (entry Nothing): Accessor isLocal: true hasGlobalType: false
mbDirectCall FAIL (entry Nothing): foldMap4 isLocal: true hasGlobalType: false
mbDirectCall FAIL (entry Nothing): foldMap5 isLocal: true hasGlobalType: false
mbDirectCall FAIL (entry Nothing): Accessor isLocal: true hasGlobalType: false
mbDirectCall FAIL (entry Nothing): Accessor isLocal: true hasGlobalType: false
mbDirectCall FAIL (entry Nothing): Accessor isLocal: true hasGlobalType: false
mbDirectCall FAIL (entry Nothing): Accessor isLocal: true hasGlobalType: false
mbDirectCall FAIL (entry Nothing): Local_Nothing isLocal: true hasGlobalType: false
mbDirectCall FAIL (entry Nothing): Accessor isLocal: true hasGlobalType: false
mbDirectCall FAIL (entry Nothing): Accessor isLocal: true hasGlobalType: false
mbDirectCall FAIL (entry Nothing): foldMap4 isLocal: true hasGlobalType: false
mbDirectCall FAIL (entry Nothing): foldMap5 isLocal: true hasGlobalType: false
mbDirectCall FAIL (entry Nothing): Local_Nothing isLocal: true hasGlobalType: false
mbDirectCall FAIL (entry Nothing): Local_Nothing isLocal: true hasGlobalType: false
mbDirectCall FAIL (entry Nothing): Accessor isLocal: true hasGlobalType: false
mbDirectCall FAIL (entry Nothing): Accessor isLocal: true hasGlobalType: false
mbDirectCall FAIL (entry Nothing): Local_Nothing isLocal: true hasGlobalType: false
mbDirectCall FAIL (entry Nothing): Local_Nothing isLocal: true hasGlobalType: false
mbDirectCall FAIL (entry Nothing): Accessor isLocal: true hasGlobalType: false
mbDirectCall FAIL (entry Nothing): Accessor isLocal: true hasGlobalType: false
mbDirectCall FAIL (entry Nothing): Local_Nothing isLocal: true hasGlobalType: false
mbDirectCall FAIL (entry Nothing): Local_Nothing isLocal: true hasGlobalType: false
mbDirectCall FAIL (entry Nothing): Accessor isLocal: true hasGlobalType: false
mbDirectCall FAIL (entry Nothing): Accessor isLocal: true hasGlobalType: false
mbDirectCall FAIL (entry Nothing): Accessor isLocal: true hasGlobalType: false
mbDirectCall FAIL (entry Nothing): Accessor isLocal: true hasGlobalType: false
mbDirectCall FAIL (entry Nothing): Accessor isLocal: true hasGlobalType: false
mbDirectCall FAIL (entry Nothing): Accessor isLocal: true hasGlobalType: false
mbDirectCall FAIL (entry Nothing): Accessor isLocal: true hasGlobalType: false
mbDirectCall FAIL (entry Nothing): Accessor isLocal: true hasGlobalType: false
mbDirectCall FAIL (entry Nothing): Accessor isLocal: true hasGlobalType: false
mbDirectCall FAIL (entry Nothing): Accessor isLocal: true hasGlobalType: false
mbDirectCall FAIL (entry Nothing): foldMap4 isLocal: true hasGlobalType: false
mbDirectCall FAIL (entry Nothing): foldMap5 isLocal: true hasGlobalType: false
mbDirectCall FAIL (entry Nothing): Accessor isLocal: true hasGlobalType: false
mbDirectCall FAIL (entry Nothing): Accessor isLocal: true hasGlobalType: false
mbDirectCall FAIL (entry Nothing): Accessor isLocal: true hasGlobalType: false
mbDirectCall FAIL (entry Nothing): Accessor isLocal: true hasGlobalType: false
mbDirectCall FAIL (entry Nothing): Accessor isLocal: true hasGlobalType: false
mbDirectCall FAIL (entry Nothing): Accessor isLocal: true hasGlobalType: false
mbDirectCall FAIL (entry Nothing): foldMap2 isLocal: true hasGlobalType: false
mbDirectCall FAIL (entry Nothing): Accessor isLocal: true hasGlobalType: false
mbDirectCall FAIL (entry Nothing): Accessor isLocal: true hasGlobalType: false
mbDirectCall FAIL (entry Nothing): foldMap2 isLocal: true hasGlobalType: false
mbDirectCall FAIL (entry Nothing): Accessor isLocal: true hasGlobalType: false
mbDirectCall FAIL (entry Nothing): Accessor isLocal: true hasGlobalType: false
mbDirectCall FAIL (entry Nothing): foldMap2 isLocal: true hasGlobalType: false
mbDirectCall FAIL (entry Nothing): Accessor isLocal: true hasGlobalType: false
mbDirectCall FAIL (entry Nothing): foldMap2 isLocal: true hasGlobalType: false
mbDirectCall FAIL (entry Nothing): Accessor isLocal: true hasGlobalType: false
mbDirectCall FAIL (entry Nothing): Accessor isLocal: true hasGlobalType: false
mbDirectCall FAIL (entry Nothing): foldMap2 isLocal: true hasGlobalType: false
mbDirectCall FAIL (entry Nothing): Accessor isLocal: true hasGlobalType: false
mbDirectCall FAIL (entry Nothing): Accessor isLocal: true hasGlobalType: false
mbDirectCall FAIL (entry Nothing): t isLocal: true hasGlobalType: false
mbDirectCall match: surroundMap argsLen: 1 arity: 1
mbDirectCall FAIL (entry Nothing): surroundMap1 isLocal: true hasGlobalType: false
mbDirectCall FAIL (entry Nothing): surroundMap2 isLocal: true hasGlobalType: false
mbDirectCall FAIL (entry Nothing): Accessor isLocal: true hasGlobalType: false
mbDirectCall FAIL (entry Nothing): Accessor isLocal: true hasGlobalType: false
mbDirectCall FAIL (entry Nothing): Accessor isLocal: true hasGlobalType: false
mbDirectCall FAIL (entry Nothing): f isLocal: true hasGlobalType: false
mbDirectCall FAIL (entry Nothing): Accessor isLocal: true hasGlobalType: false
mbDirectCall FAIL (entry Nothing): Accessor isLocal: true hasGlobalType: false
mbDirectCall FAIL (entry Nothing): Accessor isLocal: true hasGlobalType: false
mbDirectCall FAIL (entry Nothing): Accessor isLocal: true hasGlobalType: false
mbDirectCall FAIL (entry Nothing): p isLocal: true hasGlobalType: false
mbDirectCall FAIL (entry Nothing): Accessor isLocal: true hasGlobalType: false
mbDirectCall FAIL (entry Nothing): p isLocal: true hasGlobalType: false
mbDirectCall FAIL (entry Nothing): Accessor isLocal: true hasGlobalType: false
mbDirectCall FAIL (entry Nothing): Accessor isLocal: true hasGlobalType: false
mbDirectCall FAIL (entry Nothing): Accessor isLocal: true hasGlobalType: false
mbDirectCall FAIL (entry Nothing): Accessor isLocal: true hasGlobalType: false
mbDirectCall FAIL (entry Nothing): any1 isLocal: true hasGlobalType: false
mbDirectCall FAIL (entry Nothing): Accessor isLocal: true hasGlobalType: false
mbDirectCall match: elem argsLen: 1 arity: 1
mbDirectCall FAIL (entry Nothing): elem1 isLocal: true hasGlobalType: false
mbDirectCall FAIL (entry Nothing): elem2 isLocal: true hasGlobalType: false
mbDirectCall FAIL (entry Nothing): Accessor isLocal: true hasGlobalType: false
mbDirectCall FAIL (entry Nothing): Local_Nothing isLocal: true hasGlobalType: false
mbDirectCall FAIL (entry Nothing): Accessor isLocal: true hasGlobalType: false
mbDirectCall FAIL (entry Nothing): Accessor isLocal: true hasGlobalType: false
mbDirectCall FAIL (entry Nothing): Accessor isLocal: true hasGlobalType: false
mbDirectCall FAIL (entry Nothing): Accessor isLocal: true hasGlobalType: false
mbDirectCall FAIL (entry Nothing): Accessor isLocal: true hasGlobalType: false
mbDirectCall FAIL (entry Nothing): Accessor isLocal: true hasGlobalType: false
mbDirectCall FAIL (entry Nothing): Accessor isLocal: true hasGlobalType: false
mbDirectCall FAIL (entry Nothing): Accessor isLocal: true hasGlobalType: false
mbDirectCall FAIL (entry Nothing): f isLocal: true hasGlobalType: false
mbDirectCall match: functorProduct argsLen: 1 arity: 2
mbDirectCall FAIL (entry Nothing): Accessor isLocal: true hasGlobalType: false
mbDirectCall FAIL (entry Nothing): functorProduct isLocal: true hasGlobalType: false
mbDirectCall FAIL (entry Nothing): Accessor isLocal: true hasGlobalType: false
mbDirectCall FAIL (entry Nothing): Accessor isLocal: true hasGlobalType: false
mbDirectCall FAIL (entry Nothing): Accessor isLocal: true hasGlobalType: false
mbDirectCall FAIL (entry Nothing): f isLocal: true hasGlobalType: false
mbDirectCall FAIL (entry Nothing): Accessor isLocal: true hasGlobalType: false
mbDirectCall FAIL (entry Nothing): f isLocal: true hasGlobalType: false
mbDirectCall FAIL (entry Nothing): Accessor isLocal: true hasGlobalType: false
mbDirectCall FAIL (entry Nothing): f isLocal: true hasGlobalType: false
mbDirectCall FAIL (entry Nothing): Accessor isLocal: true hasGlobalType: false
mbDirectCall FAIL (entry Nothing): f isLocal: true hasGlobalType: false
mbDirectCall FAIL (entry Nothing): Accessor isLocal: true hasGlobalType: false
mbDirectCall FAIL (entry Nothing): f isLocal: true hasGlobalType: false
mbDirectCall FAIL (entry Nothing): f isLocal: true hasGlobalType: false
mbDirectCall FAIL (entry Nothing): Accessor isLocal: true hasGlobalType: false
mbDirectCall FAIL (entry Nothing): f isLocal: true hasGlobalType: false
mbDirectCall FAIL (entry Nothing): Accessor isLocal: true hasGlobalType: false
mbDirectCall FAIL (entry Nothing): f isLocal: true hasGlobalType: false
mbDirectCall FAIL (entry Nothing): Accessor isLocal: true hasGlobalType: false
mbDirectCall FAIL (entry Nothing): f isLocal: true hasGlobalType: false
mbDirectCall FAIL (entry Nothing): Accessor isLocal: true hasGlobalType: false
mbDirectCall FAIL (entry Nothing): f isLocal: true hasGlobalType: false
mbDirectCall match: functorCoproduct argsLen: 1 arity: 2
mbDirectCall FAIL (entry Nothing): Accessor isLocal: true hasGlobalType: false
mbDirectCall FAIL (entry Nothing): functorCoproduct isLocal: true hasGlobalType: false
mbDirectCall FAIL (entry Nothing): Accessor isLocal: true hasGlobalType: false
mbDirectCall FAIL (entry Nothing): Accessor isLocal: true hasGlobalType: false
mbDirectCall FAIL (entry Nothing): Accessor isLocal: true hasGlobalType: false
mbDirectCall FAIL (entry Nothing): f isLocal: true hasGlobalType: false
mbDirectCall FAIL (entry Nothing): Accessor isLocal: true hasGlobalType: false
mbDirectCall FAIL (entry Nothing): f isLocal: true hasGlobalType: false
mbDirectCall FAIL (entry Nothing): Accessor isLocal: true hasGlobalType: false
mbDirectCall FAIL (entry Nothing): f isLocal: true hasGlobalType: false
mbDirectCall FAIL (entry Nothing): Accessor isLocal: true hasGlobalType: false
mbDirectCall FAIL (entry Nothing): Accessor isLocal: true hasGlobalType: false
mbDirectCall FAIL (entry Nothing): Accessor isLocal: true hasGlobalType: false
mbDirectCall FAIL (entry Nothing): Accessor isLocal: true hasGlobalType: false
mbDirectCall FAIL (entry Nothing): Accessor isLocal: true hasGlobalType: false
mbDirectCall FAIL (entry Nothing): Accessor isLocal: true hasGlobalType: false
mbDirectCall FAIL (entry Nothing): f isLocal: true hasGlobalType: false
mbDirectCall FAIL (entry Nothing): Accessor isLocal: true hasGlobalType: false
mbDirectCall FAIL (entry Nothing): Accessor isLocal: true hasGlobalType: false
mbDirectCall FAIL (entry Nothing): Accessor isLocal: true hasGlobalType: false
mbDirectCall FAIL (entry Nothing): f isLocal: true hasGlobalType: false
mbDirectCall FAIL (entry Nothing): Accessor isLocal: true hasGlobalType: false
mbDirectCall FAIL (entry Nothing): Accessor isLocal: true hasGlobalType: false
mbDirectCall FAIL (entry Nothing): Accessor isLocal: true hasGlobalType: false
mbDirectCall FAIL (entry Nothing): Accessor isLocal: true hasGlobalType: false
mbDirectCall FAIL (entry Nothing): Accessor isLocal: true hasGlobalType: false
mbDirectCall FAIL (entry Nothing): Accessor isLocal: true hasGlobalType: false
mbDirectCall FAIL (entry Nothing): f isLocal: true hasGlobalType: false
mbDirectCall FAIL (entry Nothing): Local_Nothing isLocal: true hasGlobalType: false
mbDirectCall FAIL (entry Nothing): Accessor isLocal: true hasGlobalType: false
mbDirectCall FAIL (entry Nothing): Accessor isLocal: true hasGlobalType: false
mbDirectCall FAIL (entry Nothing): Accessor isLocal: true hasGlobalType: false
mbDirectCall FAIL (entry Nothing): Accessor isLocal: true hasGlobalType: false
mbDirectCall match: traverseWithIndex_ argsLen: 1 arity: 1
mbDirectCall FAIL (entry Nothing): traverseWithIndex_1 isLocal: true hasGlobalType: false
mbDirectCall FAIL (entry Nothing): Local_Nothing isLocal: true hasGlobalType: false
mbDirectCall FAIL (entry Nothing): Accessor isLocal: true hasGlobalType: false
mbDirectCall FAIL (entry Nothing): Accessor isLocal: true hasGlobalType: false
mbDirectCall FAIL (entry Nothing): f isLocal: true hasGlobalType: false
mbDirectCall FAIL (entry Nothing): f isLocal: true hasGlobalType: false
mbDirectCall FAIL (entry Nothing): f isLocal: true hasGlobalType: false
mbDirectCall FAIL (entry Nothing): Accessor isLocal: true hasGlobalType: false
mbDirectCall FAIL (entry Nothing): foldMap8 isLocal: true hasGlobalType: false
mbDirectCall FAIL (entry Nothing): f isLocal: true hasGlobalType: false
mbDirectCall FAIL (entry Nothing): Accessor isLocal: true hasGlobalType: false
mbDirectCall FAIL (entry Nothing): f isLocal: true hasGlobalType: false
mbDirectCall FAIL (entry Nothing): Accessor isLocal: true hasGlobalType: false
mbDirectCall FAIL (entry Nothing): f isLocal: true hasGlobalType: false
mbDirectCall FAIL (entry Nothing): Accessor isLocal: true hasGlobalType: false
mbDirectCall FAIL (entry Nothing): foldMap8 isLocal: true hasGlobalType: false
mbDirectCall FAIL (entry Nothing): f isLocal: true hasGlobalType: false
mbDirectCall FAIL (entry Nothing): Accessor isLocal: true hasGlobalType: false
mbDirectCall FAIL (entry Nothing): f isLocal: true hasGlobalType: false
mbDirectCall FAIL (entry Nothing): Accessor isLocal: true hasGlobalType: false
mbDirectCall FAIL (entry Nothing): f isLocal: true hasGlobalType: false
mbDirectCall FAIL (entry Nothing): Accessor isLocal: true hasGlobalType: false
mbDirectCall FAIL (entry Nothing): foldMap8 isLocal: true hasGlobalType: false
mbDirectCall FAIL (entry Nothing): f isLocal: true hasGlobalType: false
mbDirectCall FAIL (entry Nothing): Accessor isLocal: true hasGlobalType: false
mbDirectCall FAIL (entry Nothing): f isLocal: true hasGlobalType: false
mbDirectCall FAIL (entry Nothing): Accessor isLocal: true hasGlobalType: false
mbDirectCall FAIL (entry Nothing): f isLocal: true hasGlobalType: false
mbDirectCall FAIL (entry Nothing): f isLocal: true hasGlobalType: false
mbDirectCall FAIL (entry Nothing): f isLocal: true hasGlobalType: false
mbDirectCall FAIL (entry Nothing): f isLocal: true hasGlobalType: false
mbDirectCall FAIL (entry Nothing): Accessor isLocal: true hasGlobalType: false
mbDirectCall FAIL (entry Nothing): foldMap8 isLocal: true hasGlobalType: false
mbDirectCall FAIL (entry Nothing): f isLocal: true hasGlobalType: false
mbDirectCall FAIL (entry Nothing): Accessor isLocal: true hasGlobalType: false
mbDirectCall FAIL (entry Nothing): f isLocal: true hasGlobalType: false
mbDirectCall FAIL (entry Nothing): Accessor isLocal: true hasGlobalType: false
mbDirectCall FAIL (entry Nothing): f isLocal: true hasGlobalType: false
mbDirectCall FAIL (entry Nothing): v isLocal: true hasGlobalType: false
mbDirectCall FAIL (entry Nothing): v isLocal: true hasGlobalType: false
mbDirectCall FAIL (entry Nothing): v isLocal: true hasGlobalType: false
mbDirectCall FAIL (entry Nothing): Accessor isLocal: true hasGlobalType: false
mbDirectCall FAIL (entry Nothing): foldMap8 isLocal: true hasGlobalType: false
mbDirectCall FAIL (entry Nothing): f isLocal: true hasGlobalType: false
mbDirectCall FAIL (entry Nothing): Accessor isLocal: true hasGlobalType: false
mbDirectCall FAIL (entry Nothing): f isLocal: true hasGlobalType: false
mbDirectCall FAIL (entry Nothing): Accessor isLocal: true hasGlobalType: false
mbDirectCall FAIL (entry Nothing): f isLocal: true hasGlobalType: false
mbDirectCall FAIL (entry Nothing): Accessor isLocal: true hasGlobalType: false
mbDirectCall FAIL (entry Nothing): foldMap8 isLocal: true hasGlobalType: false
mbDirectCall FAIL (entry Nothing): f isLocal: true hasGlobalType: false
mbDirectCall FAIL (entry Nothing): Accessor isLocal: true hasGlobalType: false
mbDirectCall FAIL (entry Nothing): f isLocal: true hasGlobalType: false
mbDirectCall FAIL (entry Nothing): Accessor isLocal: true hasGlobalType: false
mbDirectCall FAIL (entry Nothing): f isLocal: true hasGlobalType: false
mbDirectCall FAIL (entry Nothing): Accessor isLocal: true hasGlobalType: false
mbDirectCall FAIL (entry Nothing): foldMap8 isLocal: true hasGlobalType: false
mbDirectCall FAIL (entry Nothing): f isLocal: true hasGlobalType: false
mbDirectCall FAIL (entry Nothing): Accessor isLocal: true hasGlobalType: false
mbDirectCall FAIL (entry Nothing): f isLocal: true hasGlobalType: false
mbDirectCall FAIL (entry Nothing): Accessor isLocal: true hasGlobalType: false
mbDirectCall FAIL (entry Nothing): f isLocal: true hasGlobalType: false
mbDirectCall FAIL (entry Nothing): Accessor isLocal: true hasGlobalType: false
mbDirectCall FAIL (entry Nothing): foldMap8 isLocal: true hasGlobalType: false
mbDirectCall FAIL (entry Nothing): f isLocal: true hasGlobalType: false
mbDirectCall FAIL (entry Nothing): Accessor isLocal: true hasGlobalType: false
mbDirectCall FAIL (entry Nothing): f isLocal: true hasGlobalType: false
mbDirectCall FAIL (entry Nothing): Accessor isLocal: true hasGlobalType: false
mbDirectCall FAIL (entry Nothing): f isLocal: true hasGlobalType: false
mbDirectCall FAIL (entry Nothing): Accessor isLocal: true hasGlobalType: false
mbDirectCall FAIL (entry Nothing): Accessor isLocal: true hasGlobalType: false
mbDirectCall FAIL (entry Nothing): Accessor isLocal: true hasGlobalType: false
mbDirectCall FAIL (entry Nothing): f isLocal: true hasGlobalType: false
mbDirectCall FAIL (entry Nothing): Local_Nothing isLocal: true hasGlobalType: false
mbDirectCall FAIL (entry Nothing): Accessor isLocal: true hasGlobalType: false
mbDirectCall FAIL (entry Nothing): Accessor isLocal: true hasGlobalType: false
mbDirectCall FAIL (entry Nothing): Accessor isLocal: true hasGlobalType: false
mbDirectCall FAIL (entry Nothing): Accessor isLocal: true hasGlobalType: false
mbDirectCall FAIL (entry Nothing): Accessor isLocal: true hasGlobalType: false
mbDirectCall FAIL (entry Nothing): f isLocal: true hasGlobalType: false
mbDirectCall FAIL (entry Nothing): Accessor isLocal: true hasGlobalType: false
mbDirectCall FAIL (entry Nothing): Accessor isLocal: true hasGlobalType: false
mbDirectCall FAIL (entry Nothing): Accessor isLocal: true hasGlobalType: false
mbDirectCall FAIL (entry Nothing): f isLocal: true hasGlobalType: false
mbDirectCall FAIL (entry Nothing): Accessor isLocal: true hasGlobalType: false
mbDirectCall FAIL (entry Nothing): f isLocal: true hasGlobalType: false
mbDirectCall FAIL (entry Nothing): Accessor isLocal: true hasGlobalType: false
mbDirectCall FAIL (entry Nothing): Local_Nothing isLocal: true hasGlobalType: false
mbDirectCall FAIL (entry Nothing): Local_Nothing isLocal: true hasGlobalType: false
mbDirectCall FAIL (entry Nothing): Accessor isLocal: true hasGlobalType: false
mbDirectCall FAIL (entry Nothing): f isLocal: true hasGlobalType: false
mbDirectCall FAIL (entry Nothing): Accessor isLocal: true hasGlobalType: false
mbDirectCall FAIL (entry Nothing): Local_Nothing isLocal: true hasGlobalType: false
mbDirectCall FAIL (entry Nothing): Local_Nothing isLocal: true hasGlobalType: false
mbDirectCall FAIL (entry Nothing): Accessor isLocal: true hasGlobalType: false
mbDirectCall FAIL (entry Nothing): Accessor isLocal: true hasGlobalType: false
mbDirectCall FAIL (entry Nothing): Accessor isLocal: true hasGlobalType: false
mbDirectCall FAIL (entry Nothing): f isLocal: true hasGlobalType: false
mbDirectCall FAIL (entry Nothing): Accessor isLocal: true hasGlobalType: false
mbDirectCall FAIL (entry Nothing): Accessor isLocal: true hasGlobalType: false
mbDirectCall FAIL (entry Nothing): Accessor isLocal: true hasGlobalType: false
mbDirectCall FAIL (entry Nothing): Accessor isLocal: true hasGlobalType: false
mbDirectCall FAIL (entry Nothing): Accessor isLocal: true hasGlobalType: false
mbDirectCall FAIL (entry Nothing): Accessor isLocal: true hasGlobalType: false
mbDirectCall FAIL (entry Nothing): Accessor isLocal: true hasGlobalType: false
mbDirectCall FAIL (entry Nothing): Accessor isLocal: true hasGlobalType: false
mbDirectCall FAIL (entry Nothing): Accessor isLocal: true hasGlobalType: false
mbDirectCall FAIL (entry Nothing): Accessor isLocal: true hasGlobalType: false
mbDirectCall FAIL (entry Nothing): Accessor isLocal: true hasGlobalType: false
mbDirectCall FAIL (entry Nothing): foldMap4 isLocal: true hasGlobalType: false
mbDirectCall FAIL (entry Nothing): foldMap5 isLocal: true hasGlobalType: false
mbDirectCall FAIL (entry Nothing): Accessor isLocal: true hasGlobalType: false
mbDirectCall FAIL (entry Nothing): Accessor isLocal: true hasGlobalType: false
mbDirectCall FAIL (entry Nothing): Accessor isLocal: true hasGlobalType: false
mbDirectCall FAIL (entry Nothing): Accessor isLocal: true hasGlobalType: false
mbDirectCall FAIL (entry Nothing): Local_Nothing isLocal: true hasGlobalType: false
mbDirectCall FAIL (entry Nothing): Accessor isLocal: true hasGlobalType: false
mbDirectCall FAIL (entry Nothing): Accessor isLocal: true hasGlobalType: false
mbDirectCall FAIL (entry Nothing): foldMapWithIndex3 isLocal: true hasGlobalType: false
mbDirectCall FAIL (entry Nothing): foldMapWithIndex4 isLocal: true hasGlobalType: false
mbDirectCall FAIL (entry Nothing): f isLocal: true hasGlobalType: false
mbDirectCall FAIL (entry Nothing): Accessor isLocal: true hasGlobalType: false
mbDirectCall FAIL (entry Nothing): Accessor isLocal: true hasGlobalType: false
mbDirectCall FAIL (entry Nothing): f isLocal: true hasGlobalType: false
mbDirectCall FAIL (entry Nothing): Accessor isLocal: true hasGlobalType: false
mbDirectCall FAIL (entry Nothing): Accessor isLocal: true hasGlobalType: false
mbDirectCall FAIL (entry Nothing): f isLocal: true hasGlobalType: false
mbDirectCall FAIL (entry Nothing): Local_Nothing isLocal: true hasGlobalType: false
mbDirectCall match: foldableCoproduct argsLen: 1 arity: 2
mbDirectCall FAIL (entry Nothing): Accessor isLocal: true hasGlobalType: false
mbDirectCall FAIL (entry Nothing): foldableCoproduct isLocal: true hasGlobalType: false
mbDirectCall FAIL (entry Nothing): Accessor isLocal: true hasGlobalType: false
mbDirectCall FAIL (entry Nothing): Accessor isLocal: true hasGlobalType: false
mbDirectCall FAIL (entry Nothing): Accessor isLocal: true hasGlobalType: false
mbDirectCall FAIL (entry Nothing): foldMapWithIndex3 isLocal: true hasGlobalType: false
mbDirectCall FAIL (entry Nothing): f isLocal: true hasGlobalType: false
mbDirectCall FAIL (entry Nothing): foldMapWithIndex4 isLocal: true hasGlobalType: false
mbDirectCall FAIL (entry Nothing): f isLocal: true hasGlobalType: false
mbDirectCall FAIL (entry Nothing): Local_Nothing isLocal: true hasGlobalType: false
mbDirectCall FAIL (entry Nothing): Local_Nothing isLocal: true hasGlobalType: false
mbDirectCall FAIL (entry Nothing): Accessor isLocal: true hasGlobalType: false
mbDirectCall FAIL (entry Nothing): f isLocal: true hasGlobalType: false
mbDirectCall FAIL (entry Nothing): Accessor isLocal: true hasGlobalType: false
mbDirectCall FAIL (entry Nothing): f isLocal: true hasGlobalType: false
mbDirectCall FAIL (entry Nothing): Local_Nothing isLocal: true hasGlobalType: false
mbDirectCall FAIL (entry Nothing): Local_Nothing isLocal: true hasGlobalType: false
mbDirectCall FAIL (entry Nothing): Accessor isLocal: true hasGlobalType: false
mbDirectCall FAIL (entry Nothing): f isLocal: true hasGlobalType: false
mbDirectCall FAIL (entry Nothing): Accessor isLocal: true hasGlobalType: false
mbDirectCall FAIL (entry Nothing): f isLocal: true hasGlobalType: false
mbDirectCall FAIL (entry Nothing): Local_Nothing isLocal: true hasGlobalType: false
mbDirectCall FAIL (entry Nothing): Local_Nothing isLocal: true hasGlobalType: false
mbDirectCall match: foldableProduct argsLen: 1 arity: 2
mbDirectCall FAIL (entry Nothing): Accessor isLocal: true hasGlobalType: false
mbDirectCall FAIL (entry Nothing): foldableProduct isLocal: true hasGlobalType: false
mbDirectCall FAIL (entry Nothing): Accessor isLocal: true hasGlobalType: false
mbDirectCall FAIL (entry Nothing): Accessor isLocal: true hasGlobalType: false
mbDirectCall FAIL (entry Nothing): Accessor isLocal: true hasGlobalType: false
mbDirectCall FAIL (entry Nothing): Accessor isLocal: true hasGlobalType: false
mbDirectCall FAIL (entry Nothing): Accessor isLocal: true hasGlobalType: false
mbDirectCall FAIL (entry Nothing): foldMapWithIndex3 isLocal: true hasGlobalType: false
mbDirectCall FAIL (entry Nothing): f isLocal: true hasGlobalType: false
mbDirectCall FAIL (entry Nothing): foldMapWithIndex4 isLocal: true hasGlobalType: false
mbDirectCall FAIL (entry Nothing): f isLocal: true hasGlobalType: false
mbDirectCall FAIL (entry Nothing): Accessor isLocal: true hasGlobalType: false
mbDirectCall FAIL (entry Nothing): f isLocal: true hasGlobalType: false
mbDirectCall FAIL (entry Nothing): Accessor isLocal: true hasGlobalType: false
mbDirectCall FAIL (entry Nothing): f isLocal: true hasGlobalType: false
mbDirectCall FAIL (entry Nothing): Accessor isLocal: true hasGlobalType: false
mbDirectCall FAIL (entry Nothing): f isLocal: true hasGlobalType: false
mbDirectCall FAIL (entry Nothing): Accessor isLocal: true hasGlobalType: false
mbDirectCall FAIL (entry Nothing): f isLocal: true hasGlobalType: false
mbDirectCall FAIL (entry Nothing): Accessor isLocal: true hasGlobalType: false
mbDirectCall FAIL (entry Nothing): foldMapWithIndex1 isLocal: true hasGlobalType: false
mbDirectCall FAIL (entry Nothing): c isLocal: true hasGlobalType: false
mbDirectCall FAIL (entry Nothing): Local_Nothing isLocal: true hasGlobalType: false
mbDirectCall FAIL (entry Nothing): Accessor isLocal: true hasGlobalType: false
mbDirectCall FAIL (entry Nothing): foldMapWithIndex1 isLocal: true hasGlobalType: false
mbDirectCall FAIL (entry Nothing): c isLocal: true hasGlobalType: false
mbDirectCall FAIL (entry Nothing): Accessor isLocal: true hasGlobalType: false
mbDirectCall FAIL (entry Nothing): foldMapWithIndex1 isLocal: true hasGlobalType: false
mbDirectCall FAIL (entry Nothing): Accessor isLocal: true hasGlobalType: false
mbDirectCall FAIL (entry Nothing): Accessor isLocal: true hasGlobalType: false
mbDirectCall FAIL (entry Nothing): t isLocal: true hasGlobalType: false
mbDirectCall FAIL (entry Nothing): Accessor isLocal: true hasGlobalType: false
mbDirectCall FAIL (entry Nothing): foldMapWithIndex2 isLocal: true hasGlobalType: false
mbDirectCall FAIL (entry Nothing): Accessor isLocal: true hasGlobalType: false
mbDirectCall FAIL (entry Nothing): p isLocal: true hasGlobalType: false
mbDirectCall FAIL (entry Nothing): Accessor isLocal: true hasGlobalType: false
mbDirectCall FAIL (entry Nothing): f isLocal: true hasGlobalType: false
mbDirectCall FAIL (entry Nothing): Accessor isLocal: true hasGlobalType: false
mbDirectCall FAIL (entry Nothing): Accessor isLocal: true hasGlobalType: false
mbDirectCall FAIL (entry Nothing): foldMapWithIndex2 isLocal: true hasGlobalType: false
mbDirectCall FAIL (entry Nothing): t isLocal: true hasGlobalType: false
mbDirectCall FAIL (entry Nothing): Accessor isLocal: true hasGlobalType: false
mbDirectCall FAIL (entry Nothing): Accessor isLocal: true hasGlobalType: false
mbDirectCall FAIL (entry Nothing): foldMapWithIndex2 isLocal: true hasGlobalType: false
mbDirectCall FAIL (entry Nothing): t isLocal: true hasGlobalType: false
mbDirectCall FAIL (entry Nothing): Accessor isLocal: true hasGlobalType: false
mbDirectCall FAIL (entry Nothing): Accessor isLocal: true hasGlobalType: false
mbDirectCall FAIL (entry Nothing): Accessor isLocal: true hasGlobalType: false
mbDirectCall FAIL (entry Nothing): Accessor isLocal: true hasGlobalType: false
mbDirectCall FAIL (entry Nothing): Accessor isLocal: true hasGlobalType: false
mbDirectCall FAIL (entry Nothing): Accessor isLocal: true hasGlobalType: false
mbDirectCall FAIL (entry Nothing): Accessor isLocal: true hasGlobalType: false
mbDirectCall FAIL (entry Nothing): Accessor isLocal: true hasGlobalType: false
mbDirectCall FAIL (entry Nothing): Accessor isLocal: true hasGlobalType: false
mbDirectCall FAIL (entry Nothing): Accessor isLocal: true hasGlobalType: false
mbDirectCall FAIL (entry Nothing): Accessor isLocal: true hasGlobalType: false
mbDirectCall FAIL (entry Nothing): Accessor isLocal: true hasGlobalType: false
mbDirectCall FAIL (entry Nothing): Accessor isLocal: true hasGlobalType: false
mbDirectCall FAIL (entry Nothing): Accessor isLocal: true hasGlobalType: false
mbDirectCall FAIL (entry Nothing): Accessor isLocal: true hasGlobalType: false
mbDirectCall FAIL (entry Nothing): Accessor isLocal: true hasGlobalType: false
mbDirectCall FAIL (entry Nothing): Accessor isLocal: true hasGlobalType: false
mbDirectCall FAIL (entry Nothing): Accessor isLocal: true hasGlobalType: false
mbDirectCall FAIL (entry Nothing): Accessor isLocal: true hasGlobalType: false
mbDirectCall match: FoldRight1 argsLen: 1 arity: 0
mbDirectCall FAIL (entry Nothing): Accessor isLocal: true hasGlobalType: false
mbDirectCall FAIL (entry Nothing): Accessor isLocal: true hasGlobalType: false
mbDirectCall FAIL (entry Nothing): cmp isLocal: true hasGlobalType: false
mbDirectCall FAIL (entry Nothing): Accessor isLocal: true hasGlobalType: false
mbDirectCall FAIL (entry Nothing): Accessor isLocal: true hasGlobalType: false
mbDirectCall FAIL (entry Nothing): cmp isLocal: true hasGlobalType: false
mbDirectCall FAIL (entry Nothing): f isLocal: true hasGlobalType: false
mbDirectCall FAIL (entry Nothing): f isLocal: true hasGlobalType: false
mbDirectCall FAIL (entry Nothing): f isLocal: true hasGlobalType: false
mbDirectCall FAIL (entry Nothing): f isLocal: true hasGlobalType: false
mbDirectCall FAIL (entry Nothing): Accessor isLocal: true hasGlobalType: false
mbDirectCall FAIL (entry Nothing): f isLocal: true hasGlobalType: false
mbDirectCall FAIL (entry Nothing): Accessor isLocal: true hasGlobalType: false
mbDirectCall FAIL (entry Nothing): Accessor isLocal: true hasGlobalType: false
mbDirectCall FAIL (entry Nothing): Accessor isLocal: true hasGlobalType: false
mbDirectCall FAIL (entry Nothing): Accessor isLocal: true hasGlobalType: false
mbDirectCall FAIL (entry Nothing): Local_Nothing isLocal: true hasGlobalType: false
mbDirectCall FAIL (entry Nothing): Local_Nothing isLocal: true hasGlobalType: false
mbDirectCall FAIL (entry Nothing): Accessor isLocal: true hasGlobalType: false
mbDirectCall FAIL (entry Nothing): Accessor isLocal: true hasGlobalType: false
mbDirectCall FAIL (entry Nothing): Local_Nothing isLocal: true hasGlobalType: false
mbDirectCall FAIL (entry Nothing): Local_Nothing isLocal: true hasGlobalType: false
mbDirectCall FAIL (entry Nothing): Accessor isLocal: true hasGlobalType: false
mbDirectCall FAIL (entry Nothing): Local_Nothing isLocal: true hasGlobalType: false
mbDirectCall FAIL (entry Nothing): Accessor isLocal: true hasGlobalType: false
mbDirectCall FAIL (entry Nothing): x isLocal: true hasGlobalType: false
mbDirectCall FAIL (entry Nothing): Accessor isLocal: true hasGlobalType: false
mbDirectCall FAIL (entry Nothing): Local_Nothing isLocal: true hasGlobalType: false
mbDirectCall FAIL (entry Nothing): Accessor isLocal: true hasGlobalType: false
mbDirectCall FAIL (entry Nothing): Accessor isLocal: true hasGlobalType: false
mbDirectCall FAIL (entry Nothing): Accessor isLocal: true hasGlobalType: false
mbDirectCall FAIL (entry Nothing): v isLocal: true hasGlobalType: false
mbDirectCall FAIL (entry Nothing): Accessor isLocal: true hasGlobalType: false
mbDirectCall FAIL (entry Nothing): v1 isLocal: true hasGlobalType: false
mbDirectCall FAIL (entry Nothing): foldMap12 isLocal: true hasGlobalType: false
mbDirectCall FAIL (entry Nothing): f isLocal: true hasGlobalType: false
mbDirectCall FAIL (entry Nothing): Accessor isLocal: true hasGlobalType: false
mbDirectCall FAIL (entry Nothing): Accessor isLocal: true hasGlobalType: false
mbDirectCall FAIL (entry Nothing): v isLocal: true hasGlobalType: false
mbDirectCall FAIL (entry Nothing): Accessor isLocal: true hasGlobalType: false
mbDirectCall FAIL (entry Nothing): v1 isLocal: true hasGlobalType: false
mbDirectCall FAIL (entry Nothing): foldMap12 isLocal: true hasGlobalType: false
mbDirectCall FAIL (entry Nothing): Accessor isLocal: true hasGlobalType: false
mbDirectCall FAIL (entry Nothing): Accessor isLocal: true hasGlobalType: false
mbDirectCall FAIL (entry Nothing): Accessor isLocal: true hasGlobalType: false
mbDirectCall FAIL (entry Nothing): Accessor isLocal: true hasGlobalType: false
mbDirectCall FAIL (entry Nothing): Accessor isLocal: true hasGlobalType: false
mbDirectCall FAIL (entry Nothing): Accessor isLocal: true hasGlobalType: false
mbDirectCall match: semigroupAct argsLen: 1 arity: 1
mbDirectCall FAIL (entry Nothing): Accessor isLocal: true hasGlobalType: false
mbDirectCall FAIL (entry Nothing): foldMap12 isLocal: true hasGlobalType: false
mbDirectCall FAIL (entry Nothing): f isLocal: true hasGlobalType: false
mbDirectCall match: traverse1_ argsLen: 2 arity: 2
mbDirectCall FAIL (entry Nothing): Local_Nothing isLocal: true hasGlobalType: false
mbDirectCall match: traverse1_ argsLen: 3 arity: 2
mbDirectCall FAIL (entry Nothing): Accessor isLocal: true hasGlobalType: false
mbDirectCall FAIL (entry Nothing): k isLocal: true hasGlobalType: false
mbDirectCall FAIL (entry Nothing): f isLocal: true hasGlobalType: false
mbDirectCall FAIL (entry Nothing): k isLocal: true hasGlobalType: false
mbDirectCall FAIL (entry Nothing): f isLocal: true hasGlobalType: false
mbDirectCall FAIL (entry Nothing): x isLocal: true hasGlobalType: false
mbDirectCall FAIL (entry Nothing): f isLocal: true hasGlobalType: false
mbDirectCall FAIL (entry Nothing): Accessor isLocal: true hasGlobalType: false
mbDirectCall FAIL (entry Nothing): f isLocal: true hasGlobalType: false
mbDirectCall FAIL (entry Nothing): x isLocal: true hasGlobalType: false
mbDirectCall FAIL (entry Nothing): Accessor isLocal: true hasGlobalType: false
mbDirectCall FAIL (entry Nothing): Accessor isLocal: true hasGlobalType: false
mbDirectCall FAIL (entry Nothing): Accessor isLocal: true hasGlobalType: false
mbDirectCall FAIL (entry Nothing): Accessor isLocal: true hasGlobalType: false
mbDirectCall FAIL (entry Nothing): Tuple isLocal: false hasGlobalType: false
mbDirectCall FAIL (entry Nothing): Accessor isLocal: true hasGlobalType: false
mbDirectCall FAIL (entry Nothing): Accessor isLocal: true hasGlobalType: false
mbDirectCall FAIL (entry Nothing): Accessor isLocal: true hasGlobalType: false
mbDirectCall FAIL (entry Nothing): Tuple isLocal: false hasGlobalType: false
mbDirectCall FAIL (entry Nothing): f isLocal: true hasGlobalType: false
mbDirectCall FAIL (entry Nothing): Accessor isLocal: true hasGlobalType: false
mbDirectCall FAIL (entry Nothing): Accessor isLocal: true hasGlobalType: false
mbDirectCall FAIL (entry Nothing): Accessor isLocal: true hasGlobalType: false
mbDirectCall FAIL (entry Nothing): Accessor isLocal: true hasGlobalType: false
mbDirectCall FAIL (entry Nothing): Accessor isLocal: true hasGlobalType: false
mbDirectCall FAIL (entry Nothing): Accessor isLocal: true hasGlobalType: false
mbDirectCall FAIL (entry Nothing): f isLocal: true hasGlobalType: false
mbDirectCall FAIL (entry Nothing): Accessor isLocal: true hasGlobalType: false
mbDirectCall FAIL (entry Nothing): Accessor isLocal: true hasGlobalType: false
mbDirectCall FAIL (entry Nothing): Accessor isLocal: true hasGlobalType: false
mbDirectCall FAIL (entry Nothing): Accessor isLocal: true hasGlobalType: false
mbDirectCall FAIL (entry Nothing): Accessor isLocal: true hasGlobalType: false
mbDirectCall FAIL (entry Nothing): Accessor isLocal: true hasGlobalType: false
mbDirectCall FAIL (entry Nothing): Accessor isLocal: true hasGlobalType: false
mbDirectCall FAIL (entry Nothing): Accessor isLocal: true hasGlobalType: false
mbDirectCall FAIL (entry Nothing): v isLocal: true hasGlobalType: false
mbDirectCall FAIL (entry Nothing): Accessor isLocal: true hasGlobalType: false
mbDirectCall FAIL (entry Nothing): Accessor isLocal: true hasGlobalType: false
mbDirectCall FAIL (entry Nothing): Accessor isLocal: true hasGlobalType: false
mbDirectCall FAIL (entry Nothing): Accessor isLocal: true hasGlobalType: false
mbDirectCall FAIL (entry Nothing): Accessor isLocal: true hasGlobalType: false
mbDirectCall FAIL (entry Nothing): Accessor isLocal: true hasGlobalType: false
mbDirectCall FAIL (entry Nothing): f isLocal: true hasGlobalType: false
mbDirectCall FAIL (entry Nothing): Accessor isLocal: true hasGlobalType: false
mbDirectCall FAIL (entry Nothing): Accessor isLocal: true hasGlobalType: false
mbDirectCall FAIL (entry Nothing): Accessor isLocal: true hasGlobalType: false
mbDirectCall FAIL (entry Nothing): Accessor isLocal: true hasGlobalType: false
mbDirectCall FAIL (entry Nothing): Accessor isLocal: true hasGlobalType: false
mbDirectCall FAIL (entry Nothing): Accessor isLocal: true hasGlobalType: false
mbDirectCall FAIL (entry Nothing): Accessor isLocal: true hasGlobalType: false
mbDirectCall FAIL (entry Nothing): Accessor isLocal: true hasGlobalType: false
mbDirectCall FAIL (entry Nothing): v isLocal: true hasGlobalType: false
mbDirectCall FAIL (entry Nothing): Accessor isLocal: true hasGlobalType: false
mbDirectCall FAIL (entry Nothing): Accessor isLocal: true hasGlobalType: false
mbDirectCall FAIL (entry Nothing): Accessor isLocal: true hasGlobalType: false
mbDirectCall FAIL (entry Nothing): Accessor isLocal: true hasGlobalType: false
mbDirectCall FAIL (entry Nothing): Accessor isLocal: true hasGlobalType: false
mbDirectCall FAIL (entry Nothing): Accessor isLocal: true hasGlobalType: false
mbDirectCall FAIL (entry Nothing): f isLocal: true hasGlobalType: false
mbDirectCall FAIL (entry Nothing): Accessor isLocal: true hasGlobalType: false
mbDirectCall FAIL (entry Nothing): Accessor isLocal: true hasGlobalType: false
mbDirectCall FAIL (entry Nothing): Accessor isLocal: true hasGlobalType: false
mbDirectCall FAIL (entry Nothing): Accessor isLocal: true hasGlobalType: false
mbDirectCall FAIL (entry Nothing): Accessor isLocal: true hasGlobalType: false
mbDirectCall FAIL (entry Nothing): Accessor isLocal: true hasGlobalType: false
mbDirectCall FAIL (entry Nothing): f isLocal: true hasGlobalType: false
mbDirectCall FAIL (entry Nothing): Accessor isLocal: true hasGlobalType: false
mbDirectCall FAIL (entry Nothing): Accessor isLocal: true hasGlobalType: false
mbDirectCall FAIL (entry Nothing): Accessor isLocal: true hasGlobalType: false
mbDirectCall FAIL (entry Nothing): Accessor isLocal: true hasGlobalType: false
mbDirectCall FAIL (entry Nothing): Accessor isLocal: true hasGlobalType: false
mbDirectCall FAIL (entry Nothing): Accessor isLocal: true hasGlobalType: false
mbDirectCall FAIL (entry Nothing): Accessor isLocal: true hasGlobalType: false
mbDirectCall FAIL (entry Nothing): Accessor isLocal: true hasGlobalType: false
mbDirectCall FAIL (entry Nothing): f isLocal: true hasGlobalType: false
mbDirectCall FAIL (entry Nothing): Accessor isLocal: true hasGlobalType: false
mbDirectCall FAIL (entry Nothing): Accessor isLocal: true hasGlobalType: false
mbDirectCall FAIL (entry Nothing): Accessor isLocal: true hasGlobalType: false
mbDirectCall FAIL (entry Nothing): Accessor isLocal: true hasGlobalType: false
mbDirectCall FAIL (entry Nothing): Accessor isLocal: true hasGlobalType: false
mbDirectCall FAIL (entry Nothing): Accessor isLocal: true hasGlobalType: false
mbDirectCall FAIL (entry Nothing): Accessor isLocal: true hasGlobalType: false
mbDirectCall FAIL (entry Nothing): Accessor isLocal: true hasGlobalType: false
mbDirectCall FAIL (entry Nothing): foldMap4 isLocal: true hasGlobalType: false
mbDirectCall FAIL (entry Nothing): foldMap5 isLocal: true hasGlobalType: false
mbDirectCall FAIL (entry Nothing): Accessor isLocal: true hasGlobalType: false
mbDirectCall FAIL (entry Nothing): Accessor isLocal: true hasGlobalType: false
mbDirectCall FAIL (entry Nothing): Accessor isLocal: true hasGlobalType: false
mbDirectCall FAIL (entry Nothing): Accessor isLocal: true hasGlobalType: false
mbDirectCall FAIL (entry Nothing): Local_Nothing isLocal: true hasGlobalType: false
mbDirectCall FAIL (entry Nothing): Accessor isLocal: true hasGlobalType: false
mbDirectCall match: traversableCompose argsLen: 2 arity: 1
mbDirectCall FAIL (entry Nothing): Accessor isLocal: true hasGlobalType: false
mbDirectCall FAIL (entry Nothing): Accessor isLocal: true hasGlobalType: false
mbDirectCall FAIL (entry Nothing): Accessor isLocal: true hasGlobalType: false
mbDirectCall FAIL (entry Nothing): Accessor isLocal: true hasGlobalType: false
mbDirectCall FAIL (entry Nothing): Accessor isLocal: true hasGlobalType: false
mbDirectCall FAIL (entry Nothing): traverse4 isLocal: true hasGlobalType: false
mbDirectCall FAIL (entry Nothing): traverse5 isLocal: true hasGlobalType: false
mbDirectCall FAIL (entry Nothing): Accessor isLocal: true hasGlobalType: false
mbDirectCall FAIL (entry Nothing): Accessor isLocal: true hasGlobalType: false
mbDirectCall FAIL (entry Nothing): Accessor isLocal: true hasGlobalType: false
mbDirectCall FAIL (entry Nothing): Accessor isLocal: true hasGlobalType: false
mbDirectCall FAIL (entry Nothing): Accessor isLocal: true hasGlobalType: false
mbDirectCall FAIL (entry Nothing): Accessor isLocal: true hasGlobalType: false
mbDirectCall FAIL (entry Nothing): f isLocal: true hasGlobalType: false
mbDirectCall FAIL (entry Nothing): Accessor isLocal: true hasGlobalType: false
mbDirectCall FAIL (entry Nothing): Accessor isLocal: true hasGlobalType: false
mbDirectCall FAIL (entry Nothing): Accessor isLocal: true hasGlobalType: false
mbDirectCall FAIL (entry Nothing): traverseArrayImpl isLocal: true hasGlobalType: true
mbDirectCall FAIL (entry Nothing): Accessor isLocal: true hasGlobalType: false
mbDirectCall FAIL (entry Nothing): Accessor isLocal: true hasGlobalType: false
mbDirectCall FAIL (entry Nothing): Accessor isLocal: true hasGlobalType: false
mbDirectCall FAIL (entry Nothing): Accessor isLocal: true hasGlobalType: false
mbDirectCall FAIL (entry Nothing): Accessor isLocal: true hasGlobalType: false
mbDirectCall FAIL (entry Nothing): Accessor isLocal: true hasGlobalType: false
mbDirectCall FAIL (entry Nothing): Accessor isLocal: true hasGlobalType: false
mbDirectCall FAIL (entry Nothing): Accessor isLocal: true hasGlobalType: false
mbDirectCall FAIL (entry Nothing): Accessor isLocal: true hasGlobalType: false
mbDirectCall FAIL (entry Nothing): Accessor isLocal: true hasGlobalType: false
mbDirectCall FAIL (entry Nothing): sequence3 isLocal: true hasGlobalType: false
mbDirectCall FAIL (entry Nothing): Accessor isLocal: true hasGlobalType: false
mbDirectCall FAIL (entry Nothing): Accessor isLocal: true hasGlobalType: false
mbDirectCall FAIL (entry Nothing): Accessor isLocal: true hasGlobalType: false
mbDirectCall FAIL (entry Nothing): Accessor isLocal: true hasGlobalType: false
mbDirectCall FAIL (entry Nothing): traverse3 isLocal: true hasGlobalType: false
mbDirectCall match: functorCoproduct argsLen: 1 arity: 2
mbDirectCall FAIL (entry Nothing): Accessor isLocal: true hasGlobalType: false
mbDirectCall match: foldableCoproduct argsLen: 1 arity: 2
mbDirectCall FAIL (entry Nothing): Accessor isLocal: true hasGlobalType: false
mbDirectCall FAIL (entry Nothing): functorCoproduct isLocal: true hasGlobalType: false
mbDirectCall FAIL (entry Nothing): Accessor isLocal: true hasGlobalType: false
mbDirectCall FAIL (entry Nothing): foldableCoproduct isLocal: true hasGlobalType: false
mbDirectCall FAIL (entry Nothing): Accessor isLocal: true hasGlobalType: false
mbDirectCall FAIL (entry Nothing): Accessor isLocal: true hasGlobalType: false
mbDirectCall FAIL (entry Nothing): Accessor isLocal: true hasGlobalType: false
mbDirectCall FAIL (entry Nothing): Accessor isLocal: true hasGlobalType: false
mbDirectCall FAIL (entry Nothing): Accessor isLocal: true hasGlobalType: false
mbDirectCall FAIL (entry Nothing): Accessor isLocal: true hasGlobalType: false
mbDirectCall FAIL (entry Nothing): Accessor isLocal: true hasGlobalType: false
mbDirectCall FAIL (entry Nothing): Local_Nothing isLocal: true hasGlobalType: false
mbDirectCall FAIL (entry Nothing): Local_Nothing isLocal: true hasGlobalType: false
mbDirectCall FAIL (entry Nothing): Local_Nothing isLocal: true hasGlobalType: false
mbDirectCall FAIL (entry Nothing): Local_Nothing isLocal: true hasGlobalType: false
mbDirectCall FAIL (entry Nothing): Accessor isLocal: true hasGlobalType: false
mbDirectCall FAIL (entry Nothing): Accessor isLocal: true hasGlobalType: false
mbDirectCall FAIL (entry Nothing): Accessor isLocal: true hasGlobalType: false
mbDirectCall FAIL (entry Nothing): Accessor isLocal: true hasGlobalType: false
mbDirectCall FAIL (entry Nothing): Accessor isLocal: true hasGlobalType: false
mbDirectCall FAIL (entry Nothing): traverse4 isLocal: true hasGlobalType: false
mbDirectCall FAIL (entry Nothing): Accessor isLocal: true hasGlobalType: false
mbDirectCall FAIL (entry Nothing): traverse5 isLocal: true hasGlobalType: false
mbDirectCall FAIL (entry Nothing): Local_Nothing isLocal: true hasGlobalType: false
mbDirectCall FAIL (entry Nothing): Local_Nothing isLocal: true hasGlobalType: false
mbDirectCall FAIL (entry Nothing): Local_Nothing isLocal: true hasGlobalType: false
mbDirectCall FAIL (entry Nothing): Local_Nothing isLocal: true hasGlobalType: false
mbDirectCall FAIL (entry Nothing): Accessor isLocal: true hasGlobalType: false
mbDirectCall FAIL (entry Nothing): Accessor isLocal: true hasGlobalType: false
mbDirectCall FAIL (entry Nothing): Accessor isLocal: true hasGlobalType: false
mbDirectCall FAIL (entry Nothing): Accessor isLocal: true hasGlobalType: false
mbDirectCall FAIL (entry Nothing): sequence2 isLocal: true hasGlobalType: false
mbDirectCall FAIL (entry Nothing): Accessor isLocal: true hasGlobalType: false
mbDirectCall FAIL (entry Nothing): Accessor isLocal: true hasGlobalType: false
mbDirectCall FAIL (entry Nothing): Accessor isLocal: true hasGlobalType: false
mbDirectCall FAIL (entry Nothing): Accessor isLocal: true hasGlobalType: false
mbDirectCall FAIL (entry Nothing): traverse2 isLocal: true hasGlobalType: false
mbDirectCall FAIL (entry Nothing): Accessor isLocal: true hasGlobalType: false
mbDirectCall FAIL (entry Nothing): Accessor isLocal: true hasGlobalType: false
mbDirectCall FAIL (entry Nothing): Accessor isLocal: true hasGlobalType: false
mbDirectCall FAIL (entry Nothing): Accessor isLocal: true hasGlobalType: false
mbDirectCall FAIL (entry Nothing): sequence2 isLocal: true hasGlobalType: false
mbDirectCall FAIL (entry Nothing): Accessor isLocal: true hasGlobalType: false
mbDirectCall FAIL (entry Nothing): Accessor isLocal: true hasGlobalType: false
mbDirectCall FAIL (entry Nothing): Accessor isLocal: true hasGlobalType: false
mbDirectCall FAIL (entry Nothing): Accessor isLocal: true hasGlobalType: false
mbDirectCall FAIL (entry Nothing): traverse2 isLocal: true hasGlobalType: false
mbDirectCall match: functorProduct argsLen: 1 arity: 2
mbDirectCall FAIL (entry Nothing): Accessor isLocal: true hasGlobalType: false
mbDirectCall match: foldableProduct argsLen: 1 arity: 2
mbDirectCall FAIL (entry Nothing): Accessor isLocal: true hasGlobalType: false
mbDirectCall FAIL (entry Nothing): functorProduct isLocal: true hasGlobalType: false
mbDirectCall FAIL (entry Nothing): Accessor isLocal: true hasGlobalType: false
mbDirectCall FAIL (entry Nothing): foldableProduct isLocal: true hasGlobalType: false
mbDirectCall FAIL (entry Nothing): Accessor isLocal: true hasGlobalType: false
mbDirectCall FAIL (entry Nothing): Accessor isLocal: true hasGlobalType: false
mbDirectCall FAIL (entry Nothing): Accessor isLocal: true hasGlobalType: false
mbDirectCall FAIL (entry Nothing): Accessor isLocal: true hasGlobalType: false
mbDirectCall FAIL (entry Nothing): Accessor isLocal: true hasGlobalType: false
mbDirectCall FAIL (entry Nothing): Accessor isLocal: true hasGlobalType: false
mbDirectCall FAIL (entry Nothing): Accessor isLocal: true hasGlobalType: false
mbDirectCall FAIL (entry Nothing): sequence4 isLocal: true hasGlobalType: false
mbDirectCall FAIL (entry Nothing): sequence5 isLocal: true hasGlobalType: false
mbDirectCall FAIL (entry Nothing): Accessor isLocal: true hasGlobalType: false
mbDirectCall FAIL (entry Nothing): Accessor isLocal: true hasGlobalType: false
mbDirectCall FAIL (entry Nothing): Accessor isLocal: true hasGlobalType: false
mbDirectCall FAIL (entry Nothing): Accessor isLocal: true hasGlobalType: false
mbDirectCall FAIL (entry Nothing): Accessor isLocal: true hasGlobalType: false
mbDirectCall FAIL (entry Nothing): Accessor isLocal: true hasGlobalType: false
mbDirectCall FAIL (entry Nothing): traverse4 isLocal: true hasGlobalType: false
mbDirectCall FAIL (entry Nothing): traverse5 isLocal: true hasGlobalType: false
mbDirectCall FAIL (entry Nothing): Accessor isLocal: true hasGlobalType: false
mbDirectCall FAIL (entry Nothing): sequence3 isLocal: true hasGlobalType: false
mbDirectCall FAIL (entry Nothing): Accessor isLocal: true hasGlobalType: false
mbDirectCall FAIL (entry Nothing): Accessor isLocal: true hasGlobalType: false
mbDirectCall FAIL (entry Nothing): Accessor isLocal: true hasGlobalType: false
mbDirectCall FAIL (entry Nothing): traverse2 isLocal: true hasGlobalType: false
mbDirectCall FAIL (entry Nothing): f isLocal: true hasGlobalType: false
mbDirectCall match: mapAccumR argsLen: 1 arity: 1
mbDirectCall FAIL (entry Nothing): mapAccumR1 isLocal: true hasGlobalType: false
mbDirectCall FAIL (entry Nothing): f isLocal: true hasGlobalType: false
mbDirectCall FAIL (entry Nothing): Accessor isLocal: true hasGlobalType: false
mbDirectCall FAIL (entry Nothing): traverse2 isLocal: true hasGlobalType: false
mbDirectCall FAIL (entry Nothing): f isLocal: true hasGlobalType: false
mbDirectCall match: mapAccumL argsLen: 1 arity: 1
mbDirectCall FAIL (entry Nothing): mapAccumL1 isLocal: true hasGlobalType: false
mbDirectCall FAIL (entry Nothing): f isLocal: true hasGlobalType: false
mbDirectCall FAIL (entry Nothing): Accessor isLocal: true hasGlobalType: false
mbDirectCall FAIL (entry Nothing): traverse2 isLocal: true hasGlobalType: false
mbDirectCall FAIL (entry Nothing): Accessor isLocal: true hasGlobalType: false
mbDirectCall FAIL (entry Nothing): Accessor isLocal: true hasGlobalType: false
mbDirectCall FAIL (entry Nothing): Tuple isLocal: false hasGlobalType: false
mbDirectCall FAIL (entry Nothing): Accessor isLocal: true hasGlobalType: false
mbDirectCall FAIL (entry Nothing): Accessor isLocal: true hasGlobalType: false
mbDirectCall FAIL (entry Nothing): Tuple isLocal: false hasGlobalType: false
mbDirectCall FAIL (entry Nothing): f isLocal: true hasGlobalType: false
mbDirectCall FAIL (entry Nothing): Accessor isLocal: true hasGlobalType: false
mbDirectCall FAIL (entry Nothing): Accessor isLocal: true hasGlobalType: false
mbDirectCall FAIL (entry Nothing): Accessor isLocal: true hasGlobalType: false
mbDirectCall FAIL (entry Nothing): Accessor isLocal: true hasGlobalType: false
mbDirectCall FAIL (entry Nothing): f isLocal: true hasGlobalType: false
mbDirectCall FAIL (entry Nothing): Accessor isLocal: true hasGlobalType: false
mbDirectCall FAIL (entry Nothing): Accessor isLocal: true hasGlobalType: false
mbDirectCall FAIL (entry Nothing): Accessor isLocal: true hasGlobalType: false
mbDirectCall FAIL (entry Nothing): Accessor isLocal: true hasGlobalType: false
mbDirectCall FAIL (entry Nothing): f isLocal: true hasGlobalType: false
mbDirectCall FAIL (entry Nothing): Accessor isLocal: true hasGlobalType: false
mbDirectCall FAIL (entry Nothing): Accessor isLocal: true hasGlobalType: false
mbDirectCall FAIL (entry Nothing): Accessor isLocal: true hasGlobalType: false
mbDirectCall FAIL (entry Nothing): f isLocal: true hasGlobalType: false
mbDirectCall FAIL (entry Nothing): Accessor isLocal: true hasGlobalType: false
mbDirectCall FAIL (entry Nothing): sequence12 isLocal: true hasGlobalType: false
mbDirectCall FAIL (entry Nothing): Accessor isLocal: true hasGlobalType: false
mbDirectCall FAIL (entry Nothing): Accessor isLocal: true hasGlobalType: false
mbDirectCall FAIL (entry Nothing): Accessor isLocal: true hasGlobalType: false
mbDirectCall FAIL (entry Nothing): Accessor isLocal: true hasGlobalType: false
mbDirectCall FAIL (entry Nothing): Accessor isLocal: true hasGlobalType: false
mbDirectCall FAIL (entry Nothing): Accessor isLocal: true hasGlobalType: false
mbDirectCall FAIL (entry Nothing): Accessor isLocal: true hasGlobalType: false
mbDirectCall FAIL (entry Nothing): sequence1 isLocal: true hasGlobalType: false
mbDirectCall FAIL (entry Nothing): Local_Nothing isLocal: true hasGlobalType: false
mbDirectCall FAIL (entry Nothing): Accessor isLocal: true hasGlobalType: false
mbDirectCall FAIL (entry Nothing): traverseWithIndex2 isLocal: true hasGlobalType: false
mbDirectCall FAIL (entry Nothing): Accessor isLocal: true hasGlobalType: false
mbDirectCall FAIL (entry Nothing): Accessor isLocal: true hasGlobalType: false
mbDirectCall FAIL (entry Nothing): Accessor isLocal: true hasGlobalType: false
mbDirectCall FAIL (entry Nothing): Tuple isLocal: false hasGlobalType: false
mbDirectCall FAIL (entry Nothing): f isLocal: true hasGlobalType: false
mbDirectCall match: functorWithIndexProduct argsLen: 1 arity: 2
mbDirectCall FAIL (entry Nothing): Accessor isLocal: true hasGlobalType: false
mbDirectCall match: foldableWithIndexProduct argsLen: 1 arity: 2
mbDirectCall FAIL (entry Nothing): Accessor isLocal: true hasGlobalType: false
mbDirectCall match: traversableProduct argsLen: 1 arity: 2
mbDirectCall FAIL (entry Nothing): Accessor isLocal: true hasGlobalType: false
mbDirectCall FAIL (entry Nothing): functorWithIndexProduct isLocal: true hasGlobalType: false
mbDirectCall FAIL (entry Nothing): Accessor isLocal: true hasGlobalType: false
mbDirectCall FAIL (entry Nothing): foldableWithIndexProduct isLocal: true hasGlobalType: false
mbDirectCall FAIL (entry Nothing): Accessor isLocal: true hasGlobalType: false
mbDirectCall FAIL (entry Nothing): traversableProduct isLocal: true hasGlobalType: false
mbDirectCall FAIL (entry Nothing): Accessor isLocal: true hasGlobalType: false
mbDirectCall FAIL (entry Nothing): Accessor isLocal: true hasGlobalType: false
mbDirectCall FAIL (entry Nothing): Accessor isLocal: true hasGlobalType: false
mbDirectCall FAIL (entry Nothing): Accessor isLocal: true hasGlobalType: false
mbDirectCall FAIL (entry Nothing): Accessor isLocal: true hasGlobalType: false
mbDirectCall FAIL (entry Nothing): Accessor isLocal: true hasGlobalType: false
mbDirectCall FAIL (entry Nothing): Accessor isLocal: true hasGlobalType: false
mbDirectCall FAIL (entry Nothing): traverseWithIndex3 isLocal: true hasGlobalType: false
mbDirectCall FAIL (entry Nothing): f isLocal: true hasGlobalType: false
mbDirectCall FAIL (entry Nothing): traverseWithIndex4 isLocal: true hasGlobalType: false
mbDirectCall FAIL (entry Nothing): f isLocal: true hasGlobalType: false
mbDirectCall FAIL (entry Nothing): Accessor isLocal: true hasGlobalType: false
mbDirectCall FAIL (entry Nothing): traverse8 isLocal: true hasGlobalType: false
mbDirectCall FAIL (entry Nothing): f isLocal: true hasGlobalType: false
mbDirectCall FAIL (entry Nothing): Accessor isLocal: true hasGlobalType: false
mbDirectCall FAIL (entry Nothing): traverse8 isLocal: true hasGlobalType: false
mbDirectCall FAIL (entry Nothing): f isLocal: true hasGlobalType: false
mbDirectCall FAIL (entry Nothing): Accessor isLocal: true hasGlobalType: false
mbDirectCall FAIL (entry Nothing): traverse8 isLocal: true hasGlobalType: false
mbDirectCall FAIL (entry Nothing): f isLocal: true hasGlobalType: false
mbDirectCall FAIL (entry Nothing): Accessor isLocal: true hasGlobalType: false
mbDirectCall FAIL (entry Nothing): Accessor isLocal: true hasGlobalType: false
mbDirectCall FAIL (entry Nothing): Accessor isLocal: true hasGlobalType: false
mbDirectCall FAIL (entry Nothing): f isLocal: true hasGlobalType: false
mbDirectCall FAIL (entry Nothing): Accessor isLocal: true hasGlobalType: false
mbDirectCall FAIL (entry Nothing): traverse8 isLocal: true hasGlobalType: false
mbDirectCall FAIL (entry Nothing): f isLocal: true hasGlobalType: false
mbDirectCall FAIL (entry Nothing): Accessor isLocal: true hasGlobalType: false
mbDirectCall FAIL (entry Nothing): Accessor isLocal: true hasGlobalType: false
mbDirectCall FAIL (entry Nothing): Accessor isLocal: true hasGlobalType: false
mbDirectCall FAIL (entry Nothing): Accessor isLocal: true hasGlobalType: false
mbDirectCall FAIL (entry Nothing): v isLocal: true hasGlobalType: false
mbDirectCall FAIL (entry Nothing): Accessor isLocal: true hasGlobalType: false
mbDirectCall FAIL (entry Nothing): traverse8 isLocal: true hasGlobalType: false
mbDirectCall FAIL (entry Nothing): f isLocal: true hasGlobalType: false
mbDirectCall FAIL (entry Nothing): Accessor isLocal: true hasGlobalType: false
mbDirectCall FAIL (entry Nothing): traverse8 isLocal: true hasGlobalType: false
mbDirectCall FAIL (entry Nothing): f isLocal: true hasGlobalType: false
mbDirectCall match: functorWithIndexCoproduct argsLen: 1 arity: 2
mbDirectCall FAIL (entry Nothing): Accessor isLocal: true hasGlobalType: false
mbDirectCall match: foldableWithIndexCoproduct argsLen: 1 arity: 2
mbDirectCall FAIL (entry Nothing): Accessor isLocal: true hasGlobalType: false
mbDirectCall match: traversableCoproduct argsLen: 1 arity: 2
mbDirectCall FAIL (entry Nothing): Accessor isLocal: true hasGlobalType: false
mbDirectCall FAIL (entry Nothing): functorWithIndexCoproduct isLocal: true hasGlobalType: false
mbDirectCall FAIL (entry Nothing): Accessor isLocal: true hasGlobalType: false
mbDirectCall FAIL (entry Nothing): foldableWithIndexCoproduct isLocal: true hasGlobalType: false
mbDirectCall FAIL (entry Nothing): Accessor isLocal: true hasGlobalType: false
mbDirectCall FAIL (entry Nothing): traversableCoproduct isLocal: true hasGlobalType: false
mbDirectCall FAIL (entry Nothing): Accessor isLocal: true hasGlobalType: false
mbDirectCall FAIL (entry Nothing): Accessor isLocal: true hasGlobalType: false
mbDirectCall FAIL (entry Nothing): Accessor isLocal: true hasGlobalType: false
mbDirectCall FAIL (entry Nothing): Accessor isLocal: true hasGlobalType: false
mbDirectCall FAIL (entry Nothing): Accessor isLocal: true hasGlobalType: false
mbDirectCall FAIL (entry Nothing): Accessor isLocal: true hasGlobalType: false
mbDirectCall FAIL (entry Nothing): traverseWithIndex3 isLocal: true hasGlobalType: false
mbDirectCall FAIL (entry Nothing): f isLocal: true hasGlobalType: false
mbDirectCall FAIL (entry Nothing): Accessor isLocal: true hasGlobalType: false
mbDirectCall FAIL (entry Nothing): traverseWithIndex4 isLocal: true hasGlobalType: false
mbDirectCall FAIL (entry Nothing): f isLocal: true hasGlobalType: false
mbDirectCall FAIL (entry Nothing): Local_Nothing isLocal: true hasGlobalType: false
mbDirectCall FAIL (entry Nothing): Local_Nothing isLocal: true hasGlobalType: false
mbDirectCall FAIL (entry Nothing): Local_Nothing isLocal: true hasGlobalType: false
mbDirectCall FAIL (entry Nothing): Local_Nothing isLocal: true hasGlobalType: false
mbDirectCall FAIL (entry Nothing): Accessor isLocal: true hasGlobalType: false
mbDirectCall FAIL (entry Nothing): Accessor isLocal: true hasGlobalType: false
mbDirectCall FAIL (entry Nothing): traverse8 isLocal: true hasGlobalType: false
mbDirectCall FAIL (entry Nothing): f isLocal: true hasGlobalType: false
mbDirectCall FAIL (entry Nothing): Accessor isLocal: true hasGlobalType: false
mbDirectCall FAIL (entry Nothing): Accessor isLocal: true hasGlobalType: false
mbDirectCall match: foldableWithIndexCompose argsLen: 1 arity: 2
mbDirectCall FAIL (entry Nothing): Accessor isLocal: true hasGlobalType: false
mbDirectCall match: traversableCompose argsLen: 1 arity: 2
mbDirectCall FAIL (entry Nothing): Accessor isLocal: true hasGlobalType: false
mbDirectCall FAIL (entry Nothing): Accessor isLocal: true hasGlobalType: false
mbDirectCall FAIL (entry Nothing): Accessor isLocal: true hasGlobalType: false
mbDirectCall FAIL (entry Nothing): Accessor isLocal: true hasGlobalType: false
mbDirectCall FAIL (entry Nothing): Accessor isLocal: true hasGlobalType: false
mbDirectCall FAIL (entry Nothing): Accessor isLocal: true hasGlobalType: false
mbDirectCall FAIL (entry Nothing): Accessor isLocal: true hasGlobalType: false
mbDirectCall FAIL (entry Nothing): f isLocal: true hasGlobalType: false
mbDirectCall FAIL (entry Nothing): foldableWithIndexCompose isLocal: true hasGlobalType: false
mbDirectCall FAIL (entry Nothing): Accessor isLocal: true hasGlobalType: false
mbDirectCall FAIL (entry Nothing): traversableCompose isLocal: true hasGlobalType: false
mbDirectCall FAIL (entry Nothing): Accessor isLocal: true hasGlobalType: false
mbDirectCall FAIL (entry Nothing): Accessor isLocal: true hasGlobalType: false
mbDirectCall FAIL (entry Nothing): Accessor isLocal: true hasGlobalType: false
mbDirectCall FAIL (entry Nothing): Accessor isLocal: true hasGlobalType: false
mbDirectCall FAIL (entry Nothing): Accessor isLocal: true hasGlobalType: false
mbDirectCall FAIL (entry Nothing): Accessor isLocal: true hasGlobalType: false
mbDirectCall FAIL (entry Nothing): traverseWithIndex3 isLocal: true hasGlobalType: false
mbDirectCall FAIL (entry Nothing): traverseWithIndex4 isLocal: true hasGlobalType: false
mbDirectCall FAIL (entry Nothing): f isLocal: true hasGlobalType: false
mbDirectCall FAIL (entry Nothing): Accessor isLocal: true hasGlobalType: false
mbDirectCall FAIL (entry Nothing): Accessor isLocal: true hasGlobalType: false
mbDirectCall FAIL (entry Nothing): Accessor isLocal: true hasGlobalType: false
mbDirectCall FAIL (entry Nothing): Accessor isLocal: true hasGlobalType: false
mbDirectCall FAIL (entry Nothing): sequence1 isLocal: true hasGlobalType: false
mbDirectCall FAIL (entry Nothing): Local_Nothing isLocal: true hasGlobalType: false
mbDirectCall FAIL (entry Nothing): Accessor isLocal: true hasGlobalType: false
mbDirectCall FAIL (entry Nothing): Accessor isLocal: true hasGlobalType: false
mbDirectCall FAIL (entry Nothing): Accessor isLocal: true hasGlobalType: false
mbDirectCall FAIL (entry Nothing): Accessor isLocal: true hasGlobalType: false
mbDirectCall FAIL (entry Nothing): Accessor isLocal: true hasGlobalType: false
mbDirectCall FAIL (entry Nothing): Accessor isLocal: true hasGlobalType: false
mbDirectCall FAIL (entry Nothing): Accessor isLocal: true hasGlobalType: false
mbDirectCall FAIL (entry Nothing): Accessor isLocal: true hasGlobalType: false
mbDirectCall FAIL (entry Nothing): Accessor isLocal: true hasGlobalType: false
mbDirectCall FAIL (entry Nothing): Accessor isLocal: true hasGlobalType: false
mbDirectCall FAIL (entry Nothing): Accessor isLocal: true hasGlobalType: false
mbDirectCall match: traversableApp argsLen: 1 arity: 1
mbDirectCall FAIL (entry Nothing): Accessor isLocal: true hasGlobalType: false
mbDirectCall FAIL (entry Nothing): Accessor isLocal: true hasGlobalType: false
mbDirectCall FAIL (entry Nothing): Accessor isLocal: true hasGlobalType: false
mbDirectCall FAIL (entry Nothing): Accessor isLocal: true hasGlobalType: false
mbDirectCall FAIL (entry Nothing): Accessor isLocal: true hasGlobalType: false
mbDirectCall FAIL (entry Nothing): traverseWithIndex2 isLocal: true hasGlobalType: false
mbDirectCall FAIL (entry Nothing): Accessor isLocal: true hasGlobalType: false
mbDirectCall FAIL (entry Nothing): traverse8 isLocal: true hasGlobalType: false
mbDirectCall FAIL (entry Nothing): f isLocal: true hasGlobalType: false
mbDirectCall FAIL (entry Nothing): Accessor isLocal: true hasGlobalType: false
mbDirectCall FAIL (entry Nothing): traverseWithIndex1 isLocal: true hasGlobalType: false
mbDirectCall FAIL (entry Nothing): f isLocal: true hasGlobalType: false
mbDirectCall match: mapAccumRWithIndex argsLen: 1 arity: 1
mbDirectCall FAIL (entry Nothing): mapAccumRWithIndex1 isLocal: true hasGlobalType: false
mbDirectCall FAIL (entry Nothing): f isLocal: true hasGlobalType: false
mbDirectCall FAIL (entry Nothing): Accessor isLocal: true hasGlobalType: false
mbDirectCall FAIL (entry Nothing): traverseWithIndex1 isLocal: true hasGlobalType: false
mbDirectCall FAIL (entry Nothing): f isLocal: true hasGlobalType: false
mbDirectCall match: mapAccumLWithIndex argsLen: 1 arity: 1
mbDirectCall FAIL (entry Nothing): mapAccumLWithIndex1 isLocal: true hasGlobalType: false
mbDirectCall FAIL (entry Nothing): f isLocal: true hasGlobalType: false
mbDirectCall FAIL (entry Nothing): Accessor isLocal: true hasGlobalType: false
mbDirectCall FAIL (entry Nothing): Local_Nothing isLocal: true hasGlobalType: false
mbDirectCall match: ordIntImpl argsLen: 3 arity: 5
mbDirectCall FAIL (entry Nothing): Local_Nothing isLocal: true hasGlobalType: false
mbDirectCall match: ordIntImpl argsLen: 3 arity: 5
mbDirectCall FAIL (entry Nothing): Local_Nothing isLocal: true hasGlobalType: false
mbDirectCall match: ordIntImpl argsLen: 3 arity: 5
mbDirectCall FAIL (entry Nothing): Local_Nothing isLocal: true hasGlobalType: false
mbDirectCall FAIL (entry Nothing): f isLocal: true hasGlobalType: false
mbDirectCall FAIL (entry Nothing): unfoldr1ArrayImpl isLocal: true hasGlobalType: true
mbDirectCall FAIL (entry Nothing): Accessor isLocal: true hasGlobalType: false
mbDirectCall match: lessThanOrEq argsLen: 2 arity: 0
mbDirectCall FAIL (entry Nothing): Accessor isLocal: true hasGlobalType: false
mbDirectCall FAIL (entry Nothing): sequence1 isLocal: true hasGlobalType: false
mbDirectCall match: replicate1 argsLen: 3 arity: 3
mbDirectCall match: replicate1 argsLen: 2 arity: 3
mbDirectCall FAIL (entry Nothing): Accessor isLocal: true hasGlobalType: false
mbDirectCall match: greaterThanOrEq argsLen: 2 arity: 0
mbDirectCall FAIL (entry Nothing): Accessor isLocal: true hasGlobalType: false
mbDirectCall match: greaterThan argsLen: 2 arity: 0
mbDirectCall FAIL (entry Nothing): f isLocal: true hasGlobalType: false
mbDirectCall FAIL (entry Nothing): Accessor isLocal: true hasGlobalType: false
mbDirectCall FAIL (entry Nothing): Accessor isLocal: true hasGlobalType: false
mbDirectCall match: showArrayImpl argsLen: 2 arity: 2
mbDirectCall match: ordArray argsLen: 1 arity: 1
mbDirectCall FAIL (entry Nothing): Accessor isLocal: true hasGlobalType: false
mbDirectCall FAIL (entry Nothing): Accessor isLocal: true hasGlobalType: false
mbDirectCall FAIL (entry Nothing): Local_Nothing isLocal: true hasGlobalType: false
mbDirectCall FAIL (entry Nothing): Local_Nothing isLocal: true hasGlobalType: false
mbDirectCall FAIL (entry Nothing): Accessor isLocal: true hasGlobalType: false
mbDirectCall FAIL (entry Nothing): Accessor isLocal: true hasGlobalType: false
mbDirectCall match: eqArrayImpl argsLen: 1 arity: 3
mbDirectCall match: runSTFn2 argsLen: 1 arity: 3
mbDirectCall match: runSTFn2 argsLen: 2 arity: 3
mbDirectCall match: runSTFn1 argsLen: 1 arity: 2
mbDirectCall match: runSTFn1 argsLen: 1 arity: 2
mbDirectCall match: runSTFn1 argsLen: 1 arity: 2
mbDirectCall match: runSTFn1 argsLen: 1 arity: 2
mbDirectCall FAIL (entry Nothing): Accessor isLocal: true hasGlobalType: false
mbDirectCall FAIL (entry Nothing): Accessor isLocal: true hasGlobalType: false
mbDirectCall FAIL (entry Nothing): f isLocal: true hasGlobalType: false
mbDirectCall match: runSTFn4 argsLen: 1 arity: 5
mbDirectCall match: runSTFn3 argsLen: 3 arity: 4
mbDirectCall match: sortBy argsLen: 1 arity: 1
mbDirectCall FAIL (entry Nothing): Accessor isLocal: true hasGlobalType: false
mbDirectCall FAIL (entry Nothing): f isLocal: true hasGlobalType: false
mbDirectCall FAIL (entry Nothing): f isLocal: true hasGlobalType: false
mbDirectCall match: sortBy argsLen: 1 arity: 1
mbDirectCall match: runSTFn3 argsLen: 3 arity: 4
mbDirectCall match: run argsLen: 1 arity: 1
mbDirectCall FAIL (entry Nothing): Accessor isLocal: true hasGlobalType: false
mbDirectCall match: runSTFn2 argsLen: 1 arity: 3
mbDirectCall match: runSTFn2 argsLen: 1 arity: 3
mbDirectCall match: runSTFn3 argsLen: 3 arity: 4
mbDirectCall match: runSTFn3 argsLen: 1 arity: 4
mbDirectCall match: runSTFn4 argsLen: 3 arity: 5
mbDirectCall FAIL (entry Nothing): Accessor isLocal: true hasGlobalType: false
mbDirectCall FAIL (entry Nothing): f isLocal: true hasGlobalType: false
mbDirectCall FAIL (entry Nothing): Accessor isLocal: true hasGlobalType: false
mbDirectCall match: runSTFn1 argsLen: 1 arity: 2
mbDirectCall match: runSTFn1 argsLen: 1 arity: 2
mbDirectCall match: runSTFn1 argsLen: 1 arity: 2
mbDirectCall FAIL (entry Nothing): Accessor isLocal: true hasGlobalType: false
mbDirectCall FAIL (entry Nothing): Accessor isLocal: true hasGlobalType: false
mbDirectCall FAIL (entry Nothing): Accessor isLocal: true hasGlobalType: false
mbDirectCall FAIL (entry Nothing): Accessor isLocal: true hasGlobalType: false
mbDirectCall FAIL (entry Nothing): Accessor isLocal: true hasGlobalType: false
mbDirectCall FAIL (entry Nothing): Accessor isLocal: true hasGlobalType: false
mbDirectCall FAIL (entry Nothing): Accessor isLocal: true hasGlobalType: false
mbDirectCall FAIL (entry Nothing): Accessor isLocal: true hasGlobalType: false
mbDirectCall FAIL (entry Nothing): Accessor isLocal: true hasGlobalType: false
mbDirectCall match: while argsLen: 2 arity: 2
mbDirectCall FAIL (entry Nothing): Accessor isLocal: true hasGlobalType: false
mbDirectCall FAIL (entry Nothing): Accessor isLocal: true hasGlobalType: false
mbDirectCall match: peek argsLen: 1 arity: 1
mbDirectCall match: void argsLen: 1 arity: 0
mbDirectCall FAIL (entry Nothing): p isLocal: true hasGlobalType: false
mbDirectCall FAIL (entry Nothing): Accessor isLocal: true hasGlobalType: false
mbDirectCall match: void argsLen: 1 arity: 0
mbDirectCall match: next argsLen: 1 arity: 1
mbDirectCall match: pushWhile argsLen: 1 arity: 3
mbDirectCall FAIL (entry Nothing): Accessor isLocal: true hasGlobalType: false
mbDirectCall match: Iterator argsLen: 1 arity: 0
mbDirectCall FAIL (entry Nothing): Accessor isLocal: true hasGlobalType: false
mbDirectCall match: while argsLen: 2 arity: 2
mbDirectCall FAIL (entry Nothing): Accessor isLocal: true hasGlobalType: false
mbDirectCall FAIL (entry Nothing): Accessor isLocal: true hasGlobalType: false
mbDirectCall match: next argsLen: 1 arity: 1
mbDirectCall FAIL (entry Nothing): f isLocal: true hasGlobalType: false
mbDirectCall match: void argsLen: 1 arity: 0
mbDirectCall FAIL (entry Nothing): Accessor isLocal: true hasGlobalType: false
mbDirectCall FAIL (entry Nothing): Local_Nothing isLocal: true hasGlobalType: false
mbDirectCall match: peek argsLen: 1 arity: 1
mbDirectCall match: ordIntImpl argsLen: 3 arity: 5
mbDirectCall FAIL (entry Nothing): Local_Nothing isLocal: true hasGlobalType: false
mbDirectCall FAIL (entry Nothing): Accessor isLocal: true hasGlobalType: false
mbDirectCall FAIL (entry Nothing): f isLocal: true hasGlobalType: false
mbDirectCall FAIL (entry Nothing): unfoldrArrayImpl isLocal: true hasGlobalType: true
mbDirectCall FAIL (entry Nothing): Accessor isLocal: true hasGlobalType: false
mbDirectCall match: lessThanOrEq argsLen: 2 arity: 0
mbDirectCall FAIL (entry Nothing): Accessor isLocal: true hasGlobalType: false
mbDirectCall FAIL (entry Nothing): sequence isLocal: true hasGlobalType: false
mbDirectCall match: replicate argsLen: 3 arity: 3
mbDirectCall FAIL (entry Nothing): Accessor isLocal: true hasGlobalType: false
mbDirectCall FAIL (entry Nothing): Accessor isLocal: true hasGlobalType: false
mbDirectCall FAIL (entry Nothing): Accessor isLocal: true hasGlobalType: false
mbDirectCall match: traverse_ argsLen: 1 arity: 4
mbDirectCall match: ordIntImpl argsLen: 3 arity: 5
mbDirectCall FAIL (entry Nothing): Local_Nothing isLocal: true hasGlobalType: false
mbDirectCall match: ordIntImpl argsLen: 3 arity: 5
mbDirectCall FAIL (entry Nothing): Local_Nothing isLocal: true hasGlobalType: false
mbDirectCall FAIL (entry Nothing): Accessor isLocal: true hasGlobalType: false
mbDirectCall FAIL (entry Nothing): Accessor isLocal: true hasGlobalType: false
mbDirectCall FAIL (entry Nothing): Accessor isLocal: true hasGlobalType: false
mbDirectCall FAIL (entry Nothing): Accessor isLocal: true hasGlobalType: false
mbDirectCall FAIL (entry Nothing): Accessor isLocal: true hasGlobalType: false
mbDirectCall FAIL (entry Nothing): Accessor isLocal: true hasGlobalType: false
mbDirectCall match: ordIntImpl argsLen: 3 arity: 5
mbDirectCall FAIL (entry Nothing): Local_Nothing isLocal: true hasGlobalType: false
mbDirectCall FAIL (entry Nothing): Accessor isLocal: true hasGlobalType: false
mbDirectCall FAIL (entry Nothing): sequence1 isLocal: true hasGlobalType: false
mbDirectCall match: zipWith argsLen: 1 arity: 3
mbDirectCall match: traverse_ argsLen: 1 arity: 0
mbDirectCall match: run argsLen: 1 arity: 1
mbDirectCall match: withArray argsLen: 2 arity: 2
mbDirectCall FAIL (entry Nothing): traverse_1 isLocal: true hasGlobalType: false
mbDirectCall FAIL (entry Nothing): Accessor isLocal: true hasGlobalType: false
mbDirectCall match: lessThan argsLen: 2 arity: 0
mbDirectCall match: sortBy argsLen: 1 arity: 2
mbDirectCall FAIL (entry Nothing): Accessor isLocal: true hasGlobalType: false
mbDirectCall FAIL (entry Nothing): f isLocal: true hasGlobalType: false
mbDirectCall FAIL (entry Nothing): f isLocal: true hasGlobalType: false
mbDirectCall match: sortBy argsLen: 2 arity: 2
mbDirectCall match: run argsLen: 1 arity: 1
mbDirectCall match: withArray argsLen: 2 arity: 2
mbDirectCall match: push argsLen: 1 arity: 2
mbDirectCall match: lessThanOrEq argsLen: 2 arity: 0
mbDirectCall match: lessThan argsLen: 2 arity: 0
mbDirectCall match: traverse_ argsLen: 1 arity: 0
mbDirectCall match: run argsLen: 1 arity: 1
mbDirectCall match: withArray argsLen: 2 arity: 2
mbDirectCall FAIL (entry Nothing): traverse_1 isLocal: true hasGlobalType: false
mbDirectCall match: modify argsLen: 3 arity: 3
mbDirectCall match: run argsLen: 1 arity: 1
mbDirectCall FAIL (entry Nothing): Accessor isLocal: true hasGlobalType: false
mbDirectCall FAIL (entry Nothing): Accessor isLocal: true hasGlobalType: false
mbDirectCall FAIL (entry Nothing): Accessor isLocal: true hasGlobalType: false
mbDirectCall match: discard argsLen: 2 arity: 0
mbDirectCall match: for argsLen: 3 arity: 3
mbDirectCall FAIL (entry Nothing): Accessor isLocal: true hasGlobalType: false
mbDirectCall match: void argsLen: 1 arity: 0
mbDirectCall FAIL (entry Nothing): Accessor isLocal: true hasGlobalType: false
mbDirectCall match: lessThan argsLen: 2 arity: 0
mbDirectCall match: intercalate1 argsLen: 1 arity: 1
mbDirectCall FAIL (entry Nothing): Accessor isLocal: true hasGlobalType: false
mbDirectCall FAIL (entry Nothing): Accessor isLocal: true hasGlobalType: false
mbDirectCall FAIL (entry Nothing): f isLocal: true hasGlobalType: false
mbDirectCall FAIL (entry Nothing): p isLocal: true hasGlobalType: false
mbDirectCall FAIL (entry Nothing): go isLocal: true hasGlobalType: false
mbDirectCall match: span argsLen: 2 arity: 2
mbDirectCall match: run argsLen: 1 arity: 1
mbDirectCall FAIL (entry Nothing): Accessor isLocal: true hasGlobalType: false
mbDirectCall FAIL (entry Nothing): Accessor isLocal: true hasGlobalType: false
mbDirectCall FAIL (entry Nothing): Accessor isLocal: true hasGlobalType: false
mbDirectCall FAIL (entry Nothing): Accessor isLocal: true hasGlobalType: false
mbDirectCall FAIL (entry Nothing): Iterator isLocal: false hasGlobalType: false
mbDirectCall match: discard argsLen: 2 arity: 0
mbDirectCall match: iterate argsLen: 2 arity: 2
mbDirectCall match: discard argsLen: 2 arity: 0
mbDirectCall match: void argsLen: 1 arity: 0
mbDirectCall match: void argsLen: 1 arity: 0
mbDirectCall FAIL (entry Nothing): Accessor isLocal: true hasGlobalType: false
mbDirectCall FAIL (entry Nothing): Accessor isLocal: true hasGlobalType: false
mbDirectCall FAIL (entry Nothing): Accessor isLocal: true hasGlobalType: false
mbDirectCall match: sortBy argsLen: 2 arity: 2
mbDirectCall FAIL (entry Nothing): comp isLocal: true hasGlobalType: false
mbDirectCall FAIL (entry Nothing): Accessor isLocal: true hasGlobalType: false
mbDirectCall FAIL (entry Nothing): Accessor isLocal: true hasGlobalType: false
mbDirectCall match: sortWith argsLen: 3 arity: 2
mbDirectCall match: ordIntImpl argsLen: 3 arity: 5
mbDirectCall match: run argsLen: 1 arity: 1
mbDirectCall FAIL (entry Nothing): Accessor isLocal: true hasGlobalType: false
mbDirectCall match: discard argsLen: 2 arity: 0
mbDirectCall match: foreach argsLen: 2 arity: 2
mbDirectCall FAIL (entry Nothing): Accessor isLocal: true hasGlobalType: false
mbDirectCall FAIL (entry Nothing): Accessor isLocal: true hasGlobalType: false
mbDirectCall match: void argsLen: 1 arity: 0
mbDirectCall FAIL (entry Nothing): Accessor isLocal: true hasGlobalType: false
mbDirectCall FAIL (entry Nothing): Accessor isLocal: true hasGlobalType: false
mbDirectCall FAIL (entry Nothing): Accessor isLocal: true hasGlobalType: false
mbDirectCall FAIL (entry Nothing): comp isLocal: true hasGlobalType: false
mbDirectCall match: nubBy argsLen: 1 arity: 2
mbDirectCall match: run argsLen: 1 arity: 1
mbDirectCall FAIL (entry Nothing): Accessor isLocal: true hasGlobalType: false
mbDirectCall FAIL (entry Nothing): Accessor isLocal: true hasGlobalType: false
mbDirectCall FAIL (entry Nothing): Accessor isLocal: true hasGlobalType: false
mbDirectCall FAIL (entry Nothing): Iterator isLocal: false hasGlobalType: false
mbDirectCall match: discard argsLen: 2 arity: 0
mbDirectCall match: iterate argsLen: 2 arity: 2
mbDirectCall match: void argsLen: 1 arity: 0
mbDirectCall FAIL (entry Nothing): Accessor isLocal: true hasGlobalType: false
mbDirectCall FAIL (entry Nothing): Accessor isLocal: true hasGlobalType: false
mbDirectCall match: discard argsLen: 2 arity: 0
mbDirectCall match: pushWhile argsLen: 3 arity: 3
mbDirectCall FAIL (entry Nothing): op isLocal: true hasGlobalType: false
mbDirectCall FAIL (entry Nothing): Accessor isLocal: true hasGlobalType: false
mbDirectCall match: groupBy argsLen: 1 arity: 2
mbDirectCall FAIL (entry Nothing): Accessor isLocal: true hasGlobalType: false
mbDirectCall FAIL (entry Nothing): cmp isLocal: true hasGlobalType: false
mbDirectCall FAIL (entry Nothing): Local_Nothing isLocal: true hasGlobalType: false
mbDirectCall match: sortBy argsLen: 2 arity: 2
mbDirectCall match: groupAllBy argsLen: 1 arity: 1
mbDirectCall match: groupBy argsLen: 2 arity: 2
mbDirectCall FAIL (entry Nothing): Accessor isLocal: true hasGlobalType: false
mbDirectCall match: run argsLen: 1 arity: 1
mbDirectCall match: withArray argsLen: 2 arity: 2
mbDirectCall match: push argsLen: 1 arity: 2
mbDirectCall match: run argsLen: 1 arity: 1
mbDirectCall match: withArray argsLen: 2 arity: 2
mbDirectCall match: push argsLen: 1 arity: 2
mbDirectCall FAIL (entry Nothing): go isLocal: true hasGlobalType: false
mbDirectCall FAIL (entry Nothing): Accessor isLocal: true hasGlobalType: false
mbDirectCall FAIL (entry Nothing): Accessor isLocal: true hasGlobalType: false
mbDirectCall FAIL (entry Nothing): Accessor isLocal: true hasGlobalType: false
mbDirectCall FAIL (entry Nothing): Accessor isLocal: true hasGlobalType: false
mbDirectCall FAIL (entry Nothing): Accessor isLocal: true hasGlobalType: false
mbDirectCall FAIL (entry Nothing): f isLocal: true hasGlobalType: false
mbDirectCall FAIL (entry Nothing): Accessor isLocal: true hasGlobalType: false
mbDirectCall match: greaterThanOrEq argsLen: 2 arity: 0
mbDirectCall FAIL (entry Nothing): Accessor isLocal: true hasGlobalType: false
mbDirectCall FAIL (entry Nothing): Accessor isLocal: true hasGlobalType: false
mbDirectCall FAIL (entry Nothing): Accessor isLocal: true hasGlobalType: false
mbDirectCall FAIL (entry Nothing): Accessor isLocal: true hasGlobalType: false
mbDirectCall FAIL (entry Nothing): Accessor isLocal: true hasGlobalType: false
mbDirectCall FAIL (entry Nothing): Accessor isLocal: true hasGlobalType: false
mbDirectCall FAIL (entry Nothing): f isLocal: true hasGlobalType: false
mbDirectCall match: foldM argsLen: 4 arity: 4
mbDirectCall FAIL (entry Nothing): Accessor isLocal: true hasGlobalType: false
mbDirectCall FAIL (entry Nothing): Accessor isLocal: true hasGlobalType: false
mbDirectCall FAIL (entry Nothing): cmp isLocal: true hasGlobalType: false
mbDirectCall match: insertBy argsLen: 1 arity: 3
mbDirectCall FAIL (entry Nothing): Accessor isLocal: true hasGlobalType: false
mbDirectCall FAIL (entry Nothing): eq2 isLocal: true hasGlobalType: false
mbDirectCall match: intersectBy argsLen: 1 arity: 3
mbDirectCall match: findLastIndex argsLen: 1 arity: 2
mbDirectCall FAIL (entry Nothing): Accessor isLocal: true hasGlobalType: false
mbDirectCall match: findIndex argsLen: 1 arity: 2
mbDirectCall FAIL (entry Nothing): Accessor isLocal: true hasGlobalType: false
mbDirectCall FAIL (entry Nothing): Accessor isLocal: true hasGlobalType: false
mbDirectCall FAIL (entry Nothing): Accessor isLocal: true hasGlobalType: false
mbDirectCall match: span argsLen: 2 arity: 2
mbDirectCall match: lessThan argsLen: 2 arity: 0
mbDirectCall match: lessThan argsLen: 2 arity: 0
mbDirectCall match: lessThan argsLen: 2 arity: 0
mbDirectCall FAIL (entry Nothing): v isLocal: true hasGlobalType: false
mbDirectCall match: deleteBy argsLen: 1 arity: 3
mbDirectCall FAIL (entry Nothing): Accessor isLocal: true hasGlobalType: false
mbDirectCall FAIL (entry Nothing): delete isLocal: true hasGlobalType: true
mbDirectCall FAIL (entry Nothing): Accessor isLocal: true hasGlobalType: false
mbDirectCall FAIL (entry Nothing): Accessor isLocal: true hasGlobalType: false
mbDirectCall FAIL (entry Nothing): Accessor isLocal: true hasGlobalType: false
mbDirectCall FAIL (entry Nothing): Accessor isLocal: true hasGlobalType: false
mbDirectCall FAIL (entry Nothing): Accessor isLocal: true hasGlobalType: false
mbDirectCall FAIL (entry Nothing): Accessor isLocal: true hasGlobalType: false
mbDirectCall FAIL (entry Nothing): Accessor isLocal: true hasGlobalType: false
mbDirectCall FAIL (entry Nothing): Accessor isLocal: true hasGlobalType: false
mbDirectCall FAIL (entry Nothing): Accessor isLocal: true hasGlobalType: false
mbDirectCall match: many argsLen: 3 arity: 3
mbDirectCall FAIL (entry Nothing): Accessor isLocal: true hasGlobalType: false
mbDirectCall FAIL (entry Nothing): Accessor isLocal: true hasGlobalType: false
mbDirectCall FAIL (entry Nothing): Accessor isLocal: true hasGlobalType: false
mbDirectCall match: some argsLen: 3 arity: 3
mbDirectCall FAIL (entry Nothing): Accessor isLocal: true hasGlobalType: false
mbDirectCall FAIL (entry Nothing): Accessor isLocal: true hasGlobalType: false
mbDirectCall FAIL (entry Nothing): Accessor isLocal: true hasGlobalType: false
mbDirectCall match: concatMap argsLen: 1 arity: 2
mbDirectCall FAIL (entry Nothing): f isLocal: true hasGlobalType: false
mbDirectCall FAIL (entry Nothing): Accessor isLocal: true hasGlobalType: false
mbDirectCall FAIL (entry Nothing): Accessor isLocal: true hasGlobalType: false
mbDirectCall FAIL (entry Nothing): Accessor isLocal: true hasGlobalType: false
mbDirectCall FAIL (entry Nothing): traverse1 isLocal: true hasGlobalType: false
mbDirectCall FAIL (entry Nothing): Accessor isLocal: true hasGlobalType: false
mbDirectCall FAIL (entry Nothing): Tuple isLocal: false hasGlobalType: false
mbDirectCall FAIL (entry Nothing): p isLocal: true hasGlobalType: false
mbDirectCall FAIL (entry Nothing): Accessor isLocal: true hasGlobalType: false
mbDirectCall match: mapMaybe argsLen: 1 arity: 1
mbDirectCall FAIL (entry Nothing): Local_Nothing isLocal: true hasGlobalType: false
mbDirectCall FAIL (entry Nothing): Local_Nothing isLocal: true hasGlobalType: false
mbDirectCall match: mapMaybe argsLen: 1 arity: 1
mbDirectCall match: run argsLen: 1 arity: 1
mbDirectCall FAIL (entry Nothing): Accessor isLocal: true hasGlobalType: false
mbDirectCall match: discard argsLen: 2 arity: 0
mbDirectCall match: foreach argsLen: 2 arity: 2
mbDirectCall FAIL (entry Nothing): Accessor isLocal: true hasGlobalType: false
mbDirectCall FAIL (entry Nothing): Accessor isLocal: true hasGlobalType: false
mbDirectCall match: any argsLen: 1 arity: 2
mbDirectCall FAIL (entry Nothing): eq2 isLocal: true hasGlobalType: false
mbDirectCall FAIL (entry Nothing): Accessor isLocal: true hasGlobalType: false
mbDirectCall FAIL (entry Nothing): Local_Nothing isLocal: true hasGlobalType: false
mbDirectCall match: void argsLen: 1 arity: 0
mbDirectCall FAIL (entry Nothing): Accessor isLocal: true hasGlobalType: false
mbDirectCall match: nubByEq argsLen: 1 arity: 2
mbDirectCall FAIL (entry Nothing): Accessor isLocal: true hasGlobalType: false
mbDirectCall FAIL (entry Nothing): Accessor isLocal: true hasGlobalType: false
mbDirectCall match: deleteBy argsLen: 3 arity: 3
mbDirectCall match: nubByEq argsLen: 2 arity: 2
mbDirectCall match: unionBy argsLen: 1 arity: 3
mbDirectCall FAIL (entry Nothing): f isLocal: true hasGlobalType: false
mbDirectCall FAIL (entry Nothing): Accessor isLocal: true hasGlobalType: false
mbDirectCall FAIL (entry Nothing): Accessor isLocal: true hasGlobalType: false
mbDirectCall FAIL (entry Nothing): Accessor isLocal: true hasGlobalType: false
mbDirectCall match: log argsLen: 1 arity: 1
mbDirectCall FAIL (entry Nothing): Accessor isLocal: true hasGlobalType: false
mbDirectCall match: opaque argsLen: 1 arity: 1
mbDirectCall match: log argsLen: 1 arity: 1
mbDirectCall FAIL (entry Nothing): Accessor isLocal: true hasGlobalType: false
mbDirectCall match: sumEvens argsLen: 1 arity: 1
mbDirectCall match: eval argsLen: 1 arity: 1
mbDirectCall match: eval argsLen: 1 arity: 1
mbDirectCall match: eval argsLen: 1 arity: 1
mbDirectCall match: eval argsLen: 1 arity: 1
mbDirectCall match: eval argsLen: 1 arity: 1
mbDirectCall match: eval argsLen: 1 arity: 1
mbDirectCall match: log argsLen: 1 arity: 1
mbDirectCall match: buildTree argsLen: 1 arity: 1
mbDirectCall match: buildTree argsLen: 1 arity: 1
mbDirectCall FAIL (entry Nothing): Accessor isLocal: true hasGlobalType: false
mbDirectCall match: opaque argsLen: 1 arity: 1
mbDirectCall match: log argsLen: 1 arity: 1
mbDirectCall FAIL (entry Nothing): Accessor isLocal: true hasGlobalType: false
mbDirectCall match: eval argsLen: 1 arity: 1
mbDirectCall match: buildTree argsLen: 1 arity: 1
mbDirectCall FAIL (entry Nothing): n isLocal: true hasGlobalType: false
mbDirectCall FAIL (entry Nothing): f isLocal: true hasGlobalType: false
mbDirectCall FAIL (entry Nothing): n isLocal: true hasGlobalType: false
mbDirectCall FAIL (entry Nothing): f isLocal: true hasGlobalType: false
mbDirectCall FAIL (entry Nothing): n isLocal: true hasGlobalType: false
mbDirectCall FAIL (entry Nothing): m isLocal: true hasGlobalType: false
mbDirectCall FAIL (entry Nothing): n isLocal: true hasGlobalType: false
mbDirectCall FAIL (entry Nothing): m isLocal: true hasGlobalType: false
mbDirectCall FAIL (entry Nothing): n isLocal: true hasGlobalType: false
mbDirectCall match: fromInt argsLen: 1 arity: 1
mbDirectCall FAIL (entry Nothing): f isLocal: true hasGlobalType: false
mbDirectCall FAIL (entry Nothing): Local_Nothing isLocal: true hasGlobalType: false
mbDirectCall match: log argsLen: 1 arity: 1
mbDirectCall match: fromInt argsLen: 1 arity: 1
mbDirectCall match: fromInt argsLen: 1 arity: 1
mbDirectCall match: fromInt argsLen: 1 arity: 1
mbDirectCall FAIL (entry Nothing): Local_Nothing isLocal: true hasGlobalType: false
mbDirectCall FAIL (entry Nothing): Local_Nothing isLocal: true hasGlobalType: false
mbDirectCall match: c100 argsLen: 1 arity: 1
mbDirectCall match: c100 argsLen: 1 arity: 1
mbDirectCall FAIL (entry Nothing): Local_Nothing isLocal: true hasGlobalType: false
mbDirectCall FAIL (entry Nothing): Local_Nothing isLocal: true hasGlobalType: false
mbDirectCall match: c10k argsLen: 1 arity: 1
mbDirectCall match: fromInt argsLen: 1 arity: 1
mbDirectCall FAIL (entry Nothing): Local_Nothing isLocal: true hasGlobalType: false
mbDirectCall FAIL (entry Nothing): Local_Nothing isLocal: true hasGlobalType: false
mbDirectCall FAIL (entry Nothing): m isLocal: true hasGlobalType: false
mbDirectCall FAIL (entry Nothing): n isLocal: true hasGlobalType: false
mbDirectCall FAIL (entry Nothing): Accessor isLocal: true hasGlobalType: false
mbDirectCall match: opaque argsLen: 1 arity: 1
mbDirectCall match: log argsLen: 1 arity: 1
mbDirectCall FAIL (entry Nothing): Accessor isLocal: true hasGlobalType: false
mbDirectCall match: c100k argsLen: 3 arity: 1
mbDirectCall match: fib argsLen: 1 arity: 1
mbDirectCall match: fib argsLen: 1 arity: 1
mbDirectCall match: log argsLen: 1 arity: 1
mbDirectCall FAIL (entry Nothing): Accessor isLocal: true hasGlobalType: false
mbDirectCall match: opaque argsLen: 1 arity: 1
mbDirectCall match: log argsLen: 1 arity: 1
mbDirectCall FAIL (entry Nothing): Accessor isLocal: true hasGlobalType: false
mbDirectCall match: fib argsLen: 1 arity: 1
mbDirectCall FAIL (entry Nothing): v isLocal: true hasGlobalType: false
mbDirectCall FAIL (entry Nothing): v isLocal: true hasGlobalType: false
mbDirectCall match: log argsLen: 1 arity: 1
mbDirectCall FAIL (entry Nothing): v1 isLocal: true hasGlobalType: false
mbDirectCall match: buildThunks argsLen: 3 arity: 2
mbDirectCall FAIL (entry Nothing): Accessor isLocal: true hasGlobalType: false
mbDirectCall match: opaque argsLen: 1 arity: 1
mbDirectCall match: log argsLen: 1 arity: 1
mbDirectCall FAIL (entry Nothing): Accessor isLocal: true hasGlobalType: false
mbDirectCall match: runManyTimes argsLen: 2 arity: 2
mbDirectCall match: ordIntImpl argsLen: 3 arity: 5
mbDirectCall FAIL (entry Nothing): Local_Nothing isLocal: true hasGlobalType: false
mbDirectCall match: lessThan argsLen: 2 arity: 0
mbDirectCall FAIL (entry Nothing): go isLocal: true hasGlobalType: false
mbDirectCall match: foldl argsLen: 3 arity: 3
mbDirectCall FAIL (entry Nothing): v isLocal: true hasGlobalType: false
mbDirectCall match: foldl argsLen: 3 arity: 3
mbDirectCall FAIL (entry Nothing): v isLocal: true hasGlobalType: false
mbDirectCall FAIL (entry Nothing): Accessor isLocal: true hasGlobalType: false
mbDirectCall FAIL (entry Nothing): go isLocal: true hasGlobalType: false
mbDirectCall match: foldl argsLen: 3 arity: 3
mbDirectCall match: filterEvens argsLen: 1 arity: 1
mbDirectCall FAIL (entry Nothing): range isLocal: true hasGlobalType: true
mbDirectCall match: log argsLen: 1 arity: 1
mbDirectCall FAIL (entry Nothing): Accessor isLocal: true hasGlobalType: false
mbDirectCall match: opaque argsLen: 1 arity: 1
mbDirectCall match: log argsLen: 1 arity: 1
mbDirectCall FAIL (entry Nothing): Accessor isLocal: true hasGlobalType: false
mbDirectCall match: foldl argsLen: 3 arity: 3
mbDirectCall match: filterEvens argsLen: 1 arity: 1
mbDirectCall FAIL (entry Nothing): range isLocal: true hasGlobalType: true
mbDirectCall FAIL (entry Nothing): Accessor isLocal: true hasGlobalType: false
mbDirectCall FAIL (entry Nothing): go isLocal: true hasGlobalType: false
mbDirectCall match: log argsLen: 1 arity: 1
mbDirectCall FAIL (entry Nothing): Accessor isLocal: true hasGlobalType: false
mbDirectCall match: opaque argsLen: 1 arity: 1
mbDirectCall match: log argsLen: 1 arity: 1
mbDirectCall FAIL (entry Nothing): Accessor isLocal: true hasGlobalType: false
mbDirectCall FAIL (entry Nothing): go isLocal: true hasGlobalType: false
mbDirectCall match: ordIntImpl argsLen: 3 arity: 5
mbDirectCall FAIL (entry Nothing): Local_Nothing isLocal: true hasGlobalType: false
mbDirectCall FAIL (entry Nothing): go isLocal: true hasGlobalType: false
mbDirectCall FAIL (entry Nothing): go isLocal: true hasGlobalType: false
mbDirectCall match: lessThan argsLen: 2 arity: 0
mbDirectCall FAIL (entry Nothing): go isLocal: true hasGlobalType: false
mbDirectCall FAIL (entry Nothing): go isLocal: true hasGlobalType: false
mbDirectCall FAIL (entry Nothing): p isLocal: true hasGlobalType: false
mbDirectCall FAIL (entry Nothing): go isLocal: true hasGlobalType: false
mbDirectCall FAIL (entry Nothing): go isLocal: true hasGlobalType: false
mbDirectCall FAIL (entry Nothing): p isLocal: true hasGlobalType: false
mbDirectCall FAIL (entry Nothing): go isLocal: true hasGlobalType: false
mbDirectCall match: sieve argsLen: 1 arity: 1
mbDirectCall match: filter argsLen: 2 arity: 2
mbDirectCall FAIL (entry Nothing): Accessor isLocal: true hasGlobalType: false
mbDirectCall FAIL (entry Nothing): Accessor isLocal: true hasGlobalType: false
mbDirectCall match: log argsLen: 1 arity: 1
mbDirectCall FAIL (entry Nothing): Accessor isLocal: true hasGlobalType: false
mbDirectCall match: opaque argsLen: 1 arity: 1
mbDirectCall match: log argsLen: 1 arity: 1
mbDirectCall FAIL (entry Nothing): Accessor isLocal: true hasGlobalType: false
mbDirectCall FAIL (entry Nothing): go isLocal: true hasGlobalType: false
mbDirectCall match: sieve argsLen: 1 arity: 1
mbDirectCall FAIL (entry Nothing): range isLocal: true hasGlobalType: true
mbDirectCall match: log argsLen: 1 arity: 1
mbDirectCall match: depth argsLen: 1 arity: 1
mbDirectCall match: depth argsLen: 1 arity: 1
mbDirectCall match: balance argsLen: 4 arity: 4
mbDirectCall match: ins argsLen: 2 arity: 2
mbDirectCall match: balance argsLen: 4 arity: 4
mbDirectCall match: ins argsLen: 2 arity: 2
mbDirectCall match: ins argsLen: 2 arity: 2
mbDirectCall match: insert argsLen: 2 arity: 2
mbDirectCall FAIL (entry Nothing): Accessor isLocal: true hasGlobalType: false
mbDirectCall match: opaque argsLen: 1 arity: 1
mbDirectCall match: log argsLen: 1 arity: 1
mbDirectCall FAIL (entry Nothing): Accessor isLocal: true hasGlobalType: false
mbDirectCall match: depth argsLen: 1 arity: 1
mbDirectCall match: buildTree argsLen: 2 arity: 2
mbDirectCall FAIL (entry Nothing): Accessor isLocal: true hasGlobalType: false
mbDirectCall match: log argsLen: 1 arity: 1
mbDirectCall FAIL (entry Nothing): Accessor isLocal: true hasGlobalType: false
mbDirectCall match: opaque argsLen: 1 arity: 1
mbDirectCall match: log argsLen: 1 arity: 1
mbDirectCall FAIL (entry Nothing): Accessor isLocal: true hasGlobalType: false
mbDirectCall match: updateRec argsLen: 2 arity: 2
mbDirectCall FAIL (entry Nothing): v isLocal: true hasGlobalType: false
mbDirectCall FAIL (entry Nothing): v isLocal: true hasGlobalType: false
mbDirectCall match: log argsLen: 1 arity: 1
mbDirectCall FAIL (entry Nothing): v isLocal: true hasGlobalType: false
mbDirectCall FAIL (entry Nothing): g isLocal: true hasGlobalType: false
mbDirectCall FAIL (entry Nothing): v isLocal: true hasGlobalType: false
mbDirectCall FAIL (entry Nothing): g isLocal: true hasGlobalType: false
mbDirectCall FAIL (entry Nothing): f isLocal: true hasGlobalType: false
mbDirectCall FAIL (entry Nothing): f isLocal: true hasGlobalType: false
mbDirectCall match: chainModifications argsLen: 2 arity: 1
mbDirectCall match: chainModifications argsLen: 2 arity: 1
mbDirectCall FAIL (entry Nothing): Accessor isLocal: true hasGlobalType: false
mbDirectCall match: opaque argsLen: 1 arity: 1
mbDirectCall match: log argsLen: 1 arity: 1
mbDirectCall FAIL (entry Nothing): Accessor isLocal: true hasGlobalType: false
mbDirectCall match: runManyTimes argsLen: 2 arity: 2
mbDirectCall match: log argsLen: 1 arity: 1
mbDirectCall FAIL (entry Nothing): Accessor isLocal: true hasGlobalType: false
mbDirectCall FAIL (entry Nothing): Accessor isLocal: true hasGlobalType: false
mbDirectCall match: opaque argsLen: 1 arity: 1
mbDirectCall match: log argsLen: 1 arity: 1
mbDirectCall FAIL (entry Nothing): Accessor isLocal: true hasGlobalType: false
mbDirectCall match: deepTailRec argsLen: 2 arity: 2
mbDirectCall FAIL (entry Nothing): Accessor isLocal: true hasGlobalType: false
mbDirectCall match: runBench argsLen: 2 arity: 2
mbDirectCall FAIL (entry Nothing): Accessor isLocal: true hasGlobalType: false
mbDirectCall match: runBench argsLen: 2 arity: 2
mbDirectCall FAIL (entry Nothing): Accessor isLocal: true hasGlobalType: false
mbDirectCall match: runBench argsLen: 2 arity: 2
mbDirectCall FAIL (entry Nothing): Accessor isLocal: true hasGlobalType: false
mbDirectCall match: runBench argsLen: 2 arity: 2
mbDirectCall FAIL (entry Nothing): Accessor isLocal: true hasGlobalType: false
mbDirectCall match: runBench argsLen: 2 arity: 2
mbDirectCall FAIL (entry Nothing): Accessor isLocal: true hasGlobalType: false
mbDirectCall match: runBench argsLen: 2 arity: 2
mbDirectCall FAIL (entry Nothing): Accessor isLocal: true hasGlobalType: false
mbDirectCall match: runBench argsLen: 2 arity: 2
mbDirectCall FAIL (entry Nothing): Accessor isLocal: true hasGlobalType: false
mbDirectCall match: runBench argsLen: 2 arity: 2
mbDirectCall FAIL (entry Nothing): Accessor isLocal: true hasGlobalType: false
mbDirectCall match: runBench argsLen: 2 arity: 2
mbDirectCall FAIL (entry Nothing): Accessor isLocal: true hasGlobalType: false
mbDirectCall match: runBench argsLen: 2 arity: 2
mbDirectCall FAIL (entry Nothing): Accessor isLocal: true hasGlobalType: false
mbDirectCall match: runBench argsLen: 2 arity: 2
mbDirectCall FAIL (entry Nothing): Accessor isLocal: true hasGlobalType: false
mbDirectCall match: runBench argsLen: 2 arity: 2
mbDirectCall FAIL (entry Nothing): Accessor isLocal: true hasGlobalType: false
mbDirectCall match: runBench argsLen: 2 arity: 2
mbDirectCall match: log argsLen: 1 arity: 1
mbDirectCall FAIL (entry Nothing): Accessor isLocal: true hasGlobalType: false
mbDirectCall FAIL (entry Nothing): Accessor isLocal: true hasGlobalType: false
mbDirectCall match: formatNumber argsLen: 1 arity: 1
mbDirectCall FAIL (entry Nothing): Accessor isLocal: true hasGlobalType: false
mbDirectCall FAIL (entry Nothing): Accessor isLocal: true hasGlobalType: false
mbDirectCall FAIL (entry Nothing): Accessor isLocal: true hasGlobalType: false
mbDirectCall FAIL (entry Nothing): Accessor isLocal: true hasGlobalType: false
mbDirectCall FAIL (entry Nothing): Accessor isLocal: true hasGlobalType: false
mbDirectCall FAIL (entry Nothing): Accessor isLocal: true hasGlobalType: false
mbDirectCall FAIL (entry Nothing): Accessor isLocal: true hasGlobalType: false
mbDirectCall FAIL (entry Nothing): Accessor isLocal: true hasGlobalType: false
mbDirectCall FAIL (entry Nothing): Accessor isLocal: true hasGlobalType: false
mbDirectCall FAIL (entry Nothing): Accessor isLocal: true hasGlobalType: false
mbDirectCall FAIL (entry Nothing): Accessor isLocal: true hasGlobalType: false
mbDirectCall FAIL (entry Nothing): Accessor isLocal: true hasGlobalType: false
mbDirectCall FAIL (entry Nothing): Accessor isLocal: true hasGlobalType: false
mbDirectCall FAIL (entry Nothing): Accessor isLocal: true hasGlobalType: false
mbDirectCall FAIL (entry Nothing): Accessor isLocal: true hasGlobalType: false
mbDirectCall FAIL (entry Nothing): Accessor isLocal: true hasGlobalType: false
mbDirectCall FAIL (entry Nothing): Accessor isLocal: true hasGlobalType: false
mbDirectCall FAIL (entry Nothing): Accessor isLocal: true hasGlobalType: false
mbDirectCall FAIL (entry Nothing): Accessor isLocal: true hasGlobalType: false
mbDirectCall FAIL (entry Nothing): Accessor isLocal: true hasGlobalType: false
mbDirectCall FAIL (entry Nothing): Accessor isLocal: true hasGlobalType: false
mbDirectCall FAIL (entry Nothing): Accessor isLocal: true hasGlobalType: false
mbDirectCall FAIL (entry Nothing): Accessor isLocal: true hasGlobalType: false
mbDirectCall FAIL (entry Nothing): Accessor isLocal: true hasGlobalType: false
mbDirectCall FAIL (entry Nothing): Accessor isLocal: true hasGlobalType: false
mbDirectCall FAIL (entry Nothing): Accessor isLocal: true hasGlobalType: false
mbDirectCall FAIL (entry Nothing): Accessor isLocal: true hasGlobalType: false
mbDirectCall FAIL (entry Nothing): Accessor isLocal: true hasGlobalType: false
mbDirectCall FAIL (entry Nothing): Accessor isLocal: true hasGlobalType: false
mbDirectCall FAIL (entry Nothing): Accessor isLocal: true hasGlobalType: false
mbDirectCall FAIL (entry Nothing): Accessor isLocal: true hasGlobalType: false
mbDirectCall FAIL (entry Nothing): Accessor isLocal: true hasGlobalType: false
mbDirectCall FAIL (entry Nothing): Accessor isLocal: true hasGlobalType: false
mbDirectCall FAIL (entry Nothing): Accessor isLocal: true hasGlobalType: false
mbDirectCall FAIL (entry Nothing): Accessor isLocal: true hasGlobalType: false
mbDirectCall FAIL (entry Nothing): Accessor isLocal: true hasGlobalType: false
mbDirectCall FAIL (entry Nothing): Accessor isLocal: true hasGlobalType: false
mbDirectCall FAIL (entry Nothing): Accessor isLocal: true hasGlobalType: false
mbDirectCall FAIL (entry Nothing): Accessor isLocal: true hasGlobalType: false
mbDirectCall FAIL (entry Nothing): Accessor isLocal: true hasGlobalType: false
mbDirectCall FAIL (entry Nothing): catchException isLocal: true hasGlobalType: true
mbDirectCall FAIL (entry Nothing): Accessor isLocal: true hasGlobalType: false
mbDirectCall FAIL (entry Nothing): Accessor isLocal: true hasGlobalType: false
mbDirectCall FAIL (entry Nothing): throwException isLocal: true hasGlobalType: true
mbDirectCall FAIL (entry Nothing): error isLocal: true hasGlobalType: true
mbDirectCall FAIL (entry Nothing): stackImpl isLocal: true hasGlobalType: true
mbDirectCall FAIL (entry Nothing): v1 isLocal: true hasGlobalType: false
mbDirectCall FAIL (entry Nothing): v1 isLocal: true hasGlobalType: false
mbDirectCall match: catchException argsLen: 2 arity: 2
mbDirectCall FAIL (entry Nothing): Accessor isLocal: true hasGlobalType: false
mbDirectCall FAIL (entry Nothing): Accessor isLocal: true hasGlobalType: false
mbDirectCall FAIL (entry Nothing): Accessor isLocal: true hasGlobalType: false
mbDirectCall FAIL (entry Nothing): pure isLocal: true hasGlobalType: false
mbDirectCall FAIL (entry Nothing): Accessor isLocal: true hasGlobalType: false
mbDirectCall FAIL (entry Nothing): Accessor isLocal: true hasGlobalType: false
mbDirectCall FAIL (entry Nothing): Accessor isLocal: true hasGlobalType: false
mbDirectCall FAIL (entry Nothing): Local_Nothing isLocal: true hasGlobalType: false
mbDirectCall FAIL (entry Nothing): Accessor isLocal: true hasGlobalType: false
mbDirectCall FAIL (entry Nothing): p isLocal: true hasGlobalType: false
mbDirectCall FAIL (entry Nothing): Accessor isLocal: true hasGlobalType: false
mbDirectCall FAIL (entry Nothing): Accessor isLocal: true hasGlobalType: false
mbDirectCall FAIL (entry Nothing): handler isLocal: true hasGlobalType: false
mbDirectCall FAIL (entry Nothing): Accessor isLocal: true hasGlobalType: false
mbDirectCall FAIL (entry Nothing): Accessor isLocal: true hasGlobalType: false
mbDirectCall FAIL (entry Nothing): Accessor isLocal: true hasGlobalType: false
mbDirectCall FAIL (entry Nothing): Accessor isLocal: true hasGlobalType: false
mbDirectCall FAIL (entry Nothing): Accessor isLocal: true hasGlobalType: false
mbDirectCall FAIL (entry Nothing): Accessor isLocal: true hasGlobalType: false
mbDirectCall FAIL (entry Nothing): Accessor isLocal: true hasGlobalType: false
mbDirectCall FAIL (entry Nothing): Accessor isLocal: true hasGlobalType: false
mbDirectCall FAIL (entry Nothing): Accessor isLocal: true hasGlobalType: false
mbDirectCall FAIL (entry Nothing): Accessor isLocal: true hasGlobalType: false
mbDirectCall FAIL (entry Nothing): Accessor isLocal: true hasGlobalType: false
mbDirectCall FAIL (entry Nothing): Accessor isLocal: true hasGlobalType: false
mbDirectCall match: try argsLen: 1 arity: 1
mbDirectCall FAIL (entry Nothing): Accessor isLocal: true hasGlobalType: false
mbDirectCall FAIL (entry Nothing): Accessor isLocal: true hasGlobalType: false
mbDirectCall FAIL (entry Nothing): Accessor isLocal: true hasGlobalType: false
mbDirectCall FAIL (entry Nothing): try1 isLocal: true hasGlobalType: false
mbDirectCall FAIL (entry Nothing): kleisli isLocal: true hasGlobalType: false
mbDirectCall FAIL (entry Nothing): discard1 isLocal: true hasGlobalType: false
mbDirectCall FAIL (entry Nothing): release isLocal: true hasGlobalType: false
mbDirectCall FAIL (entry Nothing): Accessor isLocal: true hasGlobalType: false
mbDirectCall FAIL (entry Nothing): Accessor isLocal: true hasGlobalType: false
mbDirectCall FAIL (entry Nothing): Accessor isLocal: true hasGlobalType: false
mbDirectCall FAIL (entry Nothing): g isLocal: true hasGlobalType: false
mbDirectCall FAIL (entry Nothing): f isLocal: true hasGlobalType: false
mbDirectCall FAIL (entry Nothing): Accessor isLocal: true hasGlobalType: false
mbDirectCall FAIL (entry Nothing): Accessor isLocal: true hasGlobalType: false
mbDirectCall FAIL (entry Nothing): Accessor isLocal: true hasGlobalType: false
mbDirectCall FAIL (entry Nothing): Accessor isLocal: true hasGlobalType: false
mbDirectCall FAIL (entry Nothing): Accessor isLocal: true hasGlobalType: false
mbDirectCall FAIL (entry Nothing): Accessor isLocal: true hasGlobalType: false
mbDirectCall FAIL (entry Nothing): Accessor isLocal: true hasGlobalType: false
mbDirectCall FAIL (entry Nothing): f isLocal: true hasGlobalType: false
mbDirectCall FAIL (entry Nothing): Accessor isLocal: true hasGlobalType: false
mbDirectCall FAIL (entry Nothing): f isLocal: true hasGlobalType: false
mbDirectCall FAIL (entry Nothing): Accessor isLocal: true hasGlobalType: false
mbDirectCall FAIL (entry Nothing): f isLocal: true hasGlobalType: false
mbDirectCall FAIL (entry Nothing): Accessor isLocal: true hasGlobalType: false
mbDirectCall FAIL (entry Nothing): Accessor isLocal: true hasGlobalType: false
mbDirectCall FAIL (entry Nothing): Accessor isLocal: true hasGlobalType: false
mbDirectCall FAIL (entry Nothing): Accessor isLocal: true hasGlobalType: false
mbDirectCall FAIL (entry Nothing): Accessor isLocal: true hasGlobalType: false
mbDirectCall FAIL (entry Nothing): Accessor isLocal: true hasGlobalType: false
mbDirectCall FAIL (entry Nothing): Accessor isLocal: true hasGlobalType: false
mbDirectCall FAIL (entry Nothing): Accessor isLocal: true hasGlobalType: false
mbDirectCall FAIL (entry Nothing): f isLocal: true hasGlobalType: false
mbDirectCall FAIL (entry Nothing): Accessor isLocal: true hasGlobalType: false
mbDirectCall FAIL (entry Nothing): Accessor isLocal: true hasGlobalType: false
mbDirectCall FAIL (entry Nothing): Accessor isLocal: true hasGlobalType: false
mbDirectCall FAIL (entry Nothing): Accessor isLocal: true hasGlobalType: false
mbDirectCall FAIL (entry Nothing): Accessor isLocal: true hasGlobalType: false
mbDirectCall FAIL (entry Nothing): Accessor isLocal: true hasGlobalType: false
mbDirectCall FAIL (entry Nothing): Accessor isLocal: true hasGlobalType: false
mbDirectCall FAIL (entry Nothing): f isLocal: true hasGlobalType: false
mbDirectCall FAIL (entry Nothing): Accessor isLocal: true hasGlobalType: false
mbDirectCall FAIL (entry Nothing): Accessor isLocal: true hasGlobalType: false
mbDirectCall FAIL (entry Nothing): f isLocal: true hasGlobalType: false
mbDirectCall FAIL (entry Nothing): Accessor isLocal: true hasGlobalType: false
mbDirectCall FAIL (entry Nothing): eq11 isLocal: true hasGlobalType: false
mbDirectCall FAIL (entry Nothing): Accessor isLocal: true hasGlobalType: false
mbDirectCall FAIL (entry Nothing): Accessor isLocal: true hasGlobalType: false
mbDirectCall FAIL (entry Nothing): Accessor isLocal: true hasGlobalType: false
mbDirectCall FAIL (entry Nothing): Accessor isLocal: true hasGlobalType: false
mbDirectCall FAIL (entry Nothing): eq11 isLocal: true hasGlobalType: false
mbDirectCall FAIL (entry Nothing): compare11 isLocal: true hasGlobalType: false
mbDirectCall FAIL (entry Nothing): Accessor isLocal: true hasGlobalType: false
mbDirectCall FAIL (entry Nothing): Accessor isLocal: true hasGlobalType: false
mbDirectCall FAIL (entry Nothing): Accessor isLocal: true hasGlobalType: false
mbDirectCall FAIL (entry Nothing): Accessor isLocal: true hasGlobalType: false
mbDirectCall FAIL (entry Nothing): Accessor isLocal: true hasGlobalType: false
mbDirectCall FAIL (entry Nothing): Accessor isLocal: true hasGlobalType: false
mbDirectCall FAIL (entry Nothing): Accessor isLocal: true hasGlobalType: false
mbDirectCall FAIL (entry Nothing): eq11 isLocal: true hasGlobalType: false
mbDirectCall FAIL (entry Nothing): compare11 isLocal: true hasGlobalType: false
mbDirectCall FAIL (entry Nothing): Accessor isLocal: true hasGlobalType: false
mbDirectCall FAIL (entry Nothing): Accessor isLocal: true hasGlobalType: false
mbDirectCall FAIL (entry Nothing): Accessor isLocal: true hasGlobalType: false
mbDirectCall FAIL (entry Nothing): f isLocal: true hasGlobalType: false
mbDirectCall FAIL (entry Nothing): Accessor isLocal: true hasGlobalType: false
mbDirectCall FAIL (entry Nothing): f isLocal: true hasGlobalType: false
mbDirectCall FAIL (entry Nothing): f isLocal: true hasGlobalType: false
mbDirectCall FAIL (entry Nothing): Accessor isLocal: true hasGlobalType: false
mbDirectCall FAIL (entry Nothing): Accessor isLocal: true hasGlobalType: false
mbDirectCall FAIL (entry Nothing): Accessor isLocal: true hasGlobalType: false
mbDirectCall FAIL (entry Nothing): Accessor isLocal: true hasGlobalType: false
mbDirectCall FAIL (entry Nothing): Accessor isLocal: true hasGlobalType: false
mbDirectCall FAIL (entry Nothing): foldMap1 isLocal: true hasGlobalType: false
mbDirectCall FAIL (entry Nothing): Accessor isLocal: true hasGlobalType: false
mbDirectCall FAIL (entry Nothing): Accessor isLocal: true hasGlobalType: false
mbDirectCall FAIL (entry Nothing): Accessor isLocal: true hasGlobalType: false
mbDirectCall FAIL (entry Nothing): Accessor isLocal: true hasGlobalType: false
mbDirectCall FAIL (entry Nothing): foldMap1 isLocal: true hasGlobalType: false
mbDirectCall FAIL (entry Nothing): Accessor isLocal: true hasGlobalType: false
mbDirectCall FAIL (entry Nothing): Accessor isLocal: true hasGlobalType: false
mbDirectCall FAIL (entry Nothing): Accessor isLocal: true hasGlobalType: false
mbDirectCall FAIL (entry Nothing): foldMapWithIndex1 isLocal: true hasGlobalType: false
mbDirectCall FAIL (entry Nothing): Accessor isLocal: true hasGlobalType: false
mbDirectCall FAIL (entry Nothing): Accessor isLocal: true hasGlobalType: false
mbDirectCall FAIL (entry Nothing): Accessor isLocal: true hasGlobalType: false
mbDirectCall FAIL (entry Nothing): Accessor isLocal: true hasGlobalType: false
mbDirectCall FAIL (entry Nothing): Accessor isLocal: true hasGlobalType: false
mbDirectCall FAIL (entry Nothing): Accessor isLocal: true hasGlobalType: false
mbDirectCall FAIL (entry Nothing): foldMap1 isLocal: true hasGlobalType: false
mbDirectCall FAIL (entry Nothing): Accessor isLocal: true hasGlobalType: false
mbDirectCall FAIL (entry Nothing): Accessor isLocal: true hasGlobalType: false
mbDirectCall FAIL (entry Nothing): Accessor isLocal: true hasGlobalType: false
mbDirectCall FAIL (entry Nothing): Accessor isLocal: true hasGlobalType: false
mbDirectCall FAIL (entry Nothing): Accessor isLocal: true hasGlobalType: false
mbDirectCall FAIL (entry Nothing): Accessor isLocal: true hasGlobalType: false
mbDirectCall FAIL (entry Nothing): Accessor isLocal: true hasGlobalType: false
mbDirectCall FAIL (entry Nothing): Tuple isLocal: false hasGlobalType: false
mbDirectCall FAIL (entry Nothing): sequence1 isLocal: true hasGlobalType: false
mbDirectCall FAIL (entry Nothing): Accessor isLocal: true hasGlobalType: false
mbDirectCall FAIL (entry Nothing): Accessor isLocal: true hasGlobalType: false
mbDirectCall FAIL (entry Nothing): Accessor isLocal: true hasGlobalType: false
mbDirectCall FAIL (entry Nothing): Accessor isLocal: true hasGlobalType: false
mbDirectCall FAIL (entry Nothing): Accessor isLocal: true hasGlobalType: false
mbDirectCall FAIL (entry Nothing): Tuple isLocal: false hasGlobalType: false
mbDirectCall FAIL (entry Nothing): traverse1 isLocal: true hasGlobalType: false
mbDirectCall FAIL (entry Nothing): Accessor isLocal: true hasGlobalType: false
mbDirectCall FAIL (entry Nothing): Accessor isLocal: true hasGlobalType: false
mbDirectCall FAIL (entry Nothing): Accessor isLocal: true hasGlobalType: false
mbDirectCall FAIL (entry Nothing): Accessor isLocal: true hasGlobalType: false
mbDirectCall match: foldableWithIndexEnvT argsLen: 1 arity: 1
mbDirectCall FAIL (entry Nothing): Accessor isLocal: true hasGlobalType: false
mbDirectCall match: traversableEnvT argsLen: 1 arity: 1
mbDirectCall FAIL (entry Nothing): Accessor isLocal: true hasGlobalType: false
mbDirectCall FAIL (entry Nothing): Accessor isLocal: true hasGlobalType: false
mbDirectCall FAIL (entry Nothing): Accessor isLocal: true hasGlobalType: false
mbDirectCall FAIL (entry Nothing): Accessor isLocal: true hasGlobalType: false
mbDirectCall FAIL (entry Nothing): Accessor isLocal: true hasGlobalType: false
mbDirectCall FAIL (entry Nothing): Accessor isLocal: true hasGlobalType: false
mbDirectCall FAIL (entry Nothing): Tuple isLocal: false hasGlobalType: false
mbDirectCall FAIL (entry Nothing): traverseWithIndex1 isLocal: true hasGlobalType: false
mbDirectCall FAIL (entry Nothing): Accessor isLocal: true hasGlobalType: false
mbDirectCall FAIL (entry Nothing): Accessor isLocal: true hasGlobalType: false
mbDirectCall FAIL (entry Nothing): Accessor isLocal: true hasGlobalType: false
mbDirectCall FAIL (entry Nothing): Accessor isLocal: true hasGlobalType: false
mbDirectCall FAIL (entry Nothing): Tuple isLocal: false hasGlobalType: false
mbDirectCall match: extendEnvT argsLen: 1 arity: 1
mbDirectCall FAIL (entry Nothing): Accessor isLocal: true hasGlobalType: false
mbDirectCall FAIL (entry Nothing): Accessor isLocal: true hasGlobalType: false
mbDirectCall FAIL (entry Nothing): Accessor isLocal: true hasGlobalType: false
mbDirectCall FAIL (entry Nothing): f isLocal: true hasGlobalType: false
mbDirectCall FAIL (entry Nothing): h isLocal: true hasGlobalType: false
mbDirectCall FAIL (entry Nothing): Accessor isLocal: true hasGlobalType: false
mbDirectCall FAIL (entry Nothing): Accessor isLocal: true hasGlobalType: false
mbDirectCall FAIL (entry Nothing): f isLocal: true hasGlobalType: false
mbDirectCall FAIL (entry Nothing): h isLocal: true hasGlobalType: false
mbDirectCall FAIL (entry Nothing): Accessor isLocal: true hasGlobalType: false
mbDirectCall FAIL (entry Nothing): f isLocal: true hasGlobalType: false
mbDirectCall FAIL (entry Nothing): Accessor isLocal: true hasGlobalType: false
mbDirectCall FAIL (entry Nothing): Accessor isLocal: true hasGlobalType: false
mbDirectCall FAIL (entry Nothing): Accessor isLocal: true hasGlobalType: false
mbDirectCall FAIL (entry Nothing): v1 isLocal: true hasGlobalType: false
mbDirectCall FAIL (entry Nothing): Accessor isLocal: true hasGlobalType: false
mbDirectCall FAIL (entry Nothing): Accessor isLocal: true hasGlobalType: false
mbDirectCall FAIL (entry Nothing): Accessor isLocal: true hasGlobalType: false
mbDirectCall FAIL (entry Nothing): f isLocal: true hasGlobalType: false
mbDirectCall FAIL (entry Nothing): h isLocal: true hasGlobalType: false
mbDirectCall FAIL (entry Nothing): Accessor isLocal: true hasGlobalType: false
mbDirectCall FAIL (entry Nothing): f isLocal: true hasGlobalType: false
mbDirectCall FAIL (entry Nothing): Accessor isLocal: true hasGlobalType: false
mbDirectCall FAIL (entry Nothing): Accessor isLocal: true hasGlobalType: false
mbDirectCall FAIL (entry Nothing): f isLocal: true hasGlobalType: false
mbDirectCall FAIL (entry Nothing): g isLocal: true hasGlobalType: false
mbDirectCall FAIL (entry Nothing): Accessor isLocal: true hasGlobalType: false
mbDirectCall FAIL (entry Nothing): Accessor isLocal: true hasGlobalType: false
mbDirectCall FAIL (entry Nothing): f isLocal: true hasGlobalType: false
mbDirectCall FAIL (entry Nothing): g isLocal: true hasGlobalType: false
mbDirectCall FAIL (entry Nothing): Accessor isLocal: true hasGlobalType: false
mbDirectCall FAIL (entry Nothing): f isLocal: true hasGlobalType: false
mbDirectCall FAIL (entry Nothing): Accessor isLocal: true hasGlobalType: false
mbDirectCall FAIL (entry Nothing): h isLocal: true hasGlobalType: false
mbDirectCall FAIL (entry Nothing): Accessor isLocal: true hasGlobalType: false
mbDirectCall FAIL (entry Nothing): Accessor isLocal: true hasGlobalType: false
mbDirectCall FAIL (entry Nothing): Accessor isLocal: true hasGlobalType: false
mbDirectCall FAIL (entry Nothing): Accessor isLocal: true hasGlobalType: false
mbDirectCall FAIL (entry Nothing): f isLocal: true hasGlobalType: false
mbDirectCall FAIL (entry Nothing): Accessor isLocal: true hasGlobalType: false
mbDirectCall FAIL (entry Nothing): Accessor isLocal: true hasGlobalType: false
mbDirectCall FAIL (entry Nothing): Accessor isLocal: true hasGlobalType: false
mbDirectCall FAIL (entry Nothing): f isLocal: true hasGlobalType: false
mbDirectCall FAIL (entry Nothing): g isLocal: true hasGlobalType: false
mbDirectCall FAIL (entry Nothing): Accessor isLocal: true hasGlobalType: false
mbDirectCall FAIL (entry Nothing): f isLocal: true hasGlobalType: false
mbDirectCall FAIL (entry Nothing): Accessor isLocal: true hasGlobalType: false
mbDirectCall FAIL (entry Nothing): h isLocal: true hasGlobalType: false
mbDirectCall FAIL (entry Nothing): Accessor isLocal: true hasGlobalType: false
mbDirectCall FAIL (entry Nothing): extendTracedT1 isLocal: true hasGlobalType: false
mbDirectCall FAIL (entry Nothing): Accessor isLocal: true hasGlobalType: false
mbDirectCall FAIL (entry Nothing): Accessor isLocal: true hasGlobalType: false
mbDirectCall FAIL (entry Nothing): Accessor isLocal: true hasGlobalType: false
mbDirectCall FAIL (entry Nothing): f isLocal: true hasGlobalType: false
mbDirectCall FAIL (entry Nothing): Accessor isLocal: true hasGlobalType: false
mbDirectCall FAIL (entry Nothing): Accessor isLocal: true hasGlobalType: false
mbDirectCall FAIL (entry Nothing): Accessor isLocal: true hasGlobalType: false
mbDirectCall FAIL (entry Nothing): Accessor isLocal: true hasGlobalType: false
mbDirectCall FAIL (entry Nothing): duplicate isLocal: true hasGlobalType: false
mbDirectCall FAIL (entry Nothing): Accessor isLocal: true hasGlobalType: false
mbDirectCall FAIL (entry Nothing): f isLocal: true hasGlobalType: false
mbDirectCall FAIL (entry Nothing): Accessor isLocal: true hasGlobalType: false
mbDirectCall FAIL (entry Nothing): Accessor isLocal: true hasGlobalType: false
mbDirectCall FAIL (entry Nothing): Accessor isLocal: true hasGlobalType: false
mbDirectCall FAIL (entry Nothing): Accessor isLocal: true hasGlobalType: false
mbDirectCall FAIL (entry Nothing): Accessor isLocal: true hasGlobalType: false
mbDirectCall FAIL (entry Nothing): Local_Nothing isLocal: true hasGlobalType: false
mbDirectCall FAIL (entry Nothing): duplicate isLocal: true hasGlobalType: false
mbDirectCall FAIL (entry Nothing): Accessor isLocal: true hasGlobalType: false
mbDirectCall FAIL (entry Nothing): Accessor isLocal: true hasGlobalType: false
mbDirectCall FAIL (entry Nothing): f isLocal: true hasGlobalType: false
mbDirectCall FAIL (entry Nothing): Accessor isLocal: true hasGlobalType: false
mbDirectCall FAIL (entry Nothing): Accessor isLocal: true hasGlobalType: false
mbDirectCall match: comonadTracedT argsLen: 1 arity: 2
mbDirectCall FAIL (entry Nothing): Accessor isLocal: true hasGlobalType: false
mbDirectCall FAIL (entry Nothing): Accessor isLocal: true hasGlobalType: false
mbDirectCall FAIL (entry Nothing): Accessor isLocal: true hasGlobalType: false
mbDirectCall FAIL (entry Nothing): f isLocal: true hasGlobalType: false
mbDirectCall FAIL (entry Nothing): comonadTracedT isLocal: true hasGlobalType: false
mbDirectCall FAIL (entry Nothing): Accessor isLocal: true hasGlobalType: false
mbDirectCall FAIL (entry Nothing): Local_Nothing isLocal: true hasGlobalType: false
mbDirectCall FAIL (entry Nothing): Accessor isLocal: true hasGlobalType: false
mbDirectCall match: comonadStoreT argsLen: 1 arity: 1
mbDirectCall FAIL (entry Nothing): Accessor isLocal: true hasGlobalType: false
mbDirectCall FAIL (entry Nothing): Accessor isLocal: true hasGlobalType: false
mbDirectCall FAIL (entry Nothing): Accessor isLocal: true hasGlobalType: false
mbDirectCall match: comonadEnvT argsLen: 1 arity: 1
mbDirectCall FAIL (entry Nothing): Accessor isLocal: true hasGlobalType: false
mbDirectCall FAIL (entry Nothing): Local_Nothing isLocal: true hasGlobalType: false
mbDirectCall FAIL (entry Nothing): lower1 isLocal: true hasGlobalType: false
mbDirectCall FAIL (entry Nothing): Accessor isLocal: true hasGlobalType: false
mbDirectCall FAIL (entry Nothing): lower1 isLocal: true hasGlobalType: false
mbDirectCall FAIL (entry Nothing): Accessor isLocal: true hasGlobalType: false
mbDirectCall FAIL (entry Nothing): f isLocal: true hasGlobalType: false
mbDirectCall match: comonadEnvT argsLen: 1 arity: 1
mbDirectCall match: comonadEnvT argsLen: 1 arity: 1
mbDirectCall FAIL (entry Nothing): f isLocal: true hasGlobalType: false
mbDirectCall FAIL (entry Nothing): f isLocal: true hasGlobalType: false
mbDirectCall FAIL (entry Nothing): Accessor isLocal: true hasGlobalType: false
mbDirectCall FAIL (entry Nothing): Accessor isLocal: true hasGlobalType: false
mbDirectCall match: comonadStoreT argsLen: 1 arity: 1
mbDirectCall FAIL (entry Nothing): Accessor isLocal: true hasGlobalType: false
mbDirectCall FAIL (entry Nothing): Accessor isLocal: true hasGlobalType: false
mbDirectCall FAIL (entry Nothing): Local_Nothing isLocal: true hasGlobalType: false
mbDirectCall match: comonadAskStoreT argsLen: 1 arity: 1
mbDirectCall FAIL (entry Nothing): Accessor isLocal: true hasGlobalType: false
mbDirectCall FAIL (entry Nothing): Accessor isLocal: true hasGlobalType: false
mbDirectCall FAIL (entry Nothing): Accessor isLocal: true hasGlobalType: false
mbDirectCall match: comonadTracedT argsLen: 1 arity: 2
mbDirectCall FAIL (entry Nothing): comonadTracedT isLocal: true hasGlobalType: false
mbDirectCall FAIL (entry Nothing): Accessor isLocal: true hasGlobalType: false
mbDirectCall FAIL (entry Nothing): Accessor isLocal: true hasGlobalType: false
mbDirectCall FAIL (entry Nothing): Accessor isLocal: true hasGlobalType: false
mbDirectCall FAIL (entry Nothing): Accessor isLocal: true hasGlobalType: false
mbDirectCall FAIL (entry Nothing): f isLocal: true hasGlobalType: false
mbDirectCall match: comonadAskTracedT argsLen: 1 arity: 1
mbDirectCall FAIL (entry Nothing): Accessor isLocal: true hasGlobalType: false
mbDirectCall FAIL (entry Nothing): comonadAskTracedT1 isLocal: true hasGlobalType: false
mbDirectCall FAIL (entry Nothing): Accessor isLocal: true hasGlobalType: false
mbDirectCall FAIL (entry Nothing): Accessor isLocal: true hasGlobalType: false
mbDirectCall FAIL (entry Nothing): Accessor isLocal: true hasGlobalType: false
mbDirectCall FAIL (entry Nothing): Accessor isLocal: true hasGlobalType: false
mbDirectCall FAIL (entry Nothing): f isLocal: true hasGlobalType: false
mbDirectCall FAIL (entry Nothing): Accessor isLocal: true hasGlobalType: false
mbDirectCall FAIL (entry Nothing): Accessor isLocal: true hasGlobalType: false
mbDirectCall FAIL (entry Nothing): Accessor isLocal: true hasGlobalType: false
mbDirectCall FAIL (entry Nothing): Accessor isLocal: true hasGlobalType: false
mbDirectCall FAIL (entry Nothing): Accessor isLocal: true hasGlobalType: false
mbDirectCall FAIL (entry Nothing): Local_Nothing isLocal: true hasGlobalType: false
mbDirectCall FAIL (entry Nothing): lower1 isLocal: true hasGlobalType: false
mbDirectCall FAIL (entry Nothing): Accessor isLocal: true hasGlobalType: false
mbDirectCall FAIL (entry Nothing): Accessor isLocal: true hasGlobalType: false
mbDirectCall FAIL (entry Nothing): Accessor isLocal: true hasGlobalType: false
mbDirectCall FAIL (entry Nothing): Local_Nothing isLocal: true hasGlobalType: false
mbDirectCall FAIL (entry Nothing): lower1 isLocal: true hasGlobalType: false
mbDirectCall FAIL (entry Nothing): Accessor isLocal: true hasGlobalType: false
mbDirectCall FAIL (entry Nothing): Accessor isLocal: true hasGlobalType: false
mbDirectCall FAIL (entry Nothing): Accessor isLocal: true hasGlobalType: false
mbDirectCall FAIL (entry Nothing): Local_Nothing isLocal: true hasGlobalType: false
mbDirectCall FAIL (entry Nothing): lower1 isLocal: true hasGlobalType: false
mbDirectCall FAIL (entry Nothing): Accessor isLocal: true hasGlobalType: false
mbDirectCall FAIL (entry Nothing): g isLocal: true hasGlobalType: false
mbDirectCall FAIL (entry Nothing): f isLocal: true hasGlobalType: false
mbDirectCall FAIL (entry Nothing): Accessor isLocal: true hasGlobalType: false
mbDirectCall FAIL (entry Nothing): f isLocal: true hasGlobalType: false
mbDirectCall match: comonadTracedT argsLen: 1 arity: 2
mbDirectCall FAIL (entry Nothing): comonadTracedT isLocal: true hasGlobalType: false
mbDirectCall FAIL (entry Nothing): Accessor isLocal: true hasGlobalType: false
mbDirectCall match: comonadStoreT argsLen: 1 arity: 1
mbDirectCall FAIL (entry Nothing): Accessor isLocal: true hasGlobalType: false
mbDirectCall match: lowerTrack1 argsLen: 1 arity: 1
mbDirectCall FAIL (entry Nothing): Accessor isLocal: true hasGlobalType: false
mbDirectCall FAIL (entry Nothing): Accessor isLocal: true hasGlobalType: false
mbDirectCall FAIL (entry Nothing): Accessor isLocal: true hasGlobalType: false
mbDirectCall FAIL (entry Nothing): Accessor isLocal: true hasGlobalType: false
mbDirectCall FAIL (entry Nothing): f isLocal: true hasGlobalType: false
mbDirectCall FAIL (entry Nothing): Accessor isLocal: true hasGlobalType: false
mbDirectCall match: lowerTrack2 argsLen: 1 arity: 1
mbDirectCall match: comonadEnvT argsLen: 1 arity: 1
mbDirectCall FAIL (entry Nothing): Accessor isLocal: true hasGlobalType: false
mbDirectCall match: lowerTrack3 argsLen: 1 arity: 1
mbDirectCall FAIL (entry Nothing): Accessor isLocal: true hasGlobalType: false
mbDirectCall FAIL (entry Nothing): v1 isLocal: true hasGlobalType: false
mbDirectCall FAIL (entry Nothing): f isLocal: true hasGlobalType: false
mbDirectCall FAIL (entry Nothing): v isLocal: true hasGlobalType: false
mbDirectCall FAIL (entry Nothing): f isLocal: true hasGlobalType: false
mbDirectCall FAIL (entry Nothing): v isLocal: true hasGlobalType: false
mbDirectCall FAIL (entry Nothing): Accessor isLocal: true hasGlobalType: false
mbDirectCall FAIL (entry Nothing): Accessor isLocal: true hasGlobalType: false
mbDirectCall FAIL (entry Nothing): f isLocal: true hasGlobalType: false
mbDirectCall FAIL (entry Nothing): v isLocal: true hasGlobalType: false
mbDirectCall FAIL (entry Nothing): v isLocal: true hasGlobalType: false
mbDirectCall FAIL (entry Nothing): k isLocal: true hasGlobalType: false
mbDirectCall FAIL (entry Nothing): f isLocal: true hasGlobalType: false
mbDirectCall FAIL (entry Nothing): v isLocal: true hasGlobalType: false
mbDirectCall FAIL (entry Nothing): k isLocal: true hasGlobalType: false
mbDirectCall FAIL (entry Nothing): f isLocal: true hasGlobalType: false
mbDirectCall FAIL (entry Nothing): v isLocal: true hasGlobalType: false
mbDirectCall FAIL (entry Nothing): v1 isLocal: true hasGlobalType: false
mbDirectCall FAIL (entry Nothing): k isLocal: true hasGlobalType: false
mbDirectCall FAIL (entry Nothing): g isLocal: true hasGlobalType: false
mbDirectCall FAIL (entry Nothing): v isLocal: true hasGlobalType: false
mbDirectCall FAIL (entry Nothing): k isLocal: true hasGlobalType: false
mbDirectCall FAIL (entry Nothing): f isLocal: true hasGlobalType: false
mbDirectCall FAIL (entry Nothing): v isLocal: true hasGlobalType: false
mbDirectCall FAIL (entry Nothing): v1 isLocal: true hasGlobalType: false
mbDirectCall FAIL (entry Nothing): k isLocal: true hasGlobalType: false
mbDirectCall FAIL (entry Nothing): g isLocal: true hasGlobalType: false
mbDirectCall FAIL (entry Nothing): v isLocal: true hasGlobalType: false
mbDirectCall FAIL (entry Nothing): k isLocal: true hasGlobalType: false
mbDirectCall FAIL (entry Nothing): a isLocal: true hasGlobalType: false
mbDirectCall FAIL (entry Nothing): Accessor isLocal: true hasGlobalType: false
mbDirectCall FAIL (entry Nothing): b isLocal: true hasGlobalType: false
mbDirectCall FAIL (entry Nothing): k isLocal: true hasGlobalType: false
mbDirectCall FAIL (entry Nothing): Local_Nothing isLocal: true hasGlobalType: false
mbDirectCall FAIL (entry Nothing): v isLocal: true hasGlobalType: false
mbDirectCall FAIL (entry Nothing): k isLocal: true hasGlobalType: false
mbDirectCall FAIL (entry Nothing): f isLocal: true hasGlobalType: false
mbDirectCall FAIL (entry Nothing): v isLocal: true hasGlobalType: false
mbDirectCall FAIL (entry Nothing): v1 isLocal: true hasGlobalType: false
mbDirectCall FAIL (entry Nothing): k isLocal: true hasGlobalType: false
mbDirectCall FAIL (entry Nothing): g isLocal: true hasGlobalType: false
mbDirectCall FAIL (entry Nothing): k isLocal: true hasGlobalType: false
mbDirectCall FAIL (entry Nothing): v isLocal: true hasGlobalType: false
mbDirectCall FAIL (entry Nothing): k isLocal: true hasGlobalType: false
mbDirectCall FAIL (entry Nothing): f isLocal: true hasGlobalType: false
mbDirectCall FAIL (entry Nothing): v isLocal: true hasGlobalType: false
mbDirectCall FAIL (entry Nothing): v1 isLocal: true hasGlobalType: false
mbDirectCall FAIL (entry Nothing): k isLocal: true hasGlobalType: false
mbDirectCall FAIL (entry Nothing): g isLocal: true hasGlobalType: false
mbDirectCall FAIL (entry Nothing): k isLocal: true hasGlobalType: false
mbDirectCall FAIL (entry Nothing): v isLocal: true hasGlobalType: false
mbDirectCall FAIL (entry Nothing): k isLocal: true hasGlobalType: false
mbDirectCall FAIL (entry Nothing): f isLocal: true hasGlobalType: false
mbDirectCall FAIL (entry Nothing): v isLocal: true hasGlobalType: false
mbDirectCall FAIL (entry Nothing): v1 isLocal: true hasGlobalType: false
mbDirectCall FAIL (entry Nothing): k isLocal: true hasGlobalType: false
mbDirectCall FAIL (entry Nothing): g isLocal: true hasGlobalType: false
mbDirectCall FAIL (entry Nothing): v isLocal: true hasGlobalType: false
mbDirectCall FAIL (entry Nothing): k isLocal: true hasGlobalType: false
mbDirectCall FAIL (entry Nothing): Accessor isLocal: true hasGlobalType: false
mbDirectCall match: monadContT argsLen: 1 arity: 1
mbDirectCall FAIL (entry Nothing): Accessor isLocal: true hasGlobalType: false
mbDirectCall FAIL (entry Nothing): Accessor isLocal: true hasGlobalType: false
mbDirectCall match: monadAskContT argsLen: 1 arity: 1
mbDirectCall FAIL (entry Nothing): Accessor isLocal: true hasGlobalType: false
mbDirectCall FAIL (entry Nothing): Accessor isLocal: true hasGlobalType: false
mbDirectCall FAIL (entry Nothing): Accessor isLocal: true hasGlobalType: false
mbDirectCall FAIL (entry Nothing): Accessor isLocal: true hasGlobalType: false
mbDirectCall FAIL (entry Nothing): v isLocal: true hasGlobalType: false
mbDirectCall FAIL (entry Nothing): Accessor isLocal: true hasGlobalType: false
mbDirectCall FAIL (entry Nothing): Local_Nothing isLocal: true hasGlobalType: false
mbDirectCall FAIL (entry Nothing): k isLocal: true hasGlobalType: false
mbDirectCall match: monadContT argsLen: 1 arity: 1
mbDirectCall FAIL (entry Nothing): f isLocal: true hasGlobalType: false
mbDirectCall FAIL (entry Nothing): k isLocal: true hasGlobalType: false
mbDirectCall FAIL (entry Nothing): Accessor isLocal: true hasGlobalType: false
mbDirectCall match: monadContT argsLen: 1 arity: 1
mbDirectCall FAIL (entry Nothing): Accessor isLocal: true hasGlobalType: false
mbDirectCall FAIL (entry Nothing): Local_Nothing isLocal: true hasGlobalType: false
mbDirectCall FAIL (entry Nothing): Accessor isLocal: true hasGlobalType: false
mbDirectCall FAIL (entry Nothing): Accessor isLocal: true hasGlobalType: false
mbDirectCall match: monadContT argsLen: 1 arity: 1
mbDirectCall FAIL (entry Nothing): Accessor isLocal: true hasGlobalType: false
mbDirectCall FAIL (entry Nothing): Local_Nothing isLocal: true hasGlobalType: false
mbDirectCall FAIL (entry Nothing): Accessor isLocal: true hasGlobalType: false
mbDirectCall FAIL (entry Nothing): Accessor isLocal: true hasGlobalType: false
mbDirectCall match: monadContT argsLen: 1 arity: 1
mbDirectCall FAIL (entry Nothing): Accessor isLocal: true hasGlobalType: false
mbDirectCall FAIL (entry Nothing): Local_Nothing isLocal: true hasGlobalType: false
mbDirectCall FAIL (entry Nothing): Accessor isLocal: true hasGlobalType: false
mbDirectCall FAIL (entry Nothing): Accessor isLocal: true hasGlobalType: false
mbDirectCall FAIL (entry Nothing): a isLocal: true hasGlobalType: false
mbDirectCall FAIL (entry Nothing): Accessor isLocal: true hasGlobalType: false
mbDirectCall FAIL (entry Nothing): b isLocal: true hasGlobalType: false
mbDirectCall FAIL (entry Nothing): k isLocal: true hasGlobalType: false
mbDirectCall FAIL (entry Nothing): Local_Nothing isLocal: true hasGlobalType: false
mbDirectCall FAIL (entry Nothing): k isLocal: true hasGlobalType: false
mbDirectCall FAIL (entry Nothing): Accessor isLocal: true hasGlobalType: false
mbDirectCall FAIL (entry Nothing): Accessor isLocal: true hasGlobalType: false
mbDirectCall FAIL (entry Nothing): v isLocal: true hasGlobalType: false
mbDirectCall FAIL (entry Nothing): Local_Nothing isLocal: true hasGlobalType: false
mbDirectCall FAIL (entry Nothing): f isLocal: true hasGlobalType: false
mbDirectCall FAIL (entry Nothing): Local_Nothing isLocal: true hasGlobalType: false
mbDirectCall FAIL (entry Nothing): cc isLocal: true hasGlobalType: false
mbDirectCall FAIL (entry Nothing): k isLocal: true hasGlobalType: false
mbDirectCall FAIL (entry Nothing): f isLocal: true hasGlobalType: false
mbDirectCall FAIL (entry Nothing): v isLocal: true hasGlobalType: false
mbDirectCall FAIL (entry Nothing): f isLocal: true hasGlobalType: false
mbDirectCall FAIL (entry Nothing): c isLocal: true hasGlobalType: false
mbDirectCall FAIL (entry Nothing): Accessor isLocal: true hasGlobalType: false
mbDirectCall FAIL (entry Nothing): f isLocal: true hasGlobalType: false
mbDirectCall FAIL (entry Nothing): Accessor isLocal: true hasGlobalType: false
mbDirectCall FAIL (entry Nothing): Accessor isLocal: true hasGlobalType: false
mbDirectCall FAIL (entry Nothing): Accessor isLocal: true hasGlobalType: false
mbDirectCall FAIL (entry Nothing): Accessor isLocal: true hasGlobalType: false
mbDirectCall FAIL (entry Nothing): f isLocal: true hasGlobalType: false
mbDirectCall FAIL (entry Nothing): Accessor isLocal: true hasGlobalType: false
mbDirectCall FAIL (entry Nothing): Accessor isLocal: true hasGlobalType: false
mbDirectCall FAIL (entry Nothing): Accessor isLocal: true hasGlobalType: false
mbDirectCall match: applicativeExceptT argsLen: 1 arity: 1
mbDirectCall match: bindExceptT argsLen: 1 arity: 1
mbDirectCall match: applyExceptT argsLen: 1 arity: 1
mbDirectCall FAIL (entry Nothing): Accessor isLocal: true hasGlobalType: false
mbDirectCall FAIL (entry Nothing): Accessor isLocal: true hasGlobalType: false
mbDirectCall FAIL (entry Nothing): Accessor isLocal: true hasGlobalType: false
mbDirectCall FAIL (entry Nothing): Accessor isLocal: true hasGlobalType: false
mbDirectCall FAIL (entry Nothing): k isLocal: true hasGlobalType: false
mbDirectCall FAIL (entry Nothing): Accessor isLocal: true hasGlobalType: false
mbDirectCall FAIL (entry Nothing): Accessor isLocal: true hasGlobalType: false
mbDirectCall FAIL (entry Nothing): Accessor isLocal: true hasGlobalType: false
mbDirectCall FAIL (entry Nothing): Accessor isLocal: true hasGlobalType: false
mbDirectCall FAIL (entry Nothing): Accessor isLocal: true hasGlobalType: false
mbDirectCall match: bindExceptT argsLen: 1 arity: 1
mbDirectCall FAIL (entry Nothing): Accessor isLocal: true hasGlobalType: false
mbDirectCall FAIL (entry Nothing): Accessor isLocal: true hasGlobalType: false
mbDirectCall FAIL (entry Nothing): Accessor isLocal: true hasGlobalType: false
mbDirectCall match: applicativeExceptT argsLen: 1 arity: 1
mbDirectCall FAIL (entry Nothing): f' isLocal: true hasGlobalType: false
mbDirectCall match: applyExceptT argsLen: 1 arity: 1
mbDirectCall FAIL (entry Nothing): Accessor isLocal: true hasGlobalType: false
mbDirectCall FAIL (entry Nothing): Accessor isLocal: true hasGlobalType: false
mbDirectCall match: applyExceptT argsLen: 1 arity: 1
mbDirectCall FAIL (entry Nothing): Accessor isLocal: true hasGlobalType: false
mbDirectCall FAIL (entry Nothing): Accessor isLocal: true hasGlobalType: false
mbDirectCall FAIL (entry Nothing): Accessor isLocal: true hasGlobalType: false
mbDirectCall FAIL (entry Nothing): Accessor isLocal: true hasGlobalType: false
mbDirectCall match: applicativeExceptT argsLen: 1 arity: 1
mbDirectCall match: bindExceptT argsLen: 1 arity: 1
mbDirectCall FAIL (entry Nothing): Accessor isLocal: true hasGlobalType: false
mbDirectCall match: monadAskExceptT argsLen: 1 arity: 1
mbDirectCall FAIL (entry Nothing): Accessor isLocal: true hasGlobalType: false
mbDirectCall FAIL (entry Nothing): Accessor isLocal: true hasGlobalType: false
mbDirectCall FAIL (entry Nothing): Accessor isLocal: true hasGlobalType: false
mbDirectCall match: applicativeExceptT argsLen: 1 arity: 1
mbDirectCall match: bindExceptT argsLen: 1 arity: 1
mbDirectCall FAIL (entry Nothing): Accessor isLocal: true hasGlobalType: false
mbDirectCall FAIL (entry Nothing): f isLocal: true hasGlobalType: false
mbDirectCall FAIL (entry Nothing): c isLocal: true hasGlobalType: false
mbDirectCall FAIL (entry Nothing): Accessor isLocal: true hasGlobalType: false
mbDirectCall match: applicativeExceptT argsLen: 1 arity: 1
mbDirectCall match: bindExceptT argsLen: 1 arity: 1
mbDirectCall FAIL (entry Nothing): Accessor isLocal: true hasGlobalType: false
mbDirectCall FAIL (entry Nothing): Local_Nothing isLocal: true hasGlobalType: false
mbDirectCall FAIL (entry Nothing): Accessor isLocal: true hasGlobalType: false
mbDirectCall FAIL (entry Nothing): Accessor isLocal: true hasGlobalType: false
mbDirectCall match: applicativeExceptT argsLen: 1 arity: 1
mbDirectCall match: bindExceptT argsLen: 1 arity: 1
mbDirectCall FAIL (entry Nothing): Accessor isLocal: true hasGlobalType: false
mbDirectCall FAIL (entry Nothing): Accessor isLocal: true hasGlobalType: false
mbDirectCall FAIL (entry Nothing): Accessor isLocal: true hasGlobalType: false
mbDirectCall FAIL (entry Nothing): f isLocal: true hasGlobalType: false
mbDirectCall FAIL (entry Nothing): Accessor isLocal: true hasGlobalType: false
mbDirectCall FAIL (entry Nothing): Accessor isLocal: true hasGlobalType: false
mbDirectCall FAIL (entry Nothing): Accessor isLocal: true hasGlobalType: false
mbDirectCall FAIL (entry Nothing): Accessor isLocal: true hasGlobalType: false
mbDirectCall match: applicativeExceptT argsLen: 1 arity: 1
mbDirectCall match: bindExceptT argsLen: 1 arity: 1
mbDirectCall FAIL (entry Nothing): lift1 isLocal: true hasGlobalType: false
mbDirectCall FAIL (entry Nothing): Accessor isLocal: true hasGlobalType: false
mbDirectCall FAIL (entry Nothing): Accessor isLocal: true hasGlobalType: false
mbDirectCall FAIL (entry Nothing): Accessor isLocal: true hasGlobalType: false
mbDirectCall match: applicativeExceptT argsLen: 1 arity: 1
mbDirectCall match: bindExceptT argsLen: 1 arity: 1
mbDirectCall FAIL (entry Nothing): Accessor isLocal: true hasGlobalType: false
mbDirectCall FAIL (entry Nothing): Local_Nothing isLocal: true hasGlobalType: false
mbDirectCall FAIL (entry Nothing): Accessor isLocal: true hasGlobalType: false
mbDirectCall FAIL (entry Nothing): Accessor isLocal: true hasGlobalType: false
mbDirectCall FAIL (entry Nothing): Accessor isLocal: true hasGlobalType: false
mbDirectCall FAIL (entry Nothing): Accessor isLocal: true hasGlobalType: false
mbDirectCall FAIL (entry Nothing): Accessor isLocal: true hasGlobalType: false
mbDirectCall FAIL (entry Nothing): Accessor isLocal: true hasGlobalType: false
mbDirectCall match: monadTellExceptT argsLen: 1 arity: 1
mbDirectCall FAIL (entry Nothing): Accessor isLocal: true hasGlobalType: false
mbDirectCall FAIL (entry Nothing): Accessor isLocal: true hasGlobalType: false
mbDirectCall FAIL (entry Nothing): Accessor isLocal: true hasGlobalType: false
mbDirectCall FAIL (entry Nothing): Accessor isLocal: true hasGlobalType: false
mbDirectCall FAIL (entry Nothing): Accessor isLocal: true hasGlobalType: false
mbDirectCall FAIL (entry Nothing): Accessor isLocal: true hasGlobalType: false
mbDirectCall FAIL (entry Nothing): Accessor isLocal: true hasGlobalType: false
mbDirectCall match: applicativeExceptT argsLen: 1 arity: 1
mbDirectCall match: bindExceptT argsLen: 1 arity: 1
mbDirectCall FAIL (entry Nothing): Accessor isLocal: true hasGlobalType: false
mbDirectCall FAIL (entry Nothing): Accessor isLocal: true hasGlobalType: false
mbDirectCall match: monadThrowExceptT argsLen: 1 arity: 1
mbDirectCall FAIL (entry Nothing): Accessor isLocal: true hasGlobalType: false
mbDirectCall FAIL (entry Nothing): Accessor isLocal: true hasGlobalType: false
mbDirectCall FAIL (entry Nothing): k isLocal: true hasGlobalType: false
mbDirectCall FAIL (entry Nothing): Accessor isLocal: true hasGlobalType: false
mbDirectCall FAIL (entry Nothing): Accessor isLocal: true hasGlobalType: false
mbDirectCall FAIL (entry Nothing): Accessor isLocal: true hasGlobalType: false
mbDirectCall match: applicativeExceptT argsLen: 1 arity: 1
mbDirectCall match: bindExceptT argsLen: 1 arity: 1
mbDirectCall FAIL (entry Nothing): Accessor isLocal: true hasGlobalType: false
mbDirectCall FAIL (entry Nothing): Local_Nothing isLocal: true hasGlobalType: false
mbDirectCall FAIL (entry Nothing): Accessor isLocal: true hasGlobalType: false
mbDirectCall match: semigroupExceptT argsLen: 1 arity: 1
mbDirectCall FAIL (entry Nothing): semigroupExceptT1 isLocal: true hasGlobalType: false
mbDirectCall FAIL (entry Nothing): Accessor isLocal: true hasGlobalType: false
mbDirectCall FAIL (entry Nothing): Accessor isLocal: true hasGlobalType: false
mbDirectCall match: applicativeExceptT argsLen: 1 arity: 1
mbDirectCall FAIL (entry Nothing): Accessor isLocal: true hasGlobalType: false
mbDirectCall FAIL (entry Nothing): Accessor isLocal: true hasGlobalType: false
mbDirectCall FAIL (entry Nothing): Accessor isLocal: true hasGlobalType: false
mbDirectCall FAIL (entry Nothing): Accessor isLocal: true hasGlobalType: false
mbDirectCall FAIL (entry Nothing): Accessor isLocal: true hasGlobalType: false
mbDirectCall FAIL (entry Nothing): Accessor isLocal: true hasGlobalType: false
mbDirectCall FAIL (entry Nothing): Accessor isLocal: true hasGlobalType: false
mbDirectCall FAIL (entry Nothing): Accessor isLocal: true hasGlobalType: false
mbDirectCall FAIL (entry Nothing): Accessor isLocal: true hasGlobalType: false
mbDirectCall FAIL (entry Nothing): Accessor isLocal: true hasGlobalType: false
mbDirectCall FAIL (entry Nothing): Accessor isLocal: true hasGlobalType: false
mbDirectCall FAIL (entry Nothing): Accessor isLocal: true hasGlobalType: false
mbDirectCall match: altExceptT argsLen: 1 arity: 2
mbDirectCall FAIL (entry Nothing): Accessor isLocal: true hasGlobalType: false
mbDirectCall FAIL (entry Nothing): altExceptT1 isLocal: true hasGlobalType: false
mbDirectCall FAIL (entry Nothing): Accessor isLocal: true hasGlobalType: false
mbDirectCall match: monadThrowExceptT argsLen: 1 arity: 1
mbDirectCall match: plusExceptT argsLen: 1 arity: 1
mbDirectCall match: applicativeExceptT argsLen: 1 arity: 1
mbDirectCall FAIL (entry Nothing): plusExceptT1 isLocal: true hasGlobalType: false
mbDirectCall match: alternativeExceptT argsLen: 1 arity: 1
mbDirectCall match: applicativeExceptT argsLen: 1 arity: 1
mbDirectCall match: bindExceptT argsLen: 1 arity: 1
mbDirectCall FAIL (entry Nothing): alternativeExceptT1 isLocal: true hasGlobalType: false
mbDirectCall FAIL (entry Nothing): Accessor isLocal: true hasGlobalType: false
mbDirectCall FAIL (entry Nothing): f isLocal: true hasGlobalType: false
mbDirectCall FAIL (entry Nothing): f isLocal: true hasGlobalType: false
mbDirectCall match: ordIntImpl argsLen: 3 arity: 5
mbDirectCall FAIL (entry Nothing): Local_Nothing isLocal: true hasGlobalType: false
mbDirectCall FAIL (entry Nothing): Accessor isLocal: true hasGlobalType: false
mbDirectCall FAIL (entry Nothing): Accessor isLocal: true hasGlobalType: false
mbDirectCall FAIL (entry Nothing): Accessor isLocal: true hasGlobalType: false
mbDirectCall FAIL (entry Nothing): Accessor isLocal: true hasGlobalType: false
mbDirectCall FAIL (entry Nothing): Accessor isLocal: true hasGlobalType: false
mbDirectCall FAIL (entry Nothing): Accessor isLocal: true hasGlobalType: false
mbDirectCall FAIL (entry Nothing): Accessor isLocal: true hasGlobalType: false
mbDirectCall FAIL (entry Nothing): Accessor isLocal: true hasGlobalType: false
mbDirectCall FAIL (entry Nothing): Accessor isLocal: true hasGlobalType: false
mbDirectCall FAIL (entry Nothing): Accessor isLocal: true hasGlobalType: false
mbDirectCall FAIL (entry Nothing): Accessor isLocal: true hasGlobalType: false
mbDirectCall FAIL (entry Nothing): Accessor isLocal: true hasGlobalType: false
mbDirectCall match: lessThanOrEq argsLen: 2 arity: 0
mbDirectCall FAIL (entry Nothing): Accessor isLocal: true hasGlobalType: false
mbDirectCall FAIL (entry Nothing): Tuple isLocal: false hasGlobalType: false
mbDirectCall FAIL (entry Nothing): Local_Nothing isLocal: true hasGlobalType: false
mbDirectCall FAIL (entry Nothing): Local_Nothing isLocal: true hasGlobalType: false
mbDirectCall FAIL (entry Nothing): v isLocal: true hasGlobalType: false
mbDirectCall FAIL (entry Nothing): v1 isLocal: true hasGlobalType: false
mbDirectCall FAIL (entry Nothing): Accessor isLocal: true hasGlobalType: false
mbDirectCall match: lessThanOrEq argsLen: 2 arity: 0
mbDirectCall FAIL (entry Nothing): foldMap1 isLocal: true hasGlobalType: false
mbDirectCall FAIL (entry Nothing): go isLocal: true hasGlobalType: false
mbDirectCall FAIL (entry Nothing): Accessor isLocal: true hasGlobalType: false
mbDirectCall FAIL (entry Nothing): Accessor isLocal: true hasGlobalType: false
mbDirectCall FAIL (entry Nothing): Accessor isLocal: true hasGlobalType: false
mbDirectCall FAIL (entry Nothing): Accessor isLocal: true hasGlobalType: false
mbDirectCall match: fromIndex argsLen: 1 arity: 1
mbDirectCall FAIL (entry Nothing): Accessor isLocal: true hasGlobalType: false
mbDirectCall FAIL (entry Nothing): Accessor isLocal: true hasGlobalType: false
mbDirectCall FAIL (entry Nothing): Accessor isLocal: true hasGlobalType: false
mbDirectCall FAIL (entry Nothing): Accessor isLocal: true hasGlobalType: false
mbDirectCall FAIL (entry Nothing): length isLocal: true hasGlobalType: false
mbDirectCall FAIL (entry Nothing): fromIndex1 isLocal: true hasGlobalType: false
mbDirectCall FAIL (entry Nothing): Accessor isLocal: true hasGlobalType: false
mbDirectCall FAIL (entry Nothing): Accessor isLocal: true hasGlobalType: false
mbDirectCall FAIL (entry Nothing): Accessor isLocal: true hasGlobalType: false
mbDirectCall FAIL (entry Nothing): Accessor isLocal: true hasGlobalType: false
mbDirectCall FAIL (entry Nothing): Accessor isLocal: true hasGlobalType: false
mbDirectCall FAIL (entry Nothing): Accessor isLocal: true hasGlobalType: false
mbDirectCall FAIL (entry Nothing): Accessor isLocal: true hasGlobalType: false
mbDirectCall FAIL (entry Nothing): Accessor isLocal: true hasGlobalType: false
mbDirectCall FAIL (entry Nothing): foldMap isLocal: true hasGlobalType: false
mbDirectCall FAIL (entry Nothing): foldMap1 isLocal: true hasGlobalType: false
mbDirectCall FAIL (entry Nothing): Local_Nothing isLocal: true hasGlobalType: false
mbDirectCall FAIL (entry Nothing): Accessor isLocal: true hasGlobalType: false
mbDirectCall FAIL (entry Nothing): Accessor isLocal: true hasGlobalType: false
mbDirectCall FAIL (entry Nothing): Accessor isLocal: true hasGlobalType: false
mbDirectCall FAIL (entry Nothing): Accessor isLocal: true hasGlobalType: false
mbDirectCall FAIL (entry Nothing): Accessor isLocal: true hasGlobalType: false
mbDirectCall FAIL (entry Nothing): Accessor isLocal: true hasGlobalType: false
mbDirectCall match: filtered argsLen: 2 arity: 2
mbDirectCall FAIL (entry Nothing): Accessor isLocal: true hasGlobalType: false
mbDirectCall FAIL (entry Nothing): Accessor isLocal: true hasGlobalType: false
mbDirectCall FAIL (entry Nothing): Accessor isLocal: true hasGlobalType: false
mbDirectCall FAIL (entry Nothing): Accessor isLocal: true hasGlobalType: false
mbDirectCall FAIL (entry Nothing): filtered2 isLocal: true hasGlobalType: false
mbDirectCall FAIL (entry Nothing): Accessor isLocal: true hasGlobalType: false
mbDirectCall FAIL (entry Nothing): pred isLocal: true hasGlobalType: false
mbDirectCall FAIL (entry Nothing): Accessor isLocal: true hasGlobalType: false
mbDirectCall FAIL (entry Nothing): Accessor isLocal: true hasGlobalType: false
mbDirectCall FAIL (entry Nothing): Accessor isLocal: true hasGlobalType: false
mbDirectCall match: fromIndex argsLen: 1 arity: 1
mbDirectCall FAIL (entry Nothing): Accessor isLocal: true hasGlobalType: false
mbDirectCall FAIL (entry Nothing): Accessor isLocal: true hasGlobalType: false
mbDirectCall FAIL (entry Nothing): Accessor isLocal: true hasGlobalType: false
mbDirectCall FAIL (entry Nothing): length isLocal: true hasGlobalType: false
mbDirectCall FAIL (entry Nothing): Accessor isLocal: true hasGlobalType: false
mbDirectCall FAIL (entry Nothing): Accessor isLocal: true hasGlobalType: false
mbDirectCall FAIL (entry Nothing): fromIndex1 isLocal: true hasGlobalType: false
mbDirectCall FAIL (entry Nothing): Accessor isLocal: true hasGlobalType: false
mbDirectCall FAIL (entry Nothing): Accessor isLocal: true hasGlobalType: false
mbDirectCall FAIL (entry Nothing): Accessor isLocal: true hasGlobalType: false
mbDirectCall FAIL (entry Nothing): Accessor isLocal: true hasGlobalType: false
mbDirectCall FAIL (entry Nothing): Accessor isLocal: true hasGlobalType: false
mbDirectCall FAIL (entry Nothing): Accessor isLocal: true hasGlobalType: false
mbDirectCall FAIL (entry Nothing): f isLocal: true hasGlobalType: false
mbDirectCall FAIL (entry Nothing): Accessor isLocal: true hasGlobalType: false
mbDirectCall FAIL (entry Nothing): Accessor isLocal: true hasGlobalType: false
mbDirectCall FAIL (entry Nothing): Accessor isLocal: true hasGlobalType: false
mbDirectCall FAIL (entry Nothing): Accessor isLocal: true hasGlobalType: false
mbDirectCall FAIL (entry Nothing): Accessor isLocal: true hasGlobalType: false
mbDirectCall FAIL (entry Nothing): Accessor isLocal: true hasGlobalType: false
mbDirectCall FAIL (entry Nothing): Accessor isLocal: true hasGlobalType: false
mbDirectCall FAIL (entry Nothing): Accessor isLocal: true hasGlobalType: false
mbDirectCall FAIL (entry Nothing): Accessor isLocal: true hasGlobalType: false
mbDirectCall FAIL (entry Nothing): Accessor isLocal: true hasGlobalType: false
mbDirectCall FAIL (entry Nothing): Accessor isLocal: true hasGlobalType: false
mbDirectCall FAIL (entry Nothing): Accessor isLocal: true hasGlobalType: false
mbDirectCall FAIL (entry Nothing): Accessor isLocal: true hasGlobalType: false
mbDirectCall FAIL (entry Nothing): Accessor isLocal: true hasGlobalType: false
mbDirectCall FAIL (entry Nothing): f isLocal: true hasGlobalType: false
mbDirectCall FAIL (entry Nothing): Accessor isLocal: true hasGlobalType: false
mbDirectCall FAIL (entry Nothing): Accessor isLocal: true hasGlobalType: false
mbDirectCall FAIL (entry Nothing): f isLocal: true hasGlobalType: false
mbDirectCall FAIL (entry Nothing): Accessor isLocal: true hasGlobalType: false
mbDirectCall FAIL (entry Nothing): f isLocal: true hasGlobalType: false
mbDirectCall FAIL (entry Nothing): Accessor isLocal: true hasGlobalType: false
mbDirectCall FAIL (entry Nothing): f isLocal: true hasGlobalType: false
mbDirectCall FAIL (entry Nothing): f isLocal: true hasGlobalType: false
mbDirectCall FAIL (entry Nothing): Accessor isLocal: true hasGlobalType: false
mbDirectCall FAIL (entry Nothing): Accessor isLocal: true hasGlobalType: false
mbDirectCall FAIL (entry Nothing): Accessor isLocal: true hasGlobalType: false
mbDirectCall FAIL (entry Nothing): f isLocal: true hasGlobalType: false
mbDirectCall FAIL (entry Nothing): foldMap1 isLocal: true hasGlobalType: false
mbDirectCall FAIL (entry Nothing): Accessor isLocal: true hasGlobalType: false
mbDirectCall FAIL (entry Nothing): f isLocal: true hasGlobalType: false
mbDirectCall FAIL (entry Nothing): f isLocal: true hasGlobalType: false
mbDirectCall FAIL (entry Nothing): Accessor isLocal: true hasGlobalType: false
mbDirectCall FAIL (entry Nothing): Accessor isLocal: true hasGlobalType: false
mbDirectCall FAIL (entry Nothing): Accessor isLocal: true hasGlobalType: false
mbDirectCall FAIL (entry Nothing): Accessor isLocal: true hasGlobalType: false
mbDirectCall FAIL (entry Nothing): Accessor isLocal: true hasGlobalType: false
mbDirectCall FAIL (entry Nothing): f isLocal: true hasGlobalType: false
mbDirectCall FAIL (entry Nothing): foldMap1 isLocal: true hasGlobalType: false
mbDirectCall FAIL (entry Nothing): Accessor isLocal: true hasGlobalType: false
mbDirectCall FAIL (entry Nothing): f isLocal: true hasGlobalType: false
mbDirectCall FAIL (entry Nothing): f isLocal: true hasGlobalType: false
mbDirectCall FAIL (entry Nothing): Accessor isLocal: true hasGlobalType: false
mbDirectCall FAIL (entry Nothing): Accessor isLocal: true hasGlobalType: false
mbDirectCall FAIL (entry Nothing): Accessor isLocal: true hasGlobalType: false
mbDirectCall FAIL (entry Nothing): Accessor isLocal: true hasGlobalType: false
mbDirectCall FAIL (entry Nothing): f isLocal: true hasGlobalType: false
mbDirectCall FAIL (entry Nothing): foldMapWithIndex1 isLocal: true hasGlobalType: false
mbDirectCall FAIL (entry Nothing): f isLocal: true hasGlobalType: false
mbDirectCall FAIL (entry Nothing): Accessor isLocal: true hasGlobalType: false
mbDirectCall FAIL (entry Nothing): f isLocal: true hasGlobalType: false
mbDirectCall FAIL (entry Nothing): f isLocal: true hasGlobalType: false
mbDirectCall FAIL (entry Nothing): f isLocal: true hasGlobalType: false
mbDirectCall FAIL (entry Nothing): Accessor isLocal: true hasGlobalType: false
mbDirectCall FAIL (entry Nothing): f isLocal: true hasGlobalType: false
mbDirectCall FAIL (entry Nothing): Accessor isLocal: true hasGlobalType: false
mbDirectCall FAIL (entry Nothing): f isLocal: true hasGlobalType: false
mbDirectCall FAIL (entry Nothing): Accessor isLocal: true hasGlobalType: false
mbDirectCall FAIL (entry Nothing): Accessor isLocal: true hasGlobalType: false
mbDirectCall FAIL (entry Nothing): Accessor isLocal: true hasGlobalType: false
mbDirectCall FAIL (entry Nothing): Accessor isLocal: true hasGlobalType: false
mbDirectCall FAIL (entry Nothing): Accessor isLocal: true hasGlobalType: false
mbDirectCall FAIL (entry Nothing): f isLocal: true hasGlobalType: false
mbDirectCall FAIL (entry Nothing): foldMap1 isLocal: true hasGlobalType: false
mbDirectCall FAIL (entry Nothing): Accessor isLocal: true hasGlobalType: false
mbDirectCall FAIL (entry Nothing): f isLocal: true hasGlobalType: false
mbDirectCall FAIL (entry Nothing): f isLocal: true hasGlobalType: false
mbDirectCall FAIL (entry Nothing): Accessor isLocal: true hasGlobalType: false
mbDirectCall FAIL (entry Nothing): Accessor isLocal: true hasGlobalType: false
mbDirectCall FAIL (entry Nothing): Accessor isLocal: true hasGlobalType: false
mbDirectCall FAIL (entry Nothing): Accessor isLocal: true hasGlobalType: false
mbDirectCall FAIL (entry Nothing): Accessor isLocal: true hasGlobalType: false
mbDirectCall FAIL (entry Nothing): Accessor isLocal: true hasGlobalType: false
mbDirectCall FAIL (entry Nothing): sequence1 isLocal: true hasGlobalType: false
mbDirectCall FAIL (entry Nothing): Accessor isLocal: true hasGlobalType: false
mbDirectCall FAIL (entry Nothing): Accessor isLocal: true hasGlobalType: false
mbDirectCall FAIL (entry Nothing): Accessor isLocal: true hasGlobalType: false
mbDirectCall FAIL (entry Nothing): Accessor isLocal: true hasGlobalType: false
mbDirectCall FAIL (entry Nothing): Accessor isLocal: true hasGlobalType: false
mbDirectCall FAIL (entry Nothing): f isLocal: true hasGlobalType: false
mbDirectCall FAIL (entry Nothing): traverse1 isLocal: true hasGlobalType: false
mbDirectCall FAIL (entry Nothing): Accessor isLocal: true hasGlobalType: false
mbDirectCall FAIL (entry Nothing): Accessor isLocal: true hasGlobalType: false
mbDirectCall FAIL (entry Nothing): f isLocal: true hasGlobalType: false
mbDirectCall FAIL (entry Nothing): Accessor isLocal: true hasGlobalType: false
mbDirectCall FAIL (entry Nothing): f isLocal: true hasGlobalType: false
mbDirectCall FAIL (entry Nothing): Accessor isLocal: true hasGlobalType: false
mbDirectCall FAIL (entry Nothing): f isLocal: true hasGlobalType: false
mbDirectCall match: foldableWithIndexNonEmpty argsLen: 1 arity: 1
mbDirectCall FAIL (entry Nothing): Accessor isLocal: true hasGlobalType: false
mbDirectCall match: traversableNonEmpty argsLen: 1 arity: 1
mbDirectCall FAIL (entry Nothing): Accessor isLocal: true hasGlobalType: false
mbDirectCall FAIL (entry Nothing): Accessor isLocal: true hasGlobalType: false
mbDirectCall FAIL (entry Nothing): Accessor isLocal: true hasGlobalType: false
mbDirectCall FAIL (entry Nothing): Accessor isLocal: true hasGlobalType: false
mbDirectCall FAIL (entry Nothing): Accessor isLocal: true hasGlobalType: false
mbDirectCall FAIL (entry Nothing): Accessor isLocal: true hasGlobalType: false
mbDirectCall FAIL (entry Nothing): f isLocal: true hasGlobalType: false
mbDirectCall FAIL (entry Nothing): traverseWithIndex1 isLocal: true hasGlobalType: false
mbDirectCall FAIL (entry Nothing): f isLocal: true hasGlobalType: false
mbDirectCall FAIL (entry Nothing): Accessor isLocal: true hasGlobalType: false
mbDirectCall FAIL (entry Nothing): Accessor isLocal: true hasGlobalType: false
mbDirectCall FAIL (entry Nothing): Accessor isLocal: true hasGlobalType: false
mbDirectCall FAIL (entry Nothing): f isLocal: true hasGlobalType: false
mbDirectCall FAIL (entry Nothing): foldMap1 isLocal: true hasGlobalType: false
mbDirectCall FAIL (entry Nothing): Accessor isLocal: true hasGlobalType: false
mbDirectCall FAIL (entry Nothing): f isLocal: true hasGlobalType: false
mbDirectCall FAIL (entry Nothing): f isLocal: true hasGlobalType: false
mbDirectCall FAIL (entry Nothing): Accessor isLocal: true hasGlobalType: false
mbDirectCall FAIL (entry Nothing): Accessor isLocal: true hasGlobalType: false
mbDirectCall FAIL (entry Nothing): Accessor isLocal: true hasGlobalType: false
mbDirectCall FAIL (entry Nothing): f isLocal: true hasGlobalType: false
mbDirectCall FAIL (entry Nothing): f isLocal: true hasGlobalType: false
mbDirectCall FAIL (entry Nothing): Accessor isLocal: true hasGlobalType: false
mbDirectCall FAIL (entry Nothing): f isLocal: true hasGlobalType: false
mbDirectCall FAIL (entry Nothing): Accessor isLocal: true hasGlobalType: false
mbDirectCall FAIL (entry Nothing): f isLocal: true hasGlobalType: false
mbDirectCall FAIL (entry Nothing): Local_Nothing isLocal: true hasGlobalType: false
mbDirectCall FAIL (entry Nothing): Local_Nothing isLocal: true hasGlobalType: false
mbDirectCall match: foldable1NonEmpty argsLen: 1 arity: 1
mbDirectCall FAIL (entry Nothing): Accessor isLocal: true hasGlobalType: false
mbDirectCall FAIL (entry Nothing): Accessor isLocal: true hasGlobalType: false
mbDirectCall FAIL (entry Nothing): Accessor isLocal: true hasGlobalType: false
mbDirectCall FAIL (entry Nothing): eq11 isLocal: true hasGlobalType: false
mbDirectCall match: eqNonEmpty argsLen: 1 arity: 2
mbDirectCall FAIL (entry Nothing): Accessor isLocal: true hasGlobalType: false
mbDirectCall FAIL (entry Nothing): Accessor isLocal: true hasGlobalType: false
mbDirectCall FAIL (entry Nothing): eqNonEmpty1 isLocal: true hasGlobalType: false
mbDirectCall FAIL (entry Nothing): Accessor isLocal: true hasGlobalType: false
mbDirectCall FAIL (entry Nothing): Accessor isLocal: true hasGlobalType: false
mbDirectCall FAIL (entry Nothing): compare11 isLocal: true hasGlobalType: false
mbDirectCall match: eqNonEmpty argsLen: 2 arity: 2
mbDirectCall match: ordNonEmpty argsLen: 1 arity: 1
mbDirectCall FAIL (entry Nothing): Accessor isLocal: true hasGlobalType: false
mbDirectCall match: eqNonEmpty argsLen: 2 arity: 2
mbDirectCall FAIL (entry Nothing): ordNonEmpty1 isLocal: true hasGlobalType: false
mbDirectCall match: ordIntImpl argsLen: 3 arity: 5
mbDirectCall FAIL (entry Nothing): Local_Nothing isLocal: true hasGlobalType: false
mbDirectCall FAIL (entry Nothing): Accessor isLocal: true hasGlobalType: false
mbDirectCall FAIL (entry Nothing): Accessor isLocal: true hasGlobalType: false
mbDirectCall FAIL (entry Nothing): Accessor isLocal: true hasGlobalType: false
mbDirectCall FAIL (entry Nothing): Accessor isLocal: true hasGlobalType: false
mbDirectCall FAIL (entry Nothing): Accessor isLocal: true hasGlobalType: false
mbDirectCall FAIL (entry Nothing): Accessor isLocal: true hasGlobalType: false
mbDirectCall match: unfoldable argsLen: 2 arity: 4
mbDirectCall FAIL (entry Nothing): unfoldable1 isLocal: true hasGlobalType: false
mbDirectCall FAIL (entry Nothing): Accessor isLocal: true hasGlobalType: false
mbDirectCall FAIL (entry Nothing): Accessor isLocal: true hasGlobalType: false
mbDirectCall FAIL (entry Nothing): Accessor isLocal: true hasGlobalType: false
mbDirectCall FAIL (entry Nothing): Accessor isLocal: true hasGlobalType: false
mbDirectCall match: max argsLen: 1 arity: 0
mbDirectCall FAIL (entry Nothing): Local_Nothing isLocal: true hasGlobalType: false
mbDirectCall FAIL (entry Nothing): unfoldable2 isLocal: true hasGlobalType: false
mbDirectCall FAIL (entry Nothing): Accessor isLocal: true hasGlobalType: false
mbDirectCall FAIL (entry Nothing): Accessor isLocal: true hasGlobalType: false
mbDirectCall FAIL (entry Nothing): Accessor isLocal: true hasGlobalType: false
mbDirectCall FAIL (entry Nothing): Accessor isLocal: true hasGlobalType: false
mbDirectCall FAIL (entry Nothing): Accessor isLocal: true hasGlobalType: false
mbDirectCall FAIL (entry Nothing): Accessor isLocal: true hasGlobalType: false
mbDirectCall FAIL (entry Nothing): Accessor isLocal: true hasGlobalType: false
mbDirectCall FAIL (entry Nothing): Accessor isLocal: true hasGlobalType: false
mbDirectCall FAIL (entry Nothing): Accessor isLocal: true hasGlobalType: false
mbDirectCall FAIL (entry Nothing): genMaybe' isLocal: true hasGlobalType: true
mbDirectCall FAIL (entry Nothing): Accessor isLocal: true hasGlobalType: false
mbDirectCall FAIL (entry Nothing): Accessor isLocal: true hasGlobalType: false
mbDirectCall FAIL (entry Nothing): Accessor isLocal: true hasGlobalType: false
mbDirectCall FAIL (entry Nothing): Accessor isLocal: true hasGlobalType: false
mbDirectCall FAIL (entry Nothing): Accessor isLocal: true hasGlobalType: false
mbDirectCall FAIL (entry Nothing): Accessor isLocal: true hasGlobalType: false
mbDirectCall FAIL (entry Nothing): Accessor isLocal: true hasGlobalType: false
mbDirectCall FAIL (entry Nothing): Accessor isLocal: true hasGlobalType: false
mbDirectCall FAIL (entry Nothing): Accessor isLocal: true hasGlobalType: false
mbDirectCall FAIL (entry Nothing): genEither' isLocal: true hasGlobalType: true
mbDirectCall FAIL (entry Nothing): v isLocal: true hasGlobalType: false
mbDirectCall FAIL (entry Nothing): v isLocal: true hasGlobalType: false
mbDirectCall FAIL (entry Nothing): v isLocal: true hasGlobalType: false
mbDirectCall FAIL (entry Nothing): v isLocal: true hasGlobalType: false
mbDirectCall FAIL (entry Nothing): v isLocal: true hasGlobalType: false
mbDirectCall FAIL (entry Nothing): Accessor isLocal: true hasGlobalType: false
mbDirectCall FAIL (entry Nothing): Accessor isLocal: true hasGlobalType: false
mbDirectCall FAIL (entry Nothing): Accessor isLocal: true hasGlobalType: false
mbDirectCall FAIL (entry Nothing): x isLocal: true hasGlobalType: false
mbDirectCall FAIL (entry Nothing): f isLocal: true hasGlobalType: false
mbDirectCall FAIL (entry Nothing): l isLocal: true hasGlobalType: false
mbDirectCall FAIL (entry Nothing): f isLocal: true hasGlobalType: false
mbDirectCall FAIL (entry Nothing): l isLocal: true hasGlobalType: false
mbDirectCall FAIL (entry Nothing): f isLocal: true hasGlobalType: false
mbDirectCall FAIL (entry Nothing): l isLocal: true hasGlobalType: false
mbDirectCall FAIL (entry Nothing): Accessor isLocal: true hasGlobalType: false
mbDirectCall FAIL (entry Nothing): foldMap1 isLocal: true hasGlobalType: false
mbDirectCall FAIL (entry Nothing): f isLocal: true hasGlobalType: false
mbDirectCall FAIL (entry Nothing): Accessor isLocal: true hasGlobalType: false
mbDirectCall FAIL (entry Nothing): f isLocal: true hasGlobalType: false
mbDirectCall FAIL (entry Nothing): Accessor isLocal: true hasGlobalType: false
mbDirectCall FAIL (entry Nothing): f isLocal: true hasGlobalType: false
mbDirectCall FAIL (entry Nothing): f isLocal: true hasGlobalType: false
mbDirectCall FAIL (entry Nothing): l isLocal: true hasGlobalType: false
mbDirectCall FAIL (entry Nothing): l isLocal: true hasGlobalType: false
mbDirectCall FAIL (entry Nothing): l isLocal: true hasGlobalType: false
mbDirectCall FAIL (entry Nothing): Accessor isLocal: true hasGlobalType: false
mbDirectCall FAIL (entry Nothing): x isLocal: true hasGlobalType: false
mbDirectCall FAIL (entry Nothing): y isLocal: true hasGlobalType: false
mbDirectCall FAIL (entry Nothing): Accessor isLocal: true hasGlobalType: false
mbDirectCall FAIL (entry Nothing): Accessor isLocal: true hasGlobalType: false
mbDirectCall FAIL (entry Nothing): x isLocal: true hasGlobalType: false
mbDirectCall FAIL (entry Nothing): y isLocal: true hasGlobalType: false
mbDirectCall FAIL (entry Nothing): Accessor isLocal: true hasGlobalType: false
mbDirectCall FAIL (entry Nothing): x isLocal: true hasGlobalType: false
mbDirectCall FAIL (entry Nothing): y isLocal: true hasGlobalType: false
mbDirectCall FAIL (entry Nothing): Accessor isLocal: true hasGlobalType: false
mbDirectCall FAIL (entry Nothing): x isLocal: true hasGlobalType: false
mbDirectCall FAIL (entry Nothing): y isLocal: true hasGlobalType: false
mbDirectCall match: ordLazy argsLen: 1 arity: 1
mbDirectCall FAIL (entry Nothing): f isLocal: true hasGlobalType: false
mbDirectCall FAIL (entry Nothing): l isLocal: true hasGlobalType: false
mbDirectCall FAIL (entry Nothing): f isLocal: true hasGlobalType: false
mbDirectCall FAIL (entry Nothing): Accessor isLocal: true hasGlobalType: false
mbDirectCall FAIL (entry Nothing): f isLocal: true hasGlobalType: false
mbDirectCall FAIL (entry Nothing): Accessor isLocal: true hasGlobalType: false
mbDirectCall FAIL (entry Nothing): f isLocal: true hasGlobalType: false
mbDirectCall FAIL (entry Nothing): Accessor isLocal: true hasGlobalType: false
mbDirectCall FAIL (entry Nothing): a isLocal: true hasGlobalType: false
mbDirectCall FAIL (entry Nothing): b isLocal: true hasGlobalType: false
mbDirectCall FAIL (entry Nothing): Accessor isLocal: true hasGlobalType: false
mbDirectCall FAIL (entry Nothing): Accessor isLocal: true hasGlobalType: false
mbDirectCall FAIL (entry Nothing): a isLocal: true hasGlobalType: false
mbDirectCall FAIL (entry Nothing): b isLocal: true hasGlobalType: false
mbDirectCall FAIL (entry Nothing): Accessor isLocal: true hasGlobalType: false
mbDirectCall FAIL (entry Nothing): a isLocal: true hasGlobalType: false
mbDirectCall FAIL (entry Nothing): b isLocal: true hasGlobalType: false
mbDirectCall FAIL (entry Nothing): Accessor isLocal: true hasGlobalType: false
mbDirectCall FAIL (entry Nothing): a isLocal: true hasGlobalType: false
mbDirectCall FAIL (entry Nothing): b isLocal: true hasGlobalType: false
mbDirectCall match: semiringLazy argsLen: 1 arity: 1
mbDirectCall FAIL (entry Nothing): Accessor isLocal: true hasGlobalType: false
mbDirectCall FAIL (entry Nothing): Accessor isLocal: true hasGlobalType: false
mbDirectCall FAIL (entry Nothing): a isLocal: true hasGlobalType: false
mbDirectCall FAIL (entry Nothing): b isLocal: true hasGlobalType: false
mbDirectCall FAIL (entry Nothing): Accessor isLocal: true hasGlobalType: false
mbDirectCall FAIL (entry Nothing): Accessor isLocal: true hasGlobalType: false
mbDirectCall FAIL (entry Nothing): Accessor isLocal: true hasGlobalType: false
mbDirectCall FAIL (entry Nothing): l isLocal: true hasGlobalType: false
mbDirectCall FAIL (entry Nothing): Accessor isLocal: true hasGlobalType: false
mbDirectCall FAIL (entry Nothing): Accessor isLocal: true hasGlobalType: false
mbDirectCall FAIL (entry Nothing): Accessor isLocal: true hasGlobalType: false
mbDirectCall FAIL (entry Nothing): f isLocal: true hasGlobalType: false
mbDirectCall FAIL (entry Nothing): l isLocal: true hasGlobalType: false
mbDirectCall FAIL (entry Nothing): Accessor isLocal: true hasGlobalType: false
mbDirectCall FAIL (entry Nothing): Accessor isLocal: true hasGlobalType: false
mbDirectCall FAIL (entry Nothing): l isLocal: true hasGlobalType: false
mbDirectCall FAIL (entry Nothing): Accessor isLocal: true hasGlobalType: false
mbDirectCall FAIL (entry Nothing): Accessor isLocal: true hasGlobalType: false
mbDirectCall FAIL (entry Nothing): f isLocal: true hasGlobalType: false
mbDirectCall FAIL (entry Nothing): l isLocal: true hasGlobalType: false
mbDirectCall FAIL (entry Nothing): Accessor isLocal: true hasGlobalType: false
mbDirectCall FAIL (entry Nothing): traverse1 isLocal: true hasGlobalType: false
mbDirectCall FAIL (entry Nothing): f isLocal: true hasGlobalType: false
mbDirectCall match: ringLazy argsLen: 1 arity: 1
mbDirectCall FAIL (entry Nothing): Accessor isLocal: true hasGlobalType: false
mbDirectCall match: ringLazy argsLen: 1 arity: 1
mbDirectCall FAIL (entry Nothing): Accessor isLocal: true hasGlobalType: false
mbDirectCall FAIL (entry Nothing): Accessor isLocal: true hasGlobalType: false
mbDirectCall FAIL (entry Nothing): Accessor isLocal: true hasGlobalType: false
mbDirectCall FAIL (entry Nothing): x isLocal: true hasGlobalType: false
mbDirectCall FAIL (entry Nothing): Accessor isLocal: true hasGlobalType: false
mbDirectCall FAIL (entry Nothing): a isLocal: true hasGlobalType: false
mbDirectCall FAIL (entry Nothing): b isLocal: true hasGlobalType: false
mbDirectCall FAIL (entry Nothing): Accessor isLocal: true hasGlobalType: false
mbDirectCall FAIL (entry Nothing): a isLocal: true hasGlobalType: false
mbDirectCall FAIL (entry Nothing): b isLocal: true hasGlobalType: false
mbDirectCall match: ordLazy argsLen: 1 arity: 1
mbDirectCall FAIL (entry Nothing): Accessor isLocal: true hasGlobalType: false
mbDirectCall FAIL (entry Nothing): f isLocal: true hasGlobalType: false
mbDirectCall FAIL (entry Nothing): x isLocal: true hasGlobalType: false
mbDirectCall FAIL (entry Nothing): f isLocal: true hasGlobalType: false
mbDirectCall FAIL (entry Nothing): l isLocal: true hasGlobalType: false
mbDirectCall FAIL (entry Nothing): Accessor isLocal: true hasGlobalType: false
mbDirectCall FAIL (entry Nothing): Accessor isLocal: true hasGlobalType: false
mbDirectCall FAIL (entry Nothing): Accessor isLocal: true hasGlobalType: false
mbDirectCall FAIL (entry Nothing): Accessor isLocal: true hasGlobalType: false
mbDirectCall FAIL (entry Nothing): Accessor isLocal: true hasGlobalType: false
mbDirectCall FAIL (entry Nothing): Accessor isLocal: true hasGlobalType: false
mbDirectCall FAIL (entry Nothing): Accessor isLocal: true hasGlobalType: false
mbDirectCall match: heytingAlgebraLazy argsLen: 1 arity: 1
mbDirectCall FAIL (entry Nothing): Accessor isLocal: true hasGlobalType: false
mbDirectCall FAIL (entry Nothing): Accessor isLocal: true hasGlobalType: false
mbDirectCall FAIL (entry Nothing): Accessor isLocal: true hasGlobalType: false
mbDirectCall FAIL (entry Nothing): Accessor isLocal: true hasGlobalType: false
mbDirectCall FAIL (entry Nothing): Accessor isLocal: true hasGlobalType: false
mbDirectCall FAIL (entry Nothing): Accessor isLocal: true hasGlobalType: false
mbDirectCall FAIL (entry Nothing): Accessor isLocal: true hasGlobalType: false
mbDirectCall match: unfold argsLen: 3 arity: 3
mbDirectCall FAIL (entry Nothing): f isLocal: true hasGlobalType: false
mbDirectCall FAIL (entry Nothing): Accessor isLocal: true hasGlobalType: false
mbDirectCall FAIL (entry Nothing): Accessor isLocal: true hasGlobalType: false
mbDirectCall FAIL (entry Nothing): Accessor isLocal: true hasGlobalType: false
mbDirectCall FAIL (entry Nothing): Accessor isLocal: true hasGlobalType: false
mbDirectCall FAIL (entry Nothing): Accessor isLocal: true hasGlobalType: false
mbDirectCall match: uncons argsLen: 2 arity: 1
mbDirectCall FAIL (entry Nothing): Accessor isLocal: true hasGlobalType: false
mbDirectCall FAIL (entry Nothing): Accessor isLocal: true hasGlobalType: false
mbDirectCall match: uncons argsLen: 1 arity: 1
mbDirectCall FAIL (entry Nothing): Accessor isLocal: true hasGlobalType: false
mbDirectCall FAIL (entry Nothing): Accessor isLocal: true hasGlobalType: false
mbDirectCall FAIL (entry Nothing): Accessor isLocal: true hasGlobalType: false
mbDirectCall FAIL (entry Nothing): Accessor isLocal: true hasGlobalType: false
mbDirectCall FAIL (entry Nothing): Accessor isLocal: true hasGlobalType: false
mbDirectCall FAIL (entry Nothing): uncons1 isLocal: true hasGlobalType: false
mbDirectCall FAIL (entry Nothing): Accessor isLocal: true hasGlobalType: false
mbDirectCall FAIL (entry Nothing): Accessor isLocal: true hasGlobalType: false
mbDirectCall FAIL (entry Nothing): Accessor isLocal: true hasGlobalType: false
mbDirectCall FAIL (entry Nothing): f isLocal: true hasGlobalType: false
mbDirectCall FAIL (entry Nothing): Accessor isLocal: true hasGlobalType: false
mbDirectCall match: takeWhile argsLen: 2 arity: 1
mbDirectCall FAIL (entry Nothing): Accessor isLocal: true hasGlobalType: false
mbDirectCall match: takeWhile argsLen: 2 arity: 1
mbDirectCall match: unfold argsLen: 3 arity: 3
mbDirectCall FAIL (entry Nothing): Accessor isLocal: true hasGlobalType: false
mbDirectCall FAIL (entry Nothing): Accessor isLocal: true hasGlobalType: false
mbDirectCall FAIL (entry Nothing): Accessor isLocal: true hasGlobalType: false
mbDirectCall FAIL (entry Nothing): Accessor isLocal: true hasGlobalType: false
mbDirectCall FAIL (entry Nothing): f isLocal: true hasGlobalType: false
mbDirectCall FAIL (entry Nothing): Accessor isLocal: true hasGlobalType: false
mbDirectCall FAIL (entry Nothing): Accessor isLocal: true hasGlobalType: false
mbDirectCall FAIL (entry Nothing): Accessor isLocal: true hasGlobalType: false
mbDirectCall FAIL (entry Nothing): Accessor isLocal: true hasGlobalType: false
mbDirectCall FAIL (entry Nothing): Accessor isLocal: true hasGlobalType: false
mbDirectCall FAIL (entry Nothing): Accessor isLocal: true hasGlobalType: false
mbDirectCall FAIL (entry Nothing): Accessor isLocal: true hasGlobalType: false
mbDirectCall FAIL (entry Nothing): Accessor isLocal: true hasGlobalType: false
mbDirectCall FAIL (entry Nothing): Accessor isLocal: true hasGlobalType: false
mbDirectCall FAIL (entry Nothing): Accessor isLocal: true hasGlobalType: false
mbDirectCall FAIL (entry Nothing): Accessor isLocal: true hasGlobalType: false
mbDirectCall FAIL (entry Nothing): Accessor isLocal: true hasGlobalType: false
mbDirectCall FAIL (entry Nothing): Accessor isLocal: true hasGlobalType: false
mbDirectCall FAIL (entry Nothing): Accessor isLocal: true hasGlobalType: false
mbDirectCall FAIL (entry Nothing): Accessor isLocal: true hasGlobalType: false
mbDirectCall FAIL (entry Nothing): Accessor isLocal: true hasGlobalType: false
mbDirectCall FAIL (entry Nothing): Accessor isLocal: true hasGlobalType: false
mbDirectCall match: take argsLen: 2 arity: 1
mbDirectCall FAIL (entry Nothing): Accessor isLocal: true hasGlobalType: false
mbDirectCall match: take argsLen: 2 arity: 1
mbDirectCall FAIL (entry Nothing): Accessor isLocal: true hasGlobalType: false
mbDirectCall FAIL (entry Nothing): Accessor isLocal: true hasGlobalType: false
mbDirectCall FAIL (entry Nothing): Accessor isLocal: true hasGlobalType: false
mbDirectCall FAIL (entry Nothing): Accessor isLocal: true hasGlobalType: false
mbDirectCall FAIL (entry Nothing): Accessor isLocal: true hasGlobalType: false
mbDirectCall match: uncons argsLen: 1 arity: 1
mbDirectCall FAIL (entry Nothing): Accessor isLocal: true hasGlobalType: false
mbDirectCall FAIL (entry Nothing): Accessor isLocal: true hasGlobalType: false
mbDirectCall FAIL (entry Nothing): uncons1 isLocal: true hasGlobalType: false
mbDirectCall FAIL (entry Nothing): Accessor isLocal: true hasGlobalType: false
mbDirectCall FAIL (entry Nothing): uncons1 isLocal: true hasGlobalType: false
mbDirectCall FAIL (entry Nothing): Accessor isLocal: true hasGlobalType: false
mbDirectCall FAIL (entry Nothing): Accessor isLocal: true hasGlobalType: false
mbDirectCall FAIL (entry Nothing): Accessor isLocal: true hasGlobalType: false
mbDirectCall FAIL (entry Nothing): Accessor isLocal: true hasGlobalType: false
mbDirectCall FAIL (entry Nothing): zipWith' isLocal: true hasGlobalType: true
mbDirectCall FAIL (entry Nothing): f isLocal: true hasGlobalType: false
mbDirectCall FAIL (entry Nothing): zipWith' isLocal: true hasGlobalType: true
mbDirectCall FAIL (entry Nothing): zipWith'1 isLocal: true hasGlobalType: false
mbDirectCall FAIL (entry Nothing): Accessor isLocal: true hasGlobalType: false
mbDirectCall FAIL (entry Nothing): Accessor isLocal: true hasGlobalType: false
mbDirectCall FAIL (entry Nothing): f isLocal: true hasGlobalType: false
mbDirectCall FAIL (entry Nothing): Accessor isLocal: true hasGlobalType: false
mbDirectCall FAIL (entry Nothing): Accessor isLocal: true hasGlobalType: false
mbDirectCall FAIL (entry Nothing): f isLocal: true hasGlobalType: false
mbDirectCall FAIL (entry Nothing): Unknown isLocal: true hasGlobalType: false
mbDirectCall FAIL (entry Nothing): Accessor isLocal: true hasGlobalType: false
mbDirectCall match: mapMaybe argsLen: 2 arity: 3
mbDirectCall FAIL (entry Nothing): Accessor isLocal: true hasGlobalType: false
mbDirectCall match: mapMaybe argsLen: 2 arity: 3
mbDirectCall match: unfold argsLen: 3 arity: 3
mbDirectCall FAIL (entry Nothing): Accessor isLocal: true hasGlobalType: false
mbDirectCall FAIL (entry Nothing): Accessor isLocal: true hasGlobalType: false
mbDirectCall FAIL (entry Nothing): f isLocal: true hasGlobalType: false
mbDirectCall match: iterate argsLen: 2 arity: 3
mbDirectCall match: uncons argsLen: 1 arity: 1
mbDirectCall FAIL (entry Nothing): Accessor isLocal: true hasGlobalType: false
mbDirectCall FAIL (entry Nothing): Accessor isLocal: true hasGlobalType: false
mbDirectCall FAIL (entry Nothing): Accessor isLocal: true hasGlobalType: false
mbDirectCall FAIL (entry Nothing): Accessor isLocal: true hasGlobalType: false
mbDirectCall FAIL (entry Nothing): Accessor isLocal: true hasGlobalType: false
mbDirectCall FAIL (entry Nothing): uncons1 isLocal: true hasGlobalType: false
mbDirectCall FAIL (entry Nothing): Accessor isLocal: true hasGlobalType: false
mbDirectCall FAIL (entry Nothing): f isLocal: true hasGlobalType: false
mbDirectCall FAIL (entry Nothing): Accessor isLocal: true hasGlobalType: false
mbDirectCall FAIL (entry Nothing): Accessor isLocal: true hasGlobalType: false
mbDirectCall match: functorListT argsLen: 1 arity: 1
mbDirectCall FAIL (entry Nothing): Accessor isLocal: true hasGlobalType: false
mbDirectCall FAIL (entry Nothing): Accessor isLocal: true hasGlobalType: false
mbDirectCall match: functorListT argsLen: 1 arity: 1
mbDirectCall FAIL (entry Nothing): Accessor isLocal: true hasGlobalType: false
mbDirectCall FAIL (entry Nothing): Accessor isLocal: true hasGlobalType: false
mbDirectCall FAIL (entry Nothing): Accessor isLocal: true hasGlobalType: false
mbDirectCall FAIL (entry Nothing): Accessor isLocal: true hasGlobalType: false
mbDirectCall FAIL (entry Nothing): Accessor isLocal: true hasGlobalType: false
mbDirectCall FAIL (entry Nothing): Accessor isLocal: true hasGlobalType: false
mbDirectCall FAIL (entry Nothing): Accessor isLocal: true hasGlobalType: false
mbDirectCall FAIL (entry Nothing): Accessor isLocal: true hasGlobalType: false
mbDirectCall FAIL (entry Nothing): Accessor isLocal: true hasGlobalType: false
mbDirectCall FAIL (entry Nothing): Accessor isLocal: true hasGlobalType: false
mbDirectCall FAIL (entry Nothing): Accessor isLocal: true hasGlobalType: false
mbDirectCall FAIL (entry Nothing): Accessor isLocal: true hasGlobalType: false
mbDirectCall match: uncons argsLen: 1 arity: 1
mbDirectCall FAIL (entry Nothing): Accessor isLocal: true hasGlobalType: false
mbDirectCall FAIL (entry Nothing): Accessor isLocal: true hasGlobalType: false
mbDirectCall FAIL (entry Nothing): uncons1 isLocal: true hasGlobalType: false
mbDirectCall FAIL (entry Nothing): Accessor isLocal: true hasGlobalType: false
mbDirectCall FAIL (entry Nothing): Accessor isLocal: true hasGlobalType: false
mbDirectCall FAIL (entry Nothing): f isLocal: true hasGlobalType: false
mbDirectCall FAIL (entry Nothing): Accessor isLocal: true hasGlobalType: false
mbDirectCall FAIL (entry Nothing): foldlRec' isLocal: true hasGlobalType: true
mbDirectCall FAIL (entry Nothing): Accessor isLocal: true hasGlobalType: false
mbDirectCall FAIL (entry Nothing): Accessor isLocal: true hasGlobalType: false
mbDirectCall FAIL (entry Nothing): Accessor isLocal: true hasGlobalType: false
mbDirectCall FAIL (entry Nothing): Accessor isLocal: true hasGlobalType: false
mbDirectCall FAIL (entry Nothing): Accessor isLocal: true hasGlobalType: false
mbDirectCall match: uncons argsLen: 1 arity: 1
mbDirectCall FAIL (entry Nothing): Accessor isLocal: true hasGlobalType: false
mbDirectCall FAIL (entry Nothing): Accessor isLocal: true hasGlobalType: false
mbDirectCall FAIL (entry Nothing): Accessor isLocal: true hasGlobalType: false
mbDirectCall FAIL (entry Nothing): uncons1 isLocal: true hasGlobalType: false
mbDirectCall FAIL (entry Nothing): Accessor isLocal: true hasGlobalType: false
mbDirectCall FAIL (entry Nothing): Accessor isLocal: true hasGlobalType: false
mbDirectCall FAIL (entry Nothing): f isLocal: true hasGlobalType: false
mbDirectCall FAIL (entry Nothing): Accessor isLocal: true hasGlobalType: false
mbDirectCall match: uncons argsLen: 1 arity: 1
mbDirectCall FAIL (entry Nothing): Accessor isLocal: true hasGlobalType: false
mbDirectCall FAIL (entry Nothing): uncons1 isLocal: true hasGlobalType: false
mbDirectCall FAIL (entry Nothing): Accessor isLocal: true hasGlobalType: false
mbDirectCall FAIL (entry Nothing): Accessor isLocal: true hasGlobalType: false
mbDirectCall FAIL (entry Nothing): Accessor isLocal: true hasGlobalType: false
mbDirectCall FAIL (entry Nothing): f isLocal: true hasGlobalType: false
mbDirectCall FAIL (entry Nothing): loop isLocal: true hasGlobalType: false
mbDirectCall FAIL (entry Nothing): foldl' isLocal: true hasGlobalType: true
mbDirectCall FAIL (entry Nothing): Accessor isLocal: true hasGlobalType: false
mbDirectCall FAIL (entry Nothing): Accessor isLocal: true hasGlobalType: false
mbDirectCall match: uncons argsLen: 1 arity: 1
mbDirectCall FAIL (entry Nothing): Accessor isLocal: true hasGlobalType: false
mbDirectCall FAIL (entry Nothing): Accessor isLocal: true hasGlobalType: false
mbDirectCall FAIL (entry Nothing): uncons1 isLocal: true hasGlobalType: false
mbDirectCall FAIL (entry Nothing): Accessor isLocal: true hasGlobalType: false
mbDirectCall FAIL (entry Nothing): Accessor isLocal: true hasGlobalType: false
mbDirectCall FAIL (entry Nothing): loop isLocal: true hasGlobalType: false
mbDirectCall FAIL (entry Nothing): f isLocal: true hasGlobalType: false
mbDirectCall FAIL (entry Nothing): Accessor isLocal: true hasGlobalType: false
mbDirectCall FAIL (entry Nothing): Accessor isLocal: true hasGlobalType: false
mbDirectCall match: filter argsLen: 2 arity: 3
mbDirectCall FAIL (entry Nothing): f isLocal: true hasGlobalType: false
mbDirectCall FAIL (entry Nothing): Accessor isLocal: true hasGlobalType: false
mbDirectCall match: filter argsLen: 2 arity: 3
mbDirectCall FAIL (entry Nothing): Accessor isLocal: true hasGlobalType: false
mbDirectCall FAIL (entry Nothing): Accessor isLocal: true hasGlobalType: false
mbDirectCall FAIL (entry Nothing): Accessor isLocal: true hasGlobalType: false
mbDirectCall FAIL (entry Nothing): f isLocal: true hasGlobalType: false
mbDirectCall FAIL (entry Nothing): Accessor isLocal: true hasGlobalType: false
mbDirectCall match: dropWhile argsLen: 2 arity: 1
mbDirectCall FAIL (entry Nothing): Accessor isLocal: true hasGlobalType: false
mbDirectCall match: dropWhile argsLen: 2 arity: 1
mbDirectCall FAIL (entry Nothing): Accessor isLocal: true hasGlobalType: false
mbDirectCall FAIL (entry Nothing): Accessor isLocal: true hasGlobalType: false
mbDirectCall FAIL (entry Nothing): Accessor isLocal: true hasGlobalType: false
mbDirectCall FAIL (entry Nothing): Accessor isLocal: true hasGlobalType: false
mbDirectCall match: drop argsLen: 2 arity: 1
mbDirectCall FAIL (entry Nothing): Accessor isLocal: true hasGlobalType: false
mbDirectCall match: drop argsLen: 2 arity: 1
mbDirectCall FAIL (entry Nothing): Accessor isLocal: true hasGlobalType: false
mbDirectCall FAIL (entry Nothing): lh isLocal: true hasGlobalType: false
mbDirectCall FAIL (entry Nothing): Accessor isLocal: true hasGlobalType: false
mbDirectCall FAIL (entry Nothing): lh isLocal: true hasGlobalType: false
mbDirectCall FAIL (entry Nothing): Accessor isLocal: true hasGlobalType: false
mbDirectCall FAIL (entry Nothing): Accessor isLocal: true hasGlobalType: false
mbDirectCall FAIL (entry Nothing): Accessor isLocal: true hasGlobalType: false
mbDirectCall FAIL (entry Nothing): Accessor isLocal: true hasGlobalType: false
mbDirectCall FAIL (entry Nothing): Accessor isLocal: true hasGlobalType: false
mbDirectCall FAIL (entry Nothing): go isLocal: true hasGlobalType: false
mbDirectCall FAIL (entry Nothing): f isLocal: true hasGlobalType: false
mbDirectCall FAIL (entry Nothing): go isLocal: true hasGlobalType: false
mbDirectCall FAIL (entry Nothing): f isLocal: true hasGlobalType: false
mbDirectCall FAIL (entry Nothing): Accessor isLocal: true hasGlobalType: false
mbDirectCall FAIL (entry Nothing): Accessor isLocal: true hasGlobalType: false
mbDirectCall match: unfoldable1ListT argsLen: 1 arity: 1
mbDirectCall FAIL (entry Nothing): Accessor isLocal: true hasGlobalType: false
mbDirectCall FAIL (entry Nothing): Accessor isLocal: true hasGlobalType: false
mbDirectCall FAIL (entry Nothing): go isLocal: true hasGlobalType: false
mbDirectCall FAIL (entry Nothing): f isLocal: true hasGlobalType: false
mbDirectCall FAIL (entry Nothing): go isLocal: true hasGlobalType: false
mbDirectCall FAIL (entry Nothing): f isLocal: true hasGlobalType: false
mbDirectCall match: concat argsLen: 1 arity: 1
mbDirectCall FAIL (entry Nothing): Accessor isLocal: true hasGlobalType: false
mbDirectCall FAIL (entry Nothing): Accessor isLocal: true hasGlobalType: false
mbDirectCall FAIL (entry Nothing): Accessor isLocal: true hasGlobalType: false
mbDirectCall FAIL (entry Nothing): Accessor isLocal: true hasGlobalType: false
mbDirectCall match: concat argsLen: 3 arity: 1
mbDirectCall FAIL (entry Nothing): Accessor isLocal: true hasGlobalType: false
mbDirectCall match: concat argsLen: 3 arity: 1
mbDirectCall match: concat argsLen: 1 arity: 1
mbDirectCall FAIL (entry Nothing): Accessor isLocal: true hasGlobalType: false
mbDirectCall match: mapMaybe argsLen: 2 arity: 3
mbDirectCall match: applicativeListT argsLen: 1 arity: 1
mbDirectCall match: bindListT argsLen: 1 arity: 1
mbDirectCall match: concat argsLen: 1 arity: 1
mbDirectCall FAIL (entry Nothing): Accessor isLocal: true hasGlobalType: false
mbDirectCall FAIL (entry Nothing): Accessor isLocal: true hasGlobalType: false
mbDirectCall FAIL (entry Nothing): Accessor isLocal: true hasGlobalType: false
mbDirectCall FAIL (entry Nothing): Accessor isLocal: true hasGlobalType: false
mbDirectCall match: applyListT argsLen: 1 arity: 1
mbDirectCall FAIL (entry Nothing): Accessor isLocal: true hasGlobalType: false
mbDirectCall FAIL (entry Nothing): Accessor isLocal: true hasGlobalType: false
mbDirectCall FAIL (entry Nothing): append isLocal: true hasGlobalType: false
mbDirectCall FAIL (entry Nothing): f isLocal: true hasGlobalType: false
mbDirectCall FAIL (entry Nothing): Accessor isLocal: true hasGlobalType: false
mbDirectCall match: bindListT argsLen: 1 arity: 1
mbDirectCall FAIL (entry Nothing): Accessor isLocal: true hasGlobalType: false
mbDirectCall FAIL (entry Nothing): Accessor isLocal: true hasGlobalType: false
mbDirectCall match: bindListT argsLen: 1 arity: 1
mbDirectCall match: functorListT argsLen: 1 arity: 1
mbDirectCall FAIL (entry Nothing): Accessor isLocal: true hasGlobalType: false
mbDirectCall FAIL (entry Nothing): Accessor isLocal: true hasGlobalType: false
mbDirectCall FAIL (entry Nothing): Accessor isLocal: true hasGlobalType: false
mbDirectCall match: bindListT argsLen: 1 arity: 1
mbDirectCall FAIL (entry Nothing): Accessor isLocal: true hasGlobalType: false
mbDirectCall FAIL (entry Nothing): Accessor isLocal: true hasGlobalType: false
mbDirectCall FAIL (entry Nothing): Accessor isLocal: true hasGlobalType: false
mbDirectCall match: applicativeListT argsLen: 1 arity: 1
mbDirectCall FAIL (entry Nothing): f' isLocal: true hasGlobalType: false
mbDirectCall match: applyListT argsLen: 1 arity: 1
mbDirectCall FAIL (entry Nothing): Accessor isLocal: true hasGlobalType: false
mbDirectCall FAIL (entry Nothing): Accessor isLocal: true hasGlobalType: false
mbDirectCall FAIL (entry Nothing): Accessor isLocal: true hasGlobalType: false
mbDirectCall FAIL (entry Nothing): Accessor isLocal: true hasGlobalType: false
mbDirectCall match: applicativeListT argsLen: 1 arity: 1
mbDirectCall match: bindListT argsLen: 1 arity: 1
mbDirectCall FAIL (entry Nothing): Accessor isLocal: true hasGlobalType: false
mbDirectCall FAIL (entry Nothing): Local_Nothing isLocal: true hasGlobalType: false
mbDirectCall FAIL (entry Nothing): Accessor isLocal: true hasGlobalType: false
mbDirectCall FAIL (entry Nothing): Accessor isLocal: true hasGlobalType: false
mbDirectCall match: applicativeListT argsLen: 1 arity: 1
mbDirectCall match: bindListT argsLen: 1 arity: 1
mbDirectCall FAIL (entry Nothing): Accessor isLocal: true hasGlobalType: false
mbDirectCall FAIL (entry Nothing): Local_Nothing isLocal: true hasGlobalType: false
mbDirectCall FAIL (entry Nothing): Accessor isLocal: true hasGlobalType: false
mbDirectCall match: functorListT argsLen: 1 arity: 1
mbDirectCall FAIL (entry Nothing): Accessor isLocal: true hasGlobalType: false
mbDirectCall FAIL (entry Nothing): Accessor isLocal: true hasGlobalType: false
mbDirectCall match: concat argsLen: 1 arity: 1
mbDirectCall FAIL (entry Nothing): Accessor isLocal: true hasGlobalType: false
mbDirectCall match: altListT argsLen: 1 arity: 1
mbDirectCall FAIL (entry Nothing): Accessor isLocal: true hasGlobalType: false
mbDirectCall match: applicativeListT argsLen: 1 arity: 1
mbDirectCall match: plusListT argsLen: 1 arity: 1
mbDirectCall match: applicativeListT argsLen: 1 arity: 1
mbDirectCall match: bindListT argsLen: 1 arity: 1
mbDirectCall match: alternativeListT argsLen: 1 arity: 1
mbDirectCall FAIL (entry Nothing): Accessor isLocal: true hasGlobalType: false
mbDirectCall FAIL (entry Nothing): Accessor isLocal: true hasGlobalType: false
mbDirectCall FAIL (entry Nothing): Accessor isLocal: true hasGlobalType: false
mbDirectCall FAIL (entry Nothing): Accessor isLocal: true hasGlobalType: false
mbDirectCall FAIL (entry Nothing): f isLocal: true hasGlobalType: false
mbDirectCall FAIL (entry Nothing): Accessor isLocal: true hasGlobalType: false
mbDirectCall FAIL (entry Nothing): Accessor isLocal: true hasGlobalType: false
mbDirectCall match: applicativeMaybeT argsLen: 1 arity: 1
mbDirectCall match: bindMaybeT argsLen: 1 arity: 1
mbDirectCall match: applyMaybeT argsLen: 1 arity: 1
mbDirectCall FAIL (entry Nothing): Accessor isLocal: true hasGlobalType: false
mbDirectCall FAIL (entry Nothing): Accessor isLocal: true hasGlobalType: false
mbDirectCall FAIL (entry Nothing): Accessor isLocal: true hasGlobalType: false
mbDirectCall FAIL (entry Nothing): Accessor isLocal: true hasGlobalType: false
mbDirectCall FAIL (entry Nothing): f isLocal: true hasGlobalType: false
mbDirectCall FAIL (entry Nothing): Accessor isLocal: true hasGlobalType: false
mbDirectCall FAIL (entry Nothing): Accessor isLocal: true hasGlobalType: false
mbDirectCall FAIL (entry Nothing): Accessor isLocal: true hasGlobalType: false
mbDirectCall FAIL (entry Nothing): Accessor isLocal: true hasGlobalType: false
mbDirectCall FAIL (entry Nothing): Accessor isLocal: true hasGlobalType: false
mbDirectCall match: bindMaybeT argsLen: 1 arity: 1
mbDirectCall FAIL (entry Nothing): Accessor isLocal: true hasGlobalType: false
mbDirectCall FAIL (entry Nothing): Accessor isLocal: true hasGlobalType: false
mbDirectCall FAIL (entry Nothing): Accessor isLocal: true hasGlobalType: false
mbDirectCall match: applicativeMaybeT argsLen: 1 arity: 1
mbDirectCall FAIL (entry Nothing): f' isLocal: true hasGlobalType: false
mbDirectCall match: applyMaybeT argsLen: 1 arity: 1
mbDirectCall FAIL (entry Nothing): Accessor isLocal: true hasGlobalType: false
mbDirectCall FAIL (entry Nothing): Accessor isLocal: true hasGlobalType: false
mbDirectCall match: applyMaybeT argsLen: 1 arity: 1
mbDirectCall FAIL (entry Nothing): Accessor isLocal: true hasGlobalType: false
mbDirectCall FAIL (entry Nothing): Accessor isLocal: true hasGlobalType: false
mbDirectCall FAIL (entry Nothing): Accessor isLocal: true hasGlobalType: false
mbDirectCall FAIL (entry Nothing): Accessor isLocal: true hasGlobalType: false
mbDirectCall match: applicativeMaybeT argsLen: 1 arity: 1
mbDirectCall match: bindMaybeT argsLen: 1 arity: 1
mbDirectCall FAIL (entry Nothing): Accessor isLocal: true hasGlobalType: false
mbDirectCall match: monadAskMaybeT argsLen: 1 arity: 1
mbDirectCall FAIL (entry Nothing): Accessor isLocal: true hasGlobalType: false
mbDirectCall FAIL (entry Nothing): Accessor isLocal: true hasGlobalType: false
mbDirectCall FAIL (entry Nothing): Accessor isLocal: true hasGlobalType: false
mbDirectCall match: applicativeMaybeT argsLen: 1 arity: 1
mbDirectCall match: bindMaybeT argsLen: 1 arity: 1
mbDirectCall FAIL (entry Nothing): Accessor isLocal: true hasGlobalType: false
mbDirectCall FAIL (entry Nothing): f isLocal: true hasGlobalType: false
mbDirectCall FAIL (entry Nothing): c isLocal: true hasGlobalType: false
mbDirectCall FAIL (entry Nothing): Accessor isLocal: true hasGlobalType: false
mbDirectCall match: applicativeMaybeT argsLen: 1 arity: 1
mbDirectCall match: bindMaybeT argsLen: 1 arity: 1
mbDirectCall FAIL (entry Nothing): Accessor isLocal: true hasGlobalType: false
mbDirectCall FAIL (entry Nothing): Local_Nothing isLocal: true hasGlobalType: false
mbDirectCall FAIL (entry Nothing): Accessor isLocal: true hasGlobalType: false
mbDirectCall FAIL (entry Nothing): Accessor isLocal: true hasGlobalType: false
mbDirectCall match: applicativeMaybeT argsLen: 1 arity: 1
mbDirectCall match: bindMaybeT argsLen: 1 arity: 1
mbDirectCall FAIL (entry Nothing): Accessor isLocal: true hasGlobalType: false
mbDirectCall FAIL (entry Nothing): Accessor isLocal: true hasGlobalType: false
mbDirectCall FAIL (entry Nothing): Accessor isLocal: true hasGlobalType: false
mbDirectCall FAIL (entry Nothing): f isLocal: true hasGlobalType: false
mbDirectCall FAIL (entry Nothing): Accessor isLocal: true hasGlobalType: false
mbDirectCall FAIL (entry Nothing): Accessor isLocal: true hasGlobalType: false
mbDirectCall FAIL (entry Nothing): Accessor isLocal: true hasGlobalType: false
mbDirectCall FAIL (entry Nothing): Accessor isLocal: true hasGlobalType: false
mbDirectCall match: applicativeMaybeT argsLen: 1 arity: 1
mbDirectCall match: bindMaybeT argsLen: 1 arity: 1
mbDirectCall FAIL (entry Nothing): lift1 isLocal: true hasGlobalType: false
mbDirectCall FAIL (entry Nothing): Accessor isLocal: true hasGlobalType: false
mbDirectCall FAIL (entry Nothing): Accessor isLocal: true hasGlobalType: false
mbDirectCall FAIL (entry Nothing): Accessor isLocal: true hasGlobalType: false
mbDirectCall match: applicativeMaybeT argsLen: 1 arity: 1
mbDirectCall match: bindMaybeT argsLen: 1 arity: 1
mbDirectCall FAIL (entry Nothing): Accessor isLocal: true hasGlobalType: false
mbDirectCall FAIL (entry Nothing): Local_Nothing isLocal: true hasGlobalType: false
mbDirectCall FAIL (entry Nothing): Accessor isLocal: true hasGlobalType: false
mbDirectCall FAIL (entry Nothing): Accessor isLocal: true hasGlobalType: false
mbDirectCall FAIL (entry Nothing): Accessor isLocal: true hasGlobalType: false
mbDirectCall FAIL (entry Nothing): Accessor isLocal: true hasGlobalType: false
mbDirectCall FAIL (entry Nothing): Accessor isLocal: true hasGlobalType: false
mbDirectCall FAIL (entry Nothing): Accessor isLocal: true hasGlobalType: false
mbDirectCall match: monadTellMaybeT argsLen: 1 arity: 1
mbDirectCall FAIL (entry Nothing): Accessor isLocal: true hasGlobalType: false
mbDirectCall FAIL (entry Nothing): Accessor isLocal: true hasGlobalType: false
mbDirectCall FAIL (entry Nothing): Accessor isLocal: true hasGlobalType: false
mbDirectCall FAIL (entry Nothing): Accessor isLocal: true hasGlobalType: false
mbDirectCall FAIL (entry Nothing): Accessor isLocal: true hasGlobalType: false
mbDirectCall FAIL (entry Nothing): Accessor isLocal: true hasGlobalType: false
mbDirectCall FAIL (entry Nothing): Accessor isLocal: true hasGlobalType: false
mbDirectCall FAIL (entry Nothing): Accessor isLocal: true hasGlobalType: false
mbDirectCall FAIL (entry Nothing): Accessor isLocal: true hasGlobalType: false
mbDirectCall match: applicativeMaybeT argsLen: 1 arity: 1
mbDirectCall match: bindMaybeT argsLen: 1 arity: 1
mbDirectCall FAIL (entry Nothing): lift1 isLocal: true hasGlobalType: false
mbDirectCall FAIL (entry Nothing): Accessor isLocal: true hasGlobalType: false
mbDirectCall match: monadThrowMaybeT argsLen: 1 arity: 1
mbDirectCall FAIL (entry Nothing): Accessor isLocal: true hasGlobalType: false
mbDirectCall FAIL (entry Nothing): Accessor isLocal: true hasGlobalType: false
mbDirectCall FAIL (entry Nothing): h isLocal: true hasGlobalType: false
mbDirectCall FAIL (entry Nothing): Accessor isLocal: true hasGlobalType: false
mbDirectCall match: applicativeMaybeT argsLen: 1 arity: 1
mbDirectCall match: bindMaybeT argsLen: 1 arity: 1
mbDirectCall FAIL (entry Nothing): Accessor isLocal: true hasGlobalType: false
mbDirectCall FAIL (entry Nothing): Local_Nothing isLocal: true hasGlobalType: false
mbDirectCall FAIL (entry Nothing): Accessor isLocal: true hasGlobalType: false
mbDirectCall match: semigroupMaybeT argsLen: 1 arity: 1
mbDirectCall FAIL (entry Nothing): semigroupMaybeT1 isLocal: true hasGlobalType: false
mbDirectCall FAIL (entry Nothing): Accessor isLocal: true hasGlobalType: false
mbDirectCall FAIL (entry Nothing): Accessor isLocal: true hasGlobalType: false
mbDirectCall match: applicativeMaybeT argsLen: 1 arity: 1
mbDirectCall FAIL (entry Nothing): Accessor isLocal: true hasGlobalType: false
mbDirectCall FAIL (entry Nothing): Accessor isLocal: true hasGlobalType: false
mbDirectCall FAIL (entry Nothing): Accessor isLocal: true hasGlobalType: false
mbDirectCall FAIL (entry Nothing): Accessor isLocal: true hasGlobalType: false
mbDirectCall FAIL (entry Nothing): Accessor isLocal: true hasGlobalType: false
mbDirectCall FAIL (entry Nothing): Accessor isLocal: true hasGlobalType: false
mbDirectCall FAIL (entry Nothing): Accessor isLocal: true hasGlobalType: false
mbDirectCall FAIL (entry Nothing): Accessor isLocal: true hasGlobalType: false
mbDirectCall match: altMaybeT argsLen: 1 arity: 1
mbDirectCall FAIL (entry Nothing): Accessor isLocal: true hasGlobalType: false
mbDirectCall FAIL (entry Nothing): Accessor isLocal: true hasGlobalType: false
mbDirectCall match: applicativeMaybeT argsLen: 1 arity: 1
mbDirectCall match: plusMaybeT argsLen: 1 arity: 1
mbDirectCall match: applicativeMaybeT argsLen: 1 arity: 1
mbDirectCall match: bindMaybeT argsLen: 1 arity: 1
mbDirectCall match: alternativeMaybeT argsLen: 1 arity: 1
mbDirectCall FAIL (entry Nothing): f isLocal: true hasGlobalType: false
mbDirectCall FAIL (entry Nothing): m isLocal: true hasGlobalType: false
mbDirectCall FAIL (entry Nothing): Accessor isLocal: true hasGlobalType: false
mbDirectCall FAIL (entry Nothing): Accessor isLocal: true hasGlobalType: false
mbDirectCall FAIL (entry Nothing): Accessor isLocal: true hasGlobalType: false
mbDirectCall FAIL (entry Nothing): Accessor isLocal: true hasGlobalType: false
mbDirectCall FAIL (entry Nothing): f isLocal: true hasGlobalType: false
mbDirectCall FAIL (entry Nothing): v isLocal: true hasGlobalType: false
mbDirectCall FAIL (entry Nothing): f isLocal: true hasGlobalType: false
mbDirectCall FAIL (entry Nothing): Accessor isLocal: true hasGlobalType: false
mbDirectCall FAIL (entry Nothing): f isLocal: true hasGlobalType: false
mbDirectCall FAIL (entry Nothing): v isLocal: true hasGlobalType: false
mbDirectCall FAIL (entry Nothing): Accessor isLocal: true hasGlobalType: false
mbDirectCall FAIL (entry Nothing): Accessor isLocal: true hasGlobalType: false
mbDirectCall FAIL (entry Nothing): v isLocal: true hasGlobalType: false
mbDirectCall FAIL (entry Nothing): Accessor isLocal: true hasGlobalType: false
mbDirectCall FAIL (entry Nothing): Accessor isLocal: true hasGlobalType: false
mbDirectCall FAIL (entry Nothing): Accessor isLocal: true hasGlobalType: false
mbDirectCall FAIL (entry Nothing): Accessor isLocal: true hasGlobalType: false
mbDirectCall FAIL (entry Nothing): v isLocal: true hasGlobalType: false
mbDirectCall FAIL (entry Nothing): Accessor isLocal: true hasGlobalType: false
mbDirectCall FAIL (entry Nothing): Accessor isLocal: true hasGlobalType: false
mbDirectCall FAIL (entry Nothing): Accessor isLocal: true hasGlobalType: false
mbDirectCall FAIL (entry Nothing): Accessor isLocal: true hasGlobalType: false
mbDirectCall FAIL (entry Nothing): Accessor isLocal: true hasGlobalType: false
mbDirectCall FAIL (entry Nothing): f isLocal: true hasGlobalType: false
mbDirectCall FAIL (entry Nothing): v isLocal: true hasGlobalType: false
mbDirectCall FAIL (entry Nothing): Accessor isLocal: true hasGlobalType: false
mbDirectCall FAIL (entry Nothing): v isLocal: true hasGlobalType: false
mbDirectCall FAIL (entry Nothing): Accessor isLocal: true hasGlobalType: false
mbDirectCall FAIL (entry Nothing): Accessor isLocal: true hasGlobalType: false
mbDirectCall FAIL (entry Nothing): Accessor isLocal: true hasGlobalType: false
mbDirectCall FAIL (entry Nothing): Accessor isLocal: true hasGlobalType: false
mbDirectCall FAIL (entry Nothing): v1 isLocal: true hasGlobalType: false
mbDirectCall FAIL (entry Nothing): Accessor isLocal: true hasGlobalType: false
mbDirectCall FAIL (entry Nothing): Accessor isLocal: true hasGlobalType: false
mbDirectCall match: applyRWST argsLen: 1 arity: 1
mbDirectCall FAIL (entry Nothing): applyRWST1 isLocal: true hasGlobalType: false
mbDirectCall FAIL (entry Nothing): Accessor isLocal: true hasGlobalType: false
mbDirectCall FAIL (entry Nothing): v isLocal: true hasGlobalType: false
mbDirectCall FAIL (entry Nothing): Accessor isLocal: true hasGlobalType: false
mbDirectCall FAIL (entry Nothing): Accessor isLocal: true hasGlobalType: false
mbDirectCall FAIL (entry Nothing): Accessor isLocal: true hasGlobalType: false
mbDirectCall FAIL (entry Nothing): f isLocal: true hasGlobalType: false
mbDirectCall match: applyRWST argsLen: 1 arity: 1
mbDirectCall FAIL (entry Nothing): applyRWST1 isLocal: true hasGlobalType: false
mbDirectCall FAIL (entry Nothing): Accessor isLocal: true hasGlobalType: false
mbDirectCall FAIL (entry Nothing): Accessor isLocal: true hasGlobalType: false
mbDirectCall FAIL (entry Nothing): Accessor isLocal: true hasGlobalType: false
mbDirectCall match: applyRWST argsLen: 1 arity: 1
mbDirectCall FAIL (entry Nothing): Accessor isLocal: true hasGlobalType: false
mbDirectCall FAIL (entry Nothing): applyRWST1 isLocal: true hasGlobalType: false
mbDirectCall FAIL (entry Nothing): Accessor isLocal: true hasGlobalType: false
mbDirectCall FAIL (entry Nothing): Accessor isLocal: true hasGlobalType: false
mbDirectCall match: applicativeRWST argsLen: 1 arity: 1
mbDirectCall match: bindRWST argsLen: 1 arity: 1
mbDirectCall FAIL (entry Nothing): Accessor isLocal: true hasGlobalType: false
mbDirectCall FAIL (entry Nothing): applicativeRWST1 isLocal: true hasGlobalType: false
mbDirectCall FAIL (entry Nothing): bindRWST1 isLocal: true hasGlobalType: false
mbDirectCall match: monadRWST argsLen: 1 arity: 1
mbDirectCall FAIL (entry Nothing): monadRWST1 isLocal: true hasGlobalType: false
mbDirectCall FAIL (entry Nothing): Accessor isLocal: true hasGlobalType: false
mbDirectCall FAIL (entry Nothing): Accessor isLocal: true hasGlobalType: false
mbDirectCall match: monadAskRWST argsLen: 1 arity: 1
mbDirectCall FAIL (entry Nothing): monadAskRWST1 isLocal: true hasGlobalType: false
mbDirectCall FAIL (entry Nothing): m isLocal: true hasGlobalType: false
mbDirectCall FAIL (entry Nothing): f isLocal: true hasGlobalType: false
mbDirectCall FAIL (entry Nothing): Accessor isLocal: true hasGlobalType: false
mbDirectCall match: monadRWST argsLen: 2 arity: 1
mbDirectCall FAIL (entry Nothing): Accessor isLocal: true hasGlobalType: false
mbDirectCall FAIL (entry Nothing): Accessor isLocal: true hasGlobalType: false
mbDirectCall FAIL (entry Nothing): Accessor isLocal: true hasGlobalType: false
mbDirectCall FAIL (entry Nothing): Accessor isLocal: true hasGlobalType: false
mbDirectCall FAIL (entry Nothing): Accessor isLocal: true hasGlobalType: false
mbDirectCall FAIL (entry Nothing): Accessor isLocal: true hasGlobalType: false
mbDirectCall match: monadRWST argsLen: 1 arity: 1
mbDirectCall FAIL (entry Nothing): Accessor isLocal: true hasGlobalType: false
mbDirectCall FAIL (entry Nothing): monadRWST1 isLocal: true hasGlobalType: false
mbDirectCall FAIL (entry Nothing): Accessor isLocal: true hasGlobalType: false
mbDirectCall FAIL (entry Nothing): Accessor isLocal: true hasGlobalType: false
mbDirectCall FAIL (entry Nothing): Accessor isLocal: true hasGlobalType: false
mbDirectCall FAIL (entry Nothing): k isLocal: true hasGlobalType: false
mbDirectCall FAIL (entry Nothing): Accessor isLocal: true hasGlobalType: false
mbDirectCall FAIL (entry Nothing): Accessor isLocal: true hasGlobalType: false
mbDirectCall FAIL (entry Nothing): Accessor isLocal: true hasGlobalType: false
mbDirectCall FAIL (entry Nothing): Accessor isLocal: true hasGlobalType: false
mbDirectCall match: monadRWST argsLen: 1 arity: 1
mbDirectCall FAIL (entry Nothing): monadRWST1 isLocal: true hasGlobalType: false
mbDirectCall FAIL (entry Nothing): f isLocal: true hasGlobalType: false
mbDirectCall FAIL (entry Nothing): Accessor isLocal: true hasGlobalType: false
mbDirectCall FAIL (entry Nothing): Accessor isLocal: true hasGlobalType: false
mbDirectCall match: monadRWST argsLen: 1 arity: 1
mbDirectCall FAIL (entry Nothing): Accessor isLocal: true hasGlobalType: false
mbDirectCall FAIL (entry Nothing): monadRWST1 isLocal: true hasGlobalType: false
mbDirectCall FAIL (entry Nothing): Accessor isLocal: true hasGlobalType: false
mbDirectCall FAIL (entry Nothing): Accessor isLocal: true hasGlobalType: false
mbDirectCall FAIL (entry Nothing): Accessor isLocal: true hasGlobalType: false
mbDirectCall FAIL (entry Nothing): Accessor isLocal: true hasGlobalType: false
mbDirectCall match: monadTellRWST argsLen: 1 arity: 1
mbDirectCall FAIL (entry Nothing): monadTellRWST1 isLocal: true hasGlobalType: false
mbDirectCall FAIL (entry Nothing): Accessor isLocal: true hasGlobalType: false
mbDirectCall FAIL (entry Nothing): m isLocal: true hasGlobalType: false
mbDirectCall FAIL (entry Nothing): Accessor isLocal: true hasGlobalType: false
mbDirectCall FAIL (entry Nothing): Accessor isLocal: true hasGlobalType: false
mbDirectCall FAIL (entry Nothing): m isLocal: true hasGlobalType: false
mbDirectCall FAIL (entry Nothing): Accessor isLocal: true hasGlobalType: false
mbDirectCall FAIL (entry Nothing): Accessor isLocal: true hasGlobalType: false
mbDirectCall FAIL (entry Nothing): Accessor isLocal: true hasGlobalType: false
mbDirectCall match: monadRWST argsLen: 1 arity: 1
mbDirectCall FAIL (entry Nothing): monadRWST1 isLocal: true hasGlobalType: false
mbDirectCall FAIL (entry Nothing): Accessor isLocal: true hasGlobalType: false
mbDirectCall FAIL (entry Nothing): Accessor isLocal: true hasGlobalType: false
mbDirectCall FAIL (entry Nothing): Accessor isLocal: true hasGlobalType: false
mbDirectCall FAIL (entry Nothing): Accessor isLocal: true hasGlobalType: false
mbDirectCall FAIL (entry Nothing): Accessor isLocal: true hasGlobalType: false
mbDirectCall match: monadThrowRWST argsLen: 1 arity: 1
mbDirectCall FAIL (entry Nothing): Accessor isLocal: true hasGlobalType: false
mbDirectCall FAIL (entry Nothing): monadThrowRWST1 isLocal: true hasGlobalType: false
mbDirectCall FAIL (entry Nothing): Accessor isLocal: true hasGlobalType: false
mbDirectCall FAIL (entry Nothing): m isLocal: true hasGlobalType: false
mbDirectCall FAIL (entry Nothing): h isLocal: true hasGlobalType: false
mbDirectCall FAIL (entry Nothing): Accessor isLocal: true hasGlobalType: false
mbDirectCall match: monadRWST argsLen: 2 arity: 1
mbDirectCall FAIL (entry Nothing): Accessor isLocal: true hasGlobalType: false
mbDirectCall FAIL (entry Nothing): Accessor isLocal: true hasGlobalType: false
mbDirectCall FAIL (entry Nothing): Accessor isLocal: true hasGlobalType: false
mbDirectCall FAIL (entry Nothing): Accessor isLocal: true hasGlobalType: false
mbDirectCall FAIL (entry Nothing): Accessor isLocal: true hasGlobalType: false
mbDirectCall match: applicativeRWST argsLen: 1 arity: 1
mbDirectCall match: semigroupRWST argsLen: 1 arity: 1
mbDirectCall FAIL (entry Nothing): Accessor isLocal: true hasGlobalType: false
mbDirectCall FAIL (entry Nothing): semigroupRWST1 isLocal: true hasGlobalType: false
mbDirectCall FAIL (entry Nothing): semigroupRWST2 isLocal: true hasGlobalType: false
mbDirectCall FAIL (entry Nothing): Accessor isLocal: true hasGlobalType: false
mbDirectCall FAIL (entry Nothing): Accessor isLocal: true hasGlobalType: false
mbDirectCall FAIL (entry Nothing): applicativeRWST1 isLocal: true hasGlobalType: false
mbDirectCall FAIL (entry Nothing): Accessor isLocal: true hasGlobalType: false
mbDirectCall FAIL (entry Nothing): Accessor isLocal: true hasGlobalType: false
mbDirectCall FAIL (entry Nothing): f isLocal: true hasGlobalType: false
mbDirectCall FAIL (entry Nothing): v isLocal: true hasGlobalType: false
mbDirectCall FAIL (entry Nothing): Accessor isLocal: true hasGlobalType: false
mbDirectCall FAIL (entry Nothing): v isLocal: true hasGlobalType: false
mbDirectCall FAIL (entry Nothing): v1 isLocal: true hasGlobalType: false
mbDirectCall FAIL (entry Nothing): Accessor isLocal: true hasGlobalType: false
mbDirectCall FAIL (entry Nothing): Accessor isLocal: true hasGlobalType: false
mbDirectCall FAIL (entry Nothing): Accessor isLocal: true hasGlobalType: false
mbDirectCall FAIL (entry Nothing): f isLocal: true hasGlobalType: false
mbDirectCall FAIL (entry Nothing): v isLocal: true hasGlobalType: false
mbDirectCall FAIL (entry Nothing): Accessor isLocal: true hasGlobalType: false
mbDirectCall FAIL (entry Nothing): v isLocal: true hasGlobalType: false
mbDirectCall FAIL (entry Nothing): v1 isLocal: true hasGlobalType: false
mbDirectCall FAIL (entry Nothing): Accessor isLocal: true hasGlobalType: false
mbDirectCall FAIL (entry Nothing): Accessor isLocal: true hasGlobalType: false
mbDirectCall FAIL (entry Nothing): Accessor isLocal: true hasGlobalType: false
mbDirectCall FAIL (entry Nothing): Accessor isLocal: true hasGlobalType: false
mbDirectCall FAIL (entry Nothing): f isLocal: true hasGlobalType: false
mbDirectCall FAIL (entry Nothing): v isLocal: true hasGlobalType: false
mbDirectCall FAIL (entry Nothing): Accessor isLocal: true hasGlobalType: false
mbDirectCall FAIL (entry Nothing): v isLocal: true hasGlobalType: false
mbDirectCall FAIL (entry Nothing): v1 isLocal: true hasGlobalType: false
mbDirectCall match: applicativeRWST argsLen: 2 arity: 1
mbDirectCall FAIL (entry Nothing): Accessor isLocal: true hasGlobalType: false
mbDirectCall FAIL (entry Nothing): Accessor isLocal: true hasGlobalType: false
mbDirectCall FAIL (entry Nothing): v isLocal: true hasGlobalType: false
mbDirectCall FAIL (entry Nothing): Accessor isLocal: true hasGlobalType: false
mbDirectCall FAIL (entry Nothing): Accessor isLocal: true hasGlobalType: false
mbDirectCall FAIL (entry Nothing): Accessor isLocal: true hasGlobalType: false
mbDirectCall FAIL (entry Nothing): Accessor isLocal: true hasGlobalType: false
mbDirectCall FAIL (entry Nothing): v isLocal: true hasGlobalType: false
mbDirectCall FAIL (entry Nothing): Accessor isLocal: true hasGlobalType: false
mbDirectCall FAIL (entry Nothing): Accessor isLocal: true hasGlobalType: false
mbDirectCall FAIL (entry Nothing): Accessor isLocal: true hasGlobalType: false
mbDirectCall FAIL (entry Nothing): f isLocal: true hasGlobalType: false
mbDirectCall FAIL (entry Nothing): m isLocal: true hasGlobalType: false
mbDirectCall FAIL (entry Nothing): f isLocal: true hasGlobalType: false
mbDirectCall FAIL (entry Nothing): v isLocal: true hasGlobalType: false
mbDirectCall match: execRWST argsLen: 3 arity: 3
mbDirectCall match: evalRWST argsLen: 3 arity: 3
mbDirectCall FAIL (entry Nothing): Accessor isLocal: true hasGlobalType: false
mbDirectCall FAIL (entry Nothing): Accessor isLocal: true hasGlobalType: false
mbDirectCall FAIL (entry Nothing): Accessor isLocal: true hasGlobalType: false
mbDirectCall FAIL (entry Nothing): f isLocal: true hasGlobalType: false
mbDirectCall FAIL (entry Nothing): Accessor isLocal: true hasGlobalType: false
mbDirectCall FAIL (entry Nothing): Accessor isLocal: true hasGlobalType: false
mbDirectCall FAIL (entry Nothing): Accessor isLocal: true hasGlobalType: false
mbDirectCall FAIL (entry Nothing): Local_Nothing isLocal: true hasGlobalType: false
mbDirectCall FAIL (entry Nothing): Local_Nothing isLocal: true hasGlobalType: false
mbDirectCall FAIL (entry Nothing): Accessor isLocal: true hasGlobalType: false
mbDirectCall FAIL (entry Nothing): v isLocal: true hasGlobalType: false
mbDirectCall FAIL (entry Nothing): Accessor isLocal: true hasGlobalType: false
mbDirectCall FAIL (entry Nothing): Accessor isLocal: true hasGlobalType: false
mbDirectCall FAIL (entry Nothing): Accessor isLocal: true hasGlobalType: false
mbDirectCall FAIL (entry Nothing): Local_Nothing isLocal: true hasGlobalType: false
mbDirectCall FAIL (entry Nothing): distribute2 isLocal: true hasGlobalType: false
mbDirectCall FAIL (entry Nothing): Accessor isLocal: true hasGlobalType: false
mbDirectCall FAIL (entry Nothing): Accessor isLocal: true hasGlobalType: false
mbDirectCall FAIL (entry Nothing): distribute2 isLocal: true hasGlobalType: false
mbDirectCall FAIL (entry Nothing): Local_Nothing isLocal: true hasGlobalType: false
mbDirectCall FAIL (entry Nothing): Accessor isLocal: true hasGlobalType: false
mbDirectCall FAIL (entry Nothing): Accessor isLocal: true hasGlobalType: false
mbDirectCall match: distributiveTuple argsLen: 1 arity: 1
mbDirectCall FAIL (entry Nothing): Accessor isLocal: true hasGlobalType: false
mbDirectCall FAIL (entry Nothing): distribute2 isLocal: true hasGlobalType: false
mbDirectCall FAIL (entry Nothing): Local_Nothing isLocal: true hasGlobalType: false
mbDirectCall FAIL (entry Nothing): Tuple isLocal: false hasGlobalType: false
mbDirectCall FAIL (entry Nothing): from isLocal: true hasGlobalType: false
mbDirectCall FAIL (entry Nothing): Accessor isLocal: true hasGlobalType: false
mbDirectCall FAIL (entry Nothing): Local_Nothing isLocal: true hasGlobalType: false
mbDirectCall FAIL (entry Nothing): Local_Nothing isLocal: true hasGlobalType: false
mbDirectCall FAIL (entry Nothing): Accessor isLocal: true hasGlobalType: false
mbDirectCall FAIL (entry Nothing): v isLocal: true hasGlobalType: false
mbDirectCall FAIL (entry Nothing): f isLocal: true hasGlobalType: false
mbDirectCall FAIL (entry Nothing): v isLocal: true hasGlobalType: false
mbDirectCall FAIL (entry Nothing): f isLocal: true hasGlobalType: false
mbDirectCall FAIL (entry Nothing): f isLocal: true hasGlobalType: false
mbDirectCall FAIL (entry Nothing): v isLocal: true hasGlobalType: false
mbDirectCall FAIL (entry Nothing): f isLocal: true hasGlobalType: false
mbDirectCall FAIL (entry Nothing): v isLocal: true hasGlobalType: false
mbDirectCall FAIL (entry Nothing): Accessor isLocal: true hasGlobalType: false
mbDirectCall FAIL (entry Nothing): Local_Nothing isLocal: true hasGlobalType: false
mbDirectCall FAIL (entry Nothing): v isLocal: true hasGlobalType: false
mbDirectCall FAIL (entry Nothing): Accessor isLocal: true hasGlobalType: false
mbDirectCall FAIL (entry Nothing): Accessor isLocal: true hasGlobalType: false
mbDirectCall FAIL (entry Nothing): Local_Nothing isLocal: true hasGlobalType: false
mbDirectCall FAIL (entry Nothing): v isLocal: true hasGlobalType: false
mbDirectCall FAIL (entry Nothing): Accessor isLocal: true hasGlobalType: false
mbDirectCall match: distributiveReaderT argsLen: 1 arity: 1
mbDirectCall FAIL (entry Nothing): Accessor isLocal: true hasGlobalType: false
mbDirectCall FAIL (entry Nothing): Local_Nothing isLocal: true hasGlobalType: false
mbDirectCall FAIL (entry Nothing): Local_Nothing isLocal: true hasGlobalType: false
mbDirectCall FAIL (entry Nothing): Accessor isLocal: true hasGlobalType: false
mbDirectCall FAIL (entry Nothing): collect1 isLocal: true hasGlobalType: false
mbDirectCall FAIL (entry Nothing): r isLocal: true hasGlobalType: false
mbDirectCall FAIL (entry Nothing): Accessor isLocal: true hasGlobalType: false
mbDirectCall FAIL (entry Nothing): Accessor isLocal: true hasGlobalType: false
mbDirectCall FAIL (entry Nothing): Local_Nothing isLocal: true hasGlobalType: false
mbDirectCall FAIL (entry Nothing): v isLocal: true hasGlobalType: false
mbDirectCall FAIL (entry Nothing): Accessor isLocal: true hasGlobalType: false
mbDirectCall FAIL (entry Nothing): v isLocal: true hasGlobalType: false
mbDirectCall FAIL (entry Nothing): v1 isLocal: true hasGlobalType: false
mbDirectCall FAIL (entry Nothing): Accessor isLocal: true hasGlobalType: false
mbDirectCall FAIL (entry Nothing): Accessor isLocal: true hasGlobalType: false
mbDirectCall FAIL (entry Nothing): Accessor isLocal: true hasGlobalType: false
mbDirectCall FAIL (entry Nothing): Local_Nothing isLocal: true hasGlobalType: false
mbDirectCall FAIL (entry Nothing): v isLocal: true hasGlobalType: false
mbDirectCall FAIL (entry Nothing): Accessor isLocal: true hasGlobalType: false
mbDirectCall FAIL (entry Nothing): v isLocal: true hasGlobalType: false
mbDirectCall FAIL (entry Nothing): v1 isLocal: true hasGlobalType: false
mbDirectCall FAIL (entry Nothing): Accessor isLocal: true hasGlobalType: false
mbDirectCall FAIL (entry Nothing): v isLocal: true hasGlobalType: false
mbDirectCall FAIL (entry Nothing): k isLocal: true hasGlobalType: false
mbDirectCall FAIL (entry Nothing): Accessor isLocal: true hasGlobalType: false
mbDirectCall FAIL (entry Nothing): Accessor isLocal: true hasGlobalType: false
mbDirectCall FAIL (entry Nothing): Accessor isLocal: true hasGlobalType: false
mbDirectCall FAIL (entry Nothing): Local_Nothing isLocal: true hasGlobalType: false
mbDirectCall FAIL (entry Nothing): a isLocal: true hasGlobalType: false
mbDirectCall FAIL (entry Nothing): b isLocal: true hasGlobalType: false
mbDirectCall FAIL (entry Nothing): Accessor isLocal: true hasGlobalType: false
mbDirectCall FAIL (entry Nothing): Accessor isLocal: true hasGlobalType: false
mbDirectCall FAIL (entry Nothing): Accessor isLocal: true hasGlobalType: false
mbDirectCall FAIL (entry Nothing): Local_Nothing isLocal: true hasGlobalType: false
mbDirectCall FAIL (entry Nothing): v isLocal: true hasGlobalType: false
mbDirectCall FAIL (entry Nothing): Accessor isLocal: true hasGlobalType: false
mbDirectCall FAIL (entry Nothing): v isLocal: true hasGlobalType: false
mbDirectCall FAIL (entry Nothing): v1 isLocal: true hasGlobalType: false
mbDirectCall FAIL (entry Nothing): Accessor isLocal: true hasGlobalType: false
mbDirectCall FAIL (entry Nothing): Accessor isLocal: true hasGlobalType: false
mbDirectCall FAIL (entry Nothing): Accessor isLocal: true hasGlobalType: false
mbDirectCall FAIL (entry Nothing): Accessor isLocal: true hasGlobalType: false
mbDirectCall FAIL (entry Nothing): Accessor isLocal: true hasGlobalType: false
mbDirectCall FAIL (entry Nothing): Local_Nothing isLocal: true hasGlobalType: false
mbDirectCall FAIL (entry Nothing): v isLocal: true hasGlobalType: false
mbDirectCall FAIL (entry Nothing): Accessor isLocal: true hasGlobalType: false
mbDirectCall FAIL (entry Nothing): v isLocal: true hasGlobalType: false
mbDirectCall FAIL (entry Nothing): v1 isLocal: true hasGlobalType: false
mbDirectCall FAIL (entry Nothing): Accessor isLocal: true hasGlobalType: false
mbDirectCall match: bindReaderT argsLen: 1 arity: 1
mbDirectCall FAIL (entry Nothing): Accessor isLocal: true hasGlobalType: false
mbDirectCall match: monadReaderT argsLen: 1 arity: 1
mbDirectCall FAIL (entry Nothing): Accessor isLocal: true hasGlobalType: false
mbDirectCall match: monadReaderT argsLen: 1 arity: 1
mbDirectCall FAIL (entry Nothing): Accessor isLocal: true hasGlobalType: false
mbDirectCall match: monadReaderT argsLen: 1 arity: 1
mbDirectCall FAIL (entry Nothing): Accessor isLocal: true hasGlobalType: false
mbDirectCall FAIL (entry Nothing): Accessor isLocal: true hasGlobalType: false
mbDirectCall FAIL (entry Nothing): f isLocal: true hasGlobalType: false
mbDirectCall FAIL (entry Nothing): c isLocal: true hasGlobalType: false
mbDirectCall FAIL (entry Nothing): Accessor isLocal: true hasGlobalType: false
mbDirectCall match: monadReaderT argsLen: 1 arity: 1
mbDirectCall FAIL (entry Nothing): Accessor isLocal: true hasGlobalType: false
mbDirectCall FAIL (entry Nothing): Local_Nothing isLocal: true hasGlobalType: false
mbDirectCall FAIL (entry Nothing): Accessor isLocal: true hasGlobalType: false
mbDirectCall FAIL (entry Nothing): Accessor isLocal: true hasGlobalType: false
mbDirectCall FAIL (entry Nothing): Accessor isLocal: true hasGlobalType: false
mbDirectCall FAIL (entry Nothing): Accessor isLocal: true hasGlobalType: false
mbDirectCall match: monadReaderT argsLen: 1 arity: 1
mbDirectCall FAIL (entry Nothing): Accessor isLocal: true hasGlobalType: false
mbDirectCall FAIL (entry Nothing): Accessor isLocal: true hasGlobalType: false
mbDirectCall FAIL (entry Nothing): k isLocal: true hasGlobalType: false
mbDirectCall FAIL (entry Nothing): Accessor isLocal: true hasGlobalType: false
mbDirectCall match: monadReaderT argsLen: 1 arity: 1
mbDirectCall FAIL (entry Nothing): Accessor isLocal: true hasGlobalType: false
mbDirectCall FAIL (entry Nothing): Local_Nothing isLocal: true hasGlobalType: false
mbDirectCall FAIL (entry Nothing): Accessor isLocal: true hasGlobalType: false
mbDirectCall FAIL (entry Nothing): Accessor isLocal: true hasGlobalType: false
mbDirectCall FAIL (entry Nothing): Accessor isLocal: true hasGlobalType: false
mbDirectCall match: monadReaderT argsLen: 1 arity: 1
mbDirectCall FAIL (entry Nothing): Accessor isLocal: true hasGlobalType: false
mbDirectCall FAIL (entry Nothing): Local_Nothing isLocal: true hasGlobalType: false
mbDirectCall FAIL (entry Nothing): Accessor isLocal: true hasGlobalType: false
mbDirectCall FAIL (entry Nothing): Accessor isLocal: true hasGlobalType: false
mbDirectCall match: monadTellReaderT argsLen: 1 arity: 1
mbDirectCall FAIL (entry Nothing): Accessor isLocal: true hasGlobalType: false
mbDirectCall FAIL (entry Nothing): Accessor isLocal: true hasGlobalType: false
mbDirectCall FAIL (entry Nothing): v isLocal: true hasGlobalType: false
mbDirectCall FAIL (entry Nothing): Accessor isLocal: true hasGlobalType: false
mbDirectCall FAIL (entry Nothing): v isLocal: true hasGlobalType: false
mbDirectCall FAIL (entry Nothing): Accessor isLocal: true hasGlobalType: false
mbDirectCall match: monadReaderT argsLen: 1 arity: 1
mbDirectCall FAIL (entry Nothing): Accessor isLocal: true hasGlobalType: false
mbDirectCall FAIL (entry Nothing): Local_Nothing isLocal: true hasGlobalType: false
mbDirectCall FAIL (entry Nothing): Accessor isLocal: true hasGlobalType: false
mbDirectCall match: monadThrowReaderT argsLen: 1 arity: 1
mbDirectCall FAIL (entry Nothing): Accessor isLocal: true hasGlobalType: false
mbDirectCall FAIL (entry Nothing): Accessor isLocal: true hasGlobalType: false
mbDirectCall FAIL (entry Nothing): v isLocal: true hasGlobalType: false
mbDirectCall FAIL (entry Nothing): h isLocal: true hasGlobalType: false
mbDirectCall FAIL (entry Nothing): Accessor isLocal: true hasGlobalType: false
mbDirectCall match: monadReaderT argsLen: 1 arity: 1
mbDirectCall FAIL (entry Nothing): Accessor isLocal: true hasGlobalType: false
mbDirectCall FAIL (entry Nothing): Local_Nothing isLocal: true hasGlobalType: false
mbDirectCall FAIL (entry Nothing): Accessor isLocal: true hasGlobalType: false
mbDirectCall FAIL (entry Nothing): Accessor isLocal: true hasGlobalType: false
mbDirectCall FAIL (entry Nothing): Accessor isLocal: true hasGlobalType: false
mbDirectCall FAIL (entry Nothing): Accessor isLocal: true hasGlobalType: false
mbDirectCall FAIL (entry Nothing): Accessor isLocal: true hasGlobalType: false
mbDirectCall FAIL (entry Nothing): Accessor isLocal: true hasGlobalType: false
mbDirectCall FAIL (entry Nothing): Local_Nothing isLocal: true hasGlobalType: false
mbDirectCall FAIL (entry Nothing): a isLocal: true hasGlobalType: false
mbDirectCall FAIL (entry Nothing): b isLocal: true hasGlobalType: false
mbDirectCall FAIL (entry Nothing): Accessor isLocal: true hasGlobalType: false
mbDirectCall FAIL (entry Nothing): Accessor isLocal: true hasGlobalType: false
mbDirectCall FAIL (entry Nothing): Accessor isLocal: true hasGlobalType: false
mbDirectCall FAIL (entry Nothing): Local_Nothing isLocal: true hasGlobalType: false
mbDirectCall FAIL (entry Nothing): v isLocal: true hasGlobalType: false
mbDirectCall FAIL (entry Nothing): Accessor isLocal: true hasGlobalType: false
mbDirectCall FAIL (entry Nothing): v isLocal: true hasGlobalType: false
mbDirectCall FAIL (entry Nothing): v1 isLocal: true hasGlobalType: false
mbDirectCall FAIL (entry Nothing): Accessor isLocal: true hasGlobalType: false
mbDirectCall FAIL (entry Nothing): Accessor isLocal: true hasGlobalType: false
mbDirectCall FAIL (entry Nothing): Accessor isLocal: true hasGlobalType: false
mbDirectCall FAIL (entry Nothing): Local_Nothing isLocal: true hasGlobalType: false
mbDirectCall FAIL (entry Nothing): v isLocal: true hasGlobalType: false
mbDirectCall FAIL (entry Nothing): Accessor isLocal: true hasGlobalType: false
mbDirectCall FAIL (entry Nothing): v isLocal: true hasGlobalType: false
mbDirectCall FAIL (entry Nothing): v1 isLocal: true hasGlobalType: false
mbDirectCall FAIL (entry Nothing): Accessor isLocal: true hasGlobalType: false
mbDirectCall FAIL (entry Nothing): Accessor isLocal: true hasGlobalType: false
mbDirectCall FAIL (entry Nothing): Accessor isLocal: true hasGlobalType: false
mbDirectCall FAIL (entry Nothing): Accessor isLocal: true hasGlobalType: false
mbDirectCall FAIL (entry Nothing): Local_Nothing isLocal: true hasGlobalType: false
mbDirectCall FAIL (entry Nothing): v isLocal: true hasGlobalType: false
mbDirectCall FAIL (entry Nothing): Accessor isLocal: true hasGlobalType: false
mbDirectCall FAIL (entry Nothing): v isLocal: true hasGlobalType: false
mbDirectCall FAIL (entry Nothing): v1 isLocal: true hasGlobalType: false
mbDirectCall FAIL (entry Nothing): Accessor isLocal: true hasGlobalType: false
mbDirectCall FAIL (entry Nothing): Accessor isLocal: true hasGlobalType: false
mbDirectCall FAIL (entry Nothing): Accessor isLocal: true hasGlobalType: false
mbDirectCall FAIL (entry Nothing): Accessor isLocal: true hasGlobalType: false
mbDirectCall FAIL (entry Nothing): Accessor isLocal: true hasGlobalType: false
mbDirectCall FAIL (entry Nothing): Local_Nothing isLocal: true hasGlobalType: false
mbDirectCall FAIL (entry Nothing): v isLocal: true hasGlobalType: false
mbDirectCall FAIL (entry Nothing): Accessor isLocal: true hasGlobalType: false
mbDirectCall FAIL (entry Nothing): v isLocal: true hasGlobalType: false
mbDirectCall FAIL (entry Nothing): v1 isLocal: true hasGlobalType: false
mbDirectCall match: monadReaderT argsLen: 1 arity: 1
mbDirectCall FAIL (entry Nothing): Accessor isLocal: true hasGlobalType: false
mbDirectCall match: alternativeReaderT argsLen: 1 arity: 1
mbDirectCall FAIL (entry Nothing): Accessor isLocal: true hasGlobalType: false
mbDirectCall FAIL (entry Nothing): v isLocal: true hasGlobalType: false
mbDirectCall FAIL (entry Nothing): f isLocal: true hasGlobalType: false
mbDirectCall FAIL (entry Nothing): v isLocal: true hasGlobalType: false
mbDirectCall FAIL (entry Nothing): v isLocal: true hasGlobalType: false
mbDirectCall FAIL (entry Nothing): f isLocal: true hasGlobalType: false
mbDirectCall FAIL (entry Nothing): Accessor isLocal: true hasGlobalType: false
mbDirectCall FAIL (entry Nothing): Accessor isLocal: true hasGlobalType: false
mbDirectCall FAIL (entry Nothing): Accessor isLocal: true hasGlobalType: false
mbDirectCall FAIL (entry Nothing): Accessor isLocal: true hasGlobalType: false
mbDirectCall FAIL (entry Nothing): f isLocal: true hasGlobalType: false
mbDirectCall FAIL (entry Nothing): v isLocal: true hasGlobalType: false
mbDirectCall FAIL (entry Nothing): f isLocal: true hasGlobalType: false
mbDirectCall FAIL (entry Nothing): Accessor isLocal: true hasGlobalType: false
mbDirectCall FAIL (entry Nothing): f isLocal: true hasGlobalType: false
mbDirectCall FAIL (entry Nothing): v isLocal: true hasGlobalType: false
mbDirectCall FAIL (entry Nothing): Accessor isLocal: true hasGlobalType: false
mbDirectCall FAIL (entry Nothing): v isLocal: true hasGlobalType: false
mbDirectCall FAIL (entry Nothing): Accessor isLocal: true hasGlobalType: false
mbDirectCall FAIL (entry Nothing): v isLocal: true hasGlobalType: false
mbDirectCall match: applicativeStateT argsLen: 1 arity: 1
mbDirectCall match: bindStateT argsLen: 1 arity: 1
mbDirectCall match: applyStateT argsLen: 1 arity: 1
mbDirectCall FAIL (entry Nothing): Accessor isLocal: true hasGlobalType: false
mbDirectCall FAIL (entry Nothing): Accessor isLocal: true hasGlobalType: false
mbDirectCall FAIL (entry Nothing): v isLocal: true hasGlobalType: false
mbDirectCall FAIL (entry Nothing): f isLocal: true hasGlobalType: false
mbDirectCall FAIL (entry Nothing): Accessor isLocal: true hasGlobalType: false
mbDirectCall FAIL (entry Nothing): Accessor isLocal: true hasGlobalType: false
mbDirectCall FAIL (entry Nothing): Accessor isLocal: true hasGlobalType: false
mbDirectCall FAIL (entry Nothing): Accessor isLocal: true hasGlobalType: false
mbDirectCall FAIL (entry Nothing): f isLocal: true hasGlobalType: false
mbDirectCall FAIL (entry Nothing): v isLocal: true hasGlobalType: false
mbDirectCall match: bindStateT argsLen: 1 arity: 1
mbDirectCall FAIL (entry Nothing): Accessor isLocal: true hasGlobalType: false
mbDirectCall FAIL (entry Nothing): Accessor isLocal: true hasGlobalType: false
mbDirectCall FAIL (entry Nothing): Accessor isLocal: true hasGlobalType: false
mbDirectCall match: applicativeStateT argsLen: 1 arity: 1
mbDirectCall FAIL (entry Nothing): f' isLocal: true hasGlobalType: false
mbDirectCall match: applyStateT argsLen: 1 arity: 1
mbDirectCall FAIL (entry Nothing): Accessor isLocal: true hasGlobalType: false
mbDirectCall FAIL (entry Nothing): Accessor isLocal: true hasGlobalType: false
mbDirectCall match: applyStateT argsLen: 1 arity: 1
mbDirectCall FAIL (entry Nothing): Accessor isLocal: true hasGlobalType: false
mbDirectCall FAIL (entry Nothing): Accessor isLocal: true hasGlobalType: false
mbDirectCall FAIL (entry Nothing): Accessor isLocal: true hasGlobalType: false
mbDirectCall FAIL (entry Nothing): Accessor isLocal: true hasGlobalType: false
mbDirectCall match: applicativeStateT argsLen: 1 arity: 1
mbDirectCall match: bindStateT argsLen: 1 arity: 1
mbDirectCall FAIL (entry Nothing): Accessor isLocal: true hasGlobalType: false
mbDirectCall match: monadAskStateT argsLen: 1 arity: 1
mbDirectCall FAIL (entry Nothing): Accessor isLocal: true hasGlobalType: false
mbDirectCall FAIL (entry Nothing): Accessor isLocal: true hasGlobalType: false
mbDirectCall FAIL (entry Nothing): Local_Nothing isLocal: true hasGlobalType: false
mbDirectCall FAIL (entry Nothing): v isLocal: true hasGlobalType: false
mbDirectCall FAIL (entry Nothing): Accessor isLocal: true hasGlobalType: false
mbDirectCall match: applicativeStateT argsLen: 1 arity: 1
mbDirectCall match: bindStateT argsLen: 1 arity: 1
mbDirectCall FAIL (entry Nothing): Accessor isLocal: true hasGlobalType: false
mbDirectCall FAIL (entry Nothing): f isLocal: true hasGlobalType: false
mbDirectCall FAIL (entry Nothing): c isLocal: true hasGlobalType: false
mbDirectCall FAIL (entry Nothing): Accessor isLocal: true hasGlobalType: false
mbDirectCall match: applicativeStateT argsLen: 1 arity: 1
mbDirectCall match: bindStateT argsLen: 1 arity: 1
mbDirectCall FAIL (entry Nothing): Accessor isLocal: true hasGlobalType: false
mbDirectCall FAIL (entry Nothing): Local_Nothing isLocal: true hasGlobalType: false
mbDirectCall FAIL (entry Nothing): Accessor isLocal: true hasGlobalType: false
mbDirectCall FAIL (entry Nothing): Accessor isLocal: true hasGlobalType: false
mbDirectCall match: applicativeStateT argsLen: 1 arity: 1
mbDirectCall match: bindStateT argsLen: 1 arity: 1
mbDirectCall FAIL (entry Nothing): Accessor isLocal: true hasGlobalType: false
mbDirectCall FAIL (entry Nothing): Accessor isLocal: true hasGlobalType: false
mbDirectCall FAIL (entry Nothing): Accessor isLocal: true hasGlobalType: false
mbDirectCall FAIL (entry Nothing): f isLocal: true hasGlobalType: false
mbDirectCall FAIL (entry Nothing): Accessor isLocal: true hasGlobalType: false
mbDirectCall FAIL (entry Nothing): Accessor isLocal: true hasGlobalType: false
mbDirectCall match: applicativeStateT argsLen: 1 arity: 1
mbDirectCall match: bindStateT argsLen: 1 arity: 1
mbDirectCall FAIL (entry Nothing): Accessor isLocal: true hasGlobalType: false
mbDirectCall FAIL (entry Nothing): Accessor isLocal: true hasGlobalType: false
mbDirectCall FAIL (entry Nothing): f isLocal: true hasGlobalType: false
mbDirectCall FAIL (entry Nothing): Accessor isLocal: true hasGlobalType: false
mbDirectCall FAIL (entry Nothing): Accessor isLocal: true hasGlobalType: false
mbDirectCall match: applicativeStateT argsLen: 1 arity: 1
mbDirectCall match: bindStateT argsLen: 1 arity: 1
mbDirectCall FAIL (entry Nothing): Accessor isLocal: true hasGlobalType: false
mbDirectCall FAIL (entry Nothing): Local_Nothing isLocal: true hasGlobalType: false
mbDirectCall FAIL (entry Nothing): Accessor isLocal: true hasGlobalType: false
mbDirectCall FAIL (entry Nothing): Accessor isLocal: true hasGlobalType: false
mbDirectCall FAIL (entry Nothing): Accessor isLocal: true hasGlobalType: false
mbDirectCall FAIL (entry Nothing): Accessor isLocal: true hasGlobalType: false
mbDirectCall FAIL (entry Nothing): Accessor isLocal: true hasGlobalType: false
mbDirectCall FAIL (entry Nothing): Accessor isLocal: true hasGlobalType: false
mbDirectCall match: monadTellStateT argsLen: 1 arity: 1
mbDirectCall FAIL (entry Nothing): Accessor isLocal: true hasGlobalType: false
mbDirectCall FAIL (entry Nothing): Accessor isLocal: true hasGlobalType: false
mbDirectCall FAIL (entry Nothing): m isLocal: true hasGlobalType: false
mbDirectCall FAIL (entry Nothing): Accessor isLocal: true hasGlobalType: false
mbDirectCall FAIL (entry Nothing): Accessor isLocal: true hasGlobalType: false
mbDirectCall FAIL (entry Nothing): Accessor isLocal: true hasGlobalType: false
mbDirectCall FAIL (entry Nothing): m isLocal: true hasGlobalType: false
mbDirectCall FAIL (entry Nothing): Accessor isLocal: true hasGlobalType: false
mbDirectCall FAIL (entry Nothing): Accessor isLocal: true hasGlobalType: false
mbDirectCall FAIL (entry Nothing): Accessor isLocal: true hasGlobalType: false
mbDirectCall match: applicativeStateT argsLen: 1 arity: 1
mbDirectCall match: bindStateT argsLen: 1 arity: 1
mbDirectCall FAIL (entry Nothing): lift1 isLocal: true hasGlobalType: false
mbDirectCall FAIL (entry Nothing): Accessor isLocal: true hasGlobalType: false
mbDirectCall match: monadThrowStateT argsLen: 1 arity: 1
mbDirectCall FAIL (entry Nothing): Accessor isLocal: true hasGlobalType: false
mbDirectCall FAIL (entry Nothing): Accessor isLocal: true hasGlobalType: false
mbDirectCall FAIL (entry Nothing): v isLocal: true hasGlobalType: false
mbDirectCall FAIL (entry Nothing): h isLocal: true hasGlobalType: false
mbDirectCall FAIL (entry Nothing): Accessor isLocal: true hasGlobalType: false
mbDirectCall match: applicativeStateT argsLen: 1 arity: 1
mbDirectCall match: bindStateT argsLen: 1 arity: 1
mbDirectCall FAIL (entry Nothing): Accessor isLocal: true hasGlobalType: false
mbDirectCall FAIL (entry Nothing): Local_Nothing isLocal: true hasGlobalType: false
mbDirectCall FAIL (entry Nothing): Accessor isLocal: true hasGlobalType: false
mbDirectCall match: semigroupStateT argsLen: 1 arity: 1
mbDirectCall FAIL (entry Nothing): semigroupStateT1 isLocal: true hasGlobalType: false
mbDirectCall FAIL (entry Nothing): Accessor isLocal: true hasGlobalType: false
mbDirectCall FAIL (entry Nothing): Accessor isLocal: true hasGlobalType: false
mbDirectCall match: applicativeStateT argsLen: 1 arity: 1
mbDirectCall FAIL (entry Nothing): Accessor isLocal: true hasGlobalType: false
mbDirectCall FAIL (entry Nothing): Accessor isLocal: true hasGlobalType: false
mbDirectCall FAIL (entry Nothing): f isLocal: true hasGlobalType: false
mbDirectCall FAIL (entry Nothing): v isLocal: true hasGlobalType: false
mbDirectCall FAIL (entry Nothing): Accessor isLocal: true hasGlobalType: false
mbDirectCall FAIL (entry Nothing): v isLocal: true hasGlobalType: false
mbDirectCall FAIL (entry Nothing): v1 isLocal: true hasGlobalType: false
mbDirectCall FAIL (entry Nothing): Accessor isLocal: true hasGlobalType: false
mbDirectCall FAIL (entry Nothing): Accessor isLocal: true hasGlobalType: false
mbDirectCall FAIL (entry Nothing): Accessor isLocal: true hasGlobalType: false
mbDirectCall FAIL (entry Nothing): f isLocal: true hasGlobalType: false
mbDirectCall FAIL (entry Nothing): v isLocal: true hasGlobalType: false
mbDirectCall FAIL (entry Nothing): Accessor isLocal: true hasGlobalType: false
mbDirectCall FAIL (entry Nothing): v isLocal: true hasGlobalType: false
mbDirectCall FAIL (entry Nothing): v1 isLocal: true hasGlobalType: false
mbDirectCall match: applicativeStateT argsLen: 1 arity: 1
mbDirectCall FAIL (entry Nothing): Accessor isLocal: true hasGlobalType: false
mbDirectCall FAIL (entry Nothing): Accessor isLocal: true hasGlobalType: false
mbDirectCall FAIL (entry Nothing): Accessor isLocal: true hasGlobalType: false
mbDirectCall FAIL (entry Nothing): Accessor isLocal: true hasGlobalType: false
mbDirectCall FAIL (entry Nothing): f isLocal: true hasGlobalType: false
mbDirectCall FAIL (entry Nothing): v isLocal: true hasGlobalType: false
mbDirectCall FAIL (entry Nothing): Accessor isLocal: true hasGlobalType: false
mbDirectCall FAIL (entry Nothing): v isLocal: true hasGlobalType: false
mbDirectCall FAIL (entry Nothing): v1 isLocal: true hasGlobalType: false
mbDirectCall FAIL (entry Nothing): Accessor isLocal: true hasGlobalType: false
mbDirectCall match: applicativeStateT argsLen: 1 arity: 1
mbDirectCall match: bindStateT argsLen: 1 arity: 1
mbDirectCall match: alternativeStateT argsLen: 2 arity: 1
mbDirectCall FAIL (entry Nothing): Accessor isLocal: true hasGlobalType: false
mbDirectCall FAIL (entry Nothing): v isLocal: true hasGlobalType: false
mbDirectCall FAIL (entry Nothing): f isLocal: true hasGlobalType: false
mbDirectCall FAIL (entry Nothing): v isLocal: true hasGlobalType: false
mbDirectCall FAIL (entry Nothing): v isLocal: true hasGlobalType: false
mbDirectCall FAIL (entry Nothing): v isLocal: true hasGlobalType: false
mbDirectCall FAIL (entry Nothing): Accessor isLocal: true hasGlobalType: false
mbDirectCall FAIL (entry Nothing): Accessor isLocal: true hasGlobalType: false
mbDirectCall FAIL (entry Nothing): Accessor isLocal: true hasGlobalType: false
mbDirectCall FAIL (entry Nothing): Accessor isLocal: true hasGlobalType: false
mbDirectCall FAIL (entry Nothing): f isLocal: true hasGlobalType: false
mbDirectCall FAIL (entry Nothing): Accessor isLocal: true hasGlobalType: false
mbDirectCall FAIL (entry Nothing): f isLocal: true hasGlobalType: false
mbDirectCall FAIL (entry Nothing): Accessor isLocal: true hasGlobalType: false
mbDirectCall FAIL (entry Nothing): Accessor isLocal: true hasGlobalType: false
mbDirectCall FAIL (entry Nothing): Accessor isLocal: true hasGlobalType: false
mbDirectCall FAIL (entry Nothing): f isLocal: true hasGlobalType: false
mbDirectCall FAIL (entry Nothing): Accessor isLocal: true hasGlobalType: false
mbDirectCall FAIL (entry Nothing): Accessor isLocal: true hasGlobalType: false
mbDirectCall FAIL (entry Nothing): Accessor isLocal: true hasGlobalType: false
mbDirectCall FAIL (entry Nothing): Accessor isLocal: true hasGlobalType: false
mbDirectCall FAIL (entry Nothing): Accessor isLocal: true hasGlobalType: false
mbDirectCall FAIL (entry Nothing): Accessor isLocal: true hasGlobalType: false
mbDirectCall FAIL (entry Nothing): Accessor isLocal: true hasGlobalType: false
mbDirectCall FAIL (entry Nothing): f isLocal: true hasGlobalType: false
mbDirectCall FAIL (entry Nothing): Accessor isLocal: true hasGlobalType: false
mbDirectCall FAIL (entry Nothing): Accessor isLocal: true hasGlobalType: false
mbDirectCall FAIL (entry Nothing): Accessor isLocal: true hasGlobalType: false
mbDirectCall FAIL (entry Nothing): Accessor isLocal: true hasGlobalType: false
mbDirectCall FAIL (entry Nothing): Accessor isLocal: true hasGlobalType: false
mbDirectCall FAIL (entry Nothing): Accessor isLocal: true hasGlobalType: false
mbDirectCall FAIL (entry Nothing): Accessor isLocal: true hasGlobalType: false
mbDirectCall FAIL (entry Nothing): Accessor isLocal: true hasGlobalType: false
mbDirectCall FAIL (entry Nothing): k isLocal: true hasGlobalType: false
mbDirectCall FAIL (entry Nothing): Accessor isLocal: true hasGlobalType: false
mbDirectCall FAIL (entry Nothing): Accessor isLocal: true hasGlobalType: false
mbDirectCall FAIL (entry Nothing): Accessor isLocal: true hasGlobalType: false
mbDirectCall FAIL (entry Nothing): Accessor isLocal: true hasGlobalType: false
mbDirectCall FAIL (entry Nothing): Accessor isLocal: true hasGlobalType: false
mbDirectCall FAIL (entry Nothing): Accessor isLocal: true hasGlobalType: false
mbDirectCall FAIL (entry Nothing): Accessor isLocal: true hasGlobalType: false
mbDirectCall FAIL (entry Nothing): Accessor isLocal: true hasGlobalType: false
mbDirectCall FAIL (entry Nothing): Accessor isLocal: true hasGlobalType: false
mbDirectCall FAIL (entry Nothing): Accessor isLocal: true hasGlobalType: false
mbDirectCall FAIL (entry Nothing): Accessor isLocal: true hasGlobalType: false
mbDirectCall FAIL (entry Nothing): f isLocal: true hasGlobalType: false
mbDirectCall FAIL (entry Nothing): Accessor isLocal: true hasGlobalType: false
mbDirectCall FAIL (entry Nothing): Accessor isLocal: true hasGlobalType: false
mbDirectCall FAIL (entry Nothing): Accessor isLocal: true hasGlobalType: false
mbDirectCall FAIL (entry Nothing): Accessor isLocal: true hasGlobalType: false
mbDirectCall FAIL (entry Nothing): Accessor isLocal: true hasGlobalType: false
mbDirectCall match: applicativeWriterT argsLen: 1 arity: 1
mbDirectCall match: bindWriterT argsLen: 1 arity: 2
mbDirectCall FAIL (entry Nothing): Accessor isLocal: true hasGlobalType: false
mbDirectCall FAIL (entry Nothing): applicativeWriterT1 isLocal: true hasGlobalType: false
mbDirectCall FAIL (entry Nothing): Accessor isLocal: true hasGlobalType: false
mbDirectCall FAIL (entry Nothing): bindWriterT1 isLocal: true hasGlobalType: false
mbDirectCall FAIL (entry Nothing): Accessor isLocal: true hasGlobalType: false
mbDirectCall match: monadWriterT argsLen: 1 arity: 1
mbDirectCall FAIL (entry Nothing): Accessor isLocal: true hasGlobalType: false
mbDirectCall FAIL (entry Nothing): monadWriterT1 isLocal: true hasGlobalType: false
mbDirectCall FAIL (entry Nothing): Accessor isLocal: true hasGlobalType: false
mbDirectCall FAIL (entry Nothing): Accessor isLocal: true hasGlobalType: false
mbDirectCall FAIL (entry Nothing): Accessor isLocal: true hasGlobalType: false
mbDirectCall FAIL (entry Nothing): Accessor isLocal: true hasGlobalType: false
mbDirectCall match: monadAskWriterT argsLen: 1 arity: 1
mbDirectCall FAIL (entry Nothing): monadAskWriterT1 isLocal: true hasGlobalType: false
mbDirectCall FAIL (entry Nothing): Accessor isLocal: true hasGlobalType: false
mbDirectCall FAIL (entry Nothing): Accessor isLocal: true hasGlobalType: false
mbDirectCall match: monadWriterT argsLen: 1 arity: 1
mbDirectCall FAIL (entry Nothing): monadWriterT1 isLocal: true hasGlobalType: false
mbDirectCall FAIL (entry Nothing): Accessor isLocal: true hasGlobalType: false
mbDirectCall FAIL (entry Nothing): Accessor isLocal: true hasGlobalType: false
mbDirectCall FAIL (entry Nothing): f isLocal: true hasGlobalType: false
mbDirectCall FAIL (entry Nothing): c isLocal: true hasGlobalType: false
mbDirectCall match: monadWriterT argsLen: 1 arity: 1
mbDirectCall FAIL (entry Nothing): Accessor isLocal: true hasGlobalType: false
mbDirectCall FAIL (entry Nothing): monadWriterT1 isLocal: true hasGlobalType: false
mbDirectCall FAIL (entry Nothing): Accessor isLocal: true hasGlobalType: false
mbDirectCall FAIL (entry Nothing): Accessor isLocal: true hasGlobalType: false
mbDirectCall FAIL (entry Nothing): Accessor isLocal: true hasGlobalType: false
mbDirectCall FAIL (entry Nothing): Accessor isLocal: true hasGlobalType: false
mbDirectCall FAIL (entry Nothing): Accessor isLocal: true hasGlobalType: false
mbDirectCall FAIL (entry Nothing): Accessor isLocal: true hasGlobalType: false
mbDirectCall match: monadWriterT argsLen: 1 arity: 1
mbDirectCall FAIL (entry Nothing): Accessor isLocal: true hasGlobalType: false
mbDirectCall FAIL (entry Nothing): monadWriterT1 isLocal: true hasGlobalType: false
mbDirectCall FAIL (entry Nothing): Accessor isLocal: true hasGlobalType: false
mbDirectCall FAIL (entry Nothing): Accessor isLocal: true hasGlobalType: false
mbDirectCall FAIL (entry Nothing): Accessor isLocal: true hasGlobalType: false
mbDirectCall FAIL (entry Nothing): f isLocal: true hasGlobalType: false
mbDirectCall FAIL (entry Nothing): Accessor isLocal: true hasGlobalType: false
mbDirectCall FAIL (entry Nothing): Accessor isLocal: true hasGlobalType: false
mbDirectCall FAIL (entry Nothing): Accessor isLocal: true hasGlobalType: false
mbDirectCall FAIL (entry Nothing): Accessor isLocal: true hasGlobalType: false
mbDirectCall match: monadWriterT argsLen: 1 arity: 1
mbDirectCall FAIL (entry Nothing): Accessor isLocal: true hasGlobalType: false
mbDirectCall FAIL (entry Nothing): monadWriterT1 isLocal: true hasGlobalType: false
mbDirectCall FAIL (entry Nothing): Accessor isLocal: true hasGlobalType: false
mbDirectCall FAIL (entry Nothing): Accessor isLocal: true hasGlobalType: false
mbDirectCall FAIL (entry Nothing): Accessor isLocal: true hasGlobalType: false
mbDirectCall FAIL (entry Nothing): Accessor isLocal: true hasGlobalType: false
mbDirectCall FAIL (entry Nothing): Accessor isLocal: true hasGlobalType: false
mbDirectCall FAIL (entry Nothing): Accessor isLocal: true hasGlobalType: false
mbDirectCall match: monadWriterT argsLen: 1 arity: 1
mbDirectCall FAIL (entry Nothing): monadWriterT1 isLocal: true hasGlobalType: false
mbDirectCall FAIL (entry Nothing): Tuple isLocal: false hasGlobalType: false
mbDirectCall FAIL (entry Nothing): Accessor isLocal: true hasGlobalType: false
mbDirectCall FAIL (entry Nothing): Accessor isLocal: true hasGlobalType: false
mbDirectCall FAIL (entry Nothing): Local_Nothing isLocal: true hasGlobalType: false
mbDirectCall match: monadTellWriterT argsLen: 1 arity: 1
mbDirectCall FAIL (entry Nothing): Accessor isLocal: true hasGlobalType: false
mbDirectCall FAIL (entry Nothing): Accessor isLocal: true hasGlobalType: false
mbDirectCall FAIL (entry Nothing): monadTellWriterT1 isLocal: true hasGlobalType: false
mbDirectCall FAIL (entry Nothing): Accessor isLocal: true hasGlobalType: false
mbDirectCall FAIL (entry Nothing): Accessor isLocal: true hasGlobalType: false
mbDirectCall FAIL (entry Nothing): Accessor isLocal: true hasGlobalType: false
mbDirectCall FAIL (entry Nothing): Accessor isLocal: true hasGlobalType: false
mbDirectCall FAIL (entry Nothing): Accessor isLocal: true hasGlobalType: false
mbDirectCall match: monadWriterT argsLen: 1 arity: 1
mbDirectCall FAIL (entry Nothing): Accessor isLocal: true hasGlobalType: false
mbDirectCall FAIL (entry Nothing): monadWriterT1 isLocal: true hasGlobalType: false
mbDirectCall FAIL (entry Nothing): Accessor isLocal: true hasGlobalType: false
mbDirectCall FAIL (entry Nothing): Accessor isLocal: true hasGlobalType: false
mbDirectCall FAIL (entry Nothing): Accessor isLocal: true hasGlobalType: false
mbDirectCall FAIL (entry Nothing): Accessor isLocal: true hasGlobalType: false
mbDirectCall FAIL (entry Nothing): Accessor isLocal: true hasGlobalType: false
mbDirectCall match: monadThrowWriterT argsLen: 1 arity: 1
mbDirectCall FAIL (entry Nothing): monadThrowWriterT1 isLocal: true hasGlobalType: false
mbDirectCall FAIL (entry Nothing): Accessor isLocal: true hasGlobalType: false
mbDirectCall FAIL (entry Nothing): Accessor isLocal: true hasGlobalType: false
mbDirectCall FAIL (entry Nothing): h isLocal: true hasGlobalType: false
mbDirectCall match: monadWriterT argsLen: 1 arity: 1
mbDirectCall FAIL (entry Nothing): Accessor isLocal: true hasGlobalType: false
mbDirectCall FAIL (entry Nothing): monadWriterT1 isLocal: true hasGlobalType: false
mbDirectCall FAIL (entry Nothing): Accessor isLocal: true hasGlobalType: false
mbDirectCall FAIL (entry Nothing): Accessor isLocal: true hasGlobalType: false
mbDirectCall FAIL (entry Nothing): Accessor isLocal: true hasGlobalType: false
mbDirectCall FAIL (entry Nothing): Accessor isLocal: true hasGlobalType: false
mbDirectCall FAIL (entry Nothing): Accessor isLocal: true hasGlobalType: false
mbDirectCall FAIL (entry Nothing): Accessor isLocal: true hasGlobalType: false
mbDirectCall FAIL (entry Nothing): Accessor isLocal: true hasGlobalType: false
mbDirectCall FAIL (entry Nothing): Accessor isLocal: true hasGlobalType: false
mbDirectCall FAIL (entry Nothing): Accessor isLocal: true hasGlobalType: false
mbDirectCall FAIL (entry Nothing): Accessor isLocal: true hasGlobalType: false
mbDirectCall FAIL (entry Nothing): Accessor isLocal: true hasGlobalType: false
mbDirectCall FAIL (entry Nothing): Accessor isLocal: true hasGlobalType: false
mbDirectCall FAIL (entry Nothing): Accessor isLocal: true hasGlobalType: false
mbDirectCall FAIL (entry Nothing): Accessor isLocal: true hasGlobalType: false
mbDirectCall FAIL (entry Nothing): Accessor isLocal: true hasGlobalType: false
mbDirectCall FAIL (entry Nothing): Accessor isLocal: true hasGlobalType: false
mbDirectCall match: applicativeWriterT argsLen: 2 arity: 1
mbDirectCall FAIL (entry Nothing): Accessor isLocal: true hasGlobalType: false
mbDirectCall FAIL (entry Nothing): Accessor isLocal: true hasGlobalType: false
mbDirectCall FAIL (entry Nothing): f isLocal: true hasGlobalType: false
mbDirectCall FAIL (entry Nothing): Accessor isLocal: true hasGlobalType: false
mbDirectCall FAIL (entry Nothing): Accessor isLocal: true hasGlobalType: false
mbDirectCall FAIL (entry Nothing): Accessor isLocal: true hasGlobalType: false
mbDirectCall FAIL (entry Nothing): Accessor isLocal: true hasGlobalType: false
mbDirectCall FAIL (entry Nothing): f isLocal: true hasGlobalType: false
mbDirectCall FAIL (entry Nothing): Accessor isLocal: true hasGlobalType: false
mbDirectCall match: applicativeWriterT argsLen: 1 arity: 1
mbDirectCall FAIL (entry Nothing): applicativeWriterT1 isLocal: true hasGlobalType: false
mbDirectCall FAIL (entry Nothing): Accessor isLocal: true hasGlobalType: false
mbDirectCall FAIL (entry Nothing): Accessor isLocal: true hasGlobalType: false
mbDirectCall FAIL (entry Nothing): Accessor isLocal: true hasGlobalType: false
mbDirectCall FAIL (entry Nothing): Accessor isLocal: true hasGlobalType: false
mbDirectCall FAIL (entry Nothing): Accessor isLocal: true hasGlobalType: false
mbDirectCall FAIL (entry Nothing): f isLocal: true hasGlobalType: false
mbDirectCall FAIL (entry Nothing): Accessor isLocal: true hasGlobalType: false
mbDirectCall match: monadWriterT argsLen: 1 arity: 1
mbDirectCall match: alternativeWriterT argsLen: 1 arity: 1
mbDirectCall FAIL (entry Nothing): monadWriterT1 isLocal: true hasGlobalType: false
mbDirectCall FAIL (entry Nothing): Accessor isLocal: true hasGlobalType: false
mbDirectCall FAIL (entry Nothing): alternativeWriterT1 isLocal: true hasGlobalType: false
mbDirectCall FAIL (entry Nothing): Accessor isLocal: true hasGlobalType: false
mbDirectCall FAIL (entry Nothing): Accessor isLocal: true hasGlobalType: false
mbDirectCall FAIL (entry Nothing): f isLocal: true hasGlobalType: false
mbDirectCall FAIL (entry Nothing): Accessor isLocal: true hasGlobalType: false
mbDirectCall FAIL (entry Nothing): Accessor isLocal: true hasGlobalType: false
mbDirectCall FAIL (entry Nothing): Accessor isLocal: true hasGlobalType: false
mbDirectCall FAIL (entry Nothing): Accessor isLocal: true hasGlobalType: false
mbDirectCall FAIL (entry Nothing): c2d isLocal: true hasGlobalType: false
mbDirectCall FAIL (entry Nothing): b2c isLocal: true hasGlobalType: false
mbDirectCall FAIL (entry Nothing): a2b isLocal: true hasGlobalType: false
mbDirectCall FAIL (entry Nothing): Accessor isLocal: true hasGlobalType: false
mbDirectCall FAIL (entry Nothing): Accessor isLocal: true hasGlobalType: false
mbDirectCall FAIL (entry Nothing): Accessor isLocal: true hasGlobalType: false
mbDirectCall FAIL (entry Nothing): Accessor isLocal: true hasGlobalType: false
mbDirectCall FAIL (entry Nothing): Accessor isLocal: true hasGlobalType: false
mbDirectCall FAIL (entry Nothing): a2b isLocal: true hasGlobalType: false
mbDirectCall FAIL (entry Nothing): Accessor isLocal: true hasGlobalType: false
mbDirectCall FAIL (entry Nothing): Accessor isLocal: true hasGlobalType: false
mbDirectCall FAIL (entry Nothing): Accessor isLocal: true hasGlobalType: false
mbDirectCall match: lcmap argsLen: 1 arity: 3
mbDirectCall FAIL (entry Nothing): Accessor isLocal: true hasGlobalType: false
mbDirectCall FAIL (entry Nothing): lcmap isLocal: true hasGlobalType: false
mbDirectCall FAIL (entry Nothing): Accessor isLocal: true hasGlobalType: false
mbDirectCall FAIL (entry Nothing): Accessor isLocal: true hasGlobalType: false
mbDirectCall FAIL (entry Nothing): Accessor isLocal: true hasGlobalType: false
mbDirectCall FAIL (entry Nothing): v isLocal: true hasGlobalType: false
mbDirectCall FAIL (entry Nothing): Accessor isLocal: true hasGlobalType: false
mbDirectCall FAIL (entry Nothing): Accessor isLocal: true hasGlobalType: false
mbDirectCall FAIL (entry Nothing): g isLocal: true hasGlobalType: false
mbDirectCall FAIL (entry Nothing): v isLocal: true hasGlobalType: false
mbDirectCall FAIL (entry Nothing): Local_Nothing isLocal: true hasGlobalType: false
mbDirectCall FAIL (entry Nothing): Accessor isLocal: true hasGlobalType: false
mbDirectCall FAIL (entry Nothing): Accessor isLocal: true hasGlobalType: false
mbDirectCall FAIL (entry Nothing): Accessor isLocal: true hasGlobalType: false
mbDirectCall FAIL (entry Nothing): g isLocal: true hasGlobalType: false
mbDirectCall FAIL (entry Nothing): v isLocal: true hasGlobalType: false
mbDirectCall FAIL (entry Nothing): Local_Nothing isLocal: true hasGlobalType: false
mbDirectCall FAIL (entry Nothing): v isLocal: true hasGlobalType: false
mbDirectCall FAIL (entry Nothing): Accessor isLocal: true hasGlobalType: false
mbDirectCall FAIL (entry Nothing): Accessor isLocal: true hasGlobalType: false
mbDirectCall FAIL (entry Nothing): Accessor isLocal: true hasGlobalType: false
mbDirectCall FAIL (entry Nothing): v isLocal: true hasGlobalType: false
mbDirectCall FAIL (entry Nothing): Accessor isLocal: true hasGlobalType: false
mbDirectCall FAIL (entry Nothing): Accessor isLocal: true hasGlobalType: false
mbDirectCall FAIL (entry Nothing): f isLocal: true hasGlobalType: false
mbDirectCall FAIL (entry Nothing): v isLocal: true hasGlobalType: false
mbDirectCall FAIL (entry Nothing): Accessor isLocal: true hasGlobalType: false
mbDirectCall FAIL (entry Nothing): Accessor isLocal: true hasGlobalType: false
mbDirectCall FAIL (entry Nothing): Accessor isLocal: true hasGlobalType: false
mbDirectCall FAIL (entry Nothing): Local_Nothing isLocal: true hasGlobalType: false
mbDirectCall FAIL (entry Nothing): Local_Nothing isLocal: true hasGlobalType: false
mbDirectCall FAIL (entry Nothing): Accessor isLocal: true hasGlobalType: false
mbDirectCall FAIL (entry Nothing): v isLocal: true hasGlobalType: false
mbDirectCall FAIL (entry Nothing): Accessor isLocal: true hasGlobalType: false
mbDirectCall FAIL (entry Nothing): g isLocal: true hasGlobalType: false
mbDirectCall FAIL (entry Nothing): v isLocal: true hasGlobalType: false
mbDirectCall FAIL (entry Nothing): Local_Nothing isLocal: true hasGlobalType: false
mbDirectCall FAIL (entry Nothing): v isLocal: true hasGlobalType: false
mbDirectCall FAIL (entry Nothing): Accessor isLocal: true hasGlobalType: false
mbDirectCall FAIL (entry Nothing): v1 isLocal: true hasGlobalType: false
mbDirectCall FAIL (entry Nothing): Accessor isLocal: true hasGlobalType: false
mbDirectCall FAIL (entry Nothing): v isLocal: true hasGlobalType: false
mbDirectCall FAIL (entry Nothing): Accessor isLocal: true hasGlobalType: false
mbDirectCall FAIL (entry Nothing): Accessor isLocal: true hasGlobalType: false
mbDirectCall FAIL (entry Nothing): g isLocal: true hasGlobalType: false
mbDirectCall FAIL (entry Nothing): v isLocal: true hasGlobalType: false
mbDirectCall FAIL (entry Nothing): Local_Nothing isLocal: true hasGlobalType: false
mbDirectCall FAIL (entry Nothing): v isLocal: true hasGlobalType: false
mbDirectCall FAIL (entry Nothing): v1 isLocal: true hasGlobalType: false
mbDirectCall FAIL (entry Nothing): f isLocal: true hasGlobalType: false
mbDirectCall FAIL (entry Nothing): v isLocal: true hasGlobalType: false
mbDirectCall FAIL (entry Nothing): Accessor isLocal: true hasGlobalType: false
mbDirectCall FAIL (entry Nothing): Accessor isLocal: true hasGlobalType: false
mbDirectCall FAIL (entry Nothing): Accessor isLocal: true hasGlobalType: false
mbDirectCall match: rmap argsLen: 1 arity: 3
mbDirectCall FAIL (entry Nothing): Accessor isLocal: true hasGlobalType: false
mbDirectCall FAIL (entry Nothing): rmap isLocal: true hasGlobalType: false
mbDirectCall FAIL (entry Nothing): Accessor isLocal: true hasGlobalType: false
mbDirectCall FAIL (entry Nothing): Accessor isLocal: true hasGlobalType: false
mbDirectCall FAIL (entry Nothing): Accessor isLocal: true hasGlobalType: false
mbDirectCall FAIL (entry Nothing): v isLocal: true hasGlobalType: false
mbDirectCall FAIL (entry Nothing): Accessor isLocal: true hasGlobalType: false
mbDirectCall FAIL (entry Nothing): v1 isLocal: true hasGlobalType: false
mbDirectCall FAIL (entry Nothing): Accessor isLocal: true hasGlobalType: false
mbDirectCall FAIL (entry Nothing): Local_Nothing isLocal: true hasGlobalType: false
mbDirectCall FAIL (entry Nothing): v isLocal: true hasGlobalType: false
mbDirectCall FAIL (entry Nothing): f isLocal: true hasGlobalType: false
mbDirectCall FAIL (entry Nothing): Accessor isLocal: true hasGlobalType: false
mbDirectCall FAIL (entry Nothing): Local_Nothing isLocal: true hasGlobalType: false
mbDirectCall FAIL (entry Nothing): v isLocal: true hasGlobalType: false
mbDirectCall FAIL (entry Nothing): f isLocal: true hasGlobalType: false
mbDirectCall FAIL (entry Nothing): Accessor isLocal: true hasGlobalType: false
mbDirectCall FAIL (entry Nothing): v isLocal: true hasGlobalType: false
mbDirectCall FAIL (entry Nothing): Accessor isLocal: true hasGlobalType: false
mbDirectCall FAIL (entry Nothing): Tuple isLocal: false hasGlobalType: false
mbDirectCall FAIL (entry Nothing): v isLocal: true hasGlobalType: false
mbDirectCall FAIL (entry Nothing): Accessor isLocal: true hasGlobalType: false
mbDirectCall FAIL (entry Nothing): Local_Nothing isLocal: true hasGlobalType: false
mbDirectCall FAIL (entry Nothing): v isLocal: true hasGlobalType: false
mbDirectCall FAIL (entry Nothing): f isLocal: true hasGlobalType: false
mbDirectCall FAIL (entry Nothing): v isLocal: true hasGlobalType: false
mbDirectCall FAIL (entry Nothing): Accessor isLocal: true hasGlobalType: false
mbDirectCall FAIL (entry Nothing): Local_Nothing isLocal: true hasGlobalType: false
mbDirectCall FAIL (entry Nothing): v isLocal: true hasGlobalType: false
mbDirectCall FAIL (entry Nothing): Accessor isLocal: true hasGlobalType: false
mbDirectCall FAIL (entry Nothing): Accessor isLocal: true hasGlobalType: false
mbDirectCall FAIL (entry Nothing): Local_Nothing isLocal: true hasGlobalType: false
mbDirectCall FAIL (entry Nothing): v isLocal: true hasGlobalType: false
mbDirectCall FAIL (entry Nothing): Accessor isLocal: true hasGlobalType: false
mbDirectCall match: distributiveStar argsLen: 1 arity: 1
mbDirectCall FAIL (entry Nothing): Accessor isLocal: true hasGlobalType: false
mbDirectCall FAIL (entry Nothing): Local_Nothing isLocal: true hasGlobalType: false
mbDirectCall FAIL (entry Nothing): Local_Nothing isLocal: true hasGlobalType: false
mbDirectCall FAIL (entry Nothing): Accessor isLocal: true hasGlobalType: false
mbDirectCall FAIL (entry Nothing): collect1 isLocal: true hasGlobalType: false
mbDirectCall FAIL (entry Nothing): v isLocal: true hasGlobalType: false
mbDirectCall FAIL (entry Nothing): Accessor isLocal: true hasGlobalType: false
mbDirectCall FAIL (entry Nothing): Accessor isLocal: true hasGlobalType: false
mbDirectCall FAIL (entry Nothing): Accessor isLocal: true hasGlobalType: false
mbDirectCall FAIL (entry Nothing): Local_Nothing isLocal: true hasGlobalType: false
mbDirectCall FAIL (entry Nothing): v isLocal: true hasGlobalType: false
mbDirectCall FAIL (entry Nothing): f isLocal: true hasGlobalType: false
mbDirectCall FAIL (entry Nothing): distribute isLocal: true hasGlobalType: false
mbDirectCall FAIL (entry Nothing): v isLocal: true hasGlobalType: false
mbDirectCall FAIL (entry Nothing): g isLocal: true hasGlobalType: false
mbDirectCall FAIL (entry Nothing): Accessor isLocal: true hasGlobalType: false
mbDirectCall FAIL (entry Nothing): Accessor isLocal: true hasGlobalType: false
mbDirectCall FAIL (entry Nothing): Accessor isLocal: true hasGlobalType: false
mbDirectCall FAIL (entry Nothing): Local_Nothing isLocal: true hasGlobalType: false
mbDirectCall FAIL (entry Nothing): v isLocal: true hasGlobalType: false
mbDirectCall FAIL (entry Nothing): f isLocal: true hasGlobalType: false
mbDirectCall FAIL (entry Nothing): Accessor isLocal: true hasGlobalType: false
mbDirectCall FAIL (entry Nothing): Local_Nothing isLocal: true hasGlobalType: false
mbDirectCall FAIL (entry Nothing): v isLocal: true hasGlobalType: false
mbDirectCall FAIL (entry Nothing): Accessor isLocal: true hasGlobalType: false
mbDirectCall FAIL (entry Nothing): Accessor isLocal: true hasGlobalType: false
mbDirectCall FAIL (entry Nothing): Accessor isLocal: true hasGlobalType: false
mbDirectCall FAIL (entry Nothing): Local_Nothing isLocal: true hasGlobalType: false
mbDirectCall FAIL (entry Nothing): v isLocal: true hasGlobalType: false
mbDirectCall FAIL (entry Nothing): Accessor isLocal: true hasGlobalType: false
mbDirectCall FAIL (entry Nothing): Accessor isLocal: true hasGlobalType: false
mbDirectCall FAIL (entry Nothing): v1 isLocal: true hasGlobalType: false
mbDirectCall FAIL (entry Nothing): Accessor isLocal: true hasGlobalType: false
mbDirectCall FAIL (entry Nothing): Accessor isLocal: true hasGlobalType: false
mbDirectCall FAIL (entry Nothing): Accessor isLocal: true hasGlobalType: false
mbDirectCall FAIL (entry Nothing): Local_Nothing isLocal: true hasGlobalType: false
mbDirectCall FAIL (entry Nothing): v isLocal: true hasGlobalType: false
mbDirectCall FAIL (entry Nothing): Accessor isLocal: true hasGlobalType: false
mbDirectCall FAIL (entry Nothing): v isLocal: true hasGlobalType: false
mbDirectCall FAIL (entry Nothing): v1 isLocal: true hasGlobalType: false
mbDirectCall FAIL (entry Nothing): Accessor isLocal: true hasGlobalType: false
mbDirectCall FAIL (entry Nothing): Accessor isLocal: true hasGlobalType: false
mbDirectCall FAIL (entry Nothing): Accessor isLocal: true hasGlobalType: false
mbDirectCall FAIL (entry Nothing): Local_Nothing isLocal: true hasGlobalType: false
mbDirectCall FAIL (entry Nothing): v isLocal: true hasGlobalType: false
mbDirectCall FAIL (entry Nothing): Accessor isLocal: true hasGlobalType: false
mbDirectCall FAIL (entry Nothing): v isLocal: true hasGlobalType: false
mbDirectCall FAIL (entry Nothing): v1 isLocal: true hasGlobalType: false
mbDirectCall FAIL (entry Nothing): Accessor isLocal: true hasGlobalType: false
mbDirectCall FAIL (entry Nothing): v isLocal: true hasGlobalType: false
mbDirectCall FAIL (entry Nothing): f isLocal: true hasGlobalType: false
mbDirectCall FAIL (entry Nothing): Accessor isLocal: true hasGlobalType: false
mbDirectCall FAIL (entry Nothing): Accessor isLocal: true hasGlobalType: false
mbDirectCall FAIL (entry Nothing): Accessor isLocal: true hasGlobalType: false
mbDirectCall FAIL (entry Nothing): Local_Nothing isLocal: true hasGlobalType: false
mbDirectCall FAIL (entry Nothing): v isLocal: true hasGlobalType: false
mbDirectCall FAIL (entry Nothing): Accessor isLocal: true hasGlobalType: false
mbDirectCall FAIL (entry Nothing): v isLocal: true hasGlobalType: false
mbDirectCall FAIL (entry Nothing): v1 isLocal: true hasGlobalType: false
mbDirectCall FAIL (entry Nothing): Accessor isLocal: true hasGlobalType: false
mbDirectCall FAIL (entry Nothing): Accessor isLocal: true hasGlobalType: false
mbDirectCall FAIL (entry Nothing): Accessor isLocal: true hasGlobalType: false
mbDirectCall FAIL (entry Nothing): Accessor isLocal: true hasGlobalType: false
mbDirectCall FAIL (entry Nothing): Accessor isLocal: true hasGlobalType: false
mbDirectCall FAIL (entry Nothing): Local_Nothing isLocal: true hasGlobalType: false
mbDirectCall FAIL (entry Nothing): v isLocal: true hasGlobalType: false
mbDirectCall FAIL (entry Nothing): Accessor isLocal: true hasGlobalType: false
mbDirectCall FAIL (entry Nothing): v isLocal: true hasGlobalType: false
mbDirectCall FAIL (entry Nothing): v1 isLocal: true hasGlobalType: false
mbDirectCall FAIL (entry Nothing): Accessor isLocal: true hasGlobalType: false
mbDirectCall match: bindStar argsLen: 1 arity: 1
mbDirectCall FAIL (entry Nothing): Accessor isLocal: true hasGlobalType: false
mbDirectCall FAIL (entry Nothing): Accessor isLocal: true hasGlobalType: false
mbDirectCall FAIL (entry Nothing): Accessor isLocal: true hasGlobalType: false
mbDirectCall FAIL (entry Nothing): Local_Nothing isLocal: true hasGlobalType: false
mbDirectCall FAIL (entry Nothing): v isLocal: true hasGlobalType: false
mbDirectCall FAIL (entry Nothing): Accessor isLocal: true hasGlobalType: false
mbDirectCall FAIL (entry Nothing): v isLocal: true hasGlobalType: false
mbDirectCall FAIL (entry Nothing): v1 isLocal: true hasGlobalType: false
mbDirectCall FAIL (entry Nothing): Accessor isLocal: true hasGlobalType: false
mbDirectCall FAIL (entry Nothing): Accessor isLocal: true hasGlobalType: false
mbDirectCall FAIL (entry Nothing): Accessor isLocal: true hasGlobalType: false
mbDirectCall FAIL (entry Nothing): Local_Nothing isLocal: true hasGlobalType: false
mbDirectCall FAIL (entry Nothing): v isLocal: true hasGlobalType: false
mbDirectCall FAIL (entry Nothing): Accessor isLocal: true hasGlobalType: false
mbDirectCall FAIL (entry Nothing): v isLocal: true hasGlobalType: false
mbDirectCall FAIL (entry Nothing): v1 isLocal: true hasGlobalType: false
mbDirectCall FAIL (entry Nothing): Accessor isLocal: true hasGlobalType: false
mbDirectCall FAIL (entry Nothing): Accessor isLocal: true hasGlobalType: false
mbDirectCall FAIL (entry Nothing): Accessor isLocal: true hasGlobalType: false
mbDirectCall FAIL (entry Nothing): Accessor isLocal: true hasGlobalType: false
mbDirectCall FAIL (entry Nothing): Local_Nothing isLocal: true hasGlobalType: false
mbDirectCall FAIL (entry Nothing): v isLocal: true hasGlobalType: false
mbDirectCall FAIL (entry Nothing): Accessor isLocal: true hasGlobalType: false
mbDirectCall FAIL (entry Nothing): v isLocal: true hasGlobalType: false
mbDirectCall FAIL (entry Nothing): v1 isLocal: true hasGlobalType: false
mbDirectCall FAIL (entry Nothing): Accessor isLocal: true hasGlobalType: false
mbDirectCall FAIL (entry Nothing): Accessor isLocal: true hasGlobalType: false
mbDirectCall FAIL (entry Nothing): Accessor isLocal: true hasGlobalType: false
mbDirectCall FAIL (entry Nothing): Accessor isLocal: true hasGlobalType: false
mbDirectCall FAIL (entry Nothing): Accessor isLocal: true hasGlobalType: false
mbDirectCall FAIL (entry Nothing): Local_Nothing isLocal: true hasGlobalType: false
mbDirectCall FAIL (entry Nothing): v isLocal: true hasGlobalType: false
mbDirectCall FAIL (entry Nothing): Accessor isLocal: true hasGlobalType: false
mbDirectCall FAIL (entry Nothing): v isLocal: true hasGlobalType: false
mbDirectCall FAIL (entry Nothing): v1 isLocal: true hasGlobalType: false
mbDirectCall match: monadStar argsLen: 1 arity: 1
mbDirectCall FAIL (entry Nothing): Accessor isLocal: true hasGlobalType: false
mbDirectCall match: alternativeStar argsLen: 1 arity: 1
mbDirectCall FAIL (entry Nothing): Accessor isLocal: true hasGlobalType: false
mbDirectCall FAIL (entry Nothing): Accessor isLocal: true hasGlobalType: false
mbDirectCall FAIL (entry Nothing): Accessor isLocal: true hasGlobalType: false
mbDirectCall FAIL (entry Nothing): Accessor isLocal: true hasGlobalType: false
mbDirectCall FAIL (entry Nothing): f isLocal: true hasGlobalType: false
mbDirectCall FAIL (entry Nothing): Accessor isLocal: true hasGlobalType: false
mbDirectCall FAIL (entry Nothing): Accessor isLocal: true hasGlobalType: false
mbDirectCall FAIL (entry Nothing): Accessor isLocal: true hasGlobalType: false
mbDirectCall FAIL (entry Nothing): Accessor isLocal: true hasGlobalType: false
mbDirectCall FAIL (entry Nothing): Accessor isLocal: true hasGlobalType: false
mbDirectCall FAIL (entry Nothing): Accessor isLocal: true hasGlobalType: false
mbDirectCall FAIL (entry Nothing): Accessor isLocal: true hasGlobalType: false
mbDirectCall FAIL (entry Nothing): Accessor isLocal: true hasGlobalType: false
mbDirectCall FAIL (entry Nothing): Accessor isLocal: true hasGlobalType: false
mbDirectCall FAIL (entry Nothing): Accessor isLocal: true hasGlobalType: false
mbDirectCall FAIL (entry Nothing): Accessor isLocal: true hasGlobalType: false
mbDirectCall FAIL (entry Nothing): Local_Nothing isLocal: true hasGlobalType: false
mbDirectCall FAIL (entry Nothing): v isLocal: true hasGlobalType: false
mbDirectCall FAIL (entry Nothing): Accessor isLocal: true hasGlobalType: false
mbDirectCall FAIL (entry Nothing): v isLocal: true hasGlobalType: false
mbDirectCall FAIL (entry Nothing): v1 isLocal: true hasGlobalType: false
mbDirectCall FAIL (entry Nothing): Accessor isLocal: true hasGlobalType: false
mbDirectCall FAIL (entry Nothing): Accessor isLocal: true hasGlobalType: false
mbDirectCall FAIL (entry Nothing): Accessor isLocal: true hasGlobalType: false
mbDirectCall FAIL (entry Nothing): Local_Nothing isLocal: true hasGlobalType: false
mbDirectCall FAIL (entry Nothing): v isLocal: true hasGlobalType: false
mbDirectCall FAIL (entry Nothing): Accessor isLocal: true hasGlobalType: false
mbDirectCall FAIL (entry Nothing): v isLocal: true hasGlobalType: false
mbDirectCall FAIL (entry Nothing): v1 isLocal: true hasGlobalType: false
mbDirectCall FAIL (entry Nothing): Accessor isLocal: true hasGlobalType: false
mbDirectCall FAIL (entry Nothing): v isLocal: true hasGlobalType: false
mbDirectCall FAIL (entry Nothing): Accessor isLocal: true hasGlobalType: false
mbDirectCall FAIL (entry Nothing): v isLocal: true hasGlobalType: false
mbDirectCall FAIL (entry Nothing): Accessor isLocal: true hasGlobalType: false
mbDirectCall FAIL (entry Nothing): Accessor isLocal: true hasGlobalType: false
mbDirectCall FAIL (entry Nothing): Accessor isLocal: true hasGlobalType: false
mbDirectCall FAIL (entry Nothing): Local_Nothing isLocal: true hasGlobalType: false
mbDirectCall FAIL (entry Nothing): v isLocal: true hasGlobalType: false
mbDirectCall FAIL (entry Nothing): Accessor isLocal: true hasGlobalType: false
mbDirectCall FAIL (entry Nothing): v isLocal: true hasGlobalType: false
mbDirectCall FAIL (entry Nothing): v1 isLocal: true hasGlobalType: false
mbDirectCall FAIL (entry Nothing): Accessor isLocal: true hasGlobalType: false
mbDirectCall FAIL (entry Nothing): Accessor isLocal: true hasGlobalType: false
mbDirectCall FAIL (entry Nothing): Accessor isLocal: true hasGlobalType: false
mbDirectCall FAIL (entry Nothing): Local_Nothing isLocal: true hasGlobalType: false
mbDirectCall FAIL (entry Nothing): v isLocal: true hasGlobalType: false
mbDirectCall FAIL (entry Nothing): Accessor isLocal: true hasGlobalType: false
mbDirectCall FAIL (entry Nothing): v isLocal: true hasGlobalType: false
mbDirectCall FAIL (entry Nothing): v1 isLocal: true hasGlobalType: false
mbDirectCall FAIL (entry Nothing): Accessor isLocal: true hasGlobalType: false
mbDirectCall FAIL (entry Nothing): v isLocal: true hasGlobalType: false
mbDirectCall FAIL (entry Nothing): Accessor isLocal: true hasGlobalType: false
mbDirectCall FAIL (entry Nothing): v isLocal: true hasGlobalType: false
mbDirectCall FAIL (entry Nothing): Accessor isLocal: true hasGlobalType: false
mbDirectCall FAIL (entry Nothing): Accessor isLocal: true hasGlobalType: false
mbDirectCall FAIL (entry Nothing): Accessor isLocal: true hasGlobalType: false
mbDirectCall FAIL (entry Nothing): Accessor isLocal: true hasGlobalType: false
mbDirectCall FAIL (entry Nothing): Accessor isLocal: true hasGlobalType: false
mbDirectCall FAIL (entry Nothing): Accessor isLocal: true hasGlobalType: false
mbDirectCall FAIL (entry Nothing): Accessor isLocal: true hasGlobalType: false
mbDirectCall match: applyMaybeT argsLen: 1 arity: 1
mbDirectCall FAIL (entry Nothing): Accessor isLocal: true hasGlobalType: false
mbDirectCall FAIL (entry Nothing): Accessor isLocal: true hasGlobalType: false
mbDirectCall FAIL (entry Nothing): Accessor isLocal: true hasGlobalType: false
mbDirectCall FAIL (entry Nothing): Accessor isLocal: true hasGlobalType: false
mbDirectCall FAIL (entry Nothing): Accessor isLocal: true hasGlobalType: false
mbDirectCall FAIL (entry Nothing): Accessor isLocal: true hasGlobalType: false
mbDirectCall FAIL (entry Nothing): Accessor isLocal: true hasGlobalType: false
mbDirectCall FAIL (entry Nothing): Accessor isLocal: true hasGlobalType: false
mbDirectCall FAIL (entry Nothing): Accessor isLocal: true hasGlobalType: false
mbDirectCall match: applyExceptT argsLen: 1 arity: 1
mbDirectCall FAIL (entry Nothing): Accessor isLocal: true hasGlobalType: false
mbDirectCall FAIL (entry Nothing): Accessor isLocal: true hasGlobalType: false
mbDirectCall FAIL (entry Nothing): v isLocal: true hasGlobalType: false
mbDirectCall FAIL (entry Nothing): Accessor isLocal: true hasGlobalType: false
mbDirectCall FAIL (entry Nothing): v isLocal: true hasGlobalType: false
mbDirectCall FAIL (entry Nothing): Accessor isLocal: true hasGlobalType: false
mbDirectCall FAIL (entry Nothing): v isLocal: true hasGlobalType: false
mbDirectCall FAIL (entry Nothing): k isLocal: true hasGlobalType: false
mbDirectCall FAIL (entry Nothing): f isLocal: true hasGlobalType: false
mbDirectCall FAIL (entry Nothing): v isLocal: true hasGlobalType: false
mbDirectCall FAIL (entry Nothing): v1 isLocal: true hasGlobalType: false
mbDirectCall FAIL (entry Nothing): k isLocal: true hasGlobalType: false
mbDirectCall FAIL (entry Nothing): g isLocal: true hasGlobalType: false
mbDirectCall match: applyParCont argsLen: 1 arity: 1
mbDirectCall FAIL (entry Nothing): Accessor isLocal: true hasGlobalType: false
mbDirectCall match: monadParParCont argsLen: 1 arity: 1
mbDirectCall FAIL (entry Nothing): Accessor isLocal: true hasGlobalType: false
mbDirectCall match: monadParParCont argsLen: 1 arity: 1
mbDirectCall FAIL (entry Nothing): Local_Nothing isLocal: true hasGlobalType: false
mbDirectCall FAIL (entry Nothing): k isLocal: true hasGlobalType: false
mbDirectCall FAIL (entry Nothing): f isLocal: true hasGlobalType: false
mbDirectCall FAIL (entry Nothing): Accessor isLocal: true hasGlobalType: false
mbDirectCall FAIL (entry Nothing): Accessor isLocal: true hasGlobalType: false
mbDirectCall FAIL (entry Nothing): Accessor isLocal: true hasGlobalType: false
mbDirectCall match: functorParCont argsLen: 1 arity: 1
mbDirectCall FAIL (entry Nothing): Accessor isLocal: true hasGlobalType: false
mbDirectCall FAIL (entry Nothing): Accessor isLocal: true hasGlobalType: false
mbDirectCall FAIL (entry Nothing): Accessor isLocal: true hasGlobalType: false
mbDirectCall FAIL (entry Nothing): Accessor isLocal: true hasGlobalType: false
mbDirectCall FAIL (entry Nothing): discard1 isLocal: true hasGlobalType: false
mbDirectCall FAIL (entry Nothing): v isLocal: true hasGlobalType: false
mbDirectCall FAIL (entry Nothing): Accessor isLocal: true hasGlobalType: false
mbDirectCall FAIL (entry Nothing): Accessor isLocal: true hasGlobalType: false
mbDirectCall FAIL (entry Nothing): Accessor isLocal: true hasGlobalType: false
mbDirectCall FAIL (entry Nothing): k isLocal: true hasGlobalType: false
mbDirectCall FAIL (entry Nothing): a isLocal: true hasGlobalType: false
mbDirectCall FAIL (entry Nothing): v1 isLocal: true hasGlobalType: false
mbDirectCall FAIL (entry Nothing): Accessor isLocal: true hasGlobalType: false
mbDirectCall FAIL (entry Nothing): Accessor isLocal: true hasGlobalType: false
mbDirectCall FAIL (entry Nothing): Accessor isLocal: true hasGlobalType: false
mbDirectCall FAIL (entry Nothing): k isLocal: true hasGlobalType: false
mbDirectCall FAIL (entry Nothing): Accessor isLocal: true hasGlobalType: false
mbDirectCall match: applyParCont argsLen: 1 arity: 1
mbDirectCall FAIL (entry Nothing): Accessor isLocal: true hasGlobalType: false
mbDirectCall match: monadParParCont argsLen: 1 arity: 1
mbDirectCall FAIL (entry Nothing): k isLocal: true hasGlobalType: false
mbDirectCall FAIL (entry Nothing): Accessor isLocal: true hasGlobalType: false
mbDirectCall FAIL (entry Nothing): Accessor isLocal: true hasGlobalType: false
mbDirectCall FAIL (entry Nothing): Accessor isLocal: true hasGlobalType: false
mbDirectCall FAIL (entry Nothing): Accessor isLocal: true hasGlobalType: false
mbDirectCall match: functorParCont argsLen: 1 arity: 1
mbDirectCall FAIL (entry Nothing): Accessor isLocal: true hasGlobalType: false
mbDirectCall FAIL (entry Nothing): Accessor isLocal: true hasGlobalType: false
mbDirectCall FAIL (entry Nothing): discard1 isLocal: true hasGlobalType: false
mbDirectCall FAIL (entry Nothing): v isLocal: true hasGlobalType: false
mbDirectCall FAIL (entry Nothing): Accessor isLocal: true hasGlobalType: false
mbDirectCall FAIL (entry Nothing): Accessor isLocal: true hasGlobalType: false
mbDirectCall FAIL (entry Nothing): discard1 isLocal: true hasGlobalType: false
mbDirectCall FAIL (entry Nothing): Accessor isLocal: true hasGlobalType: false
mbDirectCall FAIL (entry Nothing): k isLocal: true hasGlobalType: false
mbDirectCall FAIL (entry Nothing): Accessor isLocal: true hasGlobalType: false
mbDirectCall FAIL (entry Nothing): v1 isLocal: true hasGlobalType: false
mbDirectCall FAIL (entry Nothing): Accessor isLocal: true hasGlobalType: false
mbDirectCall FAIL (entry Nothing): Accessor isLocal: true hasGlobalType: false
mbDirectCall FAIL (entry Nothing): discard1 isLocal: true hasGlobalType: false
mbDirectCall FAIL (entry Nothing): Accessor isLocal: true hasGlobalType: false
mbDirectCall FAIL (entry Nothing): k isLocal: true hasGlobalType: false
mbDirectCall FAIL (entry Nothing): Accessor isLocal: true hasGlobalType: false
mbDirectCall match: altParCont argsLen: 1 arity: 1
mbDirectCall FAIL (entry Nothing): Accessor isLocal: true hasGlobalType: false
mbDirectCall FAIL (entry Nothing): Accessor isLocal: true hasGlobalType: false
mbDirectCall FAIL (entry Nothing): Accessor isLocal: true hasGlobalType: false
mbDirectCall match: applicativeParCont argsLen: 1 arity: 1
mbDirectCall match: plusParCont argsLen: 1 arity: 1
mbDirectCall match: traverse_ argsLen: 1 arity: 4
mbDirectCall FAIL (entry Nothing): traverse_ isLocal: true hasGlobalType: false
mbDirectCall FAIL (entry Nothing): traverse_1 isLocal: true hasGlobalType: false
mbDirectCall FAIL (entry Nothing): Accessor isLocal: true hasGlobalType: false
mbDirectCall FAIL (entry Nothing): f isLocal: true hasGlobalType: false
mbDirectCall FAIL (entry Nothing): Accessor isLocal: true hasGlobalType: false
mbDirectCall FAIL (entry Nothing): Local_Nothing isLocal: true hasGlobalType: false
mbDirectCall FAIL (entry Nothing): Accessor isLocal: true hasGlobalType: false
mbDirectCall FAIL (entry Nothing): traverse isLocal: true hasGlobalType: false
mbDirectCall FAIL (entry Nothing): Accessor isLocal: true hasGlobalType: false
mbDirectCall FAIL (entry Nothing): f isLocal: true hasGlobalType: false
mbDirectCall FAIL (entry Nothing): Accessor isLocal: true hasGlobalType: false
mbDirectCall FAIL (entry Nothing): Local_Nothing isLocal: true hasGlobalType: false
mbDirectCall match: parTraverse_ argsLen: 2 arity: 2
mbDirectCall FAIL (entry Nothing): parTraverse_2 isLocal: true hasGlobalType: false
mbDirectCall FAIL (entry Nothing): Accessor isLocal: true hasGlobalType: false
mbDirectCall FAIL (entry Nothing): Accessor isLocal: true hasGlobalType: false
mbDirectCall FAIL (entry Nothing): Accessor isLocal: true hasGlobalType: false
mbDirectCall FAIL (entry Nothing): Local_Nothing isLocal: true hasGlobalType: false
mbDirectCall FAIL (entry Nothing): Accessor isLocal: true hasGlobalType: false
mbDirectCall FAIL (entry Nothing): Accessor isLocal: true hasGlobalType: false
mbDirectCall FAIL (entry Nothing): Accessor isLocal: true hasGlobalType: false
mbDirectCall FAIL (entry Nothing): Accessor isLocal: true hasGlobalType: false
mbDirectCall FAIL (entry Nothing): Accessor isLocal: true hasGlobalType: false
mbDirectCall FAIL (entry Nothing): f isLocal: true hasGlobalType: false
mbDirectCall FAIL (entry Nothing): Accessor isLocal: true hasGlobalType: false
mbDirectCall FAIL (entry Nothing): Local_Nothing isLocal: true hasGlobalType: false
mbDirectCall FAIL (entry Nothing): Accessor isLocal: true hasGlobalType: false
mbDirectCall FAIL (entry Nothing): Accessor isLocal: true hasGlobalType: false
mbDirectCall FAIL (entry Nothing): Accessor isLocal: true hasGlobalType: false
mbDirectCall FAIL (entry Nothing): Accessor isLocal: true hasGlobalType: false
mbDirectCall FAIL (entry Nothing): Accessor isLocal: true hasGlobalType: false
mbDirectCall FAIL (entry Nothing): Accessor isLocal: true hasGlobalType: false
mbDirectCall FAIL (entry Nothing): Local_Nothing isLocal: true hasGlobalType: false
mbDirectCall FAIL (entry Nothing): Accessor isLocal: true hasGlobalType: false
mbDirectCall FAIL (entry Nothing): Accessor isLocal: true hasGlobalType: false
mbDirectCall FAIL (entry Nothing): Accessor isLocal: true hasGlobalType: false
mbDirectCall FAIL (entry Nothing): Accessor isLocal: true hasGlobalType: false
mbDirectCall FAIL (entry Nothing): Accessor isLocal: true hasGlobalType: false
mbDirectCall match: ordIntImpl argsLen: 3 arity: 5
mbDirectCall FAIL (entry Nothing): Local_Nothing isLocal: true hasGlobalType: false
mbDirectCall FAIL (entry Nothing): Accessor isLocal: true hasGlobalType: false
mbDirectCall FAIL (entry Nothing): Accessor isLocal: true hasGlobalType: false
mbDirectCall FAIL (entry Nothing): v isLocal: true hasGlobalType: false
mbDirectCall FAIL (entry Nothing): Accessor isLocal: true hasGlobalType: false
mbDirectCall FAIL (entry Nothing): v1 isLocal: true hasGlobalType: false
mbDirectCall FAIL (entry Nothing): foldMap12 isLocal: true hasGlobalType: false
mbDirectCall match: ordIntImpl argsLen: 3 arity: 5
mbDirectCall FAIL (entry Nothing): Local_Nothing isLocal: true hasGlobalType: false
mbDirectCall match: ordIntImpl argsLen: 3 arity: 5
mbDirectCall FAIL (entry Nothing): Local_Nothing isLocal: true hasGlobalType: false
mbDirectCall match: transpose argsLen: 1 arity: 1
mbDirectCall match: unionBy argsLen: 3 arity: 3
mbDirectCall FAIL (entry Nothing): unionBy' isLocal: true hasGlobalType: true
mbDirectCall match: unionBy argsLen: 3 arity: 3
mbDirectCall match: unionBy argsLen: 1 arity: 3
mbDirectCall FAIL (entry Nothing): Accessor isLocal: true hasGlobalType: false
mbDirectCall FAIL (entry Nothing): Local_Nothing isLocal: true hasGlobalType: false
mbDirectCall match: unzip argsLen: 1 arity: 1
mbDirectCall match: zipWithA argsLen: 1 arity: 4
mbDirectCall match: splitAt argsLen: 2 arity: 2
mbDirectCall match: some argsLen: 3 arity: 3
mbDirectCall match: run argsLen: 1 arity: 1
mbDirectCall match: withArray argsLen: 2 arity: 2
mbDirectCall match: push argsLen: 1 arity: 2
mbDirectCall match: run argsLen: 1 arity: 1
mbDirectCall match: withArray argsLen: 2 arity: 2
mbDirectCall match: push argsLen: 1 arity: 2
mbDirectCall match: max argsLen: 2 arity: 0
mbDirectCall FAIL (entry Nothing): Accessor isLocal: true hasGlobalType: false
mbDirectCall match: modifyAt argsLen: 3 arity: 3
mbDirectCall match: intersectBy argsLen: 2 arity: 3
mbDirectCall match: intersectBy argsLen: 3 arity: 3
mbDirectCall FAIL (entry Nothing): intersectBy' isLocal: true hasGlobalType: true
mbDirectCall match: intersectBy argsLen: 1 arity: 3
mbDirectCall match: intercalate1 argsLen: 1 arity: 1
mbDirectCall FAIL (entry Nothing): Accessor isLocal: true hasGlobalType: false
mbDirectCall match: greaterThan argsLen: 2 arity: 0
mbDirectCall match: greaterThan argsLen: 2 arity: 0
mbDirectCall match: greaterThan argsLen: 2 arity: 0
mbDirectCall match: greaterThan argsLen: 2 arity: 0
mbDirectCall match: transpose argsLen: 1 arity: 1
mbDirectCall match: greaterThan argsLen: 2 arity: 0
mbDirectCall FAIL (entry Nothing): Accessor isLocal: true hasGlobalType: false
mbDirectCall FAIL (entry Nothing): Accessor isLocal: true hasGlobalType: false
mbDirectCall FAIL (entry Nothing): Accessor isLocal: true hasGlobalType: false
mbDirectCall match: delete argsLen: 1 arity: 3
mbDirectCall FAIL (entry Nothing): Accessor isLocal: true hasGlobalType: false
mbDirectCall FAIL (entry Nothing): Accessor isLocal: true hasGlobalType: false
mbDirectCall FAIL (entry Nothing): Accessor isLocal: true hasGlobalType: false
mbDirectCall FAIL (entry Nothing): Accessor isLocal: true hasGlobalType: false
mbDirectCall match: concat argsLen: 1 arity: 1
mbDirectCall FAIL (entry Nothing): Local_Nothing isLocal: true hasGlobalType: false
mbDirectCall FAIL (entry Nothing): Accessor isLocal: true hasGlobalType: false
mbDirectCall match: alterAt argsLen: 3 arity: 3
mbDirectCall match: uncons argsLen: 1 arity: 1
mbDirectCall match: unsnoc argsLen: 1 arity: 1
mbDirectCall match: mapMaybe argsLen: 2 arity: 2
mbDirectCall match: deleteBy argsLen: 3 arity: 3
mbDirectCall match: deleteBy argsLen: 3 arity: 3
mbDirectCall FAIL (entry Nothing): Accessor isLocal: true hasGlobalType: false
mbDirectCall match: delete argsLen: 1 arity: 3
mbDirectCall FAIL (entry Nothing): lessThan isLocal: false hasGlobalType: false
mbDirectCall match: dropEnd argsLen: 2 arity: 2
mbDirectCall match: span argsLen: 2 arity: 2
mbDirectCall match: elem argsLen: 3 arity: 3
mbDirectCall FAIL (entry Nothing): Accessor isLocal: true hasGlobalType: false
mbDirectCall FAIL (entry Nothing): Accessor isLocal: true hasGlobalType: false
mbDirectCall match: filterA argsLen: 1 arity: 3
mbDirectCall FAIL (entry Nothing): Accessor isLocal: true hasGlobalType: false
mbDirectCall match: foldM argsLen: 4 arity: 4
mbDirectCall match: foldRecM argsLen: 1 arity: 4
mbDirectCall match: index argsLen: 1 arity: 2
mbDirectCall match: mapMaybe argsLen: 2 arity: 2
mbDirectCall match: notElem argsLen: 3 arity: 3
mbDirectCall match: span argsLen: 2 arity: 2
mbDirectCall FAIL (entry Nothing): lessThan isLocal: false hasGlobalType: false
mbDirectCall match: takeEnd argsLen: 2 arity: 2
mbDirectCall match: span argsLen: 2 arity: 2
mbDirectCall match: toUnfoldable argsLen: 2 arity: 2
mbDirectCall FAIL (entry Nothing): Accessor isLocal: true hasGlobalType: false
mbDirectCall match: groupBy argsLen: 2 arity: 2
mbDirectCall match: groupAllBy argsLen: 1 arity: 2
mbDirectCall match: groupAllBy argsLen: 1 arity: 2
mbDirectCall match: groupBy argsLen: 2 arity: 2
mbDirectCall match: insertBy argsLen: 3 arity: 3
mbDirectCall match: insertBy argsLen: 3 arity: 3
mbDirectCall match: intersperse argsLen: 2 arity: 2
mbDirectCall FAIL (entry Nothing): Accessor isLocal: true hasGlobalType: false
mbDirectCall match: modifyAtIndices argsLen: 1 arity: 4
mbDirectCall match: nubBy argsLen: 2 arity: 2
mbDirectCall match: nubBy argsLen: 2 arity: 2
mbDirectCall match: nubByEq argsLen: 2 arity: 2
mbDirectCall match: nubByEq argsLen: 2 arity: 2
mbDirectCall match: reverse argsLen: 1 arity: 1
mbDirectCall match: sortBy argsLen: 2 arity: 2
mbDirectCall match: sortBy argsLen: 2 arity: 2
mbDirectCall match: sortWith argsLen: 3 arity: 3
mbDirectCall match: updateAtIndices argsLen: 1 arity: 3
mbDirectCall FAIL (entry Nothing): Accessor isLocal: true hasGlobalType: false
mbDirectCall match: lessThan argsLen: 2 arity: 0
mbDirectCall match: runSTFn3 argsLen: 1 arity: 4
mbDirectCall match: runSTFn2 argsLen: 1 arity: 3
mbDirectCall FAIL (entry Nothing): Accessor isLocal: true hasGlobalType: false
mbDirectCall FAIL (entry Nothing): Accessor isLocal: true hasGlobalType: false
mbDirectCall FAIL (entry Nothing): Accessor isLocal: true hasGlobalType: false
mbDirectCall FAIL (entry Nothing): Accessor isLocal: true hasGlobalType: false
mbDirectCall FAIL (entry Nothing): f isLocal: true hasGlobalType: false
mbDirectCall FAIL (entry Nothing): Accessor isLocal: true hasGlobalType: false
mbDirectCall FAIL (entry Nothing): Accessor isLocal: true hasGlobalType: false
mbDirectCall FAIL (entry Nothing): Accessor isLocal: true hasGlobalType: false
mbDirectCall FAIL (entry Nothing): Accessor isLocal: true hasGlobalType: false
mbDirectCall FAIL (entry Nothing): Accessor isLocal: true hasGlobalType: false
mbDirectCall FAIL (entry Nothing): Accessor isLocal: true hasGlobalType: false
mbDirectCall FAIL (entry Nothing): Accessor isLocal: true hasGlobalType: false
mbDirectCall FAIL (entry Nothing): Accessor isLocal: true hasGlobalType: false
mbDirectCall FAIL (entry Nothing): Accessor isLocal: true hasGlobalType: false
mbDirectCall FAIL (entry Nothing): Accessor isLocal: true hasGlobalType: false
mbDirectCall FAIL (entry Nothing): Accessor isLocal: true hasGlobalType: false
mbDirectCall FAIL (entry Nothing): Accessor isLocal: true hasGlobalType: false
mbDirectCall FAIL (entry Nothing): Accessor isLocal: true hasGlobalType: false
mbDirectCall FAIL (entry Nothing): Accessor isLocal: true hasGlobalType: false
mbDirectCall FAIL (entry Nothing): Accessor isLocal: true hasGlobalType: false
mbDirectCall FAIL (entry Nothing): Accessor isLocal: true hasGlobalType: false
mbDirectCall FAIL (entry Nothing): Accessor isLocal: true hasGlobalType: false
mbDirectCall FAIL (entry Nothing): Accessor isLocal: true hasGlobalType: false
mbDirectCall FAIL (entry Nothing): Accessor isLocal: true hasGlobalType: false
mbDirectCall FAIL (entry Nothing): Accessor isLocal: true hasGlobalType: false
mbDirectCall FAIL (entry Nothing): Accessor isLocal: true hasGlobalType: false
mbDirectCall FAIL (entry Nothing): Accessor isLocal: true hasGlobalType: false
mbDirectCall FAIL (entry Nothing): Accessor isLocal: true hasGlobalType: false
mbDirectCall FAIL (entry Nothing): Accessor isLocal: true hasGlobalType: false
mbDirectCall FAIL (entry Nothing): Accessor isLocal: true hasGlobalType: false
mbDirectCall FAIL (entry Nothing): Accessor isLocal: true hasGlobalType: false
mbDirectCall FAIL (entry Nothing): Accessor isLocal: true hasGlobalType: false
mbDirectCall FAIL (entry Nothing): Accessor isLocal: true hasGlobalType: false
mbDirectCall FAIL (entry Nothing): Accessor isLocal: true hasGlobalType: false
mbDirectCall FAIL (entry Nothing): Accessor isLocal: true hasGlobalType: false
mbDirectCall FAIL (entry Nothing): f isLocal: true hasGlobalType: false
mbDirectCall FAIL (entry Nothing): Accessor isLocal: true hasGlobalType: false
mbDirectCall FAIL (entry Nothing): Accessor isLocal: true hasGlobalType: false
mbDirectCall FAIL (entry Nothing): Accessor isLocal: true hasGlobalType: false
mbDirectCall FAIL (entry Nothing): Accessor isLocal: true hasGlobalType: false
mbDirectCall FAIL (entry Nothing): Accessor isLocal: true hasGlobalType: false
mbDirectCall FAIL (entry Nothing): Accessor isLocal: true hasGlobalType: false
mbDirectCall FAIL (entry Nothing): Accessor isLocal: true hasGlobalType: false
mbDirectCall FAIL (entry Nothing): Accessor isLocal: true hasGlobalType: false
mbDirectCall FAIL (entry Nothing): Accessor isLocal: true hasGlobalType: false
mbDirectCall FAIL (entry Nothing): Accessor isLocal: true hasGlobalType: false
mbDirectCall FAIL (entry Nothing): Accessor isLocal: true hasGlobalType: false
mbDirectCall FAIL (entry Nothing): Accessor isLocal: true hasGlobalType: false
mbDirectCall FAIL (entry Nothing): Accessor isLocal: true hasGlobalType: false
mbDirectCall FAIL (entry Nothing): Accessor isLocal: true hasGlobalType: false
mbDirectCall FAIL (entry Nothing): Accessor isLocal: true hasGlobalType: false
mbDirectCall FAIL (entry Nothing): Accessor isLocal: true hasGlobalType: false
mbDirectCall FAIL (entry Nothing): Accessor isLocal: true hasGlobalType: false
mbDirectCall FAIL (entry Nothing): Accessor isLocal: true hasGlobalType: false
mbDirectCall FAIL (entry Nothing): Accessor isLocal: true hasGlobalType: false
mbDirectCall FAIL (entry Nothing): Accessor isLocal: true hasGlobalType: false
mbDirectCall FAIL (entry Nothing): Accessor isLocal: true hasGlobalType: false
mbDirectCall FAIL (entry Nothing): amb isLocal: true hasGlobalType: false
mbDirectCall FAIL (entry Nothing): Accessor isLocal: true hasGlobalType: false
mbDirectCall FAIL (entry Nothing): Accessor isLocal: true hasGlobalType: false
mbDirectCall FAIL (entry Nothing): Accessor isLocal: true hasGlobalType: false
mbDirectCall FAIL (entry Nothing): Accessor isLocal: true hasGlobalType: false
mbDirectCall FAIL (entry Nothing): Accessor isLocal: true hasGlobalType: false
mbDirectCall FAIL (entry Nothing): Accessor isLocal: true hasGlobalType: false
mbDirectCall FAIL (entry Nothing): Accessor isLocal: true hasGlobalType: false
mbDirectCall FAIL (entry Nothing): Accessor isLocal: true hasGlobalType: false
mbDirectCall FAIL (entry Nothing): Accessor isLocal: true hasGlobalType: false
mbDirectCall FAIL (entry Nothing): Accessor isLocal: true hasGlobalType: false
mbDirectCall FAIL (entry Nothing): Accessor isLocal: true hasGlobalType: false
mbDirectCall FAIL (entry Nothing): Accessor isLocal: true hasGlobalType: false
mbDirectCall FAIL (entry Nothing): Accessor isLocal: true hasGlobalType: false
mbDirectCall FAIL (entry Nothing): Accessor isLocal: true hasGlobalType: false
mbDirectCall FAIL (entry Nothing): Accessor isLocal: true hasGlobalType: false
mbDirectCall FAIL (entry Nothing): Accessor isLocal: true hasGlobalType: false
mbDirectCall FAIL (entry Nothing): Accessor isLocal: true hasGlobalType: false
mbDirectCall FAIL (entry Nothing): amb isLocal: true hasGlobalType: false
mbDirectCall FAIL (entry Nothing): Accessor isLocal: true hasGlobalType: false
mbDirectCall FAIL (entry Nothing): Accessor isLocal: true hasGlobalType: false
mbDirectCall FAIL (entry Nothing): Accessor isLocal: true hasGlobalType: false
mbDirectCall FAIL (entry Nothing): Accessor isLocal: true hasGlobalType: false
mbDirectCall FAIL (entry Nothing): Accessor isLocal: true hasGlobalType: false
mbDirectCall FAIL (entry Nothing): Accessor isLocal: true hasGlobalType: false
mbDirectCall FAIL (entry Nothing): Accessor isLocal: true hasGlobalType: false
mbDirectCall FAIL (entry Nothing): Accessor isLocal: true hasGlobalType: false
mbDirectCall FAIL (entry Nothing): Accessor isLocal: true hasGlobalType: false
mbDirectCall FAIL (entry Nothing): Accessor isLocal: true hasGlobalType: false
mbDirectCall FAIL (entry Nothing): Accessor isLocal: true hasGlobalType: false
mbDirectCall FAIL (entry Nothing): Accessor isLocal: true hasGlobalType: false
mbDirectCall FAIL (entry Nothing): Accessor isLocal: true hasGlobalType: false
mbDirectCall match: eqProduct2 argsLen: 1 arity: 2
mbDirectCall FAIL (entry Nothing): Accessor isLocal: true hasGlobalType: false
mbDirectCall FAIL (entry Nothing): eqProduct21 isLocal: true hasGlobalType: false
mbDirectCall FAIL (entry Nothing): Accessor isLocal: true hasGlobalType: false
mbDirectCall FAIL (entry Nothing): Accessor isLocal: true hasGlobalType: false
mbDirectCall FAIL (entry Nothing): Accessor isLocal: true hasGlobalType: false
mbDirectCall FAIL (entry Nothing): Accessor isLocal: true hasGlobalType: false
mbDirectCall FAIL (entry Nothing): Accessor isLocal: true hasGlobalType: false
mbDirectCall FAIL (entry Nothing): Accessor isLocal: true hasGlobalType: false
mbDirectCall FAIL (entry Nothing): Accessor isLocal: true hasGlobalType: false
mbDirectCall FAIL (entry Nothing): Accessor isLocal: true hasGlobalType: false
mbDirectCall FAIL (entry Nothing): Accessor isLocal: true hasGlobalType: false
mbDirectCall FAIL (entry Nothing): Accessor isLocal: true hasGlobalType: false
mbDirectCall FAIL (entry Nothing): Accessor isLocal: true hasGlobalType: false
mbDirectCall FAIL (entry Nothing): Accessor isLocal: true hasGlobalType: false
mbDirectCall FAIL (entry Nothing): Accessor isLocal: true hasGlobalType: false
mbDirectCall FAIL (entry Nothing): Accessor isLocal: true hasGlobalType: false
mbDirectCall FAIL (entry Nothing): Accessor isLocal: true hasGlobalType: false
mbDirectCall FAIL (entry Nothing): Accessor isLocal: true hasGlobalType: false
mbDirectCall FAIL (entry Nothing): Accessor isLocal: true hasGlobalType: false
mbDirectCall FAIL (entry Nothing): Accessor isLocal: true hasGlobalType: false
mbDirectCall FAIL (entry Nothing): Accessor isLocal: true hasGlobalType: false
mbDirectCall FAIL (entry Nothing): Accessor isLocal: true hasGlobalType: false
mbDirectCall FAIL (entry Nothing): Accessor isLocal: true hasGlobalType: false
mbDirectCall FAIL (entry Nothing): Accessor isLocal: true hasGlobalType: false
mbDirectCall FAIL (entry Nothing): Accessor isLocal: true hasGlobalType: false
mbDirectCall FAIL (entry Nothing): Accessor isLocal: true hasGlobalType: false
mbDirectCall FAIL (entry Nothing): Accessor isLocal: true hasGlobalType: false
mbDirectCall FAIL (entry Nothing): Accessor isLocal: true hasGlobalType: false
mbDirectCall FAIL (entry Nothing): Accessor isLocal: true hasGlobalType: false
mbDirectCall FAIL (entry Nothing): Accessor isLocal: true hasGlobalType: false
mbDirectCall FAIL (entry Nothing): Accessor isLocal: true hasGlobalType: false
mbDirectCall FAIL (entry Nothing): Accessor isLocal: true hasGlobalType: false
mbDirectCall FAIL (entry Nothing): applySecond isLocal: true hasGlobalType: false
mbDirectCall FAIL (entry Nothing): f isLocal: true hasGlobalType: false
mbDirectCall FAIL (entry Nothing): applySecond isLocal: true hasGlobalType: false
mbDirectCall FAIL (entry Nothing): g isLocal: true hasGlobalType: false
mbDirectCall FAIL (entry Nothing): Accessor isLocal: true hasGlobalType: false
mbDirectCall match: bitraverse_ argsLen: 2 arity: 2
mbDirectCall FAIL (entry Nothing): bitraverse_2 isLocal: true hasGlobalType: false
mbDirectCall match: bitraverse_ argsLen: 4 arity: 2
mbDirectCall FAIL (entry Nothing): Accessor isLocal: true hasGlobalType: false
mbDirectCall FAIL (entry Nothing): Accessor isLocal: true hasGlobalType: false
mbDirectCall FAIL (entry Nothing): f isLocal: true hasGlobalType: false
mbDirectCall FAIL (entry Nothing): g isLocal: true hasGlobalType: false
mbDirectCall FAIL (entry Nothing): g isLocal: true hasGlobalType: false
mbDirectCall FAIL (entry Nothing): f isLocal: true hasGlobalType: false
mbDirectCall FAIL (entry Nothing): f isLocal: true hasGlobalType: false
mbDirectCall FAIL (entry Nothing): g isLocal: true hasGlobalType: false
mbDirectCall FAIL (entry Nothing): Accessor isLocal: true hasGlobalType: false
mbDirectCall FAIL (entry Nothing): foldMap1 isLocal: true hasGlobalType: false
mbDirectCall FAIL (entry Nothing): Accessor isLocal: true hasGlobalType: false
mbDirectCall FAIL (entry Nothing): Accessor isLocal: true hasGlobalType: false
mbDirectCall FAIL (entry Nothing): v isLocal: true hasGlobalType: false
mbDirectCall FAIL (entry Nothing): v1 isLocal: true hasGlobalType: false
mbDirectCall FAIL (entry Nothing): v isLocal: true hasGlobalType: false
mbDirectCall FAIL (entry Nothing): v1 isLocal: true hasGlobalType: false
mbDirectCall FAIL (entry Nothing): v isLocal: true hasGlobalType: false
mbDirectCall FAIL (entry Nothing): v1 isLocal: true hasGlobalType: false
mbDirectCall FAIL (entry Nothing): f isLocal: true hasGlobalType: false
mbDirectCall FAIL (entry Nothing): f isLocal: true hasGlobalType: false
mbDirectCall FAIL (entry Nothing): f isLocal: true hasGlobalType: false
mbDirectCall FAIL (entry Nothing): Accessor isLocal: true hasGlobalType: false
mbDirectCall FAIL (entry Nothing): foldMap1 isLocal: true hasGlobalType: false
mbDirectCall FAIL (entry Nothing): Accessor isLocal: true hasGlobalType: false
mbDirectCall FAIL (entry Nothing): Accessor isLocal: true hasGlobalType: false
mbDirectCall FAIL (entry Nothing): Accessor isLocal: true hasGlobalType: false
mbDirectCall FAIL (entry Nothing): Accessor isLocal: true hasGlobalType: false
mbDirectCall FAIL (entry Nothing): Accessor isLocal: true hasGlobalType: false
mbDirectCall FAIL (entry Nothing): f isLocal: true hasGlobalType: false
mbDirectCall FAIL (entry Nothing): Accessor isLocal: true hasGlobalType: false
mbDirectCall FAIL (entry Nothing): g isLocal: true hasGlobalType: false
mbDirectCall FAIL (entry Nothing): Accessor isLocal: true hasGlobalType: false
mbDirectCall FAIL (entry Nothing): Accessor isLocal: true hasGlobalType: false
mbDirectCall FAIL (entry Nothing): Accessor isLocal: true hasGlobalType: false
mbDirectCall FAIL (entry Nothing): f isLocal: true hasGlobalType: false
mbDirectCall FAIL (entry Nothing): Accessor isLocal: true hasGlobalType: false
mbDirectCall FAIL (entry Nothing): g isLocal: true hasGlobalType: false
mbDirectCall FAIL (entry Nothing): Accessor isLocal: true hasGlobalType: false
mbDirectCall FAIL (entry Nothing): bifoldMap2 isLocal: true hasGlobalType: false
mbDirectCall FAIL (entry Nothing): Accessor isLocal: true hasGlobalType: false
mbDirectCall FAIL (entry Nothing): Accessor isLocal: true hasGlobalType: false
mbDirectCall FAIL (entry Nothing): Accessor isLocal: true hasGlobalType: false
mbDirectCall FAIL (entry Nothing): bifoldMap1 isLocal: true hasGlobalType: false
mbDirectCall FAIL (entry Nothing): f isLocal: true hasGlobalType: false
mbDirectCall FAIL (entry Nothing): g isLocal: true hasGlobalType: false
mbDirectCall FAIL (entry Nothing): Accessor isLocal: true hasGlobalType: false
mbDirectCall FAIL (entry Nothing): bifoldMap1 isLocal: true hasGlobalType: false
mbDirectCall FAIL (entry Nothing): f isLocal: true hasGlobalType: false
mbDirectCall FAIL (entry Nothing): g isLocal: true hasGlobalType: false
mbDirectCall FAIL (entry Nothing): Accessor isLocal: true hasGlobalType: false
mbDirectCall FAIL (entry Nothing): bifoldMap1 isLocal: true hasGlobalType: false
mbDirectCall FAIL (entry Nothing): f isLocal: true hasGlobalType: false
mbDirectCall FAIL (entry Nothing): g isLocal: true hasGlobalType: false
mbDirectCall FAIL (entry Nothing): Accessor isLocal: true hasGlobalType: false
mbDirectCall FAIL (entry Nothing): Accessor isLocal: true hasGlobalType: false
mbDirectCall FAIL (entry Nothing): Accessor isLocal: true hasGlobalType: false
mbDirectCall FAIL (entry Nothing): Accessor isLocal: true hasGlobalType: false
mbDirectCall FAIL (entry Nothing): bifoldMap3 isLocal: true hasGlobalType: false
mbDirectCall FAIL (entry Nothing): bifoldMap4 isLocal: true hasGlobalType: false
mbDirectCall match: bifoldlDefault argsLen: 5 arity: 1
mbDirectCall match: bifoldableProduct2 argsLen: 2 arity: 2
mbDirectCall match: bifoldrDefault argsLen: 5 arity: 1
mbDirectCall match: bifoldableProduct2 argsLen: 2 arity: 2
mbDirectCall FAIL (entry Nothing): Accessor isLocal: true hasGlobalType: false
mbDirectCall FAIL (entry Nothing): Accessor isLocal: true hasGlobalType: false
mbDirectCall FAIL (entry Nothing): Accessor isLocal: true hasGlobalType: false
mbDirectCall FAIL (entry Nothing): Accessor isLocal: true hasGlobalType: false
mbDirectCall FAIL (entry Nothing): bifoldMap2 isLocal: true hasGlobalType: false
mbDirectCall FAIL (entry Nothing): p isLocal: true hasGlobalType: false
mbDirectCall FAIL (entry Nothing): q isLocal: true hasGlobalType: false
mbDirectCall FAIL (entry Nothing): Accessor isLocal: true hasGlobalType: false
mbDirectCall FAIL (entry Nothing): Accessor isLocal: true hasGlobalType: false
mbDirectCall FAIL (entry Nothing): Accessor isLocal: true hasGlobalType: false
mbDirectCall FAIL (entry Nothing): bifoldMap2 isLocal: true hasGlobalType: false
mbDirectCall FAIL (entry Nothing): p isLocal: true hasGlobalType: false
mbDirectCall FAIL (entry Nothing): q isLocal: true hasGlobalType: false
mbDirectCall FAIL (entry Nothing): Accessor isLocal: true hasGlobalType: false
mbDirectCall FAIL (entry Nothing): Accessor isLocal: true hasGlobalType: false
mbDirectCall FAIL (entry Nothing): Accessor isLocal: true hasGlobalType: false
mbDirectCall FAIL (entry Nothing): Accessor isLocal: true hasGlobalType: false
mbDirectCall FAIL (entry Nothing): Accessor isLocal: true hasGlobalType: false
mbDirectCall FAIL (entry Nothing): Accessor isLocal: true hasGlobalType: false
mbDirectCall FAIL (entry Nothing): Accessor isLocal: true hasGlobalType: false
mbDirectCall FAIL (entry Nothing): Accessor isLocal: true hasGlobalType: false
mbDirectCall FAIL (entry Nothing): Accessor isLocal: true hasGlobalType: false
mbDirectCall FAIL (entry Nothing): Accessor isLocal: true hasGlobalType: false
mbDirectCall FAIL (entry Nothing): Accessor isLocal: true hasGlobalType: false
mbDirectCall FAIL (entry Nothing): Accessor isLocal: true hasGlobalType: false
mbDirectCall FAIL (entry Nothing): Accessor isLocal: true hasGlobalType: false
mbDirectCall FAIL (entry Nothing): bitraverse2 isLocal: true hasGlobalType: false
mbDirectCall FAIL (entry Nothing): Accessor isLocal: true hasGlobalType: false
mbDirectCall FAIL (entry Nothing): bitraverse2 isLocal: true hasGlobalType: false
mbDirectCall FAIL (entry Nothing): Accessor isLocal: true hasGlobalType: false
mbDirectCall FAIL (entry Nothing): bitraverse2 isLocal: true hasGlobalType: false
mbDirectCall FAIL (entry Nothing): Accessor isLocal: true hasGlobalType: false
mbDirectCall FAIL (entry Nothing): Accessor isLocal: true hasGlobalType: false
mbDirectCall FAIL (entry Nothing): Accessor isLocal: true hasGlobalType: false
mbDirectCall FAIL (entry Nothing): Accessor isLocal: true hasGlobalType: false
mbDirectCall FAIL (entry Nothing): Accessor isLocal: true hasGlobalType: false
mbDirectCall FAIL (entry Nothing): Accessor isLocal: true hasGlobalType: false
mbDirectCall FAIL (entry Nothing): Accessor isLocal: true hasGlobalType: false
mbDirectCall FAIL (entry Nothing): Accessor isLocal: true hasGlobalType: false
mbDirectCall FAIL (entry Nothing): Accessor isLocal: true hasGlobalType: false
mbDirectCall FAIL (entry Nothing): f isLocal: true hasGlobalType: false
mbDirectCall FAIL (entry Nothing): g isLocal: true hasGlobalType: false
mbDirectCall FAIL (entry Nothing): Accessor isLocal: true hasGlobalType: false
mbDirectCall FAIL (entry Nothing): Accessor isLocal: true hasGlobalType: false
mbDirectCall FAIL (entry Nothing): Accessor isLocal: true hasGlobalType: false
mbDirectCall FAIL (entry Nothing): Accessor isLocal: true hasGlobalType: false
mbDirectCall FAIL (entry Nothing): foldMap1 isLocal: true hasGlobalType: false
mbDirectCall FAIL (entry Nothing): Accessor isLocal: true hasGlobalType: false
mbDirectCall FAIL (entry Nothing): Accessor isLocal: true hasGlobalType: false
mbDirectCall FAIL (entry Nothing): Accessor isLocal: true hasGlobalType: false
mbDirectCall FAIL (entry Nothing): Accessor isLocal: true hasGlobalType: false
mbDirectCall FAIL (entry Nothing): Accessor isLocal: true hasGlobalType: false
mbDirectCall FAIL (entry Nothing): Accessor isLocal: true hasGlobalType: false
mbDirectCall FAIL (entry Nothing): sequence1 isLocal: true hasGlobalType: false
mbDirectCall FAIL (entry Nothing): Accessor isLocal: true hasGlobalType: false
mbDirectCall FAIL (entry Nothing): Accessor isLocal: true hasGlobalType: false
mbDirectCall FAIL (entry Nothing): Accessor isLocal: true hasGlobalType: false
mbDirectCall FAIL (entry Nothing): Accessor isLocal: true hasGlobalType: false
mbDirectCall FAIL (entry Nothing): traverse1 isLocal: true hasGlobalType: false
mbDirectCall FAIL (entry Nothing): Accessor isLocal: true hasGlobalType: false
mbDirectCall FAIL (entry Nothing): Accessor isLocal: true hasGlobalType: false
mbDirectCall FAIL (entry Nothing): Accessor isLocal: true hasGlobalType: false
mbDirectCall FAIL (entry Nothing): Accessor isLocal: true hasGlobalType: false
mbDirectCall FAIL (entry Nothing): Accessor isLocal: true hasGlobalType: false
mbDirectCall FAIL (entry Nothing): Accessor isLocal: true hasGlobalType: false
mbDirectCall FAIL (entry Nothing): Accessor isLocal: true hasGlobalType: false
mbDirectCall FAIL (entry Nothing): v isLocal: true hasGlobalType: false
mbDirectCall FAIL (entry Nothing): Accessor isLocal: true hasGlobalType: false
mbDirectCall FAIL (entry Nothing): v1 isLocal: true hasGlobalType: false
mbDirectCall FAIL (entry Nothing): Accessor isLocal: true hasGlobalType: false
mbDirectCall FAIL (entry Nothing): Accessor isLocal: true hasGlobalType: false
mbDirectCall FAIL (entry Nothing): Accessor isLocal: true hasGlobalType: false
mbDirectCall FAIL (entry Nothing): Accessor isLocal: true hasGlobalType: false
mbDirectCall FAIL (entry Nothing): Accessor isLocal: true hasGlobalType: false
mbDirectCall FAIL (entry Nothing): Accessor isLocal: true hasGlobalType: false
mbDirectCall FAIL (entry Nothing): f isLocal: true hasGlobalType: false
mbDirectCall FAIL (entry Nothing): Accessor isLocal: true hasGlobalType: false
mbDirectCall FAIL (entry Nothing): Accessor isLocal: true hasGlobalType: false
mbDirectCall FAIL (entry Nothing): Accessor isLocal: true hasGlobalType: false
mbDirectCall FAIL (entry Nothing): Accessor isLocal: true hasGlobalType: false
mbDirectCall FAIL (entry Nothing): foldMap1 isLocal: true hasGlobalType: false
mbDirectCall FAIL (entry Nothing): Accessor isLocal: true hasGlobalType: false
mbDirectCall FAIL (entry Nothing): Accessor isLocal: true hasGlobalType: false
mbDirectCall FAIL (entry Nothing): Accessor isLocal: true hasGlobalType: false
mbDirectCall FAIL (entry Nothing): Accessor isLocal: true hasGlobalType: false
mbDirectCall FAIL (entry Nothing): Accessor isLocal: true hasGlobalType: false
mbDirectCall FAIL (entry Nothing): Accessor isLocal: true hasGlobalType: false
mbDirectCall FAIL (entry Nothing): sequence1 isLocal: true hasGlobalType: false
mbDirectCall FAIL (entry Nothing): Accessor isLocal: true hasGlobalType: false
mbDirectCall FAIL (entry Nothing): Accessor isLocal: true hasGlobalType: false
mbDirectCall FAIL (entry Nothing): Accessor isLocal: true hasGlobalType: false
mbDirectCall FAIL (entry Nothing): Accessor isLocal: true hasGlobalType: false
mbDirectCall FAIL (entry Nothing): traverse1 isLocal: true hasGlobalType: false
mbDirectCall FAIL (entry Nothing): Accessor isLocal: true hasGlobalType: false
mbDirectCall FAIL (entry Nothing): Accessor isLocal: true hasGlobalType: false
mbDirectCall FAIL (entry Nothing): Accessor isLocal: true hasGlobalType: false
mbDirectCall FAIL (entry Nothing): Accessor isLocal: true hasGlobalType: false
mbDirectCall FAIL (entry Nothing): Accessor isLocal: true hasGlobalType: false
mbDirectCall FAIL (entry Nothing): bifoldMap2 isLocal: true hasGlobalType: false
mbDirectCall FAIL (entry Nothing): Accessor isLocal: true hasGlobalType: false
mbDirectCall FAIL (entry Nothing): Accessor isLocal: true hasGlobalType: false
mbDirectCall FAIL (entry Nothing): Accessor isLocal: true hasGlobalType: false
mbDirectCall FAIL (entry Nothing): Accessor isLocal: true hasGlobalType: false
mbDirectCall FAIL (entry Nothing): Accessor isLocal: true hasGlobalType: false
mbDirectCall FAIL (entry Nothing): Accessor isLocal: true hasGlobalType: false
mbDirectCall FAIL (entry Nothing): bisequence2 isLocal: true hasGlobalType: false
mbDirectCall FAIL (entry Nothing): Accessor isLocal: true hasGlobalType: false
mbDirectCall FAIL (entry Nothing): Accessor isLocal: true hasGlobalType: false
mbDirectCall FAIL (entry Nothing): Accessor isLocal: true hasGlobalType: false
mbDirectCall FAIL (entry Nothing): Accessor isLocal: true hasGlobalType: false
mbDirectCall FAIL (entry Nothing): bitraverse2 isLocal: true hasGlobalType: false
mbDirectCall FAIL (entry Nothing): Accessor isLocal: true hasGlobalType: false
mbDirectCall match: bifoldableProduct2 argsLen: 1 arity: 2
mbDirectCall FAIL (entry Nothing): Accessor isLocal: true hasGlobalType: false
mbDirectCall FAIL (entry Nothing): Accessor isLocal: true hasGlobalType: false
mbDirectCall FAIL (entry Nothing): Accessor isLocal: true hasGlobalType: false
mbDirectCall FAIL (entry Nothing): Accessor isLocal: true hasGlobalType: false
mbDirectCall FAIL (entry Nothing): bifoldableProduct2 isLocal: true hasGlobalType: false
mbDirectCall FAIL (entry Nothing): Accessor isLocal: true hasGlobalType: false
mbDirectCall FAIL (entry Nothing): Accessor isLocal: true hasGlobalType: false
mbDirectCall FAIL (entry Nothing): Accessor isLocal: true hasGlobalType: false
mbDirectCall FAIL (entry Nothing): Accessor isLocal: true hasGlobalType: false
mbDirectCall FAIL (entry Nothing): Accessor isLocal: true hasGlobalType: false
mbDirectCall FAIL (entry Nothing): Accessor isLocal: true hasGlobalType: false
mbDirectCall FAIL (entry Nothing): Accessor isLocal: true hasGlobalType: false
mbDirectCall FAIL (entry Nothing): bisequence3 isLocal: true hasGlobalType: false
mbDirectCall FAIL (entry Nothing): bisequence4 isLocal: true hasGlobalType: false
mbDirectCall FAIL (entry Nothing): Accessor isLocal: true hasGlobalType: false
mbDirectCall FAIL (entry Nothing): Accessor isLocal: true hasGlobalType: false
mbDirectCall FAIL (entry Nothing): Accessor isLocal: true hasGlobalType: false
mbDirectCall FAIL (entry Nothing): Accessor isLocal: true hasGlobalType: false
mbDirectCall FAIL (entry Nothing): Accessor isLocal: true hasGlobalType: false
mbDirectCall FAIL (entry Nothing): Accessor isLocal: true hasGlobalType: false
mbDirectCall FAIL (entry Nothing): bitraverse3 isLocal: true hasGlobalType: false
mbDirectCall FAIL (entry Nothing): bitraverse4 isLocal: true hasGlobalType: false
mbDirectCall FAIL (entry Nothing): Accessor isLocal: true hasGlobalType: false
mbDirectCall FAIL (entry Nothing): bisequence2 isLocal: true hasGlobalType: false
mbDirectCall FAIL (entry Nothing): Accessor isLocal: true hasGlobalType: false
mbDirectCall FAIL (entry Nothing): Accessor isLocal: true hasGlobalType: false
mbDirectCall FAIL (entry Nothing): Accessor isLocal: true hasGlobalType: false
mbDirectCall FAIL (entry Nothing): bitraverse2 isLocal: true hasGlobalType: false
mbDirectCall FAIL (entry Nothing): Accessor isLocal: true hasGlobalType: false
mbDirectCall FAIL (entry Nothing): Accessor isLocal: true hasGlobalType: false
mbDirectCall match: ordIntImpl argsLen: 3 arity: 5
mbDirectCall FAIL (entry Nothing): Local_Nothing isLocal: true hasGlobalType: false
mbDirectCall match: ordIntImpl argsLen: 3 arity: 5
mbDirectCall FAIL (entry Nothing): Local_Nothing isLocal: true hasGlobalType: false
mbDirectCall match: guard argsLen: 1 arity: 2
mbDirectCall match: ordIntImpl argsLen: 3 arity: 5
mbDirectCall FAIL (entry Nothing): Local_Nothing isLocal: true hasGlobalType: false
mbDirectCall match: ordIntImpl argsLen: 3 arity: 5
mbDirectCall FAIL (entry Nothing): Local_Nothing isLocal: true hasGlobalType: false
mbDirectCall FAIL (entry Nothing): Accessor isLocal: true hasGlobalType: false
mbDirectCall FAIL (entry Nothing): Accessor isLocal: true hasGlobalType: false
mbDirectCall FAIL (entry Nothing): Accessor isLocal: true hasGlobalType: false
mbDirectCall FAIL (entry Nothing): Accessor isLocal: true hasGlobalType: false
mbDirectCall FAIL (entry Nothing): Accessor isLocal: true hasGlobalType: false
mbDirectCall match: ordIntImpl argsLen: 3 arity: 5
mbDirectCall FAIL (entry Nothing): Accessor isLocal: true hasGlobalType: false
mbDirectCall FAIL (entry Nothing): Accessor isLocal: true hasGlobalType: false
mbDirectCall match: lessThan argsLen: 2 arity: 0
mbDirectCall FAIL (entry Nothing): Accessor isLocal: true hasGlobalType: false
mbDirectCall FAIL (entry Nothing): Accessor isLocal: true hasGlobalType: false
mbDirectCall FAIL (entry Nothing): Accessor isLocal: true hasGlobalType: false
mbDirectCall match: lessThan argsLen: 2 arity: 0
mbDirectCall FAIL (entry Nothing): Accessor isLocal: true hasGlobalType: false
mbDirectCall match: ordTuple argsLen: 1 arity: 2
mbDirectCall FAIL (entry Nothing): Accessor isLocal: true hasGlobalType: false
mbDirectCall FAIL (entry Nothing): Accessor isLocal: true hasGlobalType: false
mbDirectCall FAIL (entry Nothing): Accessor isLocal: true hasGlobalType: false
mbDirectCall FAIL (entry Nothing): ordTuple isLocal: true hasGlobalType: false
mbDirectCall FAIL (entry Nothing): Accessor isLocal: true hasGlobalType: false
mbDirectCall FAIL (entry Nothing): Accessor isLocal: true hasGlobalType: false
mbDirectCall FAIL (entry Nothing): Accessor isLocal: true hasGlobalType: false
mbDirectCall FAIL (entry Nothing): Tuple isLocal: false hasGlobalType: false
mbDirectCall FAIL (entry Nothing): Accessor isLocal: true hasGlobalType: false
mbDirectCall FAIL (entry Nothing): Local_Nothing isLocal: true hasGlobalType: false
mbDirectCall FAIL (entry Nothing): Accessor isLocal: true hasGlobalType: false
mbDirectCall FAIL (entry Nothing): Accessor isLocal: true hasGlobalType: false
mbDirectCall FAIL (entry Nothing): Tuple isLocal: false hasGlobalType: false
mbDirectCall FAIL (entry Nothing): Accessor isLocal: true hasGlobalType: false
mbDirectCall FAIL (entry Nothing): Local_Nothing isLocal: true hasGlobalType: false
mbDirectCall FAIL (entry Nothing): Accessor isLocal: true hasGlobalType: false
mbDirectCall FAIL (entry Nothing): Accessor isLocal: true hasGlobalType: false
mbDirectCall FAIL (entry Nothing): Accessor isLocal: true hasGlobalType: false
mbDirectCall FAIL (entry Nothing): Accessor isLocal: true hasGlobalType: false
mbDirectCall FAIL (entry Nothing): Accessor isLocal: true hasGlobalType: false
mbDirectCall FAIL (entry Nothing): Accessor isLocal: true hasGlobalType: false
mbDirectCall FAIL (entry Nothing): Accessor isLocal: true hasGlobalType: false
mbDirectCall FAIL (entry Nothing): Accessor isLocal: true hasGlobalType: false
mbDirectCall FAIL (entry Nothing): Accessor isLocal: true hasGlobalType: false
mbDirectCall match: ordIntImpl argsLen: 3 arity: 5
mbDirectCall match: greaterThan argsLen: 2 arity: 0
mbDirectCall match: lessThan argsLen: 2 arity: 0
mbDirectCall FAIL (entry Nothing): Accessor isLocal: true hasGlobalType: false
mbDirectCall FAIL (entry Nothing): Accessor isLocal: true hasGlobalType: false
mbDirectCall FAIL (entry Nothing): Accessor isLocal: true hasGlobalType: false
mbDirectCall FAIL (entry Nothing): Accessor isLocal: true hasGlobalType: false
mbDirectCall FAIL (entry Nothing): Accessor isLocal: true hasGlobalType: false
mbDirectCall match: guard argsLen: 1 arity: 0
mbDirectCall FAIL (entry Nothing): Accessor isLocal: true hasGlobalType: false
mbDirectCall FAIL (entry Nothing): Accessor isLocal: true hasGlobalType: false
mbDirectCall FAIL (entry Nothing): Accessor isLocal: true hasGlobalType: false
mbDirectCall match: replicate1 argsLen: 3 arity: 3
mbDirectCall FAIL (entry Nothing): Accessor isLocal: true hasGlobalType: false
mbDirectCall FAIL (entry Nothing): Accessor isLocal: true hasGlobalType: false
mbDirectCall FAIL (entry Nothing): Accessor isLocal: true hasGlobalType: false
mbDirectCall FAIL (entry Nothing): Accessor isLocal: true hasGlobalType: false
mbDirectCall FAIL (entry Nothing): Accessor isLocal: true hasGlobalType: false
mbDirectCall match: guard argsLen: 1 arity: 0
mbDirectCall FAIL (entry Nothing): Accessor isLocal: true hasGlobalType: false
mbDirectCall FAIL (entry Nothing): Accessor isLocal: true hasGlobalType: false
mbDirectCall FAIL (entry Nothing): Accessor isLocal: true hasGlobalType: false
mbDirectCall FAIL (entry Nothing): Accessor isLocal: true hasGlobalType: false
mbDirectCall FAIL (entry Nothing): Accessor isLocal: true hasGlobalType: false
mbDirectCall FAIL (entry Nothing): Accessor isLocal: true hasGlobalType: false
mbDirectCall FAIL (entry Nothing): Accessor isLocal: true hasGlobalType: false
mbDirectCall match: lessThanOrEq argsLen: 2 arity: 0
mbDirectCall FAIL (entry Nothing): Accessor isLocal: true hasGlobalType: false
mbDirectCall FAIL (entry Nothing): Accessor isLocal: true hasGlobalType: false
mbDirectCall match: ordEither argsLen: 1 arity: 2
mbDirectCall FAIL (entry Nothing): Accessor isLocal: true hasGlobalType: false
mbDirectCall FAIL (entry Nothing): Accessor isLocal: true hasGlobalType: false
mbDirectCall FAIL (entry Nothing): Accessor isLocal: true hasGlobalType: false
mbDirectCall FAIL (entry Nothing): ordEither isLocal: true hasGlobalType: false
mbDirectCall FAIL (entry Nothing): Accessor isLocal: true hasGlobalType: false
mbDirectCall FAIL (entry Nothing): Accessor isLocal: true hasGlobalType: false
mbDirectCall FAIL (entry Nothing): Accessor isLocal: true hasGlobalType: false
mbDirectCall FAIL (entry Nothing): Accessor isLocal: true hasGlobalType: false
mbDirectCall FAIL (entry Nothing): Accessor isLocal: true hasGlobalType: false
mbDirectCall FAIL (entry Nothing): Accessor isLocal: true hasGlobalType: false
mbDirectCall FAIL (entry Nothing): Accessor isLocal: true hasGlobalType: false
mbDirectCall FAIL (entry Nothing): Accessor isLocal: true hasGlobalType: false
mbDirectCall FAIL (entry Nothing): Accessor isLocal: true hasGlobalType: false
mbDirectCall FAIL (entry Nothing): Local_Nothing isLocal: true hasGlobalType: false
mbDirectCall FAIL (entry Nothing): Accessor isLocal: true hasGlobalType: false
mbDirectCall FAIL (entry Nothing): Accessor isLocal: true hasGlobalType: false
mbDirectCall FAIL (entry Nothing): Accessor isLocal: true hasGlobalType: false
mbDirectCall FAIL (entry Nothing): Local_Nothing isLocal: true hasGlobalType: false
mbDirectCall FAIL (entry Nothing): Accessor isLocal: true hasGlobalType: false
mbDirectCall FAIL (entry Nothing): Accessor isLocal: true hasGlobalType: false
mbDirectCall FAIL (entry Nothing): go isLocal: true hasGlobalType: false
mbDirectCall match: lessThan argsLen: 2 arity: 0
mbDirectCall FAIL (entry Nothing): toEnum' isLocal: true hasGlobalType: false
mbDirectCall FAIL (entry Nothing): fromEnum' isLocal: true hasGlobalType: false
mbDirectCall FAIL (entry Nothing): toEnum' isLocal: true hasGlobalType: false
mbDirectCall FAIL (entry Nothing): fromEnum' isLocal: true hasGlobalType: false
mbDirectCall FAIL (entry Nothing): toEnum' isLocal: true hasGlobalType: false
mbDirectCall FAIL (entry Nothing): fromEnum' isLocal: true hasGlobalType: false
mbDirectCall FAIL (entry Nothing): toEnum' isLocal: true hasGlobalType: false
mbDirectCall FAIL (entry Nothing): fromEnum' isLocal: true hasGlobalType: false
mbDirectCall FAIL (entry Nothing): Accessor isLocal: true hasGlobalType: false
mbDirectCall FAIL (entry Nothing): go isLocal: true hasGlobalType: false
mbDirectCall FAIL (entry Nothing): Accessor isLocal: true hasGlobalType: false
mbDirectCall FAIL (entry Nothing): go isLocal: true hasGlobalType: false
mbDirectCall FAIL (entry Nothing): Accessor isLocal: true hasGlobalType: false
mbDirectCall match: greaterThanOrEq argsLen: 2 arity: 0
mbDirectCall FAIL (entry Nothing): toCharCode isLocal: true hasGlobalType: true
mbDirectCall match: lessThanOrEq argsLen: 2 arity: 0
mbDirectCall FAIL (entry Nothing): toCharCode isLocal: true hasGlobalType: true
mbDirectCall FAIL (entry Nothing): fromCharCode isLocal: true hasGlobalType: true
mbDirectCall match: charToEnum argsLen: 1 arity: 1
mbDirectCall FAIL (entry Nothing): toCharCode isLocal: true hasGlobalType: true
mbDirectCall match: charToEnum argsLen: 1 arity: 1
mbDirectCall FAIL (entry Nothing): toCharCode isLocal: true hasGlobalType: true
mbDirectCall FAIL (entry Nothing): toCharCode isLocal: true hasGlobalType: true
mbDirectCall FAIL (entry Nothing): toCharCode isLocal: true hasGlobalType: true
mbDirectCall match: toEnumWithDefaults argsLen: 1 arity: 4
mbDirectCall match: foldable1NonEmpty argsLen: 1 arity: 1
mbDirectCall FAIL (entry Nothing): Accessor isLocal: true hasGlobalType: false
mbDirectCall FAIL (entry Nothing): Accessor isLocal: true hasGlobalType: false
mbDirectCall FAIL (entry Nothing): Accessor isLocal: true hasGlobalType: false
mbDirectCall FAIL (entry Nothing): Accessor isLocal: true hasGlobalType: false
mbDirectCall FAIL (entry Nothing): Accessor isLocal: true hasGlobalType: false
mbDirectCall match: toEnumWithDefaults argsLen: 2 arity: 0
mbDirectCall FAIL (entry Nothing): Accessor isLocal: true hasGlobalType: false
mbDirectCall FAIL (entry Nothing): Accessor isLocal: true hasGlobalType: false
mbDirectCall FAIL (entry Nothing): Accessor isLocal: true hasGlobalType: false
mbDirectCall FAIL (entry Nothing): Accessor isLocal: true hasGlobalType: false
mbDirectCall FAIL (entry Nothing): Accessor isLocal: true hasGlobalType: false
mbDirectCall FAIL (entry Nothing): Accessor isLocal: true hasGlobalType: false
mbDirectCall match: toEnumWithDefaults argsLen: 2 arity: 0
mbDirectCall FAIL (entry Nothing): Accessor isLocal: true hasGlobalType: false
mbDirectCall FAIL (entry Nothing): Accessor isLocal: true hasGlobalType: false
mbDirectCall FAIL (entry Nothing): Accessor isLocal: true hasGlobalType: false
mbDirectCall FAIL (entry Nothing): Accessor isLocal: true hasGlobalType: false
mbDirectCall FAIL (entry Nothing): Accessor isLocal: true hasGlobalType: false
mbDirectCall FAIL (entry Nothing): Accessor isLocal: true hasGlobalType: false
mbDirectCall match: toEnumWithDefaults argsLen: 2 arity: 0
mbDirectCall FAIL (entry Nothing): Accessor isLocal: true hasGlobalType: false
mbDirectCall FAIL (entry Nothing): Accessor isLocal: true hasGlobalType: false
mbDirectCall FAIL (entry Nothing): Accessor isLocal: true hasGlobalType: false
mbDirectCall FAIL (entry Nothing): Accessor isLocal: true hasGlobalType: false
mbDirectCall FAIL (entry Nothing): Accessor isLocal: true hasGlobalType: false
mbDirectCall FAIL (entry Nothing): Accessor isLocal: true hasGlobalType: false
mbDirectCall match: toEnumWithDefaults argsLen: 2 arity: 0
mbDirectCall FAIL (entry Nothing): Accessor isLocal: true hasGlobalType: false
mbDirectCall FAIL (entry Nothing): Accessor isLocal: true hasGlobalType: false
mbDirectCall FAIL (entry Nothing): Accessor isLocal: true hasGlobalType: false
mbDirectCall FAIL (entry Nothing): Accessor isLocal: true hasGlobalType: false
mbDirectCall FAIL (entry Nothing): Accessor isLocal: true hasGlobalType: false
mbDirectCall FAIL (entry Nothing): Accessor isLocal: true hasGlobalType: false
mbDirectCall match: toEnumWithDefaults argsLen: 2 arity: 0
mbDirectCall FAIL (entry Nothing): Accessor isLocal: true hasGlobalType: false
mbDirectCall FAIL (entry Nothing): Accessor isLocal: true hasGlobalType: false
mbDirectCall FAIL (entry Nothing): Accessor isLocal: true hasGlobalType: false
mbDirectCall FAIL (entry Nothing): Accessor isLocal: true hasGlobalType: false
mbDirectCall FAIL (entry Nothing): Accessor isLocal: true hasGlobalType: false
mbDirectCall FAIL (entry Nothing): Accessor isLocal: true hasGlobalType: false
mbDirectCall match: toEnumWithDefaults argsLen: 2 arity: 0
mbDirectCall FAIL (entry Nothing): Accessor isLocal: true hasGlobalType: false
mbDirectCall match: oneOf argsLen: 3 arity: 3
mbDirectCall match: genAlphaLowercase argsLen: 1 arity: 1
mbDirectCall match: genAlphaUppercase argsLen: 1 arity: 1
mbDirectCall FAIL (entry Nothing): f isLocal: true hasGlobalType: false
mbDirectCall FAIL (entry Nothing): g isLocal: true hasGlobalType: false
mbDirectCall FAIL (entry Nothing): Accessor isLocal: true hasGlobalType: false
mbDirectCall FAIL (entry Nothing): Local_Nothing isLocal: true hasGlobalType: false
mbDirectCall FAIL (entry Nothing): Local_Nothing isLocal: true hasGlobalType: false
mbDirectCall FAIL (entry Nothing): append isLocal: true hasGlobalType: false
mbDirectCall FAIL (entry Nothing): v isLocal: true hasGlobalType: false
mbDirectCall FAIL (entry Nothing): f isLocal: true hasGlobalType: false
mbDirectCall FAIL (entry Nothing): f isLocal: true hasGlobalType: false
mbDirectCall match: ordIntImpl argsLen: 3 arity: 5
mbDirectCall FAIL (entry Nothing): Local_Nothing isLocal: true hasGlobalType: false
mbDirectCall match: ordIntImpl argsLen: 3 arity: 5
mbDirectCall FAIL (entry Nothing): Local_Nothing isLocal: true hasGlobalType: false
mbDirectCall FAIL (entry Nothing): Accessor isLocal: true hasGlobalType: false
mbDirectCall FAIL (entry Nothing): Accessor isLocal: true hasGlobalType: false
mbDirectCall FAIL (entry Nothing): Accessor isLocal: true hasGlobalType: false
mbDirectCall FAIL (entry Nothing): Accessor isLocal: true hasGlobalType: false
mbDirectCall FAIL (entry Nothing): Accessor isLocal: true hasGlobalType: false
mbDirectCall FAIL (entry Nothing): Accessor isLocal: true hasGlobalType: false
mbDirectCall match: ordIntImpl argsLen: 3 arity: 5
mbDirectCall match: ordIntImpl argsLen: 3 arity: 5
mbDirectCall FAIL (entry Nothing): Accessor isLocal: true hasGlobalType: false
mbDirectCall match: greaterThanOrEq argsLen: 2 arity: 0
mbDirectCall match: lessThanOrEq argsLen: 2 arity: 0
mbDirectCall FAIL (entry Nothing): Accessor isLocal: true hasGlobalType: false
mbDirectCall FAIL (entry Nothing): Accessor isLocal: true hasGlobalType: false
mbDirectCall FAIL (entry Nothing): Accessor isLocal: true hasGlobalType: false
mbDirectCall FAIL (entry Nothing): Accessor isLocal: true hasGlobalType: false
mbDirectCall FAIL (entry Nothing): Accessor isLocal: true hasGlobalType: false
mbDirectCall FAIL (entry Nothing): Accessor isLocal: true hasGlobalType: false
mbDirectCall FAIL (entry Nothing): Accessor isLocal: true hasGlobalType: false
mbDirectCall FAIL (entry Nothing): Accessor isLocal: true hasGlobalType: false
mbDirectCall FAIL (entry Nothing): Accessor isLocal: true hasGlobalType: false
mbDirectCall FAIL (entry Nothing): Accessor isLocal: true hasGlobalType: false
mbDirectCall FAIL (entry Nothing): Accessor isLocal: true hasGlobalType: false
mbDirectCall FAIL (entry Nothing): Accessor isLocal: true hasGlobalType: false
mbDirectCall FAIL (entry Nothing): Accessor isLocal: true hasGlobalType: false
mbDirectCall match: greaterThanOrEq argsLen: 2 arity: 0
mbDirectCall match: lessThanOrEq argsLen: 2 arity: 0
mbDirectCall FAIL (entry Nothing): Accessor isLocal: true hasGlobalType: false
mbDirectCall FAIL (entry Nothing): Accessor isLocal: true hasGlobalType: false
mbDirectCall FAIL (entry Nothing): Accessor isLocal: true hasGlobalType: false
mbDirectCall FAIL (entry Nothing): Accessor isLocal: true hasGlobalType: false
mbDirectCall match: ordIntImpl argsLen: 3 arity: 5
mbDirectCall FAIL (entry Nothing): Local_Nothing isLocal: true hasGlobalType: false
mbDirectCall match: ordIntImpl argsLen: 3 arity: 5
mbDirectCall FAIL (entry Nothing): Local_Nothing isLocal: true hasGlobalType: false
mbDirectCall FAIL (entry Nothing): Accessor isLocal: true hasGlobalType: false
mbDirectCall match: greaterThanOrEq argsLen: 2 arity: 0
mbDirectCall match: lessThanOrEq argsLen: 2 arity: 0
mbDirectCall FAIL (entry Nothing): Accessor isLocal: true hasGlobalType: false
mbDirectCall FAIL (entry Nothing): fromStringAsImpl isLocal: true hasGlobalType: true
mbDirectCall match: fromStringAs argsLen: 1 arity: 0
mbDirectCall FAIL (entry Nothing): fromNumberImpl isLocal: true hasGlobalType: true
mbDirectCall match: fromNumber argsLen: 1 arity: 0
mbDirectCall FAIL (entry Nothing): Accessor isLocal: true hasGlobalType: false
mbDirectCall match: isFinite argsLen: 1 arity: 1
mbDirectCall FAIL (entry Nothing): toNumber isLocal: true hasGlobalType: true
mbDirectCall FAIL (entry Nothing): toNumber isLocal: true hasGlobalType: true
mbDirectCall match: unsafeClamp argsLen: 1 arity: 1
mbDirectCall match: round argsLen: 1 arity: 1
mbDirectCall match: unsafeClamp argsLen: 1 arity: 1
mbDirectCall match: trunc argsLen: 1 arity: 1
mbDirectCall match: unsafeClamp argsLen: 1 arity: 1
mbDirectCall match: floor argsLen: 1 arity: 1
mbDirectCall FAIL (entry Nothing): Accessor isLocal: true hasGlobalType: false
mbDirectCall match: unsafeClamp argsLen: 1 arity: 1
mbDirectCall match: ceil argsLen: 1 arity: 1
mbDirectCall FAIL (entry Nothing): Accessor isLocal: true hasGlobalType: false
mbDirectCall FAIL (entry Nothing): Accessor isLocal: true hasGlobalType: false
mbDirectCall FAIL (entry Nothing): Accessor isLocal: true hasGlobalType: false
mbDirectCall FAIL (entry Nothing): Accessor isLocal: true hasGlobalType: false
mbDirectCall FAIL (entry Nothing): Accessor isLocal: true hasGlobalType: false
mbDirectCall FAIL (entry Nothing): Accessor isLocal: true hasGlobalType: false
mbDirectCall FAIL (entry Nothing): Accessor isLocal: true hasGlobalType: false
mbDirectCall FAIL (entry Nothing): Accessor isLocal: true hasGlobalType: false
mbDirectCall FAIL (entry Nothing): Accessor isLocal: true hasGlobalType: false
mbDirectCall FAIL (entry Nothing): Accessor isLocal: true hasGlobalType: false
mbDirectCall FAIL (entry Nothing): Accessor isLocal: true hasGlobalType: false
mbDirectCall FAIL (entry Nothing): Accessor isLocal: true hasGlobalType: false
mbDirectCall FAIL (entry Nothing): Accessor isLocal: true hasGlobalType: false
mbDirectCall FAIL (entry Nothing): Accessor isLocal: true hasGlobalType: false
mbDirectCall FAIL (entry Nothing): Accessor isLocal: true hasGlobalType: false
mbDirectCall FAIL (entry Nothing): Accessor isLocal: true hasGlobalType: false
mbDirectCall FAIL (entry Nothing): Accessor isLocal: true hasGlobalType: false
mbDirectCall FAIL (entry Nothing): Accessor isLocal: true hasGlobalType: false
mbDirectCall FAIL (entry Nothing): Accessor isLocal: true hasGlobalType: false
mbDirectCall FAIL (entry Nothing): Accessor isLocal: true hasGlobalType: false
mbDirectCall FAIL (entry Nothing): Accessor isLocal: true hasGlobalType: false
mbDirectCall FAIL (entry Nothing): Accessor isLocal: true hasGlobalType: false
mbDirectCall FAIL (entry Nothing): Accessor isLocal: true hasGlobalType: false
mbDirectCall match: negate argsLen: 1 arity: 0
mbDirectCall FAIL (entry Nothing): Accessor isLocal: true hasGlobalType: false
mbDirectCall FAIL (entry Nothing): Accessor isLocal: true hasGlobalType: false
mbDirectCall FAIL (entry Nothing): Accessor isLocal: true hasGlobalType: false
mbDirectCall FAIL (entry Nothing): Accessor isLocal: true hasGlobalType: false
mbDirectCall FAIL (entry Nothing): Accessor isLocal: true hasGlobalType: false
mbDirectCall FAIL (entry Nothing): Accessor isLocal: true hasGlobalType: false
mbDirectCall FAIL (entry Nothing): Accessor isLocal: true hasGlobalType: false
mbDirectCall FAIL (entry Nothing): Accessor isLocal: true hasGlobalType: false
mbDirectCall FAIL (entry Nothing): Accessor isLocal: true hasGlobalType: false
mbDirectCall FAIL (entry Nothing): Accessor isLocal: true hasGlobalType: false
mbDirectCall FAIL (entry Nothing): Accessor isLocal: true hasGlobalType: false
mbDirectCall FAIL (entry Nothing): Accessor isLocal: true hasGlobalType: false
mbDirectCall match: ordIntImpl argsLen: 3 arity: 5
mbDirectCall FAIL (entry Nothing): Local_Nothing isLocal: true hasGlobalType: false
mbDirectCall match: ordIntImpl argsLen: 3 arity: 5
mbDirectCall FAIL (entry Nothing): Local_Nothing isLocal: true hasGlobalType: false
mbDirectCall FAIL (entry Nothing): Accessor isLocal: true hasGlobalType: false
mbDirectCall FAIL (entry Nothing): Accessor isLocal: true hasGlobalType: false
mbDirectCall FAIL (entry Nothing): Accessor isLocal: true hasGlobalType: false
mbDirectCall FAIL (entry Nothing): Accessor isLocal: true hasGlobalType: false
mbDirectCall FAIL (entry Nothing): Accessor isLocal: true hasGlobalType: false
mbDirectCall FAIL (entry Nothing): Accessor isLocal: true hasGlobalType: false
mbDirectCall FAIL (entry Nothing): Accessor isLocal: true hasGlobalType: false
mbDirectCall FAIL (entry Nothing): Accessor isLocal: true hasGlobalType: false
mbDirectCall FAIL (entry Nothing): Accessor isLocal: true hasGlobalType: false
mbDirectCall FAIL (entry Nothing): Accessor isLocal: true hasGlobalType: false
mbDirectCall FAIL (entry Nothing): Accessor isLocal: true hasGlobalType: false
mbDirectCall FAIL (entry Nothing): Accessor isLocal: true hasGlobalType: false
mbDirectCall FAIL (entry Nothing): Accessor isLocal: true hasGlobalType: false
mbDirectCall FAIL (entry Nothing): Accessor isLocal: true hasGlobalType: false
mbDirectCall FAIL (entry Nothing): Accessor isLocal: true hasGlobalType: false
mbDirectCall FAIL (entry Nothing): Accessor isLocal: true hasGlobalType: false
mbDirectCall FAIL (entry Nothing): Accessor isLocal: true hasGlobalType: false
mbDirectCall FAIL (entry Nothing): Accessor isLocal: true hasGlobalType: false
mbDirectCall FAIL (entry Nothing): Accessor isLocal: true hasGlobalType: false
mbDirectCall FAIL (entry Nothing): Accessor isLocal: true hasGlobalType: false
mbDirectCall FAIL (entry Nothing): Accessor isLocal: true hasGlobalType: false
mbDirectCall match: isLeapYear argsLen: 1 arity: 1
mbDirectCall FAIL (entry Nothing): Accessor isLocal: true hasGlobalType: false
mbDirectCall FAIL (entry Nothing): Accessor isLocal: true hasGlobalType: false
mbDirectCall FAIL (entry Nothing): Accessor isLocal: true hasGlobalType: false
mbDirectCall FAIL (entry Nothing): Accessor isLocal: true hasGlobalType: false
mbDirectCall FAIL (entry Nothing): Accessor isLocal: true hasGlobalType: false
mbDirectCall FAIL (entry Nothing): Accessor isLocal: true hasGlobalType: false
mbDirectCall FAIL (entry Nothing): Accessor isLocal: true hasGlobalType: false
mbDirectCall FAIL (entry Nothing): Accessor isLocal: true hasGlobalType: false
mbDirectCall FAIL (entry Nothing): Accessor isLocal: true hasGlobalType: false
mbDirectCall FAIL (entry Nothing): Accessor isLocal: true hasGlobalType: false
mbDirectCall FAIL (entry Nothing): Accessor isLocal: true hasGlobalType: false
mbDirectCall FAIL (entry Nothing): Accessor isLocal: true hasGlobalType: false
mbDirectCall FAIL (entry Nothing): Accessor isLocal: true hasGlobalType: false
mbDirectCall FAIL (entry Nothing): Accessor isLocal: true hasGlobalType: false
mbDirectCall FAIL (entry Nothing): Accessor isLocal: true hasGlobalType: false
mbDirectCall FAIL (entry Nothing): Accessor isLocal: true hasGlobalType: false
mbDirectCall FAIL (entry Nothing): Accessor isLocal: true hasGlobalType: false
mbDirectCall FAIL (entry Nothing): Accessor isLocal: true hasGlobalType: false
mbDirectCall FAIL (entry Nothing): Accessor isLocal: true hasGlobalType: false
mbDirectCall FAIL (entry Nothing): Accessor isLocal: true hasGlobalType: false
mbDirectCall FAIL (entry Nothing): Accessor isLocal: true hasGlobalType: false
mbDirectCall match: lastDayOfMonth argsLen: 2 arity: 2
mbDirectCall FAIL (entry Nothing): Accessor isLocal: true hasGlobalType: false
mbDirectCall FAIL (entry Nothing): Accessor isLocal: true hasGlobalType: false
mbDirectCall FAIL (entry Nothing): Accessor isLocal: true hasGlobalType: false
mbDirectCall FAIL (entry Nothing): Accessor isLocal: true hasGlobalType: false
mbDirectCall FAIL (entry Nothing): Accessor isLocal: true hasGlobalType: false
mbDirectCall FAIL (entry Nothing): Accessor isLocal: true hasGlobalType: false
mbDirectCall FAIL (entry Nothing): Accessor isLocal: true hasGlobalType: false
mbDirectCall FAIL (entry Nothing): Accessor isLocal: true hasGlobalType: false
mbDirectCall match: greaterThan argsLen: 2 arity: 2
mbDirectCall match: lastDayOfMonth argsLen: 2 arity: 2
mbDirectCall FAIL (entry Nothing): Accessor isLocal: true hasGlobalType: false
mbDirectCall FAIL (entry Nothing): Accessor isLocal: true hasGlobalType: false
mbDirectCall FAIL (entry Nothing): Accessor isLocal: true hasGlobalType: false
mbDirectCall FAIL (entry Nothing): Accessor isLocal: true hasGlobalType: false
mbDirectCall FAIL (entry Nothing): Accessor isLocal: true hasGlobalType: false
mbDirectCall FAIL (entry Nothing): Accessor isLocal: true hasGlobalType: false
mbDirectCall FAIL (entry Nothing): Accessor isLocal: true hasGlobalType: false
mbDirectCall FAIL (entry Nothing): Accessor isLocal: true hasGlobalType: false
mbDirectCall FAIL (entry Nothing): Accessor isLocal: true hasGlobalType: false
mbDirectCall FAIL (entry Nothing): Accessor isLocal: true hasGlobalType: false
mbDirectCall FAIL (entry Nothing): Accessor isLocal: true hasGlobalType: false
mbDirectCall FAIL (entry Nothing): Accessor isLocal: true hasGlobalType: false
mbDirectCall FAIL (entry Nothing): Accessor isLocal: true hasGlobalType: false
mbDirectCall match: canonicalDate argsLen: 3 arity: 3
mbDirectCall FAIL (entry Nothing): Accessor isLocal: true hasGlobalType: false
mbDirectCall match: lessThan argsLen: 2 arity: 0
mbDirectCall match: lastDayOfMonth argsLen: 2 arity: 2
mbDirectCall FAIL (entry Nothing): Accessor isLocal: true hasGlobalType: false
mbDirectCall match: greaterThan1 argsLen: 2 arity: 0
mbDirectCall FAIL (entry Nothing): Accessor isLocal: true hasGlobalType: false
mbDirectCall FAIL (entry Nothing): Accessor isLocal: true hasGlobalType: false
mbDirectCall FAIL (entry Nothing): Accessor isLocal: true hasGlobalType: false
mbDirectCall match: Date argsLen: 2 arity: 0
mbDirectCall FAIL (entry Nothing): Accessor isLocal: true hasGlobalType: false
mbDirectCall FAIL (entry Nothing): Accessor isLocal: true hasGlobalType: false
mbDirectCall FAIL (entry Nothing): Accessor isLocal: true hasGlobalType: false
mbDirectCall match: Date argsLen: 2 arity: 0
mbDirectCall FAIL (entry Nothing): Accessor isLocal: true hasGlobalType: false
mbDirectCall FAIL (entry Nothing): Accessor isLocal: true hasGlobalType: false
mbDirectCall FAIL (entry Nothing): adj isLocal: true hasGlobalType: false
mbDirectCall FAIL (entry Nothing): Accessor isLocal: true hasGlobalType: false
mbDirectCall FAIL (entry Nothing): Accessor isLocal: true hasGlobalType: false
mbDirectCall match: fromNumber argsLen: 1 arity: 1
mbDirectCall FAIL (entry Nothing): adj isLocal: true hasGlobalType: false
mbDirectCall match: foldable1NonEmpty argsLen: 1 arity: 1
mbDirectCall match: elements argsLen: 2 arity: 3
mbDirectCall FAIL (entry Nothing): Accessor isLocal: true hasGlobalType: false
mbDirectCall FAIL (entry Nothing): Accessor isLocal: true hasGlobalType: false
mbDirectCall FAIL (entry Nothing): Accessor isLocal: true hasGlobalType: false
mbDirectCall FAIL (entry Nothing): elements isLocal: true hasGlobalType: false
mbDirectCall match: enumFromTo argsLen: 4 arity: 4
mbDirectCall FAIL (entry Nothing): Accessor isLocal: true hasGlobalType: false
mbDirectCall FAIL (entry Nothing): Accessor isLocal: true hasGlobalType: false
mbDirectCall FAIL (entry Nothing): Accessor isLocal: true hasGlobalType: false
mbDirectCall FAIL (entry Nothing): Accessor isLocal: true hasGlobalType: false
mbDirectCall FAIL (entry Nothing): Accessor isLocal: true hasGlobalType: false
mbDirectCall FAIL (entry Nothing): Accessor isLocal: true hasGlobalType: false
mbDirectCall FAIL (entry Nothing): Accessor isLocal: true hasGlobalType: false
mbDirectCall FAIL (entry Nothing): Accessor isLocal: true hasGlobalType: false
mbDirectCall FAIL (entry Nothing): Accessor isLocal: true hasGlobalType: false
mbDirectCall FAIL (entry Nothing): Accessor isLocal: true hasGlobalType: false
mbDirectCall match: genBoundedEnum argsLen: 2 arity: 2
mbDirectCall match: genBoundedEnum argsLen: 2 arity: 2
mbDirectCall match: genBoundedEnum argsLen: 2 arity: 2
mbDirectCall FAIL (entry Nothing): Accessor isLocal: true hasGlobalType: false
mbDirectCall FAIL (entry Nothing): Accessor isLocal: true hasGlobalType: false
mbDirectCall FAIL (entry Nothing): Accessor isLocal: true hasGlobalType: false
mbDirectCall match: genYear argsLen: 1 arity: 1
mbDirectCall FAIL (entry Nothing): Accessor isLocal: true hasGlobalType: false
mbDirectCall FAIL (entry Nothing): Accessor isLocal: true hasGlobalType: false
mbDirectCall FAIL (entry Nothing): Accessor isLocal: true hasGlobalType: false
mbDirectCall FAIL (entry Nothing): Accessor isLocal: true hasGlobalType: false
mbDirectCall match: toNumber argsLen: 1 arity: 1
mbDirectCall FAIL (entry Nothing): Accessor isLocal: true hasGlobalType: false
mbDirectCall match: isLeapYear argsLen: 1 arity: 1
mbDirectCall FAIL (entry Nothing): Accessor isLocal: true hasGlobalType: false
mbDirectCall FAIL (entry Nothing): Accessor isLocal: true hasGlobalType: false
mbDirectCall FAIL (entry Nothing): Accessor isLocal: true hasGlobalType: false
mbDirectCall match: exactDate argsLen: 3 arity: 3
mbDirectCall match: adjust argsLen: 2 arity: 2
mbDirectCall match: ordIntImpl argsLen: 3 arity: 5
mbDirectCall FAIL (entry Nothing): Local_Nothing isLocal: true hasGlobalType: false
mbDirectCall match: ordIntImpl argsLen: 3 arity: 5
mbDirectCall FAIL (entry Nothing): Local_Nothing isLocal: true hasGlobalType: false
mbDirectCall FAIL (entry Nothing): Accessor isLocal: true hasGlobalType: false
mbDirectCall FAIL (entry Nothing): Accessor isLocal: true hasGlobalType: false
mbDirectCall FAIL (entry Nothing): Accessor isLocal: true hasGlobalType: false
mbDirectCall FAIL (entry Nothing): Accessor isLocal: true hasGlobalType: false
mbDirectCall FAIL (entry Nothing): Accessor isLocal: true hasGlobalType: false
mbDirectCall FAIL (entry Nothing): Accessor isLocal: true hasGlobalType: false
mbDirectCall FAIL (entry Nothing): Accessor isLocal: true hasGlobalType: false
mbDirectCall FAIL (entry Nothing): Accessor isLocal: true hasGlobalType: false
mbDirectCall FAIL (entry Nothing): Accessor isLocal: true hasGlobalType: false
mbDirectCall FAIL (entry Nothing): Accessor isLocal: true hasGlobalType: false
mbDirectCall FAIL (entry Nothing): Accessor isLocal: true hasGlobalType: false
mbDirectCall FAIL (entry Nothing): Accessor isLocal: true hasGlobalType: false
mbDirectCall match: ordIntImpl argsLen: 3 arity: 5
mbDirectCall match: ordIntImpl argsLen: 3 arity: 5
mbDirectCall match: ordIntImpl argsLen: 3 arity: 5
mbDirectCall match: ordIntImpl argsLen: 3 arity: 5
mbDirectCall FAIL (entry Nothing): Accessor isLocal: true hasGlobalType: false
mbDirectCall match: greaterThanOrEq argsLen: 2 arity: 0
mbDirectCall match: lessThanOrEq argsLen: 2 arity: 0
mbDirectCall FAIL (entry Nothing): Accessor isLocal: true hasGlobalType: false
mbDirectCall FAIL (entry Nothing): Accessor isLocal: true hasGlobalType: false
mbDirectCall FAIL (entry Nothing): Accessor isLocal: true hasGlobalType: false
mbDirectCall FAIL (entry Nothing): Accessor isLocal: true hasGlobalType: false
mbDirectCall FAIL (entry Nothing): Accessor isLocal: true hasGlobalType: false
mbDirectCall match: greaterThanOrEq argsLen: 2 arity: 0
mbDirectCall match: lessThanOrEq argsLen: 2 arity: 0
mbDirectCall FAIL (entry Nothing): Accessor isLocal: true hasGlobalType: false
mbDirectCall FAIL (entry Nothing): Accessor isLocal: true hasGlobalType: false
mbDirectCall FAIL (entry Nothing): Accessor isLocal: true hasGlobalType: false
mbDirectCall FAIL (entry Nothing): Accessor isLocal: true hasGlobalType: false
mbDirectCall FAIL (entry Nothing): Accessor isLocal: true hasGlobalType: false
mbDirectCall match: greaterThanOrEq argsLen: 2 arity: 0
mbDirectCall match: lessThanOrEq argsLen: 2 arity: 0
mbDirectCall FAIL (entry Nothing): Accessor isLocal: true hasGlobalType: false
mbDirectCall FAIL (entry Nothing): Accessor isLocal: true hasGlobalType: false
mbDirectCall FAIL (entry Nothing): Accessor isLocal: true hasGlobalType: false
mbDirectCall FAIL (entry Nothing): Accessor isLocal: true hasGlobalType: false
mbDirectCall FAIL (entry Nothing): Accessor isLocal: true hasGlobalType: false
mbDirectCall match: greaterThanOrEq argsLen: 2 arity: 0
mbDirectCall match: lessThanOrEq argsLen: 2 arity: 0
mbDirectCall FAIL (entry Nothing): Accessor isLocal: true hasGlobalType: false
mbDirectCall FAIL (entry Nothing): Accessor isLocal: true hasGlobalType: false
mbDirectCall FAIL (entry Nothing): Accessor isLocal: true hasGlobalType: false
mbDirectCall FAIL (entry Nothing): Accessor isLocal: true hasGlobalType: false
mbDirectCall FAIL (entry Nothing): Accessor isLocal: true hasGlobalType: false
mbDirectCall FAIL (entry Nothing): Accessor isLocal: true hasGlobalType: false
mbDirectCall FAIL (entry Nothing): Accessor isLocal: true hasGlobalType: false
mbDirectCall FAIL (entry Nothing): Accessor isLocal: true hasGlobalType: false
mbDirectCall FAIL (entry Nothing): Accessor isLocal: true hasGlobalType: false
mbDirectCall FAIL (entry Nothing): Accessor isLocal: true hasGlobalType: false
mbDirectCall FAIL (entry Nothing): Accessor isLocal: true hasGlobalType: false
mbDirectCall FAIL (entry Nothing): Accessor isLocal: true hasGlobalType: false
mbDirectCall FAIL (entry Nothing): Accessor isLocal: true hasGlobalType: false
mbDirectCall FAIL (entry Nothing): Accessor isLocal: true hasGlobalType: false
mbDirectCall FAIL (entry Nothing): Accessor isLocal: true hasGlobalType: false
mbDirectCall FAIL (entry Nothing): Accessor isLocal: true hasGlobalType: false
mbDirectCall FAIL (entry Nothing): Accessor isLocal: true hasGlobalType: false
mbDirectCall FAIL (entry Nothing): Accessor isLocal: true hasGlobalType: false
mbDirectCall match: floor argsLen: 1 arity: 1
mbDirectCall FAIL (entry Nothing): Accessor isLocal: true hasGlobalType: false
mbDirectCall match: floor argsLen: 1 arity: 1
mbDirectCall FAIL (entry Nothing): Accessor isLocal: true hasGlobalType: false
mbDirectCall FAIL (entry Nothing): Accessor isLocal: true hasGlobalType: false
mbDirectCall FAIL (entry Nothing): Accessor isLocal: true hasGlobalType: false
mbDirectCall match: floor argsLen: 1 arity: 1
mbDirectCall FAIL (entry Nothing): Accessor isLocal: true hasGlobalType: false
mbDirectCall FAIL (entry Nothing): Accessor isLocal: true hasGlobalType: false
mbDirectCall FAIL (entry Nothing): Accessor isLocal: true hasGlobalType: false
mbDirectCall FAIL (entry Nothing): Accessor isLocal: true hasGlobalType: false
mbDirectCall FAIL (entry Nothing): Accessor isLocal: true hasGlobalType: false
mbDirectCall FAIL (entry Nothing): Accessor isLocal: true hasGlobalType: false
mbDirectCall FAIL (entry Nothing): Accessor isLocal: true hasGlobalType: false
mbDirectCall FAIL (entry Nothing): Accessor isLocal: true hasGlobalType: false
mbDirectCall FAIL (entry Nothing): Accessor isLocal: true hasGlobalType: false
mbDirectCall FAIL (entry Nothing): Accessor isLocal: true hasGlobalType: false
mbDirectCall match: unsafeClamp argsLen: 1 arity: 1
mbDirectCall match: floor argsLen: 1 arity: 1
mbDirectCall FAIL (entry Nothing): Accessor isLocal: true hasGlobalType: false
mbDirectCall match: unsafeClamp argsLen: 1 arity: 1
mbDirectCall match: floor argsLen: 1 arity: 1
mbDirectCall FAIL (entry Nothing): Accessor isLocal: true hasGlobalType: false
mbDirectCall match: unsafeClamp argsLen: 1 arity: 1
mbDirectCall match: floor argsLen: 1 arity: 1
mbDirectCall FAIL (entry Nothing): Accessor isLocal: true hasGlobalType: false
mbDirectCall match: unsafeClamp argsLen: 1 arity: 1
mbDirectCall match: floor argsLen: 1 arity: 1
mbDirectCall FAIL (entry Nothing): Accessor isLocal: true hasGlobalType: false
mbDirectCall FAIL (entry Nothing): Accessor isLocal: true hasGlobalType: false
mbDirectCall FAIL (entry Nothing): Accessor isLocal: true hasGlobalType: false
mbDirectCall FAIL (entry Nothing): Accessor isLocal: true hasGlobalType: false
mbDirectCall FAIL (entry Nothing): Accessor isLocal: true hasGlobalType: false
mbDirectCall FAIL (entry Nothing): Accessor isLocal: true hasGlobalType: false
mbDirectCall FAIL (entry Nothing): Accessor isLocal: true hasGlobalType: false
mbDirectCall FAIL (entry Nothing): Accessor isLocal: true hasGlobalType: false
mbDirectCall FAIL (entry Nothing): Accessor isLocal: true hasGlobalType: false
mbDirectCall FAIL (entry Nothing): Accessor isLocal: true hasGlobalType: false
mbDirectCall match: toNumber argsLen: 1 arity: 1
mbDirectCall FAIL (entry Nothing): Accessor isLocal: true hasGlobalType: false
mbDirectCall FAIL (entry Nothing): Accessor isLocal: true hasGlobalType: false
mbDirectCall match: toNumber argsLen: 1 arity: 1
mbDirectCall FAIL (entry Nothing): Accessor isLocal: true hasGlobalType: false
mbDirectCall FAIL (entry Nothing): Accessor isLocal: true hasGlobalType: false
mbDirectCall match: toNumber argsLen: 1 arity: 1
mbDirectCall FAIL (entry Nothing): Accessor isLocal: true hasGlobalType: false
mbDirectCall match: toNumber argsLen: 1 arity: 1
mbDirectCall FAIL (entry Nothing): Accessor isLocal: true hasGlobalType: false
mbDirectCall FAIL (entry Nothing): Accessor isLocal: true hasGlobalType: false
mbDirectCall FAIL (entry Nothing): Accessor isLocal: true hasGlobalType: false
mbDirectCall FAIL (entry Nothing): Accessor isLocal: true hasGlobalType: false
mbDirectCall FAIL (entry Nothing): Accessor isLocal: true hasGlobalType: false
mbDirectCall FAIL (entry Nothing): Accessor isLocal: true hasGlobalType: false
mbDirectCall FAIL (entry Nothing): Accessor isLocal: true hasGlobalType: false
mbDirectCall FAIL (entry Nothing): Accessor isLocal: true hasGlobalType: false
mbDirectCall FAIL (entry Nothing): Accessor isLocal: true hasGlobalType: false
mbDirectCall FAIL (entry Nothing): Accessor isLocal: true hasGlobalType: false
mbDirectCall FAIL (entry Nothing): Accessor isLocal: true hasGlobalType: false
mbDirectCall FAIL (entry Nothing): Accessor isLocal: true hasGlobalType: false
mbDirectCall FAIL (entry Nothing): Accessor isLocal: true hasGlobalType: false
mbDirectCall FAIL (entry Nothing): Accessor isLocal: true hasGlobalType: false
mbDirectCall match: timeToMillis argsLen: 1 arity: 1
mbDirectCall FAIL (entry Nothing): Accessor isLocal: true hasGlobalType: false
mbDirectCall match: negate argsLen: 1 arity: 1
mbDirectCall FAIL (entry Nothing): Accessor isLocal: true hasGlobalType: false
mbDirectCall match: timeToMillis argsLen: 1 arity: 1
mbDirectCall match: timeToMillis argsLen: 1 arity: 1
mbDirectCall match: timeToMillis argsLen: 1 arity: 1
mbDirectCall FAIL (entry Nothing): Accessor isLocal: true hasGlobalType: false
mbDirectCall match: floor argsLen: 1 arity: 1
mbDirectCall FAIL (entry Nothing): Accessor isLocal: true hasGlobalType: false
mbDirectCall FAIL (entry Nothing): Accessor isLocal: true hasGlobalType: false
mbDirectCall match: timeToMillis argsLen: 1 arity: 1
mbDirectCall FAIL (entry Nothing): Accessor isLocal: true hasGlobalType: false
mbDirectCall FAIL (entry Nothing): Accessor isLocal: true hasGlobalType: false
mbDirectCall match: negate argsLen: 1 arity: 1
mbDirectCall FAIL (entry Nothing): Accessor isLocal: true hasGlobalType: false
mbDirectCall FAIL (entry Nothing): Accessor isLocal: true hasGlobalType: false
mbDirectCall match: negate argsLen: 1 arity: 0
mbDirectCall FAIL (entry Nothing): Accessor isLocal: true hasGlobalType: false
mbDirectCall match: millisToTime argsLen: 1 arity: 1
mbDirectCall FAIL (entry Nothing): Accessor isLocal: true hasGlobalType: false
mbDirectCall FAIL (entry Nothing): Accessor isLocal: true hasGlobalType: false
mbDirectCall match: negate argsLen: 1 arity: 0
mbDirectCall FAIL (entry Nothing): Accessor isLocal: true hasGlobalType: false
mbDirectCall FAIL (entry Nothing): Accessor isLocal: true hasGlobalType: false
mbDirectCall FAIL (entry Nothing): Accessor isLocal: true hasGlobalType: false
mbDirectCall FAIL (entry Nothing): Accessor isLocal: true hasGlobalType: false
mbDirectCall FAIL (entry Nothing): Accessor isLocal: true hasGlobalType: false
mbDirectCall FAIL (entry Nothing): Accessor isLocal: true hasGlobalType: false
mbDirectCall FAIL (entry Nothing): Accessor isLocal: true hasGlobalType: false
mbDirectCall FAIL (entry Nothing): Accessor isLocal: true hasGlobalType: false
mbDirectCall FAIL (entry Nothing): Accessor isLocal: true hasGlobalType: false
mbDirectCall FAIL (entry Nothing): Accessor isLocal: true hasGlobalType: false
mbDirectCall FAIL (entry Nothing): Accessor isLocal: true hasGlobalType: false
mbDirectCall FAIL (entry Nothing): Accessor isLocal: true hasGlobalType: false
mbDirectCall FAIL (entry Nothing): Accessor isLocal: true hasGlobalType: false
mbDirectCall FAIL (entry Nothing): Accessor isLocal: true hasGlobalType: false
mbDirectCall match: DateTime argsLen: 1 arity: 0
mbDirectCall FAIL (entry Nothing): f isLocal: true hasGlobalType: false
mbDirectCall FAIL (entry Nothing): f isLocal: true hasGlobalType: false
mbDirectCall FAIL (entry Nothing): Accessor isLocal: true hasGlobalType: false
mbDirectCall FAIL (entry Nothing): f isLocal: true hasGlobalType: false
mbDirectCall FAIL (entry Nothing): f isLocal: true hasGlobalType: false
mbDirectCall FAIL (entry Nothing): Accessor isLocal: true hasGlobalType: false
mbDirectCall FAIL (entry Nothing): Accessor isLocal: true hasGlobalType: false
mbDirectCall FAIL (entry Nothing): Accessor isLocal: true hasGlobalType: false
mbDirectCall FAIL (entry Nothing): Accessor isLocal: true hasGlobalType: false
mbDirectCall FAIL (entry Nothing): Accessor isLocal: true hasGlobalType: false
mbDirectCall FAIL (entry Nothing): Accessor isLocal: true hasGlobalType: false
mbDirectCall match: toRecord argsLen: 1 arity: 1
mbDirectCall match: toRecord argsLen: 1 arity: 1
mbDirectCall FAIL (entry Nothing): Accessor isLocal: true hasGlobalType: false
mbDirectCall FAIL (entry Nothing): adjustImpl isLocal: true hasGlobalType: true
mbDirectCall FAIL (entry Nothing): Accessor isLocal: true hasGlobalType: false
mbDirectCall match: toRecord argsLen: 1 arity: 1
mbDirectCall FAIL (entry Nothing): Accessor isLocal: true hasGlobalType: false
mbDirectCall FAIL (entry Nothing): Accessor isLocal: true hasGlobalType: false
mbDirectCall FAIL (entry Nothing): Accessor isLocal: true hasGlobalType: false
mbDirectCall FAIL (entry Nothing): Accessor isLocal: true hasGlobalType: false
mbDirectCall FAIL (entry Nothing): Accessor isLocal: true hasGlobalType: false
mbDirectCall FAIL (entry Nothing): Accessor isLocal: true hasGlobalType: false
mbDirectCall FAIL (entry Nothing): Accessor isLocal: true hasGlobalType: false
mbDirectCall FAIL (entry Nothing): Accessor isLocal: true hasGlobalType: false
mbDirectCall FAIL (entry Nothing): Accessor isLocal: true hasGlobalType: false
mbDirectCall FAIL (entry Nothing): Accessor isLocal: true hasGlobalType: false
mbDirectCall FAIL (entry Nothing): Accessor isLocal: true hasGlobalType: false
mbDirectCall FAIL (entry Nothing): Accessor isLocal: true hasGlobalType: false
mbDirectCall FAIL (entry Nothing): Accessor isLocal: true hasGlobalType: false
mbDirectCall FAIL (entry Nothing): Accessor isLocal: true hasGlobalType: false
mbDirectCall FAIL (entry Nothing): Accessor isLocal: true hasGlobalType: false
mbDirectCall FAIL (entry Nothing): Accessor isLocal: true hasGlobalType: false
mbDirectCall FAIL (entry Nothing): Accessor isLocal: true hasGlobalType: false
mbDirectCall match: genBoundedEnum argsLen: 2 arity: 2
mbDirectCall match: genBoundedEnum argsLen: 2 arity: 2
mbDirectCall match: genBoundedEnum argsLen: 2 arity: 2
mbDirectCall match: genBoundedEnum argsLen: 2 arity: 2
mbDirectCall FAIL (entry Nothing): Accessor isLocal: true hasGlobalType: false
mbDirectCall FAIL (entry Nothing): Accessor isLocal: true hasGlobalType: false
mbDirectCall FAIL (entry Nothing): Accessor isLocal: true hasGlobalType: false
mbDirectCall FAIL (entry Nothing): Accessor isLocal: true hasGlobalType: false
mbDirectCall FAIL (entry Nothing): Accessor isLocal: true hasGlobalType: false
mbDirectCall FAIL (entry Nothing): Accessor isLocal: true hasGlobalType: false
mbDirectCall FAIL (entry Nothing): Accessor isLocal: true hasGlobalType: false
mbDirectCall FAIL (entry Nothing): Accessor isLocal: true hasGlobalType: false
mbDirectCall match: genBoundedEnum argsLen: 2 arity: 2
mbDirectCall match: genBoundedEnum argsLen: 2 arity: 2
mbDirectCall match: genBoundedEnum argsLen: 2 arity: 2
mbDirectCall match: genBoundedEnum argsLen: 2 arity: 2
mbDirectCall FAIL (entry Nothing): Accessor isLocal: true hasGlobalType: false
mbDirectCall FAIL (entry Nothing): Accessor isLocal: true hasGlobalType: false
mbDirectCall FAIL (entry Nothing): Accessor isLocal: true hasGlobalType: false
mbDirectCall FAIL (entry Nothing): Accessor isLocal: true hasGlobalType: false
mbDirectCall FAIL (entry Nothing): Accessor isLocal: true hasGlobalType: false
mbDirectCall FAIL (entry Nothing): Accessor isLocal: true hasGlobalType: false
mbDirectCall match: genDate argsLen: 1 arity: 1
mbDirectCall match: genTime argsLen: 1 arity: 1
mbDirectCall FAIL (entry Nothing): Accessor isLocal: true hasGlobalType: false
mbDirectCall FAIL (entry Nothing): Accessor isLocal: true hasGlobalType: false
mbDirectCall FAIL (entry Nothing): toDateTimeImpl isLocal: true hasGlobalType: true
mbDirectCall match: canonicalDate argsLen: 3 arity: 3
mbDirectCall FAIL (entry Nothing): Accessor isLocal: true hasGlobalType: false
mbDirectCall FAIL (entry Nothing): Accessor isLocal: true hasGlobalType: false
mbDirectCall FAIL (entry Nothing): Accessor isLocal: true hasGlobalType: false
mbDirectCall FAIL (entry Nothing): Accessor isLocal: true hasGlobalType: false
mbDirectCall FAIL (entry Nothing): Accessor isLocal: true hasGlobalType: false
mbDirectCall match: negate argsLen: 1 arity: 0
mbDirectCall FAIL (entry Nothing): Accessor isLocal: true hasGlobalType: false
mbDirectCall FAIL (entry Nothing): Accessor isLocal: true hasGlobalType: false
mbDirectCall FAIL (entry Nothing): Accessor isLocal: true hasGlobalType: false
mbDirectCall FAIL (entry Nothing): Accessor isLocal: true hasGlobalType: false
mbDirectCall FAIL (entry Nothing): Accessor isLocal: true hasGlobalType: false
mbDirectCall match: negate argsLen: 1 arity: 1
mbDirectCall FAIL (entry Nothing): Accessor isLocal: true hasGlobalType: false
mbDirectCall match: negate argsLen: 1 arity: 0
mbDirectCall FAIL (entry Nothing): Accessor isLocal: true hasGlobalType: false
mbDirectCall FAIL (entry Nothing): v isLocal: true hasGlobalType: false
mbDirectCall FAIL (entry Nothing): v1 isLocal: true hasGlobalType: false
mbDirectCall FAIL (entry Nothing): v isLocal: true hasGlobalType: false
mbDirectCall FAIL (entry Nothing): f isLocal: true hasGlobalType: false
mbDirectCall FAIL (entry Nothing): f isLocal: true hasGlobalType: false
mbDirectCall FAIL (entry Nothing): Accessor isLocal: true hasGlobalType: false
mbDirectCall FAIL (entry Nothing): v isLocal: true hasGlobalType: false
mbDirectCall FAIL (entry Nothing): v1 isLocal: true hasGlobalType: false
mbDirectCall FAIL (entry Nothing): v isLocal: true hasGlobalType: false
mbDirectCall FAIL (entry Nothing): Accessor isLocal: true hasGlobalType: false
mbDirectCall FAIL (entry Nothing): f isLocal: true hasGlobalType: false
mbDirectCall FAIL (entry Nothing): g isLocal: true hasGlobalType: false
mbDirectCall FAIL (entry Nothing): Accessor isLocal: true hasGlobalType: false
mbDirectCall FAIL (entry Nothing): Accessor isLocal: true hasGlobalType: false
mbDirectCall FAIL (entry Nothing): f isLocal: true hasGlobalType: false
mbDirectCall FAIL (entry Nothing): g isLocal: true hasGlobalType: false
mbDirectCall FAIL (entry Nothing): v isLocal: true hasGlobalType: false
mbDirectCall FAIL (entry Nothing): f isLocal: true hasGlobalType: false
mbDirectCall FAIL (entry Nothing): Accessor isLocal: true hasGlobalType: false
mbDirectCall FAIL (entry Nothing): f isLocal: true hasGlobalType: false
mbDirectCall FAIL (entry Nothing): g isLocal: true hasGlobalType: false
mbDirectCall FAIL (entry Nothing): Accessor isLocal: true hasGlobalType: false
mbDirectCall FAIL (entry Nothing): f isLocal: true hasGlobalType: false
mbDirectCall FAIL (entry Nothing): g isLocal: true hasGlobalType: false
mbDirectCall FAIL (entry Nothing): Accessor isLocal: true hasGlobalType: false
mbDirectCall FAIL (entry Nothing): Accessor isLocal: true hasGlobalType: false
mbDirectCall FAIL (entry Nothing): f isLocal: true hasGlobalType: false
mbDirectCall FAIL (entry Nothing): g isLocal: true hasGlobalType: false
mbDirectCall FAIL (entry Nothing): Accessor isLocal: true hasGlobalType: false
mbDirectCall FAIL (entry Nothing): f isLocal: true hasGlobalType: false
mbDirectCall FAIL (entry Nothing): v isLocal: true hasGlobalType: false
mbDirectCall FAIL (entry Nothing): f isLocal: true hasGlobalType: false
mbDirectCall match: booleanAlgebraFn argsLen: 1 arity: 1
mbDirectCall FAIL (entry Nothing): f isLocal: true hasGlobalType: false
mbDirectCall FAIL (entry Nothing): Accessor isLocal: true hasGlobalType: false
mbDirectCall FAIL (entry Nothing): v isLocal: true hasGlobalType: false
mbDirectCall FAIL (entry Nothing): v1 isLocal: true hasGlobalType: false
mbDirectCall FAIL (entry Nothing): f isLocal: true hasGlobalType: false
mbDirectCall FAIL (entry Nothing): Accessor isLocal: true hasGlobalType: false
mbDirectCall FAIL (entry Nothing): v isLocal: true hasGlobalType: false
mbDirectCall FAIL (entry Nothing): v1 isLocal: true hasGlobalType: false
mbDirectCall FAIL (entry Nothing): f isLocal: true hasGlobalType: false
mbDirectCall FAIL (entry Nothing): f isLocal: true hasGlobalType: false
mbDirectCall FAIL (entry Nothing): Accessor isLocal: true hasGlobalType: false
mbDirectCall FAIL (entry Nothing): v isLocal: true hasGlobalType: false
mbDirectCall FAIL (entry Nothing): v1 isLocal: true hasGlobalType: false
mbDirectCall FAIL (entry Nothing): f isLocal: true hasGlobalType: false
mbDirectCall FAIL (entry Nothing): f isLocal: true hasGlobalType: false
mbDirectCall FAIL (entry Nothing): Accessor isLocal: true hasGlobalType: false
mbDirectCall FAIL (entry Nothing): v isLocal: true hasGlobalType: false
mbDirectCall FAIL (entry Nothing): v1 isLocal: true hasGlobalType: false
mbDirectCall FAIL (entry Nothing): Accessor isLocal: true hasGlobalType: false
mbDirectCall FAIL (entry Nothing): f isLocal: true hasGlobalType: false
mbDirectCall FAIL (entry Nothing): v isLocal: true hasGlobalType: false
mbDirectCall FAIL (entry Nothing): v1 isLocal: true hasGlobalType: false
mbDirectCall match: divideOp argsLen: 1 arity: 1
mbDirectCall FAIL (entry Nothing): f isLocal: true hasGlobalType: false
mbDirectCall FAIL (entry Nothing): v isLocal: true hasGlobalType: false
mbDirectCall FAIL (entry Nothing): v1 isLocal: true hasGlobalType: false
mbDirectCall FAIL (entry Nothing): f isLocal: true hasGlobalType: false
mbDirectCall FAIL (entry Nothing): f isLocal: true hasGlobalType: false
mbDirectCall FAIL (entry Nothing): v isLocal: true hasGlobalType: false
mbDirectCall FAIL (entry Nothing): f isLocal: true hasGlobalType: false
mbDirectCall FAIL (entry Nothing): v1 isLocal: true hasGlobalType: false
mbDirectCall FAIL (entry Nothing): f isLocal: true hasGlobalType: false
mbDirectCall FAIL (entry Nothing): f isLocal: true hasGlobalType: false
mbDirectCall FAIL (entry Nothing): v isLocal: true hasGlobalType: false
mbDirectCall FAIL (entry Nothing): f isLocal: true hasGlobalType: false
mbDirectCall FAIL (entry Nothing): v1 isLocal: true hasGlobalType: false
mbDirectCall FAIL (entry Nothing): Accessor isLocal: true hasGlobalType: false
mbDirectCall match: divideOp argsLen: 1 arity: 1
mbDirectCall FAIL (entry Nothing): Accessor isLocal: true hasGlobalType: false
mbDirectCall FAIL (entry Nothing): Accessor isLocal: true hasGlobalType: false
mbDirectCall FAIL (entry Nothing): spin isLocal: true hasGlobalType: false
mbDirectCall FAIL (entry Nothing): f isLocal: true hasGlobalType: false
mbDirectCall match: chooseOp argsLen: 1 arity: 1
mbDirectCall FAIL (entry Nothing): Accessor isLocal: true hasGlobalType: false
mbDirectCall match: divisibleOp argsLen: 1 arity: 1
mbDirectCall FAIL (entry Nothing): spin isLocal: true hasGlobalType: false
mbDirectCall FAIL (entry Nothing): f isLocal: true hasGlobalType: false
mbDirectCall FAIL (entry Nothing): spin isLocal: true hasGlobalType: false
mbDirectCall FAIL (entry Nothing): f isLocal: true hasGlobalType: false
mbDirectCall FAIL (entry Nothing): spin isLocal: true hasGlobalType: false
mbDirectCall FAIL (entry Nothing): f isLocal: true hasGlobalType: false
mbDirectCall FAIL (entry Nothing): Accessor isLocal: true hasGlobalType: false
mbDirectCall FAIL (entry Nothing): Accessor isLocal: true hasGlobalType: false
mbDirectCall FAIL (entry Nothing): a isLocal: true hasGlobalType: false
mbDirectCall FAIL (entry Nothing): b isLocal: true hasGlobalType: false
mbDirectCall FAIL (entry Nothing): c isLocal: true hasGlobalType: false
mbDirectCall FAIL (entry Nothing): d isLocal: true hasGlobalType: false
mbDirectCall FAIL (entry Nothing): e isLocal: true hasGlobalType: false
mbDirectCall FAIL (entry Nothing): f isLocal: true hasGlobalType: false
mbDirectCall FAIL (entry Nothing): g isLocal: true hasGlobalType: false
mbDirectCall FAIL (entry Nothing): h isLocal: true hasGlobalType: false
mbDirectCall FAIL (entry Nothing): i isLocal: true hasGlobalType: false
mbDirectCall FAIL (entry Nothing): spin isLocal: true hasGlobalType: false
mbDirectCall FAIL (entry Nothing): a isLocal: true hasGlobalType: false
mbDirectCall FAIL (entry Nothing): b isLocal: true hasGlobalType: false
mbDirectCall FAIL (entry Nothing): c isLocal: true hasGlobalType: false
mbDirectCall FAIL (entry Nothing): d isLocal: true hasGlobalType: false
mbDirectCall FAIL (entry Nothing): e isLocal: true hasGlobalType: false
mbDirectCall FAIL (entry Nothing): f isLocal: true hasGlobalType: false
mbDirectCall FAIL (entry Nothing): g isLocal: true hasGlobalType: false
mbDirectCall FAIL (entry Nothing): h isLocal: true hasGlobalType: false
mbDirectCall FAIL (entry Nothing): spin isLocal: true hasGlobalType: false
mbDirectCall FAIL (entry Nothing): a isLocal: true hasGlobalType: false
mbDirectCall FAIL (entry Nothing): b isLocal: true hasGlobalType: false
mbDirectCall FAIL (entry Nothing): c isLocal: true hasGlobalType: false
mbDirectCall FAIL (entry Nothing): d isLocal: true hasGlobalType: false
mbDirectCall FAIL (entry Nothing): e isLocal: true hasGlobalType: false
mbDirectCall FAIL (entry Nothing): f isLocal: true hasGlobalType: false
mbDirectCall FAIL (entry Nothing): g isLocal: true hasGlobalType: false
mbDirectCall FAIL (entry Nothing): spin isLocal: true hasGlobalType: false
mbDirectCall FAIL (entry Nothing): a isLocal: true hasGlobalType: false
mbDirectCall FAIL (entry Nothing): b isLocal: true hasGlobalType: false
mbDirectCall FAIL (entry Nothing): c isLocal: true hasGlobalType: false
mbDirectCall FAIL (entry Nothing): d isLocal: true hasGlobalType: false
mbDirectCall FAIL (entry Nothing): e isLocal: true hasGlobalType: false
mbDirectCall FAIL (entry Nothing): f isLocal: true hasGlobalType: false
mbDirectCall FAIL (entry Nothing): spin isLocal: true hasGlobalType: false
mbDirectCall FAIL (entry Nothing): a isLocal: true hasGlobalType: false
mbDirectCall FAIL (entry Nothing): b isLocal: true hasGlobalType: false
mbDirectCall FAIL (entry Nothing): c isLocal: true hasGlobalType: false
mbDirectCall FAIL (entry Nothing): d isLocal: true hasGlobalType: false
mbDirectCall FAIL (entry Nothing): e isLocal: true hasGlobalType: false
mbDirectCall FAIL (entry Nothing): spin isLocal: true hasGlobalType: false
mbDirectCall FAIL (entry Nothing): a isLocal: true hasGlobalType: false
mbDirectCall FAIL (entry Nothing): b isLocal: true hasGlobalType: false
mbDirectCall FAIL (entry Nothing): c isLocal: true hasGlobalType: false
mbDirectCall FAIL (entry Nothing): d isLocal: true hasGlobalType: false
mbDirectCall FAIL (entry Nothing): spin isLocal: true hasGlobalType: false
mbDirectCall FAIL (entry Nothing): a isLocal: true hasGlobalType: false
mbDirectCall FAIL (entry Nothing): b isLocal: true hasGlobalType: false
mbDirectCall FAIL (entry Nothing): c isLocal: true hasGlobalType: false
mbDirectCall FAIL (entry Nothing): spin isLocal: true hasGlobalType: false
mbDirectCall FAIL (entry Nothing): a isLocal: true hasGlobalType: false
mbDirectCall FAIL (entry Nothing): b isLocal: true hasGlobalType: false
mbDirectCall FAIL (entry Nothing): spin isLocal: true hasGlobalType: false
mbDirectCall FAIL (entry Nothing): a isLocal: true hasGlobalType: false
mbDirectCall FAIL (entry Nothing): b isLocal: true hasGlobalType: false
mbDirectCall FAIL (entry Nothing): c isLocal: true hasGlobalType: false
mbDirectCall FAIL (entry Nothing): d isLocal: true hasGlobalType: false
mbDirectCall FAIL (entry Nothing): e isLocal: true hasGlobalType: false
mbDirectCall FAIL (entry Nothing): f isLocal: true hasGlobalType: false
mbDirectCall FAIL (entry Nothing): g isLocal: true hasGlobalType: false
mbDirectCall FAIL (entry Nothing): h isLocal: true hasGlobalType: false
mbDirectCall FAIL (entry Nothing): i isLocal: true hasGlobalType: false
mbDirectCall FAIL (entry Nothing): j isLocal: true hasGlobalType: false
mbDirectCall FAIL (entry Nothing): spin isLocal: true hasGlobalType: false
mbDirectCall FAIL (entry Nothing): spin isLocal: true hasGlobalType: false
mbDirectCall FAIL (entry Nothing): f isLocal: true hasGlobalType: false
mbDirectCall FAIL (entry Nothing): f isLocal: true hasGlobalType: false
mbDirectCall FAIL (entry Nothing): f isLocal: true hasGlobalType: false
mbDirectCall FAIL (entry Nothing): f isLocal: true hasGlobalType: false
mbDirectCall FAIL (entry Nothing): f isLocal: true hasGlobalType: false
mbDirectCall FAIL (entry Nothing): f isLocal: true hasGlobalType: false
mbDirectCall FAIL (entry Nothing): f isLocal: true hasGlobalType: false
mbDirectCall FAIL (entry Nothing): f isLocal: true hasGlobalType: false
mbDirectCall FAIL (entry Nothing): f isLocal: true hasGlobalType: false
mbDirectCall FAIL (entry Nothing): f isLocal: true hasGlobalType: false
mbDirectCall match: ordIntImpl argsLen: 3 arity: 5
mbDirectCall FAIL (entry Nothing): Local_Nothing isLocal: true hasGlobalType: false
mbDirectCall match: ordIntImpl argsLen: 3 arity: 5
mbDirectCall FAIL (entry Nothing): Local_Nothing isLocal: true hasGlobalType: false
mbDirectCall FAIL (entry Nothing): Accessor isLocal: true hasGlobalType: false
mbDirectCall FAIL (entry Nothing): Local_Nothing isLocal: true hasGlobalType: false
mbDirectCall FAIL (entry Nothing): Accessor isLocal: true hasGlobalType: false
mbDirectCall FAIL (entry Nothing): Accessor isLocal: true hasGlobalType: false
mbDirectCall FAIL (entry Nothing): Local_Nothing isLocal: true hasGlobalType: false
mbDirectCall FAIL (entry Nothing): Accessor isLocal: true hasGlobalType: false
mbDirectCall FAIL (entry Nothing): Accessor isLocal: true hasGlobalType: false
mbDirectCall FAIL (entry Nothing): Accessor isLocal: true hasGlobalType: false
mbDirectCall FAIL (entry Nothing): Local_Nothing isLocal: true hasGlobalType: false
mbDirectCall FAIL (entry Nothing): Accessor isLocal: true hasGlobalType: false
mbDirectCall FAIL (entry Nothing): Accessor isLocal: true hasGlobalType: false
mbDirectCall FAIL (entry Nothing): Accessor isLocal: true hasGlobalType: false
mbDirectCall FAIL (entry Nothing): Accessor isLocal: true hasGlobalType: false
mbDirectCall FAIL (entry Nothing): Accessor isLocal: true hasGlobalType: false
mbDirectCall FAIL (entry Nothing): Accessor isLocal: true hasGlobalType: false
mbDirectCall FAIL (entry Nothing): Accessor isLocal: true hasGlobalType: false
mbDirectCall FAIL (entry Nothing): Accessor isLocal: true hasGlobalType: false
mbDirectCall FAIL (entry Nothing): Accessor isLocal: true hasGlobalType: false
mbDirectCall FAIL (entry Nothing): Accessor isLocal: true hasGlobalType: false
mbDirectCall FAIL (entry Nothing): Accessor isLocal: true hasGlobalType: false
mbDirectCall FAIL (entry Nothing): Accessor isLocal: true hasGlobalType: false
mbDirectCall FAIL (entry Nothing): Accessor isLocal: true hasGlobalType: false
mbDirectCall FAIL (entry Nothing): Accessor isLocal: true hasGlobalType: false
mbDirectCall FAIL (entry Nothing): Accessor isLocal: true hasGlobalType: false
mbDirectCall FAIL (entry Nothing): Accessor isLocal: true hasGlobalType: false
mbDirectCall FAIL (entry Nothing): Accessor isLocal: true hasGlobalType: false
mbDirectCall FAIL (entry Nothing): Accessor isLocal: true hasGlobalType: false
mbDirectCall FAIL (entry Nothing): Accessor isLocal: true hasGlobalType: false
mbDirectCall FAIL (entry Nothing): Accessor isLocal: true hasGlobalType: false
mbDirectCall FAIL (entry Nothing): Accessor isLocal: true hasGlobalType: false
mbDirectCall FAIL (entry Nothing): Accessor isLocal: true hasGlobalType: false
mbDirectCall FAIL (entry Nothing): Accessor isLocal: true hasGlobalType: false
mbDirectCall FAIL (entry Nothing): Accessor isLocal: true hasGlobalType: false
mbDirectCall FAIL (entry Nothing): Accessor isLocal: true hasGlobalType: false
mbDirectCall FAIL (entry Nothing): Accessor isLocal: true hasGlobalType: false
mbDirectCall FAIL (entry Nothing): Accessor isLocal: true hasGlobalType: false
mbDirectCall FAIL (entry Nothing): Accessor isLocal: true hasGlobalType: false
mbDirectCall FAIL (entry Nothing): Accessor isLocal: true hasGlobalType: false
mbDirectCall match: greaterThanOrEq argsLen: 2 arity: 0
mbDirectCall match: lessThan argsLen: 2 arity: 0
mbDirectCall FAIL (entry Nothing): Accessor isLocal: true hasGlobalType: false
mbDirectCall FAIL (entry Nothing): Accessor isLocal: true hasGlobalType: false
mbDirectCall FAIL (entry Nothing): Accessor isLocal: true hasGlobalType: false
mbDirectCall FAIL (entry Nothing): Accessor isLocal: true hasGlobalType: false
mbDirectCall FAIL (entry Nothing): Accessor isLocal: true hasGlobalType: false
mbDirectCall FAIL (entry Nothing): Accessor isLocal: true hasGlobalType: false
mbDirectCall FAIL (entry Nothing): Accessor isLocal: true hasGlobalType: false
mbDirectCall FAIL (entry Nothing): Accessor isLocal: true hasGlobalType: false
mbDirectCall FAIL (entry Nothing): Accessor isLocal: true hasGlobalType: false
mbDirectCall FAIL (entry Nothing): Accessor isLocal: true hasGlobalType: false
mbDirectCall FAIL (entry Nothing): Accessor isLocal: true hasGlobalType: false
mbDirectCall FAIL (entry Nothing): Accessor isLocal: true hasGlobalType: false
mbDirectCall FAIL (entry Nothing): Accessor isLocal: true hasGlobalType: false
mbDirectCall FAIL (entry Nothing): Accessor isLocal: true hasGlobalType: false
mbDirectCall FAIL (entry Nothing): Accessor isLocal: true hasGlobalType: false
mbDirectCall FAIL (entry Nothing): Accessor isLocal: true hasGlobalType: false
mbDirectCall FAIL (entry Nothing): Accessor isLocal: true hasGlobalType: false
mbDirectCall FAIL (entry Nothing): Accessor isLocal: true hasGlobalType: false
mbDirectCall FAIL (entry Nothing): Accessor isLocal: true hasGlobalType: false
mbDirectCall FAIL (entry Nothing): Accessor isLocal: true hasGlobalType: false
mbDirectCall FAIL (entry Nothing): Accessor isLocal: true hasGlobalType: false
mbDirectCall FAIL (entry Nothing): Accessor isLocal: true hasGlobalType: false
mbDirectCall FAIL (entry Nothing): Accessor isLocal: true hasGlobalType: false
mbDirectCall FAIL (entry Nothing): Accessor isLocal: true hasGlobalType: false
mbDirectCall FAIL (entry Nothing): Accessor isLocal: true hasGlobalType: false
mbDirectCall FAIL (entry Nothing): Accessor isLocal: true hasGlobalType: false
mbDirectCall FAIL (entry Nothing): Accessor isLocal: true hasGlobalType: false
mbDirectCall FAIL (entry Nothing): Accessor isLocal: true hasGlobalType: false
mbDirectCall FAIL (entry Nothing): a isLocal: true hasGlobalType: false
mbDirectCall FAIL (entry Nothing): b isLocal: true hasGlobalType: false
mbDirectCall FAIL (entry Nothing): c isLocal: true hasGlobalType: false
mbDirectCall FAIL (entry Nothing): d isLocal: true hasGlobalType: false
mbDirectCall FAIL (entry Nothing): e isLocal: true hasGlobalType: false
mbDirectCall FAIL (entry Nothing): f isLocal: true hasGlobalType: false
mbDirectCall FAIL (entry Nothing): g isLocal: true hasGlobalType: false
mbDirectCall FAIL (entry Nothing): h isLocal: true hasGlobalType: false
mbDirectCall FAIL (entry Nothing): i isLocal: true hasGlobalType: false
mbDirectCall FAIL (entry Nothing): spin isLocal: true hasGlobalType: false
mbDirectCall FAIL (entry Nothing): a isLocal: true hasGlobalType: false
mbDirectCall FAIL (entry Nothing): b isLocal: true hasGlobalType: false
mbDirectCall FAIL (entry Nothing): c isLocal: true hasGlobalType: false
mbDirectCall FAIL (entry Nothing): d isLocal: true hasGlobalType: false
mbDirectCall FAIL (entry Nothing): e isLocal: true hasGlobalType: false
mbDirectCall FAIL (entry Nothing): f isLocal: true hasGlobalType: false
mbDirectCall FAIL (entry Nothing): g isLocal: true hasGlobalType: false
mbDirectCall FAIL (entry Nothing): h isLocal: true hasGlobalType: false
mbDirectCall FAIL (entry Nothing): spin isLocal: true hasGlobalType: false
mbDirectCall FAIL (entry Nothing): a isLocal: true hasGlobalType: false
mbDirectCall FAIL (entry Nothing): b isLocal: true hasGlobalType: false
mbDirectCall FAIL (entry Nothing): c isLocal: true hasGlobalType: false
mbDirectCall FAIL (entry Nothing): d isLocal: true hasGlobalType: false
mbDirectCall FAIL (entry Nothing): e isLocal: true hasGlobalType: false
mbDirectCall FAIL (entry Nothing): f isLocal: true hasGlobalType: false
mbDirectCall FAIL (entry Nothing): g isLocal: true hasGlobalType: false
mbDirectCall FAIL (entry Nothing): spin isLocal: true hasGlobalType: false
mbDirectCall FAIL (entry Nothing): a isLocal: true hasGlobalType: false
mbDirectCall FAIL (entry Nothing): b isLocal: true hasGlobalType: false
mbDirectCall FAIL (entry Nothing): c isLocal: true hasGlobalType: false
mbDirectCall FAIL (entry Nothing): d isLocal: true hasGlobalType: false
mbDirectCall FAIL (entry Nothing): e isLocal: true hasGlobalType: false
mbDirectCall FAIL (entry Nothing): f isLocal: true hasGlobalType: false
mbDirectCall FAIL (entry Nothing): spin isLocal: true hasGlobalType: false
mbDirectCall FAIL (entry Nothing): a isLocal: true hasGlobalType: false
mbDirectCall FAIL (entry Nothing): b isLocal: true hasGlobalType: false
mbDirectCall FAIL (entry Nothing): c isLocal: true hasGlobalType: false
mbDirectCall FAIL (entry Nothing): d isLocal: true hasGlobalType: false
mbDirectCall FAIL (entry Nothing): e isLocal: true hasGlobalType: false
mbDirectCall FAIL (entry Nothing): spin isLocal: true hasGlobalType: false
mbDirectCall FAIL (entry Nothing): a isLocal: true hasGlobalType: false
mbDirectCall FAIL (entry Nothing): b isLocal: true hasGlobalType: false
mbDirectCall FAIL (entry Nothing): c isLocal: true hasGlobalType: false
mbDirectCall FAIL (entry Nothing): d isLocal: true hasGlobalType: false
mbDirectCall FAIL (entry Nothing): spin isLocal: true hasGlobalType: false
mbDirectCall FAIL (entry Nothing): a isLocal: true hasGlobalType: false
mbDirectCall FAIL (entry Nothing): b isLocal: true hasGlobalType: false
mbDirectCall FAIL (entry Nothing): c isLocal: true hasGlobalType: false
mbDirectCall FAIL (entry Nothing): spin isLocal: true hasGlobalType: false
mbDirectCall FAIL (entry Nothing): a isLocal: true hasGlobalType: false
mbDirectCall FAIL (entry Nothing): b isLocal: true hasGlobalType: false
mbDirectCall FAIL (entry Nothing): spin isLocal: true hasGlobalType: false
mbDirectCall FAIL (entry Nothing): a isLocal: true hasGlobalType: false
mbDirectCall FAIL (entry Nothing): b isLocal: true hasGlobalType: false
mbDirectCall FAIL (entry Nothing): c isLocal: true hasGlobalType: false
mbDirectCall FAIL (entry Nothing): d isLocal: true hasGlobalType: false
mbDirectCall FAIL (entry Nothing): e isLocal: true hasGlobalType: false
mbDirectCall FAIL (entry Nothing): f isLocal: true hasGlobalType: false
mbDirectCall FAIL (entry Nothing): g isLocal: true hasGlobalType: false
mbDirectCall FAIL (entry Nothing): h isLocal: true hasGlobalType: false
mbDirectCall FAIL (entry Nothing): i isLocal: true hasGlobalType: false
mbDirectCall FAIL (entry Nothing): j isLocal: true hasGlobalType: false
mbDirectCall FAIL (entry Nothing): spin isLocal: true hasGlobalType: false
mbDirectCall FAIL (entry Nothing): spin isLocal: true hasGlobalType: false
mbDirectCall FAIL (entry Nothing): f isLocal: true hasGlobalType: false
mbDirectCall FAIL (entry Nothing): f isLocal: true hasGlobalType: false
mbDirectCall FAIL (entry Nothing): f isLocal: true hasGlobalType: false
mbDirectCall FAIL (entry Nothing): f isLocal: true hasGlobalType: false
mbDirectCall FAIL (entry Nothing): f isLocal: true hasGlobalType: false
mbDirectCall FAIL (entry Nothing): f isLocal: true hasGlobalType: false
mbDirectCall FAIL (entry Nothing): f isLocal: true hasGlobalType: false
mbDirectCall FAIL (entry Nothing): f isLocal: true hasGlobalType: false
mbDirectCall FAIL (entry Nothing): f isLocal: true hasGlobalType: false
mbDirectCall FAIL (entry Nothing): f isLocal: true hasGlobalType: false
mbDirectCall FAIL (entry Nothing): Accessor isLocal: true hasGlobalType: false
mbDirectCall FAIL (entry Nothing): Accessor isLocal: true hasGlobalType: false
mbDirectCall FAIL (entry Nothing): Accessor isLocal: true hasGlobalType: false
mbDirectCall FAIL (entry Nothing): Accessor isLocal: true hasGlobalType: false
mbDirectCall FAIL (entry Nothing): Accessor isLocal: true hasGlobalType: false
mbDirectCall FAIL (entry Nothing): Accessor isLocal: true hasGlobalType: false
mbDirectCall FAIL (entry Nothing): Accessor isLocal: true hasGlobalType: false
mbDirectCall FAIL (entry Nothing): Accessor isLocal: true hasGlobalType: false
mbDirectCall FAIL (entry Nothing): Accessor isLocal: true hasGlobalType: false
mbDirectCall FAIL (entry Nothing): Accessor isLocal: true hasGlobalType: false
mbDirectCall FAIL (entry Nothing): Accessor isLocal: true hasGlobalType: false
mbDirectCall FAIL (entry Nothing): Accessor isLocal: true hasGlobalType: false
mbDirectCall FAIL (entry Nothing): Accessor isLocal: true hasGlobalType: false
mbDirectCall FAIL (entry Nothing): Accessor isLocal: true hasGlobalType: false
mbDirectCall FAIL (entry Nothing): Accessor isLocal: true hasGlobalType: false
mbDirectCall FAIL (entry Nothing): Accessor isLocal: true hasGlobalType: false
mbDirectCall FAIL (entry Nothing): Accessor isLocal: true hasGlobalType: false
mbDirectCall FAIL (entry Nothing): Accessor isLocal: true hasGlobalType: false
mbDirectCall FAIL (entry Nothing): Accessor isLocal: true hasGlobalType: false
mbDirectCall FAIL (entry Nothing): Accessor isLocal: true hasGlobalType: false
mbDirectCall FAIL (entry Nothing): Accessor isLocal: true hasGlobalType: false
mbDirectCall FAIL (entry Nothing): Accessor isLocal: true hasGlobalType: false
mbDirectCall FAIL (entry Nothing): Accessor isLocal: true hasGlobalType: false
mbDirectCall FAIL (entry Nothing): Accessor isLocal: true hasGlobalType: false
mbDirectCall FAIL (entry Nothing): Accessor isLocal: true hasGlobalType: false
mbDirectCall FAIL (entry Nothing): Accessor isLocal: true hasGlobalType: false
mbDirectCall FAIL (entry Nothing): Accessor isLocal: true hasGlobalType: false
mbDirectCall FAIL (entry Nothing): Accessor isLocal: true hasGlobalType: false
mbDirectCall FAIL (entry Nothing): Accessor isLocal: true hasGlobalType: false
mbDirectCall FAIL (entry Nothing): Accessor isLocal: true hasGlobalType: false
mbDirectCall FAIL (entry Nothing): Accessor isLocal: true hasGlobalType: false
mbDirectCall FAIL (entry Nothing): Accessor isLocal: true hasGlobalType: false
mbDirectCall FAIL (entry Nothing): Accessor isLocal: true hasGlobalType: false
mbDirectCall FAIL (entry Nothing): f isLocal: true hasGlobalType: false
mbDirectCall FAIL (entry Nothing): f isLocal: true hasGlobalType: false
mbDirectCall FAIL (entry Nothing): f isLocal: true hasGlobalType: false
mbDirectCall FAIL (entry Nothing): reverseUnrolledMap isLocal: true hasGlobalType: false
mbDirectCall FAIL (entry Nothing): f isLocal: true hasGlobalType: false
mbDirectCall FAIL (entry Nothing): f isLocal: true hasGlobalType: false
mbDirectCall FAIL (entry Nothing): f isLocal: true hasGlobalType: false
mbDirectCall FAIL (entry Nothing): chunkedRevMap isLocal: true hasGlobalType: false
mbDirectCall FAIL (entry Nothing): f isLocal: true hasGlobalType: false
mbDirectCall FAIL (entry Nothing): f isLocal: true hasGlobalType: false
mbDirectCall FAIL (entry Nothing): f isLocal: true hasGlobalType: false
mbDirectCall FAIL (entry Nothing): reverseUnrolledMap isLocal: true hasGlobalType: false
mbDirectCall FAIL (entry Nothing): f isLocal: true hasGlobalType: false
mbDirectCall FAIL (entry Nothing): f isLocal: true hasGlobalType: false
mbDirectCall FAIL (entry Nothing): f isLocal: true hasGlobalType: false
mbDirectCall FAIL (entry Nothing): chunkedRevMap isLocal: true hasGlobalType: false
mbDirectCall FAIL (entry Nothing): f isLocal: true hasGlobalType: false
mbDirectCall FAIL (entry Nothing): Accessor isLocal: true hasGlobalType: false
mbDirectCall FAIL (entry Nothing): Accessor isLocal: true hasGlobalType: false
mbDirectCall FAIL (entry Nothing): Accessor isLocal: true hasGlobalType: false
mbDirectCall FAIL (entry Nothing): Accessor isLocal: true hasGlobalType: false
mbDirectCall FAIL (entry Nothing): Local_Nothing isLocal: true hasGlobalType: false
mbDirectCall FAIL (entry Nothing): f isLocal: true hasGlobalType: false
mbDirectCall FAIL (entry Nothing): f isLocal: true hasGlobalType: false
mbDirectCall FAIL (entry Nothing): Accessor isLocal: true hasGlobalType: false
mbDirectCall FAIL (entry Nothing): f isLocal: true hasGlobalType: false
mbDirectCall FAIL (entry Nothing): go isLocal: true hasGlobalType: false
mbDirectCall FAIL (entry Nothing): Local_Nothing isLocal: true hasGlobalType: false
mbDirectCall FAIL (entry Nothing): Local_Nothing isLocal: true hasGlobalType: false
mbDirectCall FAIL (entry Nothing): Accessor isLocal: true hasGlobalType: false
mbDirectCall FAIL (entry Nothing): Accessor isLocal: true hasGlobalType: false
mbDirectCall FAIL (entry Nothing): Accessor isLocal: true hasGlobalType: false
mbDirectCall FAIL (entry Nothing): Accessor isLocal: true hasGlobalType: false
mbDirectCall FAIL (entry Nothing): Accessor isLocal: true hasGlobalType: false
mbDirectCall FAIL (entry Nothing): Accessor isLocal: true hasGlobalType: false
mbDirectCall FAIL (entry Nothing): Accessor isLocal: true hasGlobalType: false
mbDirectCall FAIL (entry Nothing): f isLocal: true hasGlobalType: false
mbDirectCall FAIL (entry Nothing): foldMap1 isLocal: true hasGlobalType: false
mbDirectCall FAIL (entry Nothing): Accessor isLocal: true hasGlobalType: false
mbDirectCall FAIL (entry Nothing): f isLocal: true hasGlobalType: false
mbDirectCall FAIL (entry Nothing): f isLocal: true hasGlobalType: false
mbDirectCall FAIL (entry Nothing): Accessor isLocal: true hasGlobalType: false
mbDirectCall FAIL (entry Nothing): Accessor isLocal: true hasGlobalType: false
mbDirectCall FAIL (entry Nothing): Accessor isLocal: true hasGlobalType: false
mbDirectCall FAIL (entry Nothing): Accessor isLocal: true hasGlobalType: false
mbDirectCall FAIL (entry Nothing): f isLocal: true hasGlobalType: false
mbDirectCall FAIL (entry Nothing): Local_Nothing isLocal: true hasGlobalType: false
mbDirectCall FAIL (entry Nothing): Local_Nothing isLocal: true hasGlobalType: false
mbDirectCall FAIL (entry Nothing): Accessor isLocal: true hasGlobalType: false
mbDirectCall FAIL (entry Nothing): f isLocal: true hasGlobalType: false
mbDirectCall FAIL (entry Nothing): Local_Nothing isLocal: true hasGlobalType: false
mbDirectCall FAIL (entry Nothing): Accessor isLocal: true hasGlobalType: false
mbDirectCall FAIL (entry Nothing): Accessor isLocal: true hasGlobalType: false
mbDirectCall FAIL (entry Nothing): f isLocal: true hasGlobalType: false
mbDirectCall match: foldableWithIndexNonEmpty argsLen: 1 arity: 1
mbDirectCall FAIL (entry Nothing): Accessor isLocal: true hasGlobalType: false
mbDirectCall FAIL (entry Nothing): foldMapWithIndex1 isLocal: true hasGlobalType: false
mbDirectCall FAIL (entry Nothing): f isLocal: true hasGlobalType: false
mbDirectCall FAIL (entry Nothing): Accessor isLocal: true hasGlobalType: false
mbDirectCall FAIL (entry Nothing): f isLocal: true hasGlobalType: false
mbDirectCall FAIL (entry Nothing): Accessor isLocal: true hasGlobalType: false
mbDirectCall FAIL (entry Nothing): f isLocal: true hasGlobalType: false
mbDirectCall FAIL (entry Nothing): Accessor isLocal: true hasGlobalType: false
mbDirectCall FAIL (entry Nothing): f isLocal: true hasGlobalType: false
mbDirectCall FAIL (entry Nothing): f isLocal: true hasGlobalType: false
mbDirectCall FAIL (entry Nothing): Accessor isLocal: true hasGlobalType: false
mbDirectCall FAIL (entry Nothing): f isLocal: true hasGlobalType: false
mbDirectCall match: mapWithIndex argsLen: 2 arity: 2
mbDirectCall FAIL (entry Nothing): fn isLocal: true hasGlobalType: false
mbDirectCall FAIL (entry Nothing): Accessor isLocal: true hasGlobalType: false
mbDirectCall FAIL (entry Nothing): Accessor isLocal: true hasGlobalType: false
mbDirectCall FAIL (entry Nothing): Accessor isLocal: true hasGlobalType: false
mbDirectCall FAIL (entry Nothing): Accessor isLocal: true hasGlobalType: false
mbDirectCall match: intercalate argsLen: 2 arity: 0
mbDirectCall FAIL (entry Nothing): Accessor isLocal: true hasGlobalType: false
mbDirectCall FAIL (entry Nothing): Accessor isLocal: true hasGlobalType: false
mbDirectCall FAIL (entry Nothing): Accessor isLocal: true hasGlobalType: false
mbDirectCall FAIL (entry Nothing): Accessor isLocal: true hasGlobalType: false
mbDirectCall match: showNonEmpty argsLen: 2 arity: 2
mbDirectCall match: showList argsLen: 1 arity: 1
mbDirectCall FAIL (entry Nothing): Accessor isLocal: true hasGlobalType: false
mbDirectCall FAIL (entry Nothing): Accessor isLocal: true hasGlobalType: false
mbDirectCall FAIL (entry Nothing): Accessor isLocal: true hasGlobalType: false
mbDirectCall FAIL (entry Nothing): Accessor isLocal: true hasGlobalType: false
mbDirectCall FAIL (entry Nothing): Accessor isLocal: true hasGlobalType: false
mbDirectCall FAIL (entry Nothing): Accessor isLocal: true hasGlobalType: false
mbDirectCall FAIL (entry Nothing): Accessor isLocal: true hasGlobalType: false
mbDirectCall FAIL (entry Nothing): Accessor isLocal: true hasGlobalType: false
mbDirectCall FAIL (entry Nothing): Accessor isLocal: true hasGlobalType: false
mbDirectCall FAIL (entry Nothing): f isLocal: true hasGlobalType: false
mbDirectCall FAIL (entry Nothing): Accessor isLocal: true hasGlobalType: false
mbDirectCall FAIL (entry Nothing): Local_Nothing isLocal: true hasGlobalType: false
mbDirectCall FAIL (entry Nothing): Local_Nothing isLocal: true hasGlobalType: false
mbDirectCall match: traversableNonEmpty argsLen: 1 arity: 1
mbDirectCall FAIL (entry Nothing): Accessor isLocal: true hasGlobalType: false
mbDirectCall FAIL (entry Nothing): Accessor isLocal: true hasGlobalType: false
mbDirectCall FAIL (entry Nothing): Accessor isLocal: true hasGlobalType: false
mbDirectCall FAIL (entry Nothing): Accessor isLocal: true hasGlobalType: false
mbDirectCall FAIL (entry Nothing): Accessor isLocal: true hasGlobalType: false
mbDirectCall FAIL (entry Nothing): f isLocal: true hasGlobalType: false
mbDirectCall FAIL (entry Nothing): Accessor isLocal: true hasGlobalType: false
mbDirectCall FAIL (entry Nothing): Accessor isLocal: true hasGlobalType: false
mbDirectCall FAIL (entry Nothing): Accessor isLocal: true hasGlobalType: false
mbDirectCall FAIL (entry Nothing): Local_Nothing isLocal: true hasGlobalType: false
mbDirectCall FAIL (entry Nothing): Accessor isLocal: true hasGlobalType: false
mbDirectCall FAIL (entry Nothing): Local_Nothing isLocal: true hasGlobalType: false
mbDirectCall FAIL (entry Nothing): Local_Nothing isLocal: true hasGlobalType: false
mbDirectCall match: traversableWithIndexNonEmpty argsLen: 1 arity: 1
mbDirectCall match: traverseWithIndex argsLen: 1 arity: 0
mbDirectCall FAIL (entry Nothing): Accessor isLocal: true hasGlobalType: false
mbDirectCall FAIL (entry Nothing): Accessor isLocal: true hasGlobalType: false
mbDirectCall FAIL (entry Nothing): Accessor isLocal: true hasGlobalType: false
mbDirectCall FAIL (entry Nothing): traverseWithIndex1 isLocal: true hasGlobalType: false
mbDirectCall FAIL (entry Nothing): f isLocal: true hasGlobalType: false
mbDirectCall FAIL (entry Nothing): f isLocal: true hasGlobalType: false
mbDirectCall FAIL (entry Nothing): Accessor isLocal: true hasGlobalType: false
mbDirectCall FAIL (entry Nothing): go isLocal: true hasGlobalType: false
mbDirectCall FAIL (entry Nothing): f isLocal: true hasGlobalType: false
mbDirectCall FAIL (entry Nothing): Accessor isLocal: true hasGlobalType: false
mbDirectCall FAIL (entry Nothing): go isLocal: true hasGlobalType: false
mbDirectCall match: unfoldable1NonEmpty argsLen: 1 arity: 1
mbDirectCall match: foldable1NonEmpty argsLen: 1 arity: 1
mbDirectCall FAIL (entry Nothing): f isLocal: true hasGlobalType: false
mbDirectCall FAIL (entry Nothing): Accessor isLocal: true hasGlobalType: false
mbDirectCall FAIL (entry Nothing): f isLocal: true hasGlobalType: false
mbDirectCall FAIL (entry Nothing): v isLocal: true hasGlobalType: false
mbDirectCall FAIL (entry Nothing): Accessor isLocal: true hasGlobalType: false
mbDirectCall FAIL (entry Nothing): v isLocal: true hasGlobalType: false
mbDirectCall FAIL (entry Nothing): go isLocal: true hasGlobalType: false
mbDirectCall FAIL (entry Nothing): Accessor isLocal: true hasGlobalType: false
mbDirectCall FAIL (entry Nothing): Accessor isLocal: true hasGlobalType: false
mbDirectCall FAIL (entry Nothing): go isLocal: true hasGlobalType: false
mbDirectCall match: eqNonEmpty argsLen: 2 arity: 2
mbDirectCall FAIL (entry Nothing): Accessor isLocal: true hasGlobalType: false
mbDirectCall match: eqNonEmpty argsLen: 2 arity: 2
mbDirectCall FAIL (entry Nothing): Accessor isLocal: true hasGlobalType: false
mbDirectCall FAIL (entry Nothing): go isLocal: true hasGlobalType: false
mbDirectCall match: ordNonEmpty argsLen: 1 arity: 2
mbDirectCall match: ord1NonEmpty argsLen: 1 arity: 1
mbDirectCall FAIL (entry Nothing): Accessor isLocal: true hasGlobalType: false
mbDirectCall FAIL (entry Nothing): Accessor isLocal: true hasGlobalType: false
mbDirectCall FAIL (entry Nothing): Accessor isLocal: true hasGlobalType: false
mbDirectCall match: ordNonEmpty argsLen: 1 arity: 0
mbDirectCall FAIL (entry Nothing): Accessor isLocal: true hasGlobalType: false
mbDirectCall FAIL (entry Nothing): Accessor isLocal: true hasGlobalType: false
mbDirectCall FAIL (entry Nothing): Accessor isLocal: true hasGlobalType: false
mbDirectCall FAIL (entry Nothing): Accessor isLocal: true hasGlobalType: false
mbDirectCall FAIL (entry Nothing): Accessor isLocal: true hasGlobalType: false
mbDirectCall FAIL (entry Nothing): Accessor isLocal: true hasGlobalType: false
mbDirectCall FAIL (entry Nothing): Accessor isLocal: true hasGlobalType: false
mbDirectCall FAIL (entry Nothing): Accessor isLocal: true hasGlobalType: false
mbDirectCall FAIL (entry Nothing): v1 isLocal: true hasGlobalType: false
mbDirectCall FAIL (entry Nothing): Accessor isLocal: true hasGlobalType: false
mbDirectCall FAIL (entry Nothing): f isLocal: true hasGlobalType: false
mbDirectCall FAIL (entry Nothing): Accessor isLocal: true hasGlobalType: false
mbDirectCall FAIL (entry Nothing): Accessor isLocal: true hasGlobalType: false
mbDirectCall FAIL (entry Nothing): f isLocal: true hasGlobalType: false
mbDirectCall FAIL (entry Nothing): Accessor isLocal: true hasGlobalType: false
mbDirectCall FAIL (entry Nothing): Accessor isLocal: true hasGlobalType: false
mbDirectCall FAIL (entry Nothing): Accessor isLocal: true hasGlobalType: false
mbDirectCall FAIL (entry Nothing): Accessor isLocal: true hasGlobalType: false
mbDirectCall FAIL (entry Nothing): Accessor isLocal: true hasGlobalType: false
mbDirectCall FAIL (entry Nothing): Accessor isLocal: true hasGlobalType: false
mbDirectCall FAIL (entry Nothing): Accessor isLocal: true hasGlobalType: false
mbDirectCall FAIL (entry Nothing): Accessor isLocal: true hasGlobalType: false
mbDirectCall FAIL (entry Nothing): Accessor isLocal: true hasGlobalType: false
mbDirectCall FAIL (entry Nothing): f isLocal: true hasGlobalType: false
mbDirectCall FAIL (entry Nothing): Accessor isLocal: true hasGlobalType: false
mbDirectCall FAIL (entry Nothing): f isLocal: true hasGlobalType: false
mbDirectCall match: fromZipper argsLen: 2 arity: 2
mbDirectCall match: fromZipper argsLen: 2 arity: 2
mbDirectCall FAIL (entry Nothing): up isLocal: true hasGlobalType: false
mbDirectCall FAIL (entry Nothing): comp isLocal: true hasGlobalType: false
mbDirectCall FAIL (entry Nothing): comp isLocal: true hasGlobalType: false
mbDirectCall FAIL (entry Nothing): comp isLocal: true hasGlobalType: false
mbDirectCall FAIL (entry Nothing): down isLocal: true hasGlobalType: false
mbDirectCall FAIL (entry Nothing): Accessor isLocal: true hasGlobalType: false
mbDirectCall FAIL (entry Nothing): f isLocal: true hasGlobalType: false
mbDirectCall match: ordIntImpl argsLen: 3 arity: 5
mbDirectCall FAIL (entry Nothing): Local_Nothing isLocal: true hasGlobalType: false
mbDirectCall match: ordIntImpl argsLen: 3 arity: 5
mbDirectCall FAIL (entry Nothing): Local_Nothing isLocal: true hasGlobalType: false
mbDirectCall FAIL (entry Nothing): Accessor isLocal: true hasGlobalType: false
mbDirectCall FAIL (entry Nothing): Accessor isLocal: true hasGlobalType: false
mbDirectCall FAIL (entry Nothing): Accessor isLocal: true hasGlobalType: false
mbDirectCall match: updateAt argsLen: 3 arity: 3
mbDirectCall FAIL (entry Nothing): Accessor isLocal: true hasGlobalType: false
mbDirectCall FAIL (entry Nothing): Accessor isLocal: true hasGlobalType: false
mbDirectCall FAIL (entry Nothing): Accessor isLocal: true hasGlobalType: false
mbDirectCall match: tailRecM2 argsLen: 3 arity: 3
mbDirectCall FAIL (entry Nothing): Accessor isLocal: true hasGlobalType: false
mbDirectCall FAIL (entry Nothing): v isLocal: true hasGlobalType: false
mbDirectCall match: span argsLen: 2 arity: 2
mbDirectCall FAIL (entry Nothing): v isLocal: true hasGlobalType: false
mbDirectCall match: span argsLen: 2 arity: 2
mbDirectCall FAIL (entry Nothing): Accessor isLocal: true hasGlobalType: false
mbDirectCall FAIL (entry Nothing): merge isLocal: true hasGlobalType: false
mbDirectCall FAIL (entry Nothing): Accessor isLocal: true hasGlobalType: false
mbDirectCall FAIL (entry Nothing): cmp isLocal: true hasGlobalType: false
mbDirectCall FAIL (entry Nothing): merge isLocal: true hasGlobalType: false
mbDirectCall FAIL (entry Nothing): merge isLocal: true hasGlobalType: false
mbDirectCall FAIL (entry Nothing): mergePairs isLocal: true hasGlobalType: false
mbDirectCall FAIL (entry Nothing): mergePairs isLocal: true hasGlobalType: false
mbDirectCall FAIL (entry Nothing): ascending isLocal: true hasGlobalType: false
mbDirectCall FAIL (entry Nothing): Accessor isLocal: true hasGlobalType: false
mbDirectCall FAIL (entry Nothing): cmp isLocal: true hasGlobalType: false
mbDirectCall FAIL (entry Nothing): descending isLocal: true hasGlobalType: false
mbDirectCall FAIL (entry Nothing): sequences isLocal: true hasGlobalType: false
mbDirectCall FAIL (entry Nothing): Accessor isLocal: true hasGlobalType: false
mbDirectCall FAIL (entry Nothing): cmp isLocal: true hasGlobalType: false
mbDirectCall FAIL (entry Nothing): descending isLocal: true hasGlobalType: false
mbDirectCall FAIL (entry Nothing): v1 isLocal: true hasGlobalType: false
mbDirectCall FAIL (entry Nothing): sequences isLocal: true hasGlobalType: false
mbDirectCall FAIL (entry Nothing): Accessor isLocal: true hasGlobalType: false
mbDirectCall FAIL (entry Nothing): Accessor isLocal: true hasGlobalType: false
mbDirectCall FAIL (entry Nothing): cmp isLocal: true hasGlobalType: false
mbDirectCall FAIL (entry Nothing): ascending isLocal: true hasGlobalType: false
mbDirectCall FAIL (entry Nothing): v1 isLocal: true hasGlobalType: false
mbDirectCall FAIL (entry Nothing): mergeAll isLocal: true hasGlobalType: false
mbDirectCall FAIL (entry Nothing): sequences isLocal: true hasGlobalType: false
mbDirectCall match: sortBy argsLen: 2 arity: 1
mbDirectCall FAIL (entry Nothing): Accessor isLocal: true hasGlobalType: false
mbDirectCall FAIL (entry Nothing): Accessor isLocal: true hasGlobalType: false
mbDirectCall FAIL (entry Nothing): Accessor isLocal: true hasGlobalType: false
mbDirectCall match: showList argsLen: 1 arity: 1
mbDirectCall FAIL (entry Nothing): go isLocal: true hasGlobalType: false
mbDirectCall match: lessThan argsLen: 2 arity: 0
mbDirectCall FAIL (entry Nothing): go isLocal: true hasGlobalType: false
mbDirectCall FAIL (entry Nothing): go isLocal: true hasGlobalType: false
mbDirectCall FAIL (entry Nothing): go isLocal: true hasGlobalType: false
mbDirectCall FAIL (entry Nothing): go isLocal: true hasGlobalType: false
mbDirectCall FAIL (entry Nothing): p isLocal: true hasGlobalType: false
mbDirectCall FAIL (entry Nothing): go isLocal: true hasGlobalType: false
mbDirectCall FAIL (entry Nothing): Accessor isLocal: true hasGlobalType: false
mbDirectCall FAIL (entry Nothing): go isLocal: true hasGlobalType: false
mbDirectCall FAIL (entry Nothing): go isLocal: true hasGlobalType: false
mbDirectCall FAIL (entry Nothing): f isLocal: true hasGlobalType: false
mbDirectCall FAIL (entry Nothing): go isLocal: true hasGlobalType: false
mbDirectCall FAIL (entry Nothing): go isLocal: true hasGlobalType: false
mbDirectCall FAIL (entry Nothing): go isLocal: true hasGlobalType: false
mbDirectCall FAIL (entry Nothing): go isLocal: true hasGlobalType: false
mbDirectCall FAIL (entry Nothing): Accessor isLocal: true hasGlobalType: false
mbDirectCall FAIL (entry Nothing): sequence1 isLocal: true hasGlobalType: false
mbDirectCall FAIL (entry Nothing): f isLocal: true hasGlobalType: false
mbDirectCall FAIL (entry Nothing): go isLocal: true hasGlobalType: false
mbDirectCall FAIL (entry Nothing): go isLocal: true hasGlobalType: false
mbDirectCall FAIL (entry Nothing): go isLocal: true hasGlobalType: false
mbDirectCall match: greaterThan argsLen: 2 arity: 0
mbDirectCall FAIL (entry Nothing): Accessor isLocal: true hasGlobalType: false
mbDirectCall FAIL (entry Nothing): p isLocal: true hasGlobalType: false
mbDirectCall match: insertAndLookupBy argsLen: 3 arity: 3
mbDirectCall FAIL (entry Nothing): go isLocal: true hasGlobalType: false
mbDirectCall FAIL (entry Nothing): go isLocal: true hasGlobalType: false
mbDirectCall FAIL (entry Nothing): Local_Nothing isLocal: true hasGlobalType: false
mbDirectCall match: nubBy argsLen: 1 arity: 1
mbDirectCall FAIL (entry Nothing): go isLocal: true hasGlobalType: false
mbDirectCall FAIL (entry Nothing): f isLocal: true hasGlobalType: false
mbDirectCall FAIL (entry Nothing): go isLocal: true hasGlobalType: false
mbDirectCall FAIL (entry Nothing): Accessor isLocal: true hasGlobalType: false
mbDirectCall FAIL (entry Nothing): Accessor isLocal: true hasGlobalType: false
mbDirectCall FAIL (entry Nothing): Accessor isLocal: true hasGlobalType: false
mbDirectCall FAIL (entry Nothing): Accessor isLocal: true hasGlobalType: false
mbDirectCall FAIL (entry Nothing): Accessor isLocal: true hasGlobalType: false
mbDirectCall FAIL (entry Nothing): Accessor isLocal: true hasGlobalType: false
mbDirectCall FAIL (entry Nothing): Accessor isLocal: true hasGlobalType: false
mbDirectCall FAIL (entry Nothing): Accessor isLocal: true hasGlobalType: false
mbDirectCall FAIL (entry Nothing): Accessor isLocal: true hasGlobalType: false
mbDirectCall FAIL (entry Nothing): Accessor isLocal: true hasGlobalType: false
mbDirectCall FAIL (entry Nothing): Accessor isLocal: true hasGlobalType: false
mbDirectCall FAIL (entry Nothing): Accessor isLocal: true hasGlobalType: false
mbDirectCall FAIL (entry Nothing): Accessor isLocal: true hasGlobalType: false
mbDirectCall FAIL (entry Nothing): go isLocal: true hasGlobalType: false
mbDirectCall match: manyRec argsLen: 2 arity: 2
mbDirectCall FAIL (entry Nothing): Accessor isLocal: true hasGlobalType: false
mbDirectCall FAIL (entry Nothing): Accessor isLocal: true hasGlobalType: false
mbDirectCall FAIL (entry Nothing): Accessor isLocal: true hasGlobalType: false
mbDirectCall FAIL (entry Nothing): Accessor isLocal: true hasGlobalType: false
mbDirectCall FAIL (entry Nothing): Accessor isLocal: true hasGlobalType: false
mbDirectCall FAIL (entry Nothing): Accessor isLocal: true hasGlobalType: false
mbDirectCall FAIL (entry Nothing): Accessor isLocal: true hasGlobalType: false
mbDirectCall FAIL (entry Nothing): manyRec2 isLocal: true hasGlobalType: false
mbDirectCall FAIL (entry Nothing): Accessor isLocal: true hasGlobalType: false
mbDirectCall FAIL (entry Nothing): Accessor isLocal: true hasGlobalType: false
mbDirectCall FAIL (entry Nothing): Accessor isLocal: true hasGlobalType: false
mbDirectCall FAIL (entry Nothing): Accessor isLocal: true hasGlobalType: false
mbDirectCall FAIL (entry Nothing): Accessor isLocal: true hasGlobalType: false
mbDirectCall FAIL (entry Nothing): Accessor isLocal: true hasGlobalType: false
mbDirectCall FAIL (entry Nothing): Accessor isLocal: true hasGlobalType: false
mbDirectCall FAIL (entry Nothing): Accessor isLocal: true hasGlobalType: false
mbDirectCall match: many argsLen: 3 arity: 3
mbDirectCall FAIL (entry Nothing): Accessor isLocal: true hasGlobalType: false
mbDirectCall FAIL (entry Nothing): Accessor isLocal: true hasGlobalType: false
mbDirectCall FAIL (entry Nothing): Accessor isLocal: true hasGlobalType: false
mbDirectCall match: some argsLen: 3 arity: 3
mbDirectCall FAIL (entry Nothing): Accessor isLocal: true hasGlobalType: false
mbDirectCall FAIL (entry Nothing): Accessor isLocal: true hasGlobalType: false
mbDirectCall FAIL (entry Nothing): Accessor isLocal: true hasGlobalType: false
mbDirectCall FAIL (entry Nothing): v isLocal: true hasGlobalType: false
mbDirectCall match: insertBy argsLen: 3 arity: 3
mbDirectCall FAIL (entry Nothing): Accessor isLocal: true hasGlobalType: false
mbDirectCall match: insertAt argsLen: 3 arity: 3
mbDirectCall match: insertBy argsLen: 1 arity: 3
mbDirectCall FAIL (entry Nothing): Accessor isLocal: true hasGlobalType: false
mbDirectCall match: unsnoc argsLen: 1 arity: 1
mbDirectCall FAIL (entry Nothing): go isLocal: true hasGlobalType: false
mbDirectCall FAIL (entry Nothing): go isLocal: true hasGlobalType: false
mbDirectCall match: transpose argsLen: 1 arity: 1
mbDirectCall FAIL (entry Nothing): go isLocal: true hasGlobalType: false
mbDirectCall FAIL (entry Nothing): go isLocal: true hasGlobalType: false
mbDirectCall match: span argsLen: 2 arity: 2
mbDirectCall FAIL (entry Nothing): v isLocal: true hasGlobalType: false
mbDirectCall match: groupBy argsLen: 2 arity: 2
mbDirectCall match: groupBy argsLen: 1 arity: 2
mbDirectCall FAIL (entry Nothing): Accessor isLocal: true hasGlobalType: false
mbDirectCall FAIL (entry Nothing): p isLocal: true hasGlobalType: false
mbDirectCall match: sortBy argsLen: 1 arity: 1
mbDirectCall FAIL (entry Nothing): Local_Nothing isLocal: true hasGlobalType: false
mbDirectCall FAIL (entry Nothing): Local_Nothing isLocal: true hasGlobalType: false
mbDirectCall match: groupBy argsLen: 1 arity: 2
mbDirectCall match: group argsLen: 1 arity: 1
mbDirectCall FAIL (entry Nothing): Accessor isLocal: true hasGlobalType: false
mbDirectCall FAIL (entry Nothing): Local_Nothing isLocal: true hasGlobalType: false
mbDirectCall match: sortBy argsLen: 2 arity: 1
mbDirectCall FAIL (entry Nothing): Accessor isLocal: true hasGlobalType: false
mbDirectCall FAIL (entry Nothing): Accessor isLocal: true hasGlobalType: false
mbDirectCall FAIL (entry Nothing): Accessor isLocal: true hasGlobalType: false
mbDirectCall FAIL (entry Nothing): Accessor isLocal: true hasGlobalType: false
mbDirectCall FAIL (entry Nothing): Accessor isLocal: true hasGlobalType: false
mbDirectCall FAIL (entry Nothing): v isLocal: true hasGlobalType: false
mbDirectCall match: foldM argsLen: 4 arity: 4
mbDirectCall FAIL (entry Nothing): fn isLocal: true hasGlobalType: false
mbDirectCall FAIL (entry Nothing): go isLocal: true hasGlobalType: false
mbDirectCall FAIL (entry Nothing): Accessor isLocal: true hasGlobalType: false
mbDirectCall match: length argsLen: 1 arity: 0
mbDirectCall FAIL (entry Nothing): fn isLocal: true hasGlobalType: false
mbDirectCall FAIL (entry Nothing): go isLocal: true hasGlobalType: false
mbDirectCall FAIL (entry Nothing): go isLocal: true hasGlobalType: false
mbDirectCall FAIL (entry Nothing): Accessor isLocal: true hasGlobalType: false
mbDirectCall FAIL (entry Nothing): Accessor isLocal: true hasGlobalType: false
mbDirectCall FAIL (entry Nothing): Accessor isLocal: true hasGlobalType: false
mbDirectCall FAIL (entry Nothing): Accessor isLocal: true hasGlobalType: false
mbDirectCall FAIL (entry Nothing): v isLocal: true hasGlobalType: false
mbDirectCall FAIL (entry Nothing): Accessor isLocal: true hasGlobalType: false
mbDirectCall match: filterM argsLen: 3 arity: 1
mbDirectCall FAIL (entry Nothing): Accessor isLocal: true hasGlobalType: false
mbDirectCall FAIL (entry Nothing): go isLocal: true hasGlobalType: false
mbDirectCall FAIL (entry Nothing): p isLocal: true hasGlobalType: false
mbDirectCall FAIL (entry Nothing): go isLocal: true hasGlobalType: false
mbDirectCall FAIL (entry Nothing): go isLocal: true hasGlobalType: false
mbDirectCall match: any argsLen: 2 arity: 0
mbDirectCall FAIL (entry Nothing): v isLocal: true hasGlobalType: false
mbDirectCall FAIL (entry Nothing): go isLocal: true hasGlobalType: false
mbDirectCall match: intersectBy argsLen: 1 arity: 3
mbDirectCall match: nubByEq argsLen: 2 arity: 2
mbDirectCall FAIL (entry Nothing): go isLocal: true hasGlobalType: false
mbDirectCall FAIL (entry Nothing): Accessor isLocal: true hasGlobalType: false
mbDirectCall FAIL (entry Nothing): v isLocal: true hasGlobalType: false
mbDirectCall FAIL (entry Nothing): go isLocal: true hasGlobalType: false
mbDirectCall match: nubByEq argsLen: 1 arity: 2
mbDirectCall FAIL (entry Nothing): Accessor isLocal: true hasGlobalType: false
mbDirectCall FAIL (entry Nothing): Accessor isLocal: true hasGlobalType: false
mbDirectCall FAIL (entry Nothing): Accessor isLocal: true hasGlobalType: false
mbDirectCall FAIL (entry Nothing): Accessor isLocal: true hasGlobalType: false
mbDirectCall match: ordList argsLen: 1 arity: 1
mbDirectCall match: findLastIndex argsLen: 1 arity: 2
mbDirectCall FAIL (entry Nothing): Accessor isLocal: true hasGlobalType: false
mbDirectCall FAIL (entry Nothing): Accessor isLocal: true hasGlobalType: false
mbDirectCall FAIL (entry Nothing): go isLocal: true hasGlobalType: false
mbDirectCall FAIL (entry Nothing): p isLocal: true hasGlobalType: false
mbDirectCall match: take argsLen: 2 arity: 0
mbDirectCall match: length argsLen: 1 arity: 0
mbDirectCall match: lessThan argsLen: 2 arity: 0
mbDirectCall match: take argsLen: 2 arity: 0
mbDirectCall match: drop argsLen: 2 arity: 2
mbDirectCall match: drop argsLen: 2 arity: 2
mbDirectCall match: length argsLen: 1 arity: 0
mbDirectCall match: deleteBy argsLen: 3 arity: 3
mbDirectCall FAIL (entry Nothing): v isLocal: true hasGlobalType: false
mbDirectCall FAIL (entry Nothing): Accessor isLocal: true hasGlobalType: false
mbDirectCall FAIL (entry Nothing): Accessor isLocal: true hasGlobalType: false
mbDirectCall match: deleteBy argsLen: 3 arity: 3
mbDirectCall match: nubByEq argsLen: 2 arity: 2
mbDirectCall match: unionBy argsLen: 1 arity: 3
mbDirectCall FAIL (entry Nothing): Accessor isLocal: true hasGlobalType: false
mbDirectCall match: deleteAt argsLen: 2 arity: 2
mbDirectCall match: deleteBy argsLen: 1 arity: 3
mbDirectCall FAIL (entry Nothing): Accessor isLocal: true hasGlobalType: false
mbDirectCall match: deleteBy argsLen: 3 arity: 3
mbDirectCall FAIL (entry Nothing): Accessor isLocal: true hasGlobalType: false
mbDirectCall FAIL (entry Nothing): Accessor isLocal: true hasGlobalType: false
mbDirectCall FAIL (entry Nothing): go isLocal: true hasGlobalType: false
mbDirectCall FAIL (entry Nothing): go isLocal: true hasGlobalType: false
mbDirectCall FAIL (entry Nothing): Accessor isLocal: true hasGlobalType: false
mbDirectCall match: alterAt argsLen: 3 arity: 3
mbDirectCall FAIL (entry Nothing): v1 isLocal: true hasGlobalType: false
mbDirectCall match: alterAt argsLen: 2 arity: 3
mbDirectCall FAIL (entry Nothing): f isLocal: true hasGlobalType: false
mbDirectCall match: ordIntImpl argsLen: 3 arity: 5
mbDirectCall FAIL (entry Nothing): Local_Nothing isLocal: true hasGlobalType: false
mbDirectCall match: ordIntImpl argsLen: 3 arity: 5
mbDirectCall FAIL (entry Nothing): Local_Nothing isLocal: true hasGlobalType: false
mbDirectCall match: ordIntImpl argsLen: 3 arity: 5
mbDirectCall FAIL (entry Nothing): Local_Nothing isLocal: true hasGlobalType: false
mbDirectCall match: ordIntImpl argsLen: 3 arity: 5
mbDirectCall FAIL (entry Nothing): Local_Nothing isLocal: true hasGlobalType: false
mbDirectCall match: greaterThan argsLen: 2 arity: 0
mbDirectCall FAIL (entry Nothing): done isLocal: true hasGlobalType: false
mbDirectCall FAIL (entry Nothing): f isLocal: true hasGlobalType: false
mbDirectCall match: greaterThan argsLen: 2 arity: 0
mbDirectCall match: greaterThan argsLen: 2 arity: 0
mbDirectCall match: greaterThan argsLen: 2 arity: 0
mbDirectCall match: greaterThan argsLen: 2 arity: 0
mbDirectCall match: greaterThan argsLen: 2 arity: 0
mbDirectCall match: lessThanOrEq argsLen: 2 arity: 0
mbDirectCall match: greaterThan argsLen: 2 arity: 0
mbDirectCall match: lessThanOrEq argsLen: 2 arity: 0
mbDirectCall FAIL (entry Nothing): comp isLocal: true hasGlobalType: false
mbDirectCall FAIL (entry Nothing): app isLocal: true hasGlobalType: false
mbDirectCall FAIL (entry Nothing): app isLocal: true hasGlobalType: false
mbDirectCall FAIL (entry Nothing): Accessor isLocal: true hasGlobalType: false
mbDirectCall FAIL (entry Nothing): go isLocal: true hasGlobalType: false
mbDirectCall FAIL (entry Nothing): go isLocal: true hasGlobalType: false
mbDirectCall FAIL (entry Nothing): f isLocal: true hasGlobalType: false
mbDirectCall FAIL (entry Nothing): Accessor isLocal: true hasGlobalType: false
mbDirectCall FAIL (entry Nothing): Accessor isLocal: true hasGlobalType: false
mbDirectCall FAIL (entry Nothing): Accessor isLocal: true hasGlobalType: false
mbDirectCall FAIL (entry Nothing): Accessor isLocal: true hasGlobalType: false
mbDirectCall FAIL (entry Nothing): Accessor isLocal: true hasGlobalType: false
mbDirectCall FAIL (entry Nothing): Accessor isLocal: true hasGlobalType: false
mbDirectCall FAIL (entry Nothing): Accessor isLocal: true hasGlobalType: false
mbDirectCall FAIL (entry Nothing): Accessor isLocal: true hasGlobalType: false
mbDirectCall FAIL (entry Nothing): Accessor isLocal: true hasGlobalType: false
mbDirectCall FAIL (entry Nothing): Accessor isLocal: true hasGlobalType: false
mbDirectCall FAIL (entry Nothing): Accessor isLocal: true hasGlobalType: false
mbDirectCall FAIL (entry Nothing): Accessor isLocal: true hasGlobalType: false
mbDirectCall FAIL (entry Nothing): Accessor isLocal: true hasGlobalType: false
mbDirectCall FAIL (entry Nothing): Accessor isLocal: true hasGlobalType: false
mbDirectCall FAIL (entry Nothing): go isLocal: true hasGlobalType: false
mbDirectCall FAIL (entry Nothing): Accessor isLocal: true hasGlobalType: false
mbDirectCall FAIL (entry Nothing): go isLocal: true hasGlobalType: false
mbDirectCall FAIL (entry Nothing): Accessor isLocal: true hasGlobalType: false
mbDirectCall FAIL (entry Nothing): go isLocal: true hasGlobalType: false
mbDirectCall FAIL (entry Nothing): Accessor isLocal: true hasGlobalType: false
mbDirectCall FAIL (entry Nothing): Accessor isLocal: true hasGlobalType: false
mbDirectCall FAIL (entry Nothing): f isLocal: true hasGlobalType: false
mbDirectCall FAIL (entry Nothing): go isLocal: true hasGlobalType: false
mbDirectCall FAIL (entry Nothing): go isLocal: true hasGlobalType: false
mbDirectCall FAIL (entry Nothing): go isLocal: true hasGlobalType: false
mbDirectCall FAIL (entry Nothing): go isLocal: true hasGlobalType: false
mbDirectCall match: mapMaybeWithKey argsLen: 2 arity: 2
mbDirectCall FAIL (entry Nothing): Accessor isLocal: true hasGlobalType: false
mbDirectCall FAIL (entry Nothing): go isLocal: true hasGlobalType: false
mbDirectCall FAIL (entry Nothing): go isLocal: true hasGlobalType: false
mbDirectCall FAIL (entry Nothing): Accessor isLocal: true hasGlobalType: false
mbDirectCall FAIL (entry Nothing): go isLocal: true hasGlobalType: false
mbDirectCall FAIL (entry Nothing): go isLocal: true hasGlobalType: false
mbDirectCall FAIL (entry Nothing): Accessor isLocal: true hasGlobalType: false
mbDirectCall match: stepWith argsLen: 1 arity: 3
mbDirectCall match: stepWith argsLen: 3 arity: 3
mbDirectCall FAIL (entry Nothing): Accessor isLocal: true hasGlobalType: false
mbDirectCall FAIL (entry Nothing): Local_Nothing isLocal: true hasGlobalType: false
mbDirectCall match: stepWith argsLen: 3 arity: 3
mbDirectCall match: stepWith argsLen: 1 arity: 3
mbDirectCall match: stepWith argsLen: 3 arity: 3
mbDirectCall match: stepWith argsLen: 1 arity: 3
mbDirectCall match: stepWith argsLen: 3 arity: 3
mbDirectCall match: stepAsc argsLen: 1 arity: 0
mbDirectCall match: stepAsc argsLen: 1 arity: 0
mbDirectCall FAIL (entry Nothing): Accessor isLocal: true hasGlobalType: false
mbDirectCall FAIL (entry Nothing): Accessor isLocal: true hasGlobalType: false
mbDirectCall FAIL (entry Nothing): Accessor isLocal: true hasGlobalType: false
mbDirectCall FAIL (entry Nothing): go isLocal: true hasGlobalType: false
mbDirectCall match: eqMapIter argsLen: 1 arity: 2
mbDirectCall FAIL (entry Nothing): Accessor isLocal: true hasGlobalType: false
mbDirectCall FAIL (entry Nothing): eqMapIter1 isLocal: true hasGlobalType: false
mbDirectCall FAIL (entry Nothing): Accessor isLocal: true hasGlobalType: false
mbDirectCall match: stepAsc argsLen: 1 arity: 0
mbDirectCall match: stepAsc argsLen: 1 arity: 0
mbDirectCall FAIL (entry Nothing): Accessor isLocal: true hasGlobalType: false
mbDirectCall FAIL (entry Nothing): Accessor isLocal: true hasGlobalType: false
mbDirectCall match: stepWith argsLen: 3 arity: 3
mbDirectCall FAIL (entry Nothing): Accessor isLocal: true hasGlobalType: false
mbDirectCall FAIL (entry Nothing): Local_Nothing isLocal: true hasGlobalType: false
mbDirectCall FAIL (entry Nothing): Accessor isLocal: true hasGlobalType: false
mbDirectCall FAIL (entry Nothing): Local_Nothing isLocal: true hasGlobalType: false
mbDirectCall match: showArrayImpl argsLen: 1 arity: 2
mbDirectCall match: showTuple argsLen: 2 arity: 2
mbDirectCall FAIL (entry Nothing): Accessor isLocal: true hasGlobalType: false
mbDirectCall FAIL (entry Nothing): Accessor isLocal: true hasGlobalType: false
mbDirectCall FAIL (entry Nothing): show1 isLocal: true hasGlobalType: false
mbDirectCall match: toUnfoldable1 argsLen: 1 arity: 0
mbDirectCall FAIL (entry Nothing): Accessor isLocal: true hasGlobalType: false
mbDirectCall FAIL (entry Nothing): go isLocal: true hasGlobalType: false
mbDirectCall FAIL (entry Nothing): Accessor isLocal: true hasGlobalType: false
mbDirectCall FAIL (entry Nothing): Accessor isLocal: true hasGlobalType: false
mbDirectCall FAIL (entry Nothing): Accessor isLocal: true hasGlobalType: false
mbDirectCall FAIL (entry Nothing): go isLocal: true hasGlobalType: false
mbDirectCall FAIL (entry Nothing): go isLocal: true hasGlobalType: false
mbDirectCall FAIL (entry Nothing): Accessor isLocal: true hasGlobalType: false
mbDirectCall FAIL (entry Nothing): go isLocal: true hasGlobalType: false
mbDirectCall FAIL (entry Nothing): go isLocal: true hasGlobalType: false
mbDirectCall FAIL (entry Nothing): app isLocal: true hasGlobalType: false
mbDirectCall FAIL (entry Nothing): Accessor isLocal: true hasGlobalType: false
mbDirectCall FAIL (entry Nothing): go isLocal: true hasGlobalType: false
mbDirectCall FAIL (entry Nothing): go isLocal: true hasGlobalType: false
mbDirectCall FAIL (entry Nothing): f isLocal: true hasGlobalType: false
mbDirectCall FAIL (entry Nothing): go isLocal: true hasGlobalType: false
mbDirectCall FAIL (entry Nothing): go isLocal: true hasGlobalType: false
mbDirectCall FAIL (entry Nothing): f isLocal: true hasGlobalType: false
mbDirectCall FAIL (entry Nothing): go isLocal: true hasGlobalType: false
mbDirectCall FAIL (entry Nothing): go isLocal: true hasGlobalType: false
mbDirectCall FAIL (entry Nothing): Accessor isLocal: true hasGlobalType: false
mbDirectCall FAIL (entry Nothing): Accessor isLocal: true hasGlobalType: false
mbDirectCall FAIL (entry Nothing): go isLocal: true hasGlobalType: false
mbDirectCall FAIL (entry Nothing): Accessor isLocal: true hasGlobalType: false
mbDirectCall FAIL (entry Nothing): f isLocal: true hasGlobalType: false
mbDirectCall FAIL (entry Nothing): go isLocal: true hasGlobalType: false
mbDirectCall FAIL (entry Nothing): f isLocal: true hasGlobalType: false
mbDirectCall FAIL (entry Nothing): f isLocal: true hasGlobalType: false
mbDirectCall FAIL (entry Nothing): Accessor isLocal: true hasGlobalType: false
mbDirectCall FAIL (entry Nothing): Accessor isLocal: true hasGlobalType: false
mbDirectCall FAIL (entry Nothing): go isLocal: true hasGlobalType: false
mbDirectCall FAIL (entry Nothing): Accessor isLocal: true hasGlobalType: false
mbDirectCall FAIL (entry Nothing): f isLocal: true hasGlobalType: false
mbDirectCall FAIL (entry Nothing): go isLocal: true hasGlobalType: false
mbDirectCall FAIL (entry Nothing): f isLocal: true hasGlobalType: false
mbDirectCall FAIL (entry Nothing): f isLocal: true hasGlobalType: false
mbDirectCall FAIL (entry Nothing): Accessor isLocal: true hasGlobalType: false
mbDirectCall FAIL (entry Nothing): Accessor isLocal: true hasGlobalType: false
mbDirectCall FAIL (entry Nothing): Accessor isLocal: true hasGlobalType: false
mbDirectCall FAIL (entry Nothing): Accessor isLocal: true hasGlobalType: false
mbDirectCall FAIL (entry Nothing): Accessor isLocal: true hasGlobalType: false
mbDirectCall FAIL (entry Nothing): Accessor isLocal: true hasGlobalType: false
mbDirectCall FAIL (entry Nothing): Accessor isLocal: true hasGlobalType: false
mbDirectCall FAIL (entry Nothing): Accessor isLocal: true hasGlobalType: false
mbDirectCall FAIL (entry Nothing): go isLocal: true hasGlobalType: false
mbDirectCall FAIL (entry Nothing): f isLocal: true hasGlobalType: false
mbDirectCall FAIL (entry Nothing): go isLocal: true hasGlobalType: false
mbDirectCall FAIL (entry Nothing): Accessor isLocal: true hasGlobalType: false
mbDirectCall FAIL (entry Nothing): Accessor isLocal: true hasGlobalType: false
mbDirectCall FAIL (entry Nothing): Accessor isLocal: true hasGlobalType: false
mbDirectCall FAIL (entry Nothing): Accessor isLocal: true hasGlobalType: false
mbDirectCall FAIL (entry Nothing): Accessor isLocal: true hasGlobalType: false
mbDirectCall FAIL (entry Nothing): Accessor isLocal: true hasGlobalType: false
mbDirectCall FAIL (entry Nothing): go isLocal: true hasGlobalType: false
mbDirectCall FAIL (entry Nothing): f isLocal: true hasGlobalType: false
mbDirectCall FAIL (entry Nothing): go isLocal: true hasGlobalType: false
mbDirectCall FAIL (entry Nothing): Accessor isLocal: true hasGlobalType: false
mbDirectCall FAIL (entry Nothing): Accessor isLocal: true hasGlobalType: false
mbDirectCall FAIL (entry Nothing): Accessor isLocal: true hasGlobalType: false
mbDirectCall FAIL (entry Nothing): Accessor isLocal: true hasGlobalType: false
mbDirectCall FAIL (entry Nothing): Accessor isLocal: true hasGlobalType: false
mbDirectCall FAIL (entry Nothing): Accessor isLocal: true hasGlobalType: false
mbDirectCall FAIL (entry Nothing): Accessor isLocal: true hasGlobalType: false
mbDirectCall FAIL (entry Nothing): Accessor isLocal: true hasGlobalType: false
mbDirectCall FAIL (entry Nothing): appendFn isLocal: true hasGlobalType: false
mbDirectCall FAIL (entry Nothing): appendFn isLocal: true hasGlobalType: false
mbDirectCall FAIL (entry Nothing): go isLocal: true hasGlobalType: false
mbDirectCall FAIL (entry Nothing): tooSmall isLocal: true hasGlobalType: false
mbDirectCall FAIL (entry Nothing): inBounds isLocal: true hasGlobalType: false
mbDirectCall FAIL (entry Nothing): f isLocal: true hasGlobalType: false
mbDirectCall FAIL (entry Nothing): go isLocal: true hasGlobalType: false
mbDirectCall FAIL (entry Nothing): tooLarge isLocal: true hasGlobalType: false
mbDirectCall match: foldSubmapBy argsLen: 3 arity: 6
mbDirectCall FAIL (entry Nothing): Accessor isLocal: true hasGlobalType: false
mbDirectCall FAIL (entry Nothing): Accessor isLocal: true hasGlobalType: false
mbDirectCall FAIL (entry Nothing): go isLocal: true hasGlobalType: false
mbDirectCall FAIL (entry Nothing): go isLocal: true hasGlobalType: false
mbDirectCall match: findMin argsLen: 1 arity: 1
mbDirectCall FAIL (entry Nothing): Accessor isLocal: true hasGlobalType: false
mbDirectCall FAIL (entry Nothing): go isLocal: true hasGlobalType: false
mbDirectCall FAIL (entry Nothing): go isLocal: true hasGlobalType: false
mbDirectCall match: findMax argsLen: 1 arity: 1
mbDirectCall FAIL (entry Nothing): go isLocal: true hasGlobalType: false
mbDirectCall FAIL (entry Nothing): go isLocal: true hasGlobalType: false
mbDirectCall FAIL (entry Nothing): f isLocal: true hasGlobalType: false
mbDirectCall FAIL (entry Nothing): go isLocal: true hasGlobalType: false
mbDirectCall FAIL (entry Nothing): go isLocal: true hasGlobalType: false
mbDirectCall FAIL (entry Nothing): go isLocal: true hasGlobalType: false
mbDirectCall FAIL (entry Nothing): go isLocal: true hasGlobalType: false
mbDirectCall FAIL (entry Nothing): f isLocal: true hasGlobalType: false
mbDirectCall FAIL (entry Nothing): go isLocal: true hasGlobalType: false
mbDirectCall FAIL (entry Nothing): go isLocal: true hasGlobalType: false
mbDirectCall match: filterWithKey argsLen: 2 arity: 2
mbDirectCall FAIL (entry Nothing): Accessor isLocal: true hasGlobalType: false
mbDirectCall match: eqMapIter argsLen: 2 arity: 2
mbDirectCall match: ordMapIter argsLen: 1 arity: 1
mbDirectCall match: eqMap argsLen: 1 arity: 2
mbDirectCall FAIL (entry Nothing): Accessor isLocal: true hasGlobalType: false
mbDirectCall FAIL (entry Nothing): eqMap1 isLocal: true hasGlobalType: false
mbDirectCall FAIL (entry Nothing): Accessor isLocal: true hasGlobalType: false
mbDirectCall FAIL (entry Nothing): Accessor isLocal: true hasGlobalType: false
mbDirectCall FAIL (entry Nothing): ordMapIter1 isLocal: true hasGlobalType: false
mbDirectCall match: eqMap argsLen: 2 arity: 2
mbDirectCall match: ordMap argsLen: 1 arity: 1
mbDirectCall FAIL (entry Nothing): Accessor isLocal: true hasGlobalType: false
mbDirectCall match: eqMap argsLen: 2 arity: 2
mbDirectCall FAIL (entry Nothing): ordMap1 isLocal: true hasGlobalType: false
mbDirectCall FAIL (entry Nothing): Accessor isLocal: true hasGlobalType: false
mbDirectCall match: insert argsLen: 4 arity: 3
mbDirectCall match: insertWith argsLen: 2 arity: 4
mbDirectCall FAIL (entry Nothing): f isLocal: true hasGlobalType: false
mbDirectCall FAIL (entry Nothing): Accessor isLocal: true hasGlobalType: false
mbDirectCall FAIL (entry Nothing): f' isLocal: true hasGlobalType: false
mbDirectCall FAIL (entry Nothing): Accessor isLocal: true hasGlobalType: false
mbDirectCall match: insert argsLen: 4 arity: 3
mbDirectCall match: semigroupMap argsLen: 2 arity: 2
mbDirectCall FAIL (entry Nothing): semigroupMap2 isLocal: true hasGlobalType: false
mbDirectCall match: foldSubmapBy argsLen: 6 arity: 6
mbDirectCall FAIL (entry Nothing): Accessor isLocal: true hasGlobalType: false
mbDirectCall FAIL (entry Nothing): Accessor isLocal: true hasGlobalType: false
mbDirectCall FAIL (entry Nothing): go isLocal: true hasGlobalType: false
mbDirectCall FAIL (entry Nothing): go isLocal: true hasGlobalType: false
mbDirectCall FAIL (entry Nothing): Accessor isLocal: true hasGlobalType: false
mbDirectCall FAIL (entry Nothing): Accessor isLocal: true hasGlobalType: false
mbDirectCall FAIL (entry Nothing): Accessor isLocal: true hasGlobalType: false
mbDirectCall match: greaterThan argsLen: 2 arity: 0
mbDirectCall FAIL (entry Nothing): Accessor isLocal: true hasGlobalType: false
mbDirectCall FAIL (entry Nothing): Accessor isLocal: true hasGlobalType: false
mbDirectCall FAIL (entry Nothing): go isLocal: true hasGlobalType: false
mbDirectCall FAIL (entry Nothing): Accessor isLocal: true hasGlobalType: false
mbDirectCall FAIL (entry Nothing): Accessor isLocal: true hasGlobalType: false
mbDirectCall FAIL (entry Nothing): Accessor isLocal: true hasGlobalType: false
mbDirectCall match: greaterThan argsLen: 2 arity: 0
mbDirectCall FAIL (entry Nothing): Accessor isLocal: true hasGlobalType: false
mbDirectCall FAIL (entry Nothing): Accessor isLocal: true hasGlobalType: false
mbDirectCall FAIL (entry Nothing): go isLocal: true hasGlobalType: false
mbDirectCall FAIL (entry Nothing): Accessor isLocal: true hasGlobalType: false
mbDirectCall match: greaterThan argsLen: 2 arity: 0
mbDirectCall FAIL (entry Nothing): Accessor isLocal: true hasGlobalType: false
mbDirectCall FAIL (entry Nothing): Accessor isLocal: true hasGlobalType: false
mbDirectCall FAIL (entry Nothing): Accessor isLocal: true hasGlobalType: false
mbDirectCall match: greaterThan argsLen: 2 arity: 0
mbDirectCall FAIL (entry Nothing): Accessor isLocal: true hasGlobalType: false
mbDirectCall FAIL (entry Nothing): Accessor isLocal: true hasGlobalType: false
mbDirectCall FAIL (entry Nothing): Accessor isLocal: true hasGlobalType: false
mbDirectCall match: lessThan argsLen: 2 arity: 0
mbDirectCall match: abs argsLen: 1 arity: 0
mbDirectCall FAIL (entry Nothing): Accessor isLocal: true hasGlobalType: false
mbDirectCall FAIL (entry Nothing): Accessor isLocal: true hasGlobalType: false
mbDirectCall FAIL (entry Nothing): go isLocal: true hasGlobalType: false
mbDirectCall FAIL (entry Nothing): go isLocal: true hasGlobalType: false
mbDirectCall match: mapMaybeWithKey argsLen: 2 arity: 2
mbDirectCall match: mapMaybeWithKey argsLen: 3 arity: 2
mbDirectCall FAIL (entry Nothing): Accessor isLocal: true hasGlobalType: false
mbDirectCall FAIL (entry Nothing): go isLocal: true hasGlobalType: false
mbDirectCall FAIL (entry Nothing): f isLocal: true hasGlobalType: false
mbDirectCall FAIL (entry Nothing): Accessor isLocal: true hasGlobalType: false
mbDirectCall FAIL (entry Nothing): predicate isLocal: true hasGlobalType: false
mbDirectCall FAIL (entry Nothing): Accessor isLocal: true hasGlobalType: false
mbDirectCall FAIL (entry Nothing): go isLocal: true hasGlobalType: false
mbDirectCall FAIL (entry Nothing): go isLocal: true hasGlobalType: false
mbDirectCall FAIL (entry Nothing): Accessor isLocal: true hasGlobalType: false
mbDirectCall FAIL (entry Nothing): predicate isLocal: true hasGlobalType: false
mbDirectCall FAIL (entry Nothing): Accessor isLocal: true hasGlobalType: false
mbDirectCall FAIL (entry Nothing): go isLocal: true hasGlobalType: false
mbDirectCall FAIL (entry Nothing): go isLocal: true hasGlobalType: false
mbDirectCall FAIL (entry Nothing): f isLocal: true hasGlobalType: false
mbDirectCall match: alter argsLen: 1 arity: 4
mbDirectCall FAIL (entry Nothing): alter isLocal: true hasGlobalType: false
mbDirectCall match: toUnfoldable argsLen: 1 arity: 2
mbDirectCall FAIL (entry Nothing): Local_Nothing isLocal: true hasGlobalType: false
mbDirectCall match: keys argsLen: 1 arity: 1
mbDirectCall match: toUnfoldable argsLen: 1 arity: 2
mbDirectCall FAIL (entry Nothing): Local_Nothing isLocal: true hasGlobalType: false
mbDirectCall match: keys argsLen: 1 arity: 1
mbDirectCall FAIL (entry Nothing): Accessor isLocal: true hasGlobalType: false
mbDirectCall FAIL (entry Nothing): Accessor isLocal: true hasGlobalType: false
mbDirectCall match: showArrayImpl argsLen: 2 arity: 2
mbDirectCall match: toUnfoldable1 argsLen: 1 arity: 0
mbDirectCall FAIL (entry Nothing): Accessor isLocal: true hasGlobalType: false
mbDirectCall match: insert argsLen: 4 arity: 4
mbDirectCall FAIL (entry Nothing): Accessor isLocal: true hasGlobalType: false
mbDirectCall FAIL (entry Nothing): foldMap1 isLocal: true hasGlobalType: false
mbDirectCall FAIL (entry Nothing): Local_Nothing isLocal: true hasGlobalType: false
mbDirectCall match: keys argsLen: 1 arity: 1
mbDirectCall FAIL (entry Nothing): Accessor isLocal: true hasGlobalType: false
mbDirectCall FAIL (entry Nothing): Local_Nothing isLocal: true hasGlobalType: false
mbDirectCall match: keys argsLen: 1 arity: 1
mbDirectCall FAIL (entry Nothing): Accessor isLocal: true hasGlobalType: false
mbDirectCall FAIL (entry Nothing): Local_Nothing isLocal: true hasGlobalType: false
mbDirectCall match: keys argsLen: 1 arity: 1
mbDirectCall FAIL (entry Nothing): Accessor isLocal: true hasGlobalType: false
mbDirectCall match: findMin argsLen: 1 arity: 1
mbDirectCall FAIL (entry Nothing): Accessor isLocal: true hasGlobalType: false
mbDirectCall match: findMax argsLen: 1 arity: 1
mbDirectCall match: filterKeys argsLen: 1 arity: 3
mbDirectCall FAIL (entry Nothing): Accessor isLocal: true hasGlobalType: false
mbDirectCall match: eqMap argsLen: 2 arity: 2
mbDirectCall FAIL (entry Nothing): Accessor isLocal: true hasGlobalType: false
mbDirectCall FAIL (entry Nothing): Accessor isLocal: true hasGlobalType: false
mbDirectCall match: eqMap argsLen: 2 arity: 2
mbDirectCall FAIL (entry Nothing): Accessor isLocal: true hasGlobalType: false
mbDirectCall match: ordList argsLen: 1 arity: 1
mbDirectCall match: keys argsLen: 1 arity: 1
mbDirectCall match: keys argsLen: 1 arity: 1
mbDirectCall FAIL (entry Nothing): Accessor isLocal: true hasGlobalType: false
mbDirectCall match: eqMap argsLen: 2 arity: 2
mbDirectCall match: ordSet argsLen: 1 arity: 1
mbDirectCall FAIL (entry Nothing): Accessor isLocal: true hasGlobalType: false
mbDirectCall match: insert argsLen: 4 arity: 4
mbDirectCall FAIL (entry Nothing): Accessor isLocal: true hasGlobalType: false
mbDirectCall match: insert argsLen: 4 arity: 4
mbDirectCall FAIL (entry Nothing): f isLocal: true hasGlobalType: false
mbDirectCall FAIL (entry Nothing): Accessor isLocal: true hasGlobalType: false
mbDirectCall FAIL (entry Nothing): f isLocal: true hasGlobalType: false
mbDirectCall match: insert argsLen: 4 arity: 4
mbDirectCall FAIL (entry Nothing): Accessor isLocal: true hasGlobalType: false
mbDirectCall FAIL (entry Nothing): Accessor isLocal: true hasGlobalType: false
mbDirectCall FAIL (entry Nothing): Accessor isLocal: true hasGlobalType: false
mbDirectCall match: delete argsLen: 1 arity: 3
mbDirectCall match: checkValid argsLen: 1 arity: 2
mbDirectCall match: mapMaybe argsLen: 2 arity: 2
mbDirectCall match: showMap argsLen: 2 arity: 2
mbDirectCall match: plusMap argsLen: 1 arity: 1
mbDirectCall match: ordMap argsLen: 1 arity: 2
mbDirectCall match: ord1Map argsLen: 1 arity: 1
mbDirectCall match: semigroupSemigroupMap argsLen: 1 arity: 1
mbDirectCall FAIL (entry Nothing): semigroupSemigroupMap1 isLocal: true hasGlobalType: false
mbDirectCall FAIL (entry Nothing): Accessor isLocal: true hasGlobalType: false
mbDirectCall match: eqMap argsLen: 2 arity: 2
mbDirectCall match: eqMap argsLen: 2 arity: 2
mbDirectCall match: bindMap argsLen: 1 arity: 1
mbDirectCall match: showMap argsLen: 2 arity: 2
mbDirectCall FAIL (entry Nothing): Accessor isLocal: true hasGlobalType: false
mbDirectCall FAIL (entry Nothing): Accessor isLocal: true hasGlobalType: false
mbDirectCall match: show argsLen: 1 arity: 0
mbDirectCall match: eqMap argsLen: 2 arity: 2
mbDirectCall match: ordMap argsLen: 2 arity: 2
mbDirectCall match: eq argsLen: 2 arity: 0
mbDirectCall match: compare argsLen: 2 arity: 0
mbDirectCall FAIL (entry Nothing): Accessor isLocal: true hasGlobalType: false
mbDirectCall match: showMaybe argsLen: 1 arity: 1
mbDirectCall match: ordIntImpl argsLen: 3 arity: 5
mbDirectCall FAIL (entry Nothing): Local_Nothing isLocal: true hasGlobalType: false
mbDirectCall FAIL (entry Nothing): Accessor isLocal: true hasGlobalType: false
mbDirectCall FAIL (entry Nothing): Accessor isLocal: true hasGlobalType: false
mbDirectCall FAIL (entry Nothing): Accessor isLocal: true hasGlobalType: false
mbDirectCall FAIL (entry Nothing): Accessor isLocal: true hasGlobalType: false
mbDirectCall FAIL (entry Nothing): Accessor isLocal: true hasGlobalType: false
mbDirectCall FAIL (entry Nothing): Accessor isLocal: true hasGlobalType: false
mbDirectCall FAIL (entry Nothing): Accessor isLocal: true hasGlobalType: false
mbDirectCall FAIL (entry Nothing): Accessor isLocal: true hasGlobalType: false
mbDirectCall FAIL (entry Nothing): Accessor isLocal: true hasGlobalType: false
mbDirectCall FAIL (entry Nothing): Accessor isLocal: true hasGlobalType: false
mbDirectCall FAIL (entry Nothing): Accessor isLocal: true hasGlobalType: false
mbDirectCall FAIL (entry Nothing): Accessor isLocal: true hasGlobalType: false
mbDirectCall FAIL (entry Nothing): Accessor isLocal: true hasGlobalType: false
mbDirectCall FAIL (entry Nothing): Accessor isLocal: true hasGlobalType: false
mbDirectCall FAIL (entry Nothing): Accessor isLocal: true hasGlobalType: false
mbDirectCall FAIL (entry Nothing): Accessor isLocal: true hasGlobalType: false
mbDirectCall FAIL (entry Nothing): Accessor isLocal: true hasGlobalType: false
mbDirectCall FAIL (entry Nothing): Accessor isLocal: true hasGlobalType: false
mbDirectCall FAIL (entry Nothing): Accessor isLocal: true hasGlobalType: false
mbDirectCall FAIL (entry Nothing): Accessor isLocal: true hasGlobalType: false
mbDirectCall FAIL (entry Nothing): Accessor isLocal: true hasGlobalType: false
mbDirectCall FAIL (entry Nothing): Accessor isLocal: true hasGlobalType: false
mbDirectCall FAIL (entry Nothing): Accessor isLocal: true hasGlobalType: false
mbDirectCall match: show argsLen: 1 arity: 0
mbDirectCall FAIL (entry Nothing): Accessor isLocal: true hasGlobalType: false
mbDirectCall FAIL (entry Nothing): Accessor isLocal: true hasGlobalType: false
mbDirectCall FAIL (entry Nothing): Accessor isLocal: true hasGlobalType: false
mbDirectCall match: showInterval argsLen: 2 arity: 2
mbDirectCall FAIL (entry Nothing): Accessor isLocal: true hasGlobalType: false
mbDirectCall match: RecurringInterval argsLen: 1 arity: 0
mbDirectCall FAIL (entry Nothing): f isLocal: true hasGlobalType: false
mbDirectCall FAIL (entry Nothing): Accessor isLocal: true hasGlobalType: false
mbDirectCall match: RecurringInterval argsLen: 1 arity: 0
mbDirectCall FAIL (entry Nothing): f isLocal: true hasGlobalType: false
mbDirectCall FAIL (entry Nothing): Accessor isLocal: true hasGlobalType: false
mbDirectCall FAIL (entry Nothing): Accessor isLocal: true hasGlobalType: false
mbDirectCall FAIL (entry Nothing): Accessor isLocal: true hasGlobalType: false
mbDirectCall FAIL (entry Nothing): f isLocal: true hasGlobalType: false
mbDirectCall FAIL (entry Nothing): v isLocal: true hasGlobalType: false
mbDirectCall FAIL (entry Nothing): v isLocal: true hasGlobalType: false
mbDirectCall FAIL (entry Nothing): v isLocal: true hasGlobalType: false
mbDirectCall FAIL (entry Nothing): v isLocal: true hasGlobalType: false
mbDirectCall match: foldrDefault argsLen: 2 arity: 4
mbDirectCall FAIL (entry Nothing): Accessor isLocal: true hasGlobalType: false
mbDirectCall FAIL (entry Nothing): Accessor isLocal: true hasGlobalType: false
mbDirectCall FAIL (entry Nothing): Accessor isLocal: true hasGlobalType: false
mbDirectCall FAIL (entry Nothing): f isLocal: true hasGlobalType: false
mbDirectCall FAIL (entry Nothing): Accessor isLocal: true hasGlobalType: false
mbDirectCall FAIL (entry Nothing): Local_Nothing isLocal: true hasGlobalType: false
mbDirectCall FAIL (entry Nothing): Accessor isLocal: true hasGlobalType: false
mbDirectCall FAIL (entry Nothing): Local_Nothing isLocal: true hasGlobalType: false
mbDirectCall FAIL (entry Nothing): Accessor isLocal: true hasGlobalType: false
mbDirectCall FAIL (entry Nothing): Accessor isLocal: true hasGlobalType: false
mbDirectCall FAIL (entry Nothing): Accessor isLocal: true hasGlobalType: false
mbDirectCall FAIL (entry Nothing): Accessor isLocal: true hasGlobalType: false
mbDirectCall FAIL (entry Nothing): Accessor isLocal: true hasGlobalType: false
mbDirectCall FAIL (entry Nothing): Accessor isLocal: true hasGlobalType: false
mbDirectCall FAIL (entry Nothing): Accessor isLocal: true hasGlobalType: false
mbDirectCall FAIL (entry Nothing): Accessor isLocal: true hasGlobalType: false
mbDirectCall FAIL (entry Nothing): Accessor isLocal: true hasGlobalType: false
mbDirectCall FAIL (entry Nothing): Accessor isLocal: true hasGlobalType: false
mbDirectCall FAIL (entry Nothing): Accessor isLocal: true hasGlobalType: false
mbDirectCall FAIL (entry Nothing): Accessor isLocal: true hasGlobalType: false
mbDirectCall match: eqInterval argsLen: 2 arity: 2
mbDirectCall match: eqInterval argsLen: 1 arity: 2
mbDirectCall FAIL (entry Nothing): Accessor isLocal: true hasGlobalType: false
mbDirectCall FAIL (entry Nothing): eqInterval1 isLocal: true hasGlobalType: false
mbDirectCall FAIL (entry Nothing): Accessor isLocal: true hasGlobalType: false
mbDirectCall FAIL (entry Nothing): Accessor isLocal: true hasGlobalType: false
mbDirectCall FAIL (entry Nothing): Accessor isLocal: true hasGlobalType: false
mbDirectCall FAIL (entry Nothing): Accessor isLocal: true hasGlobalType: false
mbDirectCall FAIL (entry Nothing): Accessor isLocal: true hasGlobalType: false
mbDirectCall FAIL (entry Nothing): Accessor isLocal: true hasGlobalType: false
mbDirectCall FAIL (entry Nothing): Accessor isLocal: true hasGlobalType: false
mbDirectCall FAIL (entry Nothing): Accessor isLocal: true hasGlobalType: false
mbDirectCall match: ordInterval argsLen: 1 arity: 1
mbDirectCall match: eqRecurringInterval argsLen: 1 arity: 2
mbDirectCall FAIL (entry Nothing): Accessor isLocal: true hasGlobalType: false
mbDirectCall FAIL (entry Nothing): eqRecurringInterval1 isLocal: true hasGlobalType: false
mbDirectCall FAIL (entry Nothing): Accessor isLocal: true hasGlobalType: false
mbDirectCall match: compare argsLen: 2 arity: 0
mbDirectCall FAIL (entry Nothing): Accessor isLocal: true hasGlobalType: false
mbDirectCall FAIL (entry Nothing): ordInterval1 isLocal: true hasGlobalType: false
mbDirectCall FAIL (entry Nothing): v1 isLocal: true hasGlobalType: false
mbDirectCall FAIL (entry Nothing): v1 isLocal: true hasGlobalType: false
mbDirectCall FAIL (entry Nothing): v isLocal: true hasGlobalType: false
mbDirectCall FAIL (entry Nothing): v1 isLocal: true hasGlobalType: false
mbDirectCall FAIL (entry Nothing): v1 isLocal: true hasGlobalType: false
mbDirectCall FAIL (entry Nothing): v isLocal: true hasGlobalType: false
mbDirectCall FAIL (entry Nothing): v isLocal: true hasGlobalType: false
mbDirectCall FAIL (entry Nothing): Accessor isLocal: true hasGlobalType: false
mbDirectCall FAIL (entry Nothing): Accessor isLocal: true hasGlobalType: false
mbDirectCall FAIL (entry Nothing): v isLocal: true hasGlobalType: false
mbDirectCall FAIL (entry Nothing): v isLocal: true hasGlobalType: false
mbDirectCall FAIL (entry Nothing): v isLocal: true hasGlobalType: false
mbDirectCall FAIL (entry Nothing): v isLocal: true hasGlobalType: false
mbDirectCall FAIL (entry Nothing): Accessor isLocal: true hasGlobalType: false
mbDirectCall FAIL (entry Nothing): Accessor isLocal: true hasGlobalType: false
mbDirectCall FAIL (entry Nothing): f isLocal: true hasGlobalType: false
mbDirectCall FAIL (entry Nothing): Accessor isLocal: true hasGlobalType: false
mbDirectCall FAIL (entry Nothing): Accessor isLocal: true hasGlobalType: false
mbDirectCall FAIL (entry Nothing): Accessor isLocal: true hasGlobalType: false
mbDirectCall FAIL (entry Nothing): Accessor isLocal: true hasGlobalType: false
mbDirectCall FAIL (entry Nothing): Accessor isLocal: true hasGlobalType: false
mbDirectCall FAIL (entry Nothing): v isLocal: true hasGlobalType: false
mbDirectCall FAIL (entry Nothing): v isLocal: true hasGlobalType: false
mbDirectCall FAIL (entry Nothing): Accessor isLocal: true hasGlobalType: false
mbDirectCall match: DurationEnd argsLen: 1 arity: 0
mbDirectCall FAIL (entry Nothing): v isLocal: true hasGlobalType: false
mbDirectCall FAIL (entry Nothing): Accessor isLocal: true hasGlobalType: false
mbDirectCall FAIL (entry Nothing): v isLocal: true hasGlobalType: false
mbDirectCall FAIL (entry Nothing): Accessor isLocal: true hasGlobalType: false
mbDirectCall FAIL (entry Nothing): Accessor isLocal: true hasGlobalType: false
mbDirectCall match: over argsLen: 1 arity: 3
mbDirectCall FAIL (entry Nothing): Accessor isLocal: true hasGlobalType: false
mbDirectCall FAIL (entry Nothing): Accessor isLocal: true hasGlobalType: false
mbDirectCall FAIL (entry Nothing): Accessor isLocal: true hasGlobalType: false
mbDirectCall FAIL (entry Nothing): over1 isLocal: true hasGlobalType: false
mbDirectCall FAIL (entry Nothing): traverse1 isLocal: true hasGlobalType: false
mbDirectCall FAIL (entry Nothing): Accessor isLocal: true hasGlobalType: false
mbDirectCall FAIL (entry Nothing): Accessor isLocal: true hasGlobalType: false
mbDirectCall FAIL (entry Nothing): Accessor isLocal: true hasGlobalType: false
mbDirectCall FAIL (entry Nothing): f isLocal: true hasGlobalType: false
mbDirectCall FAIL (entry Nothing): Accessor isLocal: true hasGlobalType: false
mbDirectCall FAIL (entry Nothing): g isLocal: true hasGlobalType: false
mbDirectCall FAIL (entry Nothing): v1 isLocal: true hasGlobalType: false
mbDirectCall FAIL (entry Nothing): v1 isLocal: true hasGlobalType: false
mbDirectCall FAIL (entry Nothing): v1 isLocal: true hasGlobalType: false
mbDirectCall FAIL (entry Nothing): v isLocal: true hasGlobalType: false
mbDirectCall FAIL (entry Nothing): v1 isLocal: true hasGlobalType: false
mbDirectCall FAIL (entry Nothing): v isLocal: true hasGlobalType: false
mbDirectCall FAIL (entry Nothing): v isLocal: true hasGlobalType: false
mbDirectCall match: bifoldrDefault argsLen: 2 arity: 5
mbDirectCall FAIL (entry Nothing): Accessor isLocal: true hasGlobalType: false
mbDirectCall FAIL (entry Nothing): Accessor isLocal: true hasGlobalType: false
mbDirectCall FAIL (entry Nothing): Accessor isLocal: true hasGlobalType: false
mbDirectCall FAIL (entry Nothing): f isLocal: true hasGlobalType: false
mbDirectCall FAIL (entry Nothing): Accessor isLocal: true hasGlobalType: false
mbDirectCall FAIL (entry Nothing): g isLocal: true hasGlobalType: false
mbDirectCall FAIL (entry Nothing): Accessor isLocal: true hasGlobalType: false
mbDirectCall FAIL (entry Nothing): Local_Nothing isLocal: true hasGlobalType: false
mbDirectCall FAIL (entry Nothing): Accessor isLocal: true hasGlobalType: false
mbDirectCall FAIL (entry Nothing): Local_Nothing isLocal: true hasGlobalType: false
mbDirectCall FAIL (entry Nothing): Accessor isLocal: true hasGlobalType: false
mbDirectCall FAIL (entry Nothing): Accessor isLocal: true hasGlobalType: false
mbDirectCall FAIL (entry Nothing): Accessor isLocal: true hasGlobalType: false
mbDirectCall FAIL (entry Nothing): Accessor isLocal: true hasGlobalType: false
mbDirectCall FAIL (entry Nothing): Accessor isLocal: true hasGlobalType: false
mbDirectCall FAIL (entry Nothing): v1 isLocal: true hasGlobalType: false
mbDirectCall FAIL (entry Nothing): v1 isLocal: true hasGlobalType: false
mbDirectCall FAIL (entry Nothing): Accessor isLocal: true hasGlobalType: false
mbDirectCall FAIL (entry Nothing): Accessor isLocal: true hasGlobalType: false
mbDirectCall FAIL (entry Nothing): v isLocal: true hasGlobalType: false
mbDirectCall FAIL (entry Nothing): v1 isLocal: true hasGlobalType: false
mbDirectCall FAIL (entry Nothing): Accessor isLocal: true hasGlobalType: false
mbDirectCall FAIL (entry Nothing): Accessor isLocal: true hasGlobalType: false
mbDirectCall FAIL (entry Nothing): v1 isLocal: true hasGlobalType: false
mbDirectCall FAIL (entry Nothing): v isLocal: true hasGlobalType: false
mbDirectCall FAIL (entry Nothing): Accessor isLocal: true hasGlobalType: false
mbDirectCall FAIL (entry Nothing): v isLocal: true hasGlobalType: false
mbDirectCall FAIL (entry Nothing): Accessor isLocal: true hasGlobalType: false
mbDirectCall match: over argsLen: 1 arity: 3
mbDirectCall FAIL (entry Nothing): Accessor isLocal: true hasGlobalType: false
mbDirectCall FAIL (entry Nothing): Accessor isLocal: true hasGlobalType: false
mbDirectCall FAIL (entry Nothing): Accessor isLocal: true hasGlobalType: false
mbDirectCall FAIL (entry Nothing): over1 isLocal: true hasGlobalType: false
mbDirectCall FAIL (entry Nothing): bitraverse1 isLocal: true hasGlobalType: false
mbDirectCall FAIL (entry Nothing): f isLocal: true hasGlobalType: false
mbDirectCall FAIL (entry Nothing): f isLocal: true hasGlobalType: false
mbDirectCall FAIL (entry Nothing): go isLocal: true hasGlobalType: false
mbDirectCall FAIL (entry Nothing): go isLocal: true hasGlobalType: false
mbDirectCall FAIL (entry Nothing): Accessor isLocal: true hasGlobalType: false
mbDirectCall FAIL (entry Nothing): Accessor isLocal: true hasGlobalType: false
mbDirectCall FAIL (entry Nothing): sequence11 isLocal: true hasGlobalType: false
mbDirectCall match: zipWith argsLen: 3 arity: 3
mbDirectCall match: zipWith argsLen: 1 arity: 3
mbDirectCall FAIL (entry Nothing): f isLocal: true hasGlobalType: false
mbDirectCall match: _crashWith argsLen: 1 arity: 1
mbDirectCall FAIL (entry Nothing): Accessor isLocal: true hasGlobalType: false
mbDirectCall FAIL (entry Nothing): f isLocal: true hasGlobalType: false
mbDirectCall match: _crashWith argsLen: 1 arity: 1
mbDirectCall FAIL (entry Nothing): Accessor isLocal: true hasGlobalType: false
mbDirectCall FAIL (entry Nothing): Accessor isLocal: true hasGlobalType: false
mbDirectCall match: updateAt argsLen: 3 arity: 3
mbDirectCall FAIL (entry Nothing): Accessor isLocal: true hasGlobalType: false
mbDirectCall FAIL (entry Nothing): Accessor isLocal: true hasGlobalType: false
mbDirectCall match: unsnoc argsLen: 1 arity: 1
mbDirectCall match: wrappedOperation2 argsLen: 2 arity: 4
mbDirectCall match: unionBy argsLen: 1 arity: 3
mbDirectCall match: wrappedOperation2 argsLen: 2 arity: 4
mbDirectCall match: union argsLen: 1 arity: 3
mbDirectCall FAIL (entry Nothing): Accessor isLocal: true hasGlobalType: false
mbDirectCall FAIL (entry Nothing): Accessor isLocal: true hasGlobalType: false
mbDirectCall FAIL (entry Nothing): Local_Nothing isLocal: true hasGlobalType: false
mbDirectCall match: wrappedOperation argsLen: 2 arity: 3
mbDirectCall match: sortBy argsLen: 1 arity: 2
mbDirectCall match: wrappedOperation argsLen: 3 arity: 3
mbDirectCall match: sortBy argsLen: 1 arity: 2
mbDirectCall FAIL (entry Nothing): Accessor isLocal: true hasGlobalType: false
mbDirectCall FAIL (entry Nothing): Accessor isLocal: true hasGlobalType: false
mbDirectCall match: wrappedOperation argsLen: 2 arity: 3
mbDirectCall match: wrappedOperation argsLen: 2 arity: 3
mbDirectCall match: nubEq argsLen: 1 arity: 2
mbDirectCall match: wrappedOperation argsLen: 2 arity: 3
mbDirectCall match: nubByEq argsLen: 1 arity: 2
mbDirectCall match: wrappedOperation argsLen: 2 arity: 3
mbDirectCall match: nubBy argsLen: 1 arity: 2
mbDirectCall match: wrappedOperation argsLen: 2 arity: 3
mbDirectCall match: nubBy argsLen: 1 arity: 2
mbDirectCall FAIL (entry Nothing): Accessor isLocal: true hasGlobalType: false
mbDirectCall match: alterAt argsLen: 3 arity: 3
mbDirectCall FAIL (entry Nothing): f isLocal: true hasGlobalType: false
mbDirectCall FAIL (entry Nothing): f isLocal: true hasGlobalType: false
mbDirectCall FAIL (entry Nothing): go isLocal: true hasGlobalType: false
mbDirectCall FAIL (entry Nothing): x isLocal: true hasGlobalType: false
mbDirectCall FAIL (entry Nothing): go isLocal: true hasGlobalType: false
mbDirectCall FAIL (entry Nothing): Local_Nothing isLocal: true hasGlobalType: false
mbDirectCall match: partition argsLen: 2 arity: 2
mbDirectCall match: span argsLen: 2 arity: 2
mbDirectCall match: take argsLen: 1 arity: 2
mbDirectCall FAIL (entry Nothing): Local_Nothing isLocal: true hasGlobalType: false
mbDirectCall FAIL (entry Nothing): go isLocal: true hasGlobalType: false
mbDirectCall FAIL (entry Nothing): x isLocal: true hasGlobalType: false
mbDirectCall FAIL (entry Nothing): go isLocal: true hasGlobalType: false
mbDirectCall FAIL (entry Nothing): Local_Nothing isLocal: true hasGlobalType: false
mbDirectCall match: length argsLen: 1 arity: 1
mbDirectCall match: last argsLen: 1 arity: 1
mbDirectCall match: last argsLen: 1 arity: 1
mbDirectCall match: last argsLen: 1 arity: 1
mbDirectCall match: wrappedOperation2 argsLen: 2 arity: 4
mbDirectCall match: intersectBy argsLen: 1 arity: 3
mbDirectCall match: wrappedOperation2 argsLen: 2 arity: 4
mbDirectCall match: intersect argsLen: 1 arity: 3
mbDirectCall FAIL (entry Nothing): Accessor isLocal: true hasGlobalType: false
mbDirectCall match: insertAt argsLen: 3 arity: 3
mbDirectCall FAIL (entry Nothing): Accessor isLocal: true hasGlobalType: false
mbDirectCall match: unsnoc argsLen: 1 arity: 1
mbDirectCall match: index argsLen: 2 arity: 2
mbDirectCall match: wrappedOperation argsLen: 2 arity: 3
mbDirectCall match: groupBy argsLen: 1 arity: 2
mbDirectCall match: wrappedOperation argsLen: 2 arity: 3
mbDirectCall match: groupAllBy argsLen: 1 arity: 2
mbDirectCall match: wrappedOperation argsLen: 2 arity: 3
mbDirectCall match: groupAll argsLen: 1 arity: 2
mbDirectCall match: wrappedOperation argsLen: 2 arity: 3
mbDirectCall match: group argsLen: 1 arity: 2
mbDirectCall FAIL (entry Nothing): Accessor isLocal: true hasGlobalType: false
mbDirectCall FAIL (entry Nothing): Local_Nothing isLocal: true hasGlobalType: false
mbDirectCall FAIL (entry Nothing): Accessor isLocal: true hasGlobalType: false
mbDirectCall FAIL (entry Nothing): Accessor isLocal: true hasGlobalType: false
mbDirectCall FAIL (entry Nothing): f isLocal: true hasGlobalType: false
mbDirectCall match: foldM argsLen: 4 arity: 4
mbDirectCall match: findLastIndex argsLen: 2 arity: 2
mbDirectCall FAIL (entry Nothing): f isLocal: true hasGlobalType: false
mbDirectCall FAIL (entry Nothing): Accessor isLocal: true hasGlobalType: false
mbDirectCall FAIL (entry Nothing): f isLocal: true hasGlobalType: false
mbDirectCall FAIL (entry Nothing): go isLocal: true hasGlobalType: false
mbDirectCall FAIL (entry Nothing): f isLocal: true hasGlobalType: false
mbDirectCall match: filterM argsLen: 1 arity: 3
mbDirectCall FAIL (entry Nothing): Local_Nothing isLocal: true hasGlobalType: false
mbDirectCall FAIL (entry Nothing): Local_Nothing isLocal: true hasGlobalType: false
mbDirectCall FAIL (entry Nothing): go isLocal: true hasGlobalType: false
mbDirectCall FAIL (entry Nothing): x isLocal: true hasGlobalType: false
mbDirectCall FAIL (entry Nothing): go isLocal: true hasGlobalType: false
mbDirectCall FAIL (entry Nothing): Local_Nothing isLocal: true hasGlobalType: false
mbDirectCall match: findLastIndex argsLen: 1 arity: 2
mbDirectCall FAIL (entry Nothing): Accessor isLocal: true hasGlobalType: false
mbDirectCall match: findIndex argsLen: 1 arity: 2
mbDirectCall FAIL (entry Nothing): Accessor isLocal: true hasGlobalType: false
mbDirectCall FAIL (entry Nothing): x isLocal: true hasGlobalType: false
mbDirectCall FAIL (entry Nothing): go isLocal: true hasGlobalType: false
mbDirectCall match: drop argsLen: 2 arity: 2
mbDirectCall FAIL (entry Nothing): Accessor isLocal: true hasGlobalType: false
mbDirectCall FAIL (entry Nothing): Accessor isLocal: true hasGlobalType: false
mbDirectCall FAIL (entry Nothing): go isLocal: true hasGlobalType: false
mbDirectCall FAIL (entry Nothing): go isLocal: true hasGlobalType: false
mbDirectCall FAIL (entry Nothing): Accessor isLocal: true hasGlobalType: false
mbDirectCall FAIL (entry Nothing): Accessor isLocal: true hasGlobalType: false
mbDirectCall FAIL (entry Nothing): fromFoldable1 isLocal: true hasGlobalType: false
mbDirectCall FAIL (entry Nothing): Accessor isLocal: true hasGlobalType: false
mbDirectCall match: ordIntImpl argsLen: 3 arity: 5
mbDirectCall FAIL (entry Nothing): Local_Nothing isLocal: true hasGlobalType: false
mbDirectCall FAIL (entry Nothing): Accessor isLocal: true hasGlobalType: false
mbDirectCall FAIL (entry Nothing): Accessor isLocal: true hasGlobalType: false
mbDirectCall FAIL (entry Nothing): Accessor isLocal: true hasGlobalType: false
mbDirectCall FAIL (entry Nothing): Accessor isLocal: true hasGlobalType: false
mbDirectCall FAIL (entry Nothing): Accessor isLocal: true hasGlobalType: false
mbDirectCall FAIL (entry Nothing): f isLocal: true hasGlobalType: false
mbDirectCall FAIL (entry Nothing): g isLocal: true hasGlobalType: false
mbDirectCall FAIL (entry Nothing): Accessor isLocal: true hasGlobalType: false
mbDirectCall FAIL (entry Nothing): Accessor isLocal: true hasGlobalType: false
mbDirectCall FAIL (entry Nothing): Local_Nothing isLocal: true hasGlobalType: false
mbDirectCall FAIL (entry Nothing): Accessor isLocal: true hasGlobalType: false
mbDirectCall FAIL (entry Nothing): Accessor isLocal: true hasGlobalType: false
mbDirectCall FAIL (entry Nothing): Accessor isLocal: true hasGlobalType: false
mbDirectCall FAIL (entry Nothing): Accessor isLocal: true hasGlobalType: false
mbDirectCall FAIL (entry Nothing): Accessor isLocal: true hasGlobalType: false
mbDirectCall FAIL (entry Nothing): Accessor isLocal: true hasGlobalType: false
mbDirectCall FAIL (entry Nothing): Accessor isLocal: true hasGlobalType: false
mbDirectCall FAIL (entry Nothing): Accessor isLocal: true hasGlobalType: false
mbDirectCall FAIL (entry Nothing): Accessor isLocal: true hasGlobalType: false
mbDirectCall FAIL (entry Nothing): Accessor isLocal: true hasGlobalType: false
mbDirectCall FAIL (entry Nothing): Accessor isLocal: true hasGlobalType: false
mbDirectCall FAIL (entry Nothing): Accessor isLocal: true hasGlobalType: false
mbDirectCall FAIL (entry Nothing): Accessor isLocal: true hasGlobalType: false
mbDirectCall FAIL (entry Nothing): Accessor isLocal: true hasGlobalType: false
mbDirectCall FAIL (entry Nothing): Accessor isLocal: true hasGlobalType: false
mbDirectCall FAIL (entry Nothing): Accessor isLocal: true hasGlobalType: false
mbDirectCall FAIL (entry Nothing): Accessor isLocal: true hasGlobalType: false
mbDirectCall FAIL (entry Nothing): Accessor isLocal: true hasGlobalType: false
mbDirectCall FAIL (entry Nothing): Accessor isLocal: true hasGlobalType: false
mbDirectCall FAIL (entry Nothing): Accessor isLocal: true hasGlobalType: false
mbDirectCall FAIL (entry Nothing): Accessor isLocal: true hasGlobalType: false
mbDirectCall FAIL (entry Nothing): Accessor isLocal: true hasGlobalType: false
mbDirectCall match: lookup argsLen: 2 arity: 1
mbDirectCall match: greaterThan argsLen: 2 arity: 0
mbDirectCall FAIL (entry Nothing): Accessor isLocal: true hasGlobalType: false
mbDirectCall match: foldMap1 argsLen: 2 arity: 0
mbDirectCall FAIL (entry Nothing): Accessor isLocal: true hasGlobalType: false
mbDirectCall match: span argsLen: 2 arity: 2
mbDirectCall FAIL (entry Nothing): Accessor isLocal: true hasGlobalType: false
mbDirectCall FAIL (entry Nothing): Accessor isLocal: true hasGlobalType: false
mbDirectCall FAIL (entry Nothing): Accessor isLocal: true hasGlobalType: false
mbDirectCall match: floor argsLen: 1 arity: 1
mbDirectCall match: foldMap2 argsLen: 2 arity: 0
mbDirectCall match: abs argsLen: 1 arity: 1
mbDirectCall FAIL (entry Nothing): Accessor isLocal: true hasGlobalType: false
mbDirectCall FAIL (entry Nothing): Accessor isLocal: true hasGlobalType: false
mbDirectCall match: fold argsLen: 2 arity: 0
mbDirectCall FAIL (entry Nothing): go isLocal: true hasGlobalType: false
mbDirectCall match: toUnfoldable argsLen: 1 arity: 0
mbDirectCall match: checkValidIsoDuration argsLen: 1 arity: 1
mbDirectCall FAIL (entry Nothing): x isLocal: true hasGlobalType: false
mbDirectCall FAIL (entry Nothing): Accessor isLocal: true hasGlobalType: false
mbDirectCall FAIL (entry Nothing): ys isLocal: true hasGlobalType: false
mbDirectCall FAIL (entry Nothing): Accessor isLocal: true hasGlobalType: false
mbDirectCall FAIL (entry Nothing): f isLocal: true hasGlobalType: false
mbDirectCall FAIL (entry Nothing): Accessor isLocal: true hasGlobalType: false
mbDirectCall FAIL (entry Nothing): f isLocal: true hasGlobalType: false
mbDirectCall FAIL (entry Nothing): Accessor isLocal: true hasGlobalType: false
mbDirectCall FAIL (entry Nothing): f isLocal: true hasGlobalType: false
mbDirectCall FAIL (entry Nothing): Accessor isLocal: true hasGlobalType: false
mbDirectCall FAIL (entry Nothing): Accessor isLocal: true hasGlobalType: false
mbDirectCall match: map1 argsLen: 1 arity: 2
mbDirectCall FAIL (entry Nothing): Accessor isLocal: true hasGlobalType: false
mbDirectCall FAIL (entry Nothing): go isLocal: true hasGlobalType: false
mbDirectCall FAIL (entry Nothing): Accessor isLocal: true hasGlobalType: false
mbDirectCall FAIL (entry Nothing): Accessor isLocal: true hasGlobalType: false
mbDirectCall FAIL (entry Nothing): go isLocal: true hasGlobalType: false
mbDirectCall FAIL (entry Nothing): xs isLocal: true hasGlobalType: false
mbDirectCall FAIL (entry Nothing): ys isLocal: true hasGlobalType: false
mbDirectCall FAIL (entry Nothing): Accessor isLocal: true hasGlobalType: false
mbDirectCall match: eqNonEmpty argsLen: 2 arity: 2
mbDirectCall FAIL (entry Nothing): Accessor isLocal: true hasGlobalType: false
mbDirectCall match: eqNonEmpty argsLen: 2 arity: 2
mbDirectCall FAIL (entry Nothing): Accessor isLocal: true hasGlobalType: false
mbDirectCall FAIL (entry Nothing): x isLocal: true hasGlobalType: false
mbDirectCall FAIL (entry Nothing): y isLocal: true hasGlobalType: false
mbDirectCall FAIL (entry Nothing): Accessor isLocal: true hasGlobalType: false
mbDirectCall FAIL (entry Nothing): Accessor isLocal: true hasGlobalType: false
mbDirectCall FAIL (entry Nothing): Accessor isLocal: true hasGlobalType: false
mbDirectCall FAIL (entry Nothing): go isLocal: true hasGlobalType: false
mbDirectCall FAIL (entry Nothing): xs isLocal: true hasGlobalType: false
mbDirectCall FAIL (entry Nothing): ys isLocal: true hasGlobalType: false
mbDirectCall match: ordNonEmpty argsLen: 1 arity: 2
mbDirectCall FAIL (entry Nothing): Accessor isLocal: true hasGlobalType: false
mbDirectCall match: ordNonEmpty argsLen: 1 arity: 0
mbDirectCall FAIL (entry Nothing): Accessor isLocal: true hasGlobalType: false
mbDirectCall FAIL (entry Nothing): Accessor isLocal: true hasGlobalType: false
mbDirectCall FAIL (entry Nothing): Accessor isLocal: true hasGlobalType: false
mbDirectCall match: ordLazy argsLen: 1 arity: 1
mbDirectCall match: ordNonEmpty argsLen: 1 arity: 0
mbDirectCall FAIL (entry Nothing): Accessor isLocal: true hasGlobalType: false
mbDirectCall FAIL (entry Nothing): Accessor isLocal: true hasGlobalType: false
mbDirectCall FAIL (entry Nothing): Accessor isLocal: true hasGlobalType: false
mbDirectCall FAIL (entry Nothing): f isLocal: true hasGlobalType: false
mbDirectCall FAIL (entry Nothing): xs isLocal: true hasGlobalType: false
mbDirectCall FAIL (entry Nothing): op isLocal: true hasGlobalType: false
mbDirectCall FAIL (entry Nothing): Accessor isLocal: true hasGlobalType: false
mbDirectCall FAIL (entry Nothing): op isLocal: true hasGlobalType: false
mbDirectCall FAIL (entry Nothing): Accessor isLocal: true hasGlobalType: false
mbDirectCall FAIL (entry Nothing): Accessor isLocal: true hasGlobalType: false
mbDirectCall FAIL (entry Nothing): Accessor isLocal: true hasGlobalType: false
mbDirectCall FAIL (entry Nothing): Accessor isLocal: true hasGlobalType: false
mbDirectCall FAIL (entry Nothing): f isLocal: true hasGlobalType: false
mbDirectCall FAIL (entry Nothing): foldMap1 isLocal: true hasGlobalType: false
mbDirectCall FAIL (entry Nothing): Accessor isLocal: true hasGlobalType: false
mbDirectCall FAIL (entry Nothing): f isLocal: true hasGlobalType: false
mbDirectCall FAIL (entry Nothing): f isLocal: true hasGlobalType: false
mbDirectCall FAIL (entry Nothing): Accessor isLocal: true hasGlobalType: false
mbDirectCall FAIL (entry Nothing): l isLocal: true hasGlobalType: false
mbDirectCall FAIL (entry Nothing): f isLocal: true hasGlobalType: false
mbDirectCall FAIL (entry Nothing): Accessor isLocal: true hasGlobalType: false
mbDirectCall FAIL (entry Nothing): f isLocal: true hasGlobalType: false
mbDirectCall FAIL (entry Nothing): v isLocal: true hasGlobalType: false
mbDirectCall FAIL (entry Nothing): f isLocal: true hasGlobalType: false
mbDirectCall FAIL (entry Nothing): Accessor isLocal: true hasGlobalType: false
mbDirectCall FAIL (entry Nothing): f isLocal: true hasGlobalType: false
mbDirectCall FAIL (entry Nothing): Accessor isLocal: true hasGlobalType: false
mbDirectCall FAIL (entry Nothing): foldMap1 isLocal: true hasGlobalType: false
mbDirectCall FAIL (entry Nothing): v isLocal: true hasGlobalType: false
mbDirectCall FAIL (entry Nothing): v isLocal: true hasGlobalType: false
mbDirectCall FAIL (entry Nothing): Accessor isLocal: true hasGlobalType: false
mbDirectCall FAIL (entry Nothing): f isLocal: true hasGlobalType: false
mbDirectCall FAIL (entry Nothing): v isLocal: true hasGlobalType: false
mbDirectCall FAIL (entry Nothing): f isLocal: true hasGlobalType: false
mbDirectCall FAIL (entry Nothing): Accessor isLocal: true hasGlobalType: false
mbDirectCall FAIL (entry Nothing): Accessor isLocal: true hasGlobalType: false
mbDirectCall FAIL (entry Nothing): Accessor isLocal: true hasGlobalType: false
mbDirectCall FAIL (entry Nothing): xs isLocal: true hasGlobalType: false
mbDirectCall FAIL (entry Nothing): Accessor isLocal: true hasGlobalType: false
mbDirectCall FAIL (entry Nothing): Accessor isLocal: true hasGlobalType: false
mbDirectCall FAIL (entry Nothing): Accessor isLocal: true hasGlobalType: false
mbDirectCall FAIL (entry Nothing): Accessor isLocal: true hasGlobalType: false
mbDirectCall FAIL (entry Nothing): Accessor isLocal: true hasGlobalType: false
mbDirectCall FAIL (entry Nothing): Accessor isLocal: true hasGlobalType: false
mbDirectCall FAIL (entry Nothing): Accessor isLocal: true hasGlobalType: false
mbDirectCall FAIL (entry Nothing): Accessor isLocal: true hasGlobalType: false
mbDirectCall FAIL (entry Nothing): Accessor isLocal: true hasGlobalType: false
mbDirectCall match: showLazy argsLen: 1 arity: 1
mbDirectCall match: showNonEmpty argsLen: 2 arity: 2
mbDirectCall match: showList argsLen: 1 arity: 1
mbDirectCall FAIL (entry Nothing): Accessor isLocal: true hasGlobalType: false
mbDirectCall FAIL (entry Nothing): Accessor isLocal: true hasGlobalType: false
mbDirectCall FAIL (entry Nothing): Accessor isLocal: true hasGlobalType: false
mbDirectCall FAIL (entry Nothing): Accessor isLocal: true hasGlobalType: false
mbDirectCall FAIL (entry Nothing): Accessor isLocal: true hasGlobalType: false
mbDirectCall FAIL (entry Nothing): Accessor isLocal: true hasGlobalType: false
mbDirectCall match: showList argsLen: 1 arity: 1
mbDirectCall FAIL (entry Nothing): Accessor isLocal: true hasGlobalType: false
mbDirectCall FAIL (entry Nothing): Accessor isLocal: true hasGlobalType: false
mbDirectCall FAIL (entry Nothing): Accessor isLocal: true hasGlobalType: false
mbDirectCall FAIL (entry Nothing): f isLocal: true hasGlobalType: false
mbDirectCall FAIL (entry Nothing): Local_Nothing isLocal: true hasGlobalType: false
mbDirectCall FAIL (entry Nothing): Local_Nothing isLocal: true hasGlobalType: false
mbDirectCall FAIL (entry Nothing): Accessor isLocal: true hasGlobalType: false
mbDirectCall FAIL (entry Nothing): f isLocal: true hasGlobalType: false
mbDirectCall FAIL (entry Nothing): Local_Nothing isLocal: true hasGlobalType: false
mbDirectCall FAIL (entry Nothing): Accessor isLocal: true hasGlobalType: false
mbDirectCall FAIL (entry Nothing): Accessor isLocal: true hasGlobalType: false
mbDirectCall FAIL (entry Nothing): f isLocal: true hasGlobalType: false
mbDirectCall match: foldableWithIndexNonEmpty argsLen: 1 arity: 1
mbDirectCall FAIL (entry Nothing): Accessor isLocal: true hasGlobalType: false
mbDirectCall FAIL (entry Nothing): foldMapWithIndex1 isLocal: true hasGlobalType: false
mbDirectCall FAIL (entry Nothing): f isLocal: true hasGlobalType: false
mbDirectCall FAIL (entry Nothing): v isLocal: true hasGlobalType: false
mbDirectCall FAIL (entry Nothing): Accessor isLocal: true hasGlobalType: false
mbDirectCall FAIL (entry Nothing): f isLocal: true hasGlobalType: false
mbDirectCall FAIL (entry Nothing): v isLocal: true hasGlobalType: false
mbDirectCall FAIL (entry Nothing): Accessor isLocal: true hasGlobalType: false
mbDirectCall FAIL (entry Nothing): f isLocal: true hasGlobalType: false
mbDirectCall FAIL (entry Nothing): v isLocal: true hasGlobalType: false
mbDirectCall FAIL (entry Nothing): Accessor isLocal: true hasGlobalType: false
mbDirectCall FAIL (entry Nothing): f isLocal: true hasGlobalType: false
mbDirectCall FAIL (entry Nothing): f isLocal: true hasGlobalType: false
mbDirectCall FAIL (entry Nothing): Accessor isLocal: true hasGlobalType: false
mbDirectCall FAIL (entry Nothing): f isLocal: true hasGlobalType: false
mbDirectCall match: mapWithIndex argsLen: 2 arity: 2
mbDirectCall FAIL (entry Nothing): f isLocal: true hasGlobalType: false
mbDirectCall FAIL (entry Nothing): v isLocal: true hasGlobalType: false
mbDirectCall FAIL (entry Nothing): Accessor isLocal: true hasGlobalType: false
mbDirectCall FAIL (entry Nothing): v isLocal: true hasGlobalType: false
mbDirectCall FAIL (entry Nothing): v isLocal: true hasGlobalType: false
mbDirectCall FAIL (entry Nothing): Accessor isLocal: true hasGlobalType: false
mbDirectCall match: toList argsLen: 1 arity: 1
mbDirectCall FAIL (entry Nothing): Accessor isLocal: true hasGlobalType: false
mbDirectCall FAIL (entry Nothing): Accessor isLocal: true hasGlobalType: false
mbDirectCall FAIL (entry Nothing): Accessor isLocal: true hasGlobalType: false
mbDirectCall FAIL (entry Nothing): Accessor isLocal: true hasGlobalType: false
mbDirectCall FAIL (entry Nothing): Accessor isLocal: true hasGlobalType: false
mbDirectCall FAIL (entry Nothing): Accessor isLocal: true hasGlobalType: false
mbDirectCall FAIL (entry Nothing): f isLocal: true hasGlobalType: false
mbDirectCall FAIL (entry Nothing): Accessor isLocal: true hasGlobalType: false
mbDirectCall match: traversableNonEmpty argsLen: 1 arity: 1
mbDirectCall FAIL (entry Nothing): Accessor isLocal: true hasGlobalType: false
mbDirectCall FAIL (entry Nothing): Accessor isLocal: true hasGlobalType: false
mbDirectCall FAIL (entry Nothing): Accessor isLocal: true hasGlobalType: false
mbDirectCall FAIL (entry Nothing): Accessor isLocal: true hasGlobalType: false
mbDirectCall FAIL (entry Nothing): sequence1 isLocal: true hasGlobalType: false
mbDirectCall FAIL (entry Nothing): v isLocal: true hasGlobalType: false
mbDirectCall FAIL (entry Nothing): Accessor isLocal: true hasGlobalType: false
mbDirectCall FAIL (entry Nothing): Accessor isLocal: true hasGlobalType: false
mbDirectCall FAIL (entry Nothing): Accessor isLocal: true hasGlobalType: false
mbDirectCall FAIL (entry Nothing): Accessor isLocal: true hasGlobalType: false
mbDirectCall FAIL (entry Nothing): traverse1 isLocal: true hasGlobalType: false
mbDirectCall FAIL (entry Nothing): v isLocal: true hasGlobalType: false
mbDirectCall FAIL (entry Nothing): Accessor isLocal: true hasGlobalType: false
mbDirectCall FAIL (entry Nothing): Accessor isLocal: true hasGlobalType: false
mbDirectCall FAIL (entry Nothing): Accessor isLocal: true hasGlobalType: false
mbDirectCall FAIL (entry Nothing): Accessor isLocal: true hasGlobalType: false
mbDirectCall FAIL (entry Nothing): Accessor isLocal: true hasGlobalType: false
mbDirectCall FAIL (entry Nothing): f isLocal: true hasGlobalType: false
mbDirectCall FAIL (entry Nothing): Accessor isLocal: true hasGlobalType: false
mbDirectCall match: traversableWithIndexNonEmpty argsLen: 1 arity: 1
mbDirectCall match: traverseWithIndex argsLen: 1 arity: 0
mbDirectCall FAIL (entry Nothing): Accessor isLocal: true hasGlobalType: false
mbDirectCall FAIL (entry Nothing): Accessor isLocal: true hasGlobalType: false
mbDirectCall FAIL (entry Nothing): Accessor isLocal: true hasGlobalType: false
mbDirectCall FAIL (entry Nothing): traverseWithIndex1 isLocal: true hasGlobalType: false
mbDirectCall FAIL (entry Nothing): f isLocal: true hasGlobalType: false
mbDirectCall FAIL (entry Nothing): v isLocal: true hasGlobalType: false
mbDirectCall FAIL (entry Nothing): Accessor isLocal: true hasGlobalType: false
mbDirectCall FAIL (entry Nothing): f isLocal: true hasGlobalType: false
mbDirectCall FAIL (entry Nothing): go isLocal: true hasGlobalType: false
mbDirectCall FAIL (entry Nothing): Accessor isLocal: true hasGlobalType: false
mbDirectCall FAIL (entry Nothing): f isLocal: true hasGlobalType: false
mbDirectCall FAIL (entry Nothing): go isLocal: true hasGlobalType: false
mbDirectCall match: unfoldable1NonEmpty argsLen: 1 arity: 1
mbDirectCall match: unfoldr1 argsLen: 2 arity: 0
mbDirectCall FAIL (entry Nothing): v isLocal: true hasGlobalType: false
mbDirectCall FAIL (entry Nothing): Accessor isLocal: true hasGlobalType: false
mbDirectCall FAIL (entry Nothing): Accessor isLocal: true hasGlobalType: false
mbDirectCall FAIL (entry Nothing): f isLocal: true hasGlobalType: false
mbDirectCall FAIL (entry Nothing): Accessor isLocal: true hasGlobalType: false
mbDirectCall FAIL (entry Nothing): Accessor isLocal: true hasGlobalType: false
mbDirectCall FAIL (entry Nothing): Accessor isLocal: true hasGlobalType: false
mbDirectCall FAIL (entry Nothing): Accessor isLocal: true hasGlobalType: false
mbDirectCall FAIL (entry Nothing): Accessor isLocal: true hasGlobalType: false
mbDirectCall FAIL (entry Nothing): Accessor isLocal: true hasGlobalType: false
mbDirectCall FAIL (entry Nothing): f' isLocal: true hasGlobalType: false
mbDirectCall FAIL (entry Nothing): v1 isLocal: true hasGlobalType: false
mbDirectCall FAIL (entry Nothing): v isLocal: true hasGlobalType: false
mbDirectCall FAIL (entry Nothing): Local_Nothing isLocal: true hasGlobalType: false
mbDirectCall FAIL (entry Nothing): Accessor isLocal: true hasGlobalType: false
mbDirectCall FAIL (entry Nothing): Accessor isLocal: true hasGlobalType: false
mbDirectCall FAIL (entry Nothing): Accessor isLocal: true hasGlobalType: false
mbDirectCall FAIL (entry Nothing): v isLocal: true hasGlobalType: false
mbDirectCall FAIL (entry Nothing): f isLocal: true hasGlobalType: false
mbDirectCall FAIL (entry Nothing): Accessor isLocal: true hasGlobalType: false
mbDirectCall FAIL (entry Nothing): Accessor isLocal: true hasGlobalType: false
mbDirectCall match: toList argsLen: 1 arity: 1
mbDirectCall FAIL (entry Nothing): f isLocal: true hasGlobalType: false
mbDirectCall match: ordIntImpl argsLen: 3 arity: 5
mbDirectCall FAIL (entry Nothing): Local_Nothing isLocal: true hasGlobalType: false
mbDirectCall FAIL (entry Nothing): Accessor isLocal: true hasGlobalType: false
mbDirectCall FAIL (entry Nothing): f isLocal: true hasGlobalType: false
mbDirectCall match: ordIntImpl argsLen: 3 arity: 5
mbDirectCall FAIL (entry Nothing): Local_Nothing isLocal: true hasGlobalType: false
mbDirectCall match: ordIntImpl argsLen: 3 arity: 5
mbDirectCall FAIL (entry Nothing): Local_Nothing isLocal: true hasGlobalType: false
mbDirectCall match: ordIntImpl argsLen: 3 arity: 5
mbDirectCall FAIL (entry Nothing): Local_Nothing isLocal: true hasGlobalType: false
mbDirectCall FAIL (entry Nothing): Accessor isLocal: true hasGlobalType: false
mbDirectCall FAIL (entry Nothing): Accessor isLocal: true hasGlobalType: false
mbDirectCall FAIL (entry Nothing): Accessor isLocal: true hasGlobalType: false
mbDirectCall FAIL (entry Nothing): Accessor isLocal: true hasGlobalType: false
mbDirectCall FAIL (entry Nothing): f isLocal: true hasGlobalType: false
mbDirectCall match: zipWith argsLen: 3 arity: 3
mbDirectCall FAIL (entry Nothing): Accessor isLocal: true hasGlobalType: false
mbDirectCall FAIL (entry Nothing): Accessor isLocal: true hasGlobalType: false
mbDirectCall FAIL (entry Nothing): f isLocal: true hasGlobalType: false
mbDirectCall match: zipWith argsLen: 3 arity: 3
mbDirectCall FAIL (entry Nothing): Accessor isLocal: true hasGlobalType: false
mbDirectCall FAIL (entry Nothing): sequence1 isLocal: true hasGlobalType: false
mbDirectCall match: zipWith argsLen: 3 arity: 3
mbDirectCall match: zipWith argsLen: 1 arity: 3
mbDirectCall FAIL (entry Nothing): Accessor isLocal: true hasGlobalType: false
mbDirectCall match: updateAt argsLen: 3 arity: 3
mbDirectCall FAIL (entry Nothing): Accessor isLocal: true hasGlobalType: false
mbDirectCall FAIL (entry Nothing): xs isLocal: true hasGlobalType: false
mbDirectCall FAIL (entry Nothing): Accessor isLocal: true hasGlobalType: false
mbDirectCall FAIL (entry Nothing): Accessor isLocal: true hasGlobalType: false
mbDirectCall match: uncons argsLen: 1 arity: 1
mbDirectCall FAIL (entry Nothing): Accessor isLocal: true hasGlobalType: false
mbDirectCall FAIL (entry Nothing): p isLocal: true hasGlobalType: false
mbDirectCall match: takeWhile argsLen: 2 arity: 1
mbDirectCall FAIL (entry Nothing): Accessor isLocal: true hasGlobalType: false
mbDirectCall match: take argsLen: 2 arity: 1
mbDirectCall match: lessThanOrEq argsLen: 2 arity: 0
mbDirectCall FAIL (entry Nothing): Accessor isLocal: true hasGlobalType: false
mbDirectCall match: uncons argsLen: 1 arity: 1
mbDirectCall match: tailRecM2 argsLen: 3 arity: 3
mbDirectCall FAIL (entry Nothing): prefix isLocal: true hasGlobalType: false
mbDirectCall FAIL (entry Nothing): input isLocal: true hasGlobalType: false
mbDirectCall FAIL (entry Nothing): Accessor isLocal: true hasGlobalType: false
mbDirectCall match: uncons argsLen: 1 arity: 1
mbDirectCall FAIL (entry Nothing): p isLocal: true hasGlobalType: false
mbDirectCall match: span argsLen: 2 arity: 2
mbDirectCall FAIL (entry Nothing): Accessor isLocal: true hasGlobalType: false
mbDirectCall FAIL (entry Nothing): Accessor isLocal: true hasGlobalType: false
mbDirectCall FAIL (entry Nothing): Accessor isLocal: true hasGlobalType: false
mbDirectCall FAIL (entry Nothing): Accessor isLocal: true hasGlobalType: false
mbDirectCall match: showList argsLen: 1 arity: 1
mbDirectCall FAIL (entry Nothing): Accessor isLocal: true hasGlobalType: false
mbDirectCall FAIL (entry Nothing): f isLocal: true hasGlobalType: false
mbDirectCall match: scanlLazy argsLen: 3 arity: 3
mbDirectCall FAIL (entry Nothing): Accessor isLocal: true hasGlobalType: false
mbDirectCall FAIL (entry Nothing): Accessor isLocal: true hasGlobalType: false
mbDirectCall FAIL (entry Nothing): Accessor isLocal: true hasGlobalType: false
mbDirectCall FAIL (entry Nothing): Accessor isLocal: true hasGlobalType: false
mbDirectCall FAIL (entry Nothing): Accessor isLocal: true hasGlobalType: false
mbDirectCall FAIL (entry Nothing): Accessor isLocal: true hasGlobalType: false
mbDirectCall match: replicateM argsLen: 3 arity: 1
mbDirectCall FAIL (entry Nothing): Accessor isLocal: true hasGlobalType: false
mbDirectCall match: lessThan argsLen: 2 arity: 0
mbDirectCall FAIL (entry Nothing): Accessor isLocal: true hasGlobalType: false
mbDirectCall FAIL (entry Nothing): Accessor isLocal: true hasGlobalType: false
mbDirectCall FAIL (entry Nothing): Accessor isLocal: true hasGlobalType: false
mbDirectCall match: take argsLen: 2 arity: 1
mbDirectCall FAIL (entry Nothing): Accessor isLocal: true hasGlobalType: false
mbDirectCall FAIL (entry Nothing): Accessor isLocal: true hasGlobalType: false
mbDirectCall match: lessThanOrEq argsLen: 2 arity: 0
mbDirectCall match: greaterThan argsLen: 2 arity: 0
mbDirectCall FAIL (entry Nothing): Accessor isLocal: true hasGlobalType: false
mbDirectCall match: greaterThanOrEq argsLen: 2 arity: 0
mbDirectCall FAIL (entry Nothing): Accessor isLocal: true hasGlobalType: false
mbDirectCall FAIL (entry Nothing): f isLocal: true hasGlobalType: false
mbDirectCall match: uncons argsLen: 1 arity: 1
mbDirectCall match: insertAndLookupBy argsLen: 3 arity: 3
mbDirectCall FAIL (entry Nothing): go isLocal: true hasGlobalType: false
mbDirectCall FAIL (entry Nothing): go isLocal: true hasGlobalType: false
mbDirectCall FAIL (entry Nothing): Accessor isLocal: true hasGlobalType: false
mbDirectCall FAIL (entry Nothing): goStep isLocal: true hasGlobalType: false
mbDirectCall FAIL (entry Nothing): go isLocal: true hasGlobalType: false
mbDirectCall match: nubBy argsLen: 1 arity: 1
mbDirectCall FAIL (entry Nothing): f isLocal: true hasGlobalType: false
mbDirectCall FAIL (entry Nothing): Accessor isLocal: true hasGlobalType: false
mbDirectCall match: mapMaybe argsLen: 2 arity: 1
mbDirectCall FAIL (entry Nothing): Accessor isLocal: true hasGlobalType: false
mbDirectCall FAIL (entry Nothing): Accessor isLocal: true hasGlobalType: false
mbDirectCall FAIL (entry Nothing): Accessor isLocal: true hasGlobalType: false
mbDirectCall FAIL (entry Nothing): Accessor isLocal: true hasGlobalType: false
mbDirectCall FAIL (entry Nothing): Accessor isLocal: true hasGlobalType: false
mbDirectCall FAIL (entry Nothing): Accessor isLocal: true hasGlobalType: false
mbDirectCall FAIL (entry Nothing): Accessor isLocal: true hasGlobalType: false
mbDirectCall FAIL (entry Nothing): Accessor isLocal: true hasGlobalType: false
mbDirectCall FAIL (entry Nothing): Accessor isLocal: true hasGlobalType: false
mbDirectCall match: many argsLen: 3 arity: 3
mbDirectCall FAIL (entry Nothing): Accessor isLocal: true hasGlobalType: false
mbDirectCall FAIL (entry Nothing): Accessor isLocal: true hasGlobalType: false
mbDirectCall FAIL (entry Nothing): Accessor isLocal: true hasGlobalType: false
mbDirectCall match: some argsLen: 3 arity: 3
mbDirectCall FAIL (entry Nothing): Accessor isLocal: true hasGlobalType: false
mbDirectCall FAIL (entry Nothing): Accessor isLocal: true hasGlobalType: false
mbDirectCall FAIL (entry Nothing): Accessor isLocal: true hasGlobalType: false
mbDirectCall FAIL (entry Nothing): Accessor isLocal: true hasGlobalType: false
mbDirectCall match: uncons argsLen: 1 arity: 1
mbDirectCall FAIL (entry Nothing): go isLocal: true hasGlobalType: false
mbDirectCall FAIL (entry Nothing): x isLocal: true hasGlobalType: false
mbDirectCall FAIL (entry Nothing): Accessor isLocal: true hasGlobalType: false
mbDirectCall FAIL (entry Nothing): Accessor isLocal: true hasGlobalType: false
mbDirectCall FAIL (entry Nothing): Accessor isLocal: true hasGlobalType: false
mbDirectCall match: insertAt argsLen: 3 arity: 3
mbDirectCall FAIL (entry Nothing): Accessor isLocal: true hasGlobalType: false
mbDirectCall FAIL (entry Nothing): go isLocal: true hasGlobalType: false
mbDirectCall FAIL (entry Nothing): Accessor isLocal: true hasGlobalType: false
mbDirectCall match: uncons argsLen: 1 arity: 1
mbDirectCall FAIL (entry Nothing): go isLocal: true hasGlobalType: false
mbDirectCall FAIL (entry Nothing): x isLocal: true hasGlobalType: false
mbDirectCall FAIL (entry Nothing): Accessor isLocal: true hasGlobalType: false
mbDirectCall FAIL (entry Nothing): go isLocal: true hasGlobalType: false
mbDirectCall FAIL (entry Nothing): xs isLocal: true hasGlobalType: false
mbDirectCall FAIL (entry Nothing): Accessor isLocal: true hasGlobalType: false
mbDirectCall match: uncons argsLen: 1 arity: 1
mbDirectCall match: uncons argsLen: 1 arity: 1
mbDirectCall match: uncons argsLen: 1 arity: 1
mbDirectCall match: mapMaybe argsLen: 2 arity: 1
mbDirectCall match: transpose argsLen: 1 arity: 1
mbDirectCall match: mapMaybe argsLen: 2 arity: 1
mbDirectCall FAIL (entry Nothing): Accessor isLocal: true hasGlobalType: false
mbDirectCall match: span argsLen: 2 arity: 2
mbDirectCall FAIL (entry Nothing): eq isLocal: true hasGlobalType: false
mbDirectCall match: groupBy argsLen: 2 arity: 1
mbDirectCall match: groupBy argsLen: 1 arity: 1
mbDirectCall FAIL (entry Nothing): Accessor isLocal: true hasGlobalType: false
mbDirectCall FAIL (entry Nothing): Accessor isLocal: true hasGlobalType: false
mbDirectCall FAIL (entry Nothing): cmp isLocal: true hasGlobalType: false
mbDirectCall match: insertBy argsLen: 3 arity: 3
mbDirectCall match: insertBy argsLen: 1 arity: 3
mbDirectCall FAIL (entry Nothing): Accessor isLocal: true hasGlobalType: false
mbDirectCall FAIL (entry Nothing): xs isLocal: true hasGlobalType: false
mbDirectCall FAIL (entry Nothing): Accessor isLocal: true hasGlobalType: false
mbDirectCall FAIL (entry Nothing): op isLocal: true hasGlobalType: false
mbDirectCall FAIL (entry Nothing): go isLocal: true hasGlobalType: false
mbDirectCall match: uncons argsLen: 1 arity: 1
mbDirectCall FAIL (entry Nothing): Accessor isLocal: true hasGlobalType: false
mbDirectCall FAIL (entry Nothing): Accessor isLocal: true hasGlobalType: false
mbDirectCall FAIL (entry Nothing): Accessor isLocal: true hasGlobalType: false
mbDirectCall FAIL (entry Nothing): Accessor isLocal: true hasGlobalType: false
mbDirectCall FAIL (entry Nothing): f isLocal: true hasGlobalType: false
mbDirectCall match: foldM argsLen: 4 arity: 4
mbDirectCall FAIL (entry Nothing): Accessor isLocal: true hasGlobalType: false
mbDirectCall match: uncons argsLen: 1 arity: 1
mbDirectCall FAIL (entry Nothing): go isLocal: true hasGlobalType: false
mbDirectCall FAIL (entry Nothing): fn isLocal: true hasGlobalType: false
mbDirectCall FAIL (entry Nothing): Accessor isLocal: true hasGlobalType: false
mbDirectCall FAIL (entry Nothing): go isLocal: true hasGlobalType: false
mbDirectCall FAIL (entry Nothing): Accessor isLocal: true hasGlobalType: false
mbDirectCall match: length argsLen: 1 arity: 0
mbDirectCall match: findIndex argsLen: 2 arity: 1
mbDirectCall match: reverse argsLen: 1 arity: 1
mbDirectCall FAIL (entry Nothing): Accessor isLocal: true hasGlobalType: false
mbDirectCall FAIL (entry Nothing): Accessor isLocal: true hasGlobalType: false
mbDirectCall match: uncons argsLen: 1 arity: 1
mbDirectCall FAIL (entry Nothing): Accessor isLocal: true hasGlobalType: false
mbDirectCall FAIL (entry Nothing): Accessor isLocal: true hasGlobalType: false
mbDirectCall FAIL (entry Nothing): p isLocal: true hasGlobalType: false
mbDirectCall FAIL (entry Nothing): Accessor isLocal: true hasGlobalType: false
mbDirectCall match: filterM argsLen: 3 arity: 1
mbDirectCall FAIL (entry Nothing): Accessor isLocal: true hasGlobalType: false
mbDirectCall FAIL (entry Nothing): Accessor isLocal: true hasGlobalType: false
mbDirectCall FAIL (entry Nothing): p isLocal: true hasGlobalType: false
mbDirectCall match: filter argsLen: 2 arity: 1
mbDirectCall FAIL (entry Nothing): Accessor isLocal: true hasGlobalType: false
mbDirectCall match: filter argsLen: 2 arity: 1
mbDirectCall match: any argsLen: 2 arity: 0
mbDirectCall FAIL (entry Nothing): eq isLocal: true hasGlobalType: false
mbDirectCall match: intersectBy argsLen: 1 arity: 3
mbDirectCall FAIL (entry Nothing): Accessor isLocal: true hasGlobalType: false
mbDirectCall match: nubByEq argsLen: 2 arity: 1
mbDirectCall match: filter argsLen: 2 arity: 1
mbDirectCall FAIL (entry Nothing): Accessor isLocal: true hasGlobalType: false
mbDirectCall FAIL (entry Nothing): eq isLocal: true hasGlobalType: false
mbDirectCall match: nubByEq argsLen: 1 arity: 1
mbDirectCall FAIL (entry Nothing): Accessor isLocal: true hasGlobalType: false
mbDirectCall FAIL (entry Nothing): Accessor isLocal: true hasGlobalType: false
mbDirectCall FAIL (entry Nothing): Accessor isLocal: true hasGlobalType: false
mbDirectCall FAIL (entry Nothing): Accessor isLocal: true hasGlobalType: false
mbDirectCall match: ordList argsLen: 1 arity: 1
mbDirectCall match: findLastIndex argsLen: 1 arity: 2
mbDirectCall FAIL (entry Nothing): Accessor isLocal: true hasGlobalType: false
mbDirectCall match: findIndex argsLen: 1 arity: 1
mbDirectCall FAIL (entry Nothing): Accessor isLocal: true hasGlobalType: false
mbDirectCall FAIL (entry Nothing): Accessor isLocal: true hasGlobalType: false
mbDirectCall FAIL (entry Nothing): p isLocal: true hasGlobalType: false
mbDirectCall FAIL (entry Nothing): Accessor isLocal: true hasGlobalType: false
mbDirectCall FAIL (entry Nothing): go isLocal: true hasGlobalType: false
mbDirectCall FAIL (entry Nothing): x isLocal: true hasGlobalType: false
mbDirectCall FAIL (entry Nothing): Accessor isLocal: true hasGlobalType: false
mbDirectCall FAIL (entry Nothing): Accessor isLocal: true hasGlobalType: false
mbDirectCall FAIL (entry Nothing): go isLocal: true hasGlobalType: false
mbDirectCall match: take argsLen: 2 arity: 1
mbDirectCall match: drop argsLen: 2 arity: 1
mbDirectCall FAIL (entry Nothing): Accessor isLocal: true hasGlobalType: false
mbDirectCall match: deleteBy argsLen: 3 arity: 3
mbDirectCall FAIL (entry Nothing): eq isLocal: true hasGlobalType: false
mbDirectCall FAIL (entry Nothing): Accessor isLocal: true hasGlobalType: false
mbDirectCall FAIL (entry Nothing): Accessor isLocal: true hasGlobalType: false
mbDirectCall FAIL (entry Nothing): Accessor isLocal: true hasGlobalType: false
mbDirectCall match: deleteBy argsLen: 3 arity: 3
mbDirectCall match: nubByEq argsLen: 2 arity: 1
mbDirectCall match: unionBy argsLen: 1 arity: 3
mbDirectCall FAIL (entry Nothing): Accessor isLocal: true hasGlobalType: false
mbDirectCall match: deleteAt argsLen: 2 arity: 2
mbDirectCall FAIL (entry Nothing): Accessor isLocal: true hasGlobalType: false
mbDirectCall match: deleteBy argsLen: 1 arity: 3
mbDirectCall FAIL (entry Nothing): Accessor isLocal: true hasGlobalType: false
mbDirectCall match: deleteBy argsLen: 3 arity: 3
mbDirectCall FAIL (entry Nothing): Accessor isLocal: true hasGlobalType: false
mbDirectCall FAIL (entry Nothing): Accessor isLocal: true hasGlobalType: false
mbDirectCall FAIL (entry Nothing): Accessor isLocal: true hasGlobalType: false
mbDirectCall FAIL (entry Nothing): Accessor isLocal: true hasGlobalType: false
mbDirectCall match: mapMaybe argsLen: 1 arity: 1
mbDirectCall FAIL (entry Nothing): Accessor isLocal: true hasGlobalType: false
mbDirectCall match: alterAt argsLen: 3 arity: 3
mbDirectCall FAIL (entry Nothing): f isLocal: true hasGlobalType: false
mbDirectCall FAIL (entry Nothing): Accessor isLocal: true hasGlobalType: false
mbDirectCall match: alterAt argsLen: 2 arity: 3
mbDirectCall FAIL (entry Nothing): f isLocal: true hasGlobalType: false
mbDirectCall FAIL (entry Nothing): v isLocal: true hasGlobalType: false
mbDirectCall FAIL (entry Nothing): v isLocal: true hasGlobalType: false
mbDirectCall FAIL (entry Nothing): Accessor isLocal: true hasGlobalType: false
mbDirectCall FAIL (entry Nothing): Accessor isLocal: true hasGlobalType: false
mbDirectCall match: uncons argsLen: 1 arity: 1
mbDirectCall FAIL (entry Nothing): Local_Nothing isLocal: true hasGlobalType: false
mbDirectCall match: toList argsLen: 1 arity: 1
mbDirectCall FAIL (entry Nothing): v isLocal: true hasGlobalType: false
mbDirectCall FAIL (entry Nothing): Accessor isLocal: true hasGlobalType: false
mbDirectCall match: length argsLen: 1 arity: 1
mbDirectCall FAIL (entry Nothing): v isLocal: true hasGlobalType: false
mbDirectCall FAIL (entry Nothing): v isLocal: true hasGlobalType: false
mbDirectCall match: last argsLen: 1 arity: 1
mbDirectCall match: iterate argsLen: 2 arity: 3
mbDirectCall FAIL (entry Nothing): f isLocal: true hasGlobalType: false
mbDirectCall FAIL (entry Nothing): v isLocal: true hasGlobalType: false
mbDirectCall match: init argsLen: 1 arity: 1
mbDirectCall FAIL (entry Nothing): v isLocal: true hasGlobalType: false
mbDirectCall FAIL (entry Nothing): l isLocal: true hasGlobalType: false
mbDirectCall FAIL (entry Nothing): Accessor isLocal: true hasGlobalType: false
mbDirectCall match: fromList argsLen: 1 arity: 1
mbDirectCall FAIL (entry Nothing): Local_Nothing isLocal: true hasGlobalType: false
mbDirectCall FAIL (entry Nothing): v isLocal: true hasGlobalType: false
mbDirectCall FAIL (entry Nothing): Accessor isLocal: true hasGlobalType: false
mbDirectCall FAIL (entry Nothing): Accessor isLocal: true hasGlobalType: false
mbDirectCall FAIL (entry Nothing): nel isLocal: true hasGlobalType: false
mbDirectCall FAIL (entry Nothing): Accessor isLocal: true hasGlobalType: false
mbDirectCall FAIL (entry Nothing): nel isLocal: true hasGlobalType: false
mbDirectCall FAIL (entry Nothing): fromFoldable1 isLocal: true hasGlobalType: false
mbDirectCall FAIL (entry Nothing): init isLocal: true hasGlobalType: true
mbDirectCall FAIL (entry Nothing): Accessor isLocal: true hasGlobalType: false
mbDirectCall FAIL (entry Nothing): Accessor isLocal: true hasGlobalType: false
mbDirectCall FAIL (entry Nothing): Accessor isLocal: true hasGlobalType: false
mbDirectCall match: showList argsLen: 1 arity: 1
mbDirectCall match: ordList argsLen: 1 arity: 1
mbDirectCall FAIL (entry Nothing): Accessor isLocal: true hasGlobalType: false
mbDirectCall match: zipWith argsLen: 3 arity: 4
mbDirectCall match: _crashWith argsLen: 1 arity: 1
mbDirectCall FAIL (entry Nothing): Accessor isLocal: true hasGlobalType: false
mbDirectCall FAIL (entry Nothing): Accessor isLocal: true hasGlobalType: false
mbDirectCall match: drop argsLen: 2 arity: 3
mbDirectCall match: length argsLen: 1 arity: 1
mbDirectCall FAIL (entry Nothing): Accessor isLocal: true hasGlobalType: false
mbDirectCall FAIL (entry Nothing): Accessor isLocal: true hasGlobalType: false
mbDirectCall FAIL (entry Nothing): Accessor isLocal: true hasGlobalType: false
mbDirectCall FAIL (entry Nothing): Accessor isLocal: true hasGlobalType: false
mbDirectCall match: unfoldable argsLen: 3 arity: 4
mbDirectCall match: fromFoldable argsLen: 2 arity: 3
mbDirectCall FAIL (entry Nothing): Accessor isLocal: true hasGlobalType: false
mbDirectCall FAIL (entry Nothing): Accessor isLocal: true hasGlobalType: false
mbDirectCall FAIL (entry Nothing): Accessor isLocal: true hasGlobalType: false
mbDirectCall FAIL (entry Nothing): Accessor isLocal: true hasGlobalType: false
mbDirectCall FAIL (entry Nothing): Accessor isLocal: true hasGlobalType: false
mbDirectCall FAIL (entry Nothing): unfoldable1 isLocal: true hasGlobalType: false
mbDirectCall FAIL (entry Nothing): Accessor isLocal: true hasGlobalType: false
mbDirectCall FAIL (entry Nothing): Accessor isLocal: true hasGlobalType: false
mbDirectCall FAIL (entry Nothing): Accessor isLocal: true hasGlobalType: false
mbDirectCall match: abs argsLen: 1 arity: 1
mbDirectCall FAIL (entry Nothing): Accessor isLocal: true hasGlobalType: false
mbDirectCall FAIL (entry Nothing): Accessor isLocal: true hasGlobalType: false
mbDirectCall FAIL (entry Nothing): Accessor isLocal: true hasGlobalType: false
mbDirectCall match: abs argsLen: 1 arity: 1
mbDirectCall FAIL (entry Nothing): Accessor isLocal: true hasGlobalType: false
mbDirectCall match: abs argsLen: 1 arity: 1
mbDirectCall match: abs argsLen: 1 arity: 1
mbDirectCall match: eqRelative argsLen: 1 arity: 3
mbDirectCall FAIL (entry Nothing): Accessor isLocal: true hasGlobalType: false
mbDirectCall match: eqRelative argsLen: 3 arity: 3
mbDirectCall match: abs argsLen: 1 arity: 1
mbDirectCall FAIL (entry Nothing): Accessor isLocal: true hasGlobalType: false
mbDirectCall match: ordIntImpl argsLen: 3 arity: 5
mbDirectCall FAIL (entry Nothing): Local_Nothing isLocal: true hasGlobalType: false
mbDirectCall FAIL (entry Nothing): Local_Nothing isLocal: true hasGlobalType: false
mbDirectCall FAIL (entry Nothing): toPrecisionNative isLocal: true hasGlobalType: true
mbDirectCall FAIL (entry Nothing): toFixedNative isLocal: true hasGlobalType: true
mbDirectCall FAIL (entry Nothing): toExponentialNative isLocal: true hasGlobalType: true
mbDirectCall match: clamp argsLen: 2 arity: 0
mbDirectCall FAIL (entry Nothing): Local_Nothing isLocal: true hasGlobalType: false
mbDirectCall match: clamp argsLen: 2 arity: 0
mbDirectCall FAIL (entry Nothing): Local_Nothing isLocal: true hasGlobalType: false
mbDirectCall match: clamp argsLen: 2 arity: 0
mbDirectCall FAIL (entry Nothing): Local_Nothing isLocal: true hasGlobalType: false
mbDirectCall FAIL (entry Nothing): Accessor isLocal: true hasGlobalType: false
mbDirectCall FAIL (entry Nothing): Accessor isLocal: true hasGlobalType: false
mbDirectCall FAIL (entry Nothing): Accessor isLocal: true hasGlobalType: false
mbDirectCall FAIL (entry Nothing): Accessor isLocal: true hasGlobalType: false
mbDirectCall FAIL (entry Nothing): Accessor isLocal: true hasGlobalType: false
mbDirectCall FAIL (entry Nothing): Accessor isLocal: true hasGlobalType: false
mbDirectCall FAIL (entry Nothing): Accessor isLocal: true hasGlobalType: false
mbDirectCall FAIL (entry Nothing): Accessor isLocal: true hasGlobalType: false
mbDirectCall FAIL (entry Nothing): Accessor isLocal: true hasGlobalType: false
mbDirectCall FAIL (entry Nothing): Accessor isLocal: true hasGlobalType: false
mbDirectCall FAIL (entry Nothing): Accessor isLocal: true hasGlobalType: false
mbDirectCall FAIL (entry Nothing): Accessor isLocal: true hasGlobalType: false
mbDirectCall FAIL (entry Nothing): Accessor isLocal: true hasGlobalType: false
mbDirectCall FAIL (entry Nothing): Accessor isLocal: true hasGlobalType: false
mbDirectCall FAIL (entry Nothing): Accessor isLocal: true hasGlobalType: false
mbDirectCall FAIL (entry Nothing): Accessor isLocal: true hasGlobalType: false
mbDirectCall FAIL (entry Nothing): Accessor isLocal: true hasGlobalType: false
mbDirectCall FAIL (entry Nothing): Accessor isLocal: true hasGlobalType: false
mbDirectCall FAIL (entry Nothing): Accessor isLocal: true hasGlobalType: false
mbDirectCall FAIL (entry Nothing): Accessor isLocal: true hasGlobalType: false
mbDirectCall FAIL (entry Nothing): Accessor isLocal: true hasGlobalType: false
mbDirectCall FAIL (entry Nothing): Accessor isLocal: true hasGlobalType: false
mbDirectCall FAIL (entry Nothing): Accessor isLocal: true hasGlobalType: false
mbDirectCall FAIL (entry Nothing): Accessor isLocal: true hasGlobalType: false
mbDirectCall FAIL (entry Nothing): f isLocal: true hasGlobalType: false
mbDirectCall FAIL (entry Nothing): f isLocal: true hasGlobalType: false
mbDirectCall FAIL (entry Nothing): Accessor isLocal: true hasGlobalType: false
mbDirectCall FAIL (entry Nothing): f isLocal: true hasGlobalType: false
mbDirectCall FAIL (entry Nothing): g isLocal: true hasGlobalType: false
mbDirectCall FAIL (entry Nothing): Accessor isLocal: true hasGlobalType: false
mbDirectCall FAIL (entry Nothing): Accessor isLocal: true hasGlobalType: false
mbDirectCall FAIL (entry Nothing): nat isLocal: true hasGlobalType: false
mbDirectCall FAIL (entry Nothing): f isLocal: true hasGlobalType: false
mbDirectCall FAIL (entry Nothing): Accessor isLocal: true hasGlobalType: false
mbDirectCall FAIL (entry Nothing): unsafeCoerce isLocal: true hasGlobalType: true
mbDirectCall FAIL (entry Nothing): f isLocal: true hasGlobalType: false
mbDirectCall FAIL (entry Nothing): Accessor isLocal: true hasGlobalType: false
mbDirectCall FAIL (entry Nothing): Accessor isLocal: true hasGlobalType: false
mbDirectCall FAIL (entry Nothing): Accessor isLocal: true hasGlobalType: false
mbDirectCall FAIL (entry Nothing): Accessor isLocal: true hasGlobalType: false
mbDirectCall FAIL (entry Nothing): Accessor isLocal: true hasGlobalType: false
mbDirectCall FAIL (entry Nothing): Accessor isLocal: true hasGlobalType: false
mbDirectCall FAIL (entry Nothing): Accessor isLocal: true hasGlobalType: false
mbDirectCall FAIL (entry Nothing): Accessor isLocal: true hasGlobalType: false
mbDirectCall FAIL (entry Nothing): Accessor isLocal: true hasGlobalType: false
mbDirectCall FAIL (entry Nothing): Accessor isLocal: true hasGlobalType: false
mbDirectCall FAIL (entry Nothing): Accessor isLocal: true hasGlobalType: false
mbDirectCall FAIL (entry Nothing): Accessor isLocal: true hasGlobalType: false
mbDirectCall FAIL (entry Nothing): Accessor isLocal: true hasGlobalType: false
mbDirectCall FAIL (entry Nothing): Accessor isLocal: true hasGlobalType: false
mbDirectCall FAIL (entry Nothing): Accessor isLocal: true hasGlobalType: false
mbDirectCall FAIL (entry Nothing): Accessor isLocal: true hasGlobalType: false
mbDirectCall FAIL (entry Nothing): Accessor isLocal: true hasGlobalType: false
mbDirectCall FAIL (entry Nothing): Accessor isLocal: true hasGlobalType: false
mbDirectCall FAIL (entry Nothing): Accessor isLocal: true hasGlobalType: false
mbDirectCall FAIL (entry Nothing): Accessor isLocal: true hasGlobalType: false
mbDirectCall FAIL (entry Nothing): Accessor isLocal: true hasGlobalType: false
mbDirectCall FAIL (entry Nothing): Accessor isLocal: true hasGlobalType: false
mbDirectCall FAIL (entry Nothing): Accessor isLocal: true hasGlobalType: false
mbDirectCall FAIL (entry Nothing): Accessor isLocal: true hasGlobalType: false
mbDirectCall FAIL (entry Nothing): Accessor isLocal: true hasGlobalType: false
mbDirectCall FAIL (entry Nothing): Accessor isLocal: true hasGlobalType: false
mbDirectCall FAIL (entry Nothing): Accessor isLocal: true hasGlobalType: false
mbDirectCall FAIL (entry Nothing): Accessor isLocal: true hasGlobalType: false
mbDirectCall FAIL (entry Nothing): Accessor isLocal: true hasGlobalType: false
mbDirectCall FAIL (entry Nothing): Accessor isLocal: true hasGlobalType: false
mbDirectCall FAIL (entry Nothing): Accessor isLocal: true hasGlobalType: false
mbDirectCall FAIL (entry Nothing): Accessor isLocal: true hasGlobalType: false
mbDirectCall FAIL (entry Nothing): Accessor isLocal: true hasGlobalType: false
mbDirectCall FAIL (entry Nothing): Accessor isLocal: true hasGlobalType: false
mbDirectCall match: stepWith argsLen: 3 arity: 4
mbDirectCall FAIL (entry Nothing): Accessor isLocal: true hasGlobalType: false
mbDirectCall FAIL (entry Nothing): Accessor isLocal: true hasGlobalType: false
mbDirectCall match: stepWith argsLen: 3 arity: 4
mbDirectCall match: _crashWith argsLen: 1 arity: 1
mbDirectCall FAIL (entry Nothing): Local_Nothing isLocal: true hasGlobalType: false
mbDirectCall FAIL (entry Nothing): Local_Nothing isLocal: true hasGlobalType: false
mbDirectCall match: toUnfoldable1 argsLen: 1 arity: 1
mbDirectCall match: toUnfoldable1 argsLen: 1 arity: 1
mbDirectCall match: toUnfoldable argsLen: 1 arity: 2
mbDirectCall FAIL (entry Nothing): Local_Nothing isLocal: true hasGlobalType: false
mbDirectCall match: keys argsLen: 1 arity: 1
mbDirectCall FAIL (entry Nothing): Accessor isLocal: true hasGlobalType: false
mbDirectCall FAIL (entry Nothing): Accessor isLocal: true hasGlobalType: false
mbDirectCall FAIL (entry Nothing): Accessor isLocal: true hasGlobalType: false
mbDirectCall match: showNonEmptyArray argsLen: 1 arity: 1
mbDirectCall match: toUnfoldable11 argsLen: 1 arity: 0
mbDirectCall match: properSubset argsLen: 1 arity: 3
mbDirectCall match: ordSet argsLen: 1 arity: 1
mbDirectCall FAIL (entry Nothing): Accessor isLocal: true hasGlobalType: false
mbDirectCall match: findMin argsLen: 1 arity: 1
mbDirectCall FAIL (entry Nothing): Accessor isLocal: true hasGlobalType: false
mbDirectCall FAIL (entry Nothing): Accessor isLocal: true hasGlobalType: false
mbDirectCall match: findMax argsLen: 1 arity: 1
mbDirectCall match: mapMaybe argsLen: 1 arity: 3
mbDirectCall match: map argsLen: 1 arity: 3
mbDirectCall match: insert argsLen: 1 arity: 3
mbDirectCall FAIL (entry Nothing): Accessor isLocal: true hasGlobalType: false
mbDirectCall FAIL (entry Nothing): Accessor isLocal: true hasGlobalType: false
mbDirectCall match: insert argsLen: 4 arity: 4
mbDirectCall FAIL (entry Nothing): Local_Nothing isLocal: true hasGlobalType: false
mbDirectCall FAIL (entry Nothing): Accessor isLocal: true hasGlobalType: false
mbDirectCall FAIL (entry Nothing): foldMap11 isLocal: true hasGlobalType: false
mbDirectCall FAIL (entry Nothing): Local_Nothing isLocal: true hasGlobalType: false
mbDirectCall match: toUnfoldable12 argsLen: 1 arity: 0
mbDirectCall FAIL (entry Nothing): Accessor isLocal: true hasGlobalType: false
mbDirectCall FAIL (entry Nothing): Local_Nothing isLocal: true hasGlobalType: false
mbDirectCall match: toUnfoldable12 argsLen: 1 arity: 0
mbDirectCall FAIL (entry Nothing): Accessor isLocal: true hasGlobalType: false
mbDirectCall FAIL (entry Nothing): Local_Nothing isLocal: true hasGlobalType: false
mbDirectCall match: toUnfoldable12 argsLen: 1 arity: 0
mbDirectCall match: filter argsLen: 1 arity: 3
mbDirectCall FAIL (entry Nothing): Accessor isLocal: true hasGlobalType: false
mbDirectCall match: eqMap argsLen: 2 arity: 2
mbDirectCall match: delete argsLen: 3 arity: 3
mbDirectCall match: insert argsLen: 1 arity: 3
mbDirectCall FAIL (entry Nothing): Accessor isLocal: true hasGlobalType: false
mbDirectCall FAIL (entry Nothing): Accessor isLocal: true hasGlobalType: false
mbDirectCall FAIL (entry Nothing): Accessor isLocal: true hasGlobalType: false
mbDirectCall FAIL (entry Nothing): Accessor isLocal: true hasGlobalType: false
mbDirectCall FAIL (entry Nothing): Accessor isLocal: true hasGlobalType: false
mbDirectCall FAIL (entry Nothing): Accessor isLocal: true hasGlobalType: false
mbDirectCall FAIL (entry Nothing): Accessor isLocal: true hasGlobalType: false
mbDirectCall FAIL (entry Nothing): Accessor isLocal: true hasGlobalType: false
mbDirectCall FAIL (entry Nothing): intercalate isLocal: true hasGlobalType: true
mbDirectCall FAIL (entry Nothing): Accessor isLocal: true hasGlobalType: false
mbDirectCall FAIL (entry Nothing): Accessor isLocal: true hasGlobalType: false
mbDirectCall FAIL (entry Nothing): Accessor isLocal: true hasGlobalType: false
mbDirectCall FAIL (entry Nothing): Accessor isLocal: true hasGlobalType: false
mbDirectCall FAIL (entry Nothing): Accessor isLocal: true hasGlobalType: false
mbDirectCall FAIL (entry Nothing): Accessor isLocal: true hasGlobalType: false
mbDirectCall FAIL (entry Nothing): Accessor isLocal: true hasGlobalType: false
mbDirectCall FAIL (entry Nothing): Accessor isLocal: true hasGlobalType: false
mbDirectCall FAIL (entry Nothing): Accessor isLocal: true hasGlobalType: false
mbDirectCall FAIL (entry Nothing): Accessor isLocal: true hasGlobalType: false
mbDirectCall FAIL (entry Nothing): Accessor isLocal: true hasGlobalType: false
mbDirectCall FAIL (entry Nothing): Accessor isLocal: true hasGlobalType: false
mbDirectCall FAIL (entry Nothing): Accessor isLocal: true hasGlobalType: false
mbDirectCall FAIL (entry Nothing): Accessor isLocal: true hasGlobalType: false
mbDirectCall FAIL (entry Nothing): Accessor isLocal: true hasGlobalType: false
mbDirectCall FAIL (entry Nothing): Accessor isLocal: true hasGlobalType: false
mbDirectCall match: charAt argsLen: 2 arity: 2
mbDirectCall FAIL (entry Nothing): drop isLocal: true hasGlobalType: true
mbDirectCall FAIL (entry Nothing): _toChar isLocal: true hasGlobalType: true
mbDirectCall FAIL (entry Nothing): take isLocal: true hasGlobalType: true
mbDirectCall FAIL (entry Nothing): countPrefix isLocal: true hasGlobalType: true
mbDirectCall FAIL (entry Nothing): drop isLocal: true hasGlobalType: true
mbDirectCall FAIL (entry Nothing): length isLocal: true hasGlobalType: true
mbDirectCall FAIL (entry Nothing): splitAt isLocal: true hasGlobalType: true
mbDirectCall FAIL (entry Nothing): length isLocal: true hasGlobalType: true
mbDirectCall FAIL (entry Nothing): length isLocal: true hasGlobalType: true
mbDirectCall FAIL (entry Nothing): Accessor isLocal: true hasGlobalType: false
mbDirectCall FAIL (entry Nothing): splitAt isLocal: true hasGlobalType: true
mbDirectCall FAIL (entry Nothing): length isLocal: true hasGlobalType: true
mbDirectCall FAIL (entry Nothing): Accessor isLocal: true hasGlobalType: false
mbDirectCall match: stripPrefix argsLen: 2 arity: 2
mbDirectCall FAIL (entry Nothing): _lastIndexOfStartingAt isLocal: true hasGlobalType: true
mbDirectCall FAIL (entry Nothing): _lastIndexOf isLocal: true hasGlobalType: true
mbDirectCall FAIL (entry Nothing): _indexOfStartingAt isLocal: true hasGlobalType: true
mbDirectCall FAIL (entry Nothing): _indexOf isLocal: true hasGlobalType: true
mbDirectCall match: stripSuffix argsLen: 2 arity: 2
mbDirectCall FAIL (entry Nothing): drop isLocal: true hasGlobalType: true
mbDirectCall FAIL (entry Nothing): countPrefix isLocal: true hasGlobalType: true
mbDirectCall FAIL (entry Nothing): take isLocal: true hasGlobalType: true
mbDirectCall FAIL (entry Nothing): length isLocal: true hasGlobalType: true
mbDirectCall match: indexOf argsLen: 1 arity: 0
mbDirectCall FAIL (entry Nothing): Local_Nothing isLocal: true hasGlobalType: false
mbDirectCall FAIL (entry Nothing): _charAt isLocal: true hasGlobalType: true
mbDirectCall FAIL (entry Nothing): Accessor isLocal: true hasGlobalType: false
mbDirectCall FAIL (entry Nothing): _localeCompare isLocal: true hasGlobalType: true
mbDirectCall match: ordIntImpl argsLen: 3 arity: 5
mbDirectCall FAIL (entry Nothing): Local_Nothing isLocal: true hasGlobalType: false
mbDirectCall match: ordIntImpl argsLen: 3 arity: 5
mbDirectCall FAIL (entry Nothing): Local_Nothing isLocal: true hasGlobalType: false
mbDirectCall match: ordIntImpl argsLen: 3 arity: 5
mbDirectCall FAIL (entry Nothing): Local_Nothing isLocal: true hasGlobalType: false
mbDirectCall match: ordIntImpl argsLen: 3 arity: 5
mbDirectCall match: ordIntImpl argsLen: 3 arity: 5
mbDirectCall FAIL (entry Nothing): Local_Nothing isLocal: true hasGlobalType: false
mbDirectCall FAIL (entry Nothing): Accessor isLocal: true hasGlobalType: false
mbDirectCall FAIL (entry Nothing): Accessor isLocal: true hasGlobalType: false
mbDirectCall match: toUpper argsLen: 1 arity: 1
mbDirectCall match: toStringAs argsLen: 2 arity: 2
mbDirectCall match: length argsLen: 1 arity: 1
mbDirectCall FAIL (entry Nothing): Accessor isLocal: true hasGlobalType: false
mbDirectCall match: charAt argsLen: 2 arity: 2
mbDirectCall FAIL (entry Nothing): Accessor isLocal: true hasGlobalType: false
mbDirectCall match: charAt argsLen: 2 arity: 2
mbDirectCall match: drop argsLen: 2 arity: 2
mbDirectCall FAIL (entry Nothing): Accessor isLocal: true hasGlobalType: false
mbDirectCall FAIL (entry Nothing): Accessor isLocal: true hasGlobalType: false
mbDirectCall match: lessThanOrEq argsLen: 2 arity: 0
mbDirectCall match: lessThanOrEq argsLen: 2 arity: 0
mbDirectCall FAIL (entry Nothing): Accessor isLocal: true hasGlobalType: false
mbDirectCall match: lessThanOrEq argsLen: 2 arity: 0
mbDirectCall match: lessThanOrEq argsLen: 2 arity: 0
mbDirectCall match: drop argsLen: 2 arity: 2
mbDirectCall FAIL (entry Nothing): Accessor isLocal: true hasGlobalType: false
mbDirectCall match: charAt argsLen: 2 arity: 2
mbDirectCall FAIL (entry Nothing): Accessor isLocal: true hasGlobalType: false
mbDirectCall match: uncons argsLen: 1 arity: 1
mbDirectCall FAIL (entry Nothing): Accessor isLocal: true hasGlobalType: false
mbDirectCall FAIL (entry Nothing): Accessor isLocal: true hasGlobalType: false
mbDirectCall match: charAt argsLen: 2 arity: 2
mbDirectCall FAIL (entry Nothing): Accessor isLocal: true hasGlobalType: false
mbDirectCall FAIL (entry Nothing): Accessor isLocal: true hasGlobalType: false
mbDirectCall match: lessThanOrEq argsLen: 2 arity: 0
mbDirectCall match: lessThanOrEq argsLen: 2 arity: 0
mbDirectCall match: greaterThan argsLen: 2 arity: 0
mbDirectCall match: length argsLen: 1 arity: 1
mbDirectCall FAIL (entry Nothing): Accessor isLocal: true hasGlobalType: false
mbDirectCall match: charAt argsLen: 2 arity: 2
mbDirectCall FAIL (entry Nothing): Accessor isLocal: true hasGlobalType: false
mbDirectCall match: lessThanOrEq argsLen: 2 arity: 0
mbDirectCall match: lessThanOrEq argsLen: 2 arity: 0
mbDirectCall FAIL (entry Nothing): _unsafeCodePointAt0 isLocal: true hasGlobalType: true
mbDirectCall FAIL (entry Nothing): _toCodePointArray isLocal: true hasGlobalType: true
mbDirectCall match: toCodePointArray argsLen: 1 arity: 0
mbDirectCall FAIL (entry Nothing): Accessor isLocal: true hasGlobalType: false
mbDirectCall match: toCodePointArray argsLen: 1 arity: 0
mbDirectCall match: take argsLen: 2 arity: 2
mbDirectCall match: lastIndexOf argsLen: 2 arity: 2
mbDirectCall FAIL (entry Nothing): Accessor isLocal: true hasGlobalType: false
mbDirectCall match: toCodePointArray argsLen: 1 arity: 0
mbDirectCall match: take argsLen: 2 arity: 2
mbDirectCall match: indexOf argsLen: 2 arity: 2
mbDirectCall match: toEnumWithDefaults argsLen: 3 arity: 4
mbDirectCall match: singleton argsLen: 1 arity: 1
mbDirectCall FAIL (entry Nothing): Local_Nothing isLocal: true hasGlobalType: false
mbDirectCall FAIL (entry Nothing): Accessor isLocal: true hasGlobalType: false
mbDirectCall match: fromCharCode argsLen: 1 arity: 0
mbDirectCall FAIL (entry Nothing): Accessor isLocal: true hasGlobalType: false
mbDirectCall match: fromCharCode argsLen: 1 arity: 0
mbDirectCall FAIL (entry Nothing): Accessor isLocal: true hasGlobalType: false
mbDirectCall match: lessThanOrEq argsLen: 2 arity: 0
mbDirectCall match: fromCharCode argsLen: 1 arity: 0
mbDirectCall FAIL (entry Nothing): _fromCodePointArray isLocal: true hasGlobalType: true
mbDirectCall FAIL (entry Nothing): _singleton isLocal: true hasGlobalType: true
mbDirectCall match: uncons argsLen: 1 arity: 1
mbDirectCall FAIL (entry Nothing): Accessor isLocal: true hasGlobalType: false
mbDirectCall match: singleton argsLen: 1 arity: 0
mbDirectCall match: takeFallback argsLen: 2 arity: 2
mbDirectCall match: lessThan argsLen: 2 arity: 0
mbDirectCall FAIL (entry Nothing): _take isLocal: true hasGlobalType: true
mbDirectCall FAIL (entry Nothing): Accessor isLocal: true hasGlobalType: false
mbDirectCall match: toCodePointArray argsLen: 1 arity: 0
mbDirectCall match: take argsLen: 2 arity: 2
mbDirectCall match: lastIndexOf' argsLen: 3 arity: 3
mbDirectCall match: length argsLen: 1 arity: 1
mbDirectCall match: take argsLen: 2 arity: 0
mbDirectCall match: take argsLen: 2 arity: 0
mbDirectCall match: drop argsLen: 2 arity: 2
mbDirectCall match: length argsLen: 1 arity: 1
mbDirectCall match: compare argsLen: 2 arity: 0
mbDirectCall match: drop argsLen: 2 arity: 2
mbDirectCall match: length argsLen: 1 arity: 1
mbDirectCall match: take argsLen: 2 arity: 0
mbDirectCall match: drop argsLen: 2 arity: 2
mbDirectCall match: length argsLen: 1 arity: 1
mbDirectCall match: take argsLen: 2 arity: 0
mbDirectCall FAIL (entry Nothing): Accessor isLocal: true hasGlobalType: false
mbDirectCall match: toCodePointArray argsLen: 1 arity: 0
mbDirectCall match: take argsLen: 2 arity: 2
mbDirectCall match: indexOf argsLen: 2 arity: 2
mbDirectCall match: uncons argsLen: 1 arity: 1
mbDirectCall FAIL (entry Nothing): p isLocal: true hasGlobalType: false
mbDirectCall match: countTail argsLen: 3 arity: 3
mbDirectCall FAIL (entry Nothing): _countPrefix isLocal: true hasGlobalType: true
mbDirectCall match: drop argsLen: 2 arity: 2
mbDirectCall match: length argsLen: 1 arity: 1
mbDirectCall match: take argsLen: 2 arity: 0
mbDirectCall match: countPrefix argsLen: 2 arity: 0
mbDirectCall match: take argsLen: 2 arity: 0
mbDirectCall match: countPrefix argsLen: 2 arity: 0
mbDirectCall FAIL (entry Nothing): Accessor isLocal: true hasGlobalType: false
mbDirectCall match: uncons argsLen: 1 arity: 1
mbDirectCall FAIL (entry Nothing): _codePointAt isLocal: true hasGlobalType: true
mbDirectCall match: lessThan argsLen: 2 arity: 0
mbDirectCall match: unsafeCodePointAt0 argsLen: 1 arity: 0
mbDirectCall FAIL (entry Nothing): Accessor isLocal: true hasGlobalType: false
mbDirectCall match: greaterThanOrEq argsLen: 2 arity: 0
mbDirectCall match: lessThanOrEq argsLen: 2 arity: 0
mbDirectCall FAIL (entry Nothing): Accessor isLocal: true hasGlobalType: false
mbDirectCall FAIL (entry Nothing): Accessor isLocal: true hasGlobalType: false
mbDirectCall FAIL (entry Nothing): Accessor isLocal: true hasGlobalType: false
mbDirectCall FAIL (entry Nothing): Accessor isLocal: true hasGlobalType: false
mbDirectCall FAIL (entry Nothing): Accessor isLocal: true hasGlobalType: false
mbDirectCall FAIL (entry Nothing): Accessor isLocal: true hasGlobalType: false
mbDirectCall FAIL (entry Nothing): Accessor isLocal: true hasGlobalType: false
mbDirectCall FAIL (entry Nothing): Accessor isLocal: true hasGlobalType: false
mbDirectCall match: toLower argsLen: 1 arity: 1
mbDirectCall match: toLower argsLen: 1 arity: 1
mbDirectCall FAIL (entry Nothing): Accessor isLocal: true hasGlobalType: false
mbDirectCall match: toLower argsLen: 1 arity: 1
mbDirectCall match: toLower argsLen: 1 arity: 1
mbDirectCall match: ordIntImpl argsLen: 3 arity: 5
mbDirectCall FAIL (entry Nothing): Local_Nothing isLocal: true hasGlobalType: false
mbDirectCall FAIL (entry Nothing): Accessor isLocal: true hasGlobalType: false
mbDirectCall FAIL (entry Nothing): Accessor isLocal: true hasGlobalType: false
mbDirectCall match: unfoldable argsLen: 3 arity: 4
mbDirectCall FAIL (entry Nothing): Accessor isLocal: true hasGlobalType: false
mbDirectCall FAIL (entry Nothing): Accessor isLocal: true hasGlobalType: false
mbDirectCall FAIL (entry Nothing): Accessor isLocal: true hasGlobalType: false
mbDirectCall match: max argsLen: 2 arity: 0
mbDirectCall FAIL (entry Nothing): Accessor isLocal: true hasGlobalType: false
mbDirectCall FAIL (entry Nothing): Accessor isLocal: true hasGlobalType: false
mbDirectCall FAIL (entry Nothing): Accessor isLocal: true hasGlobalType: false
mbDirectCall FAIL (entry Nothing): Accessor isLocal: true hasGlobalType: false
mbDirectCall FAIL (entry Nothing): unfoldable1 isLocal: true hasGlobalType: false
mbDirectCall match: genString argsLen: 3 arity: 2
mbDirectCall match: genUnicodeChar argsLen: 1 arity: 1
mbDirectCall match: genString argsLen: 3 arity: 2
mbDirectCall match: genDigitChar argsLen: 1 arity: 1
mbDirectCall match: genString argsLen: 3 arity: 2
mbDirectCall match: genAsciiChar' argsLen: 1 arity: 1
mbDirectCall match: genString argsLen: 3 arity: 2
mbDirectCall match: genAsciiChar argsLen: 1 arity: 1
mbDirectCall match: genString argsLen: 3 arity: 2
mbDirectCall match: genAlphaUppercase argsLen: 1 arity: 1
mbDirectCall match: genString argsLen: 3 arity: 2
mbDirectCall match: genAlpha argsLen: 1 arity: 1
mbDirectCall match: genString argsLen: 3 arity: 2
mbDirectCall match: genAlphaLowercase argsLen: 1 arity: 1
mbDirectCall match: toUpper argsLen: 1 arity: 1
mbDirectCall match: toLower argsLen: 1 arity: 1
mbDirectCall FAIL (entry Nothing): Accessor isLocal: true hasGlobalType: false
mbDirectCall FAIL (entry Nothing): Accessor isLocal: true hasGlobalType: false
mbDirectCall FAIL (entry Nothing): Accessor isLocal: true hasGlobalType: false
mbDirectCall FAIL (entry Nothing): Accessor isLocal: true hasGlobalType: false
mbDirectCall FAIL (entry Nothing): Accessor isLocal: true hasGlobalType: false
mbDirectCall FAIL (entry Nothing): Accessor isLocal: true hasGlobalType: false
mbDirectCall match: replaceAll argsLen: 3 arity: 3
mbDirectCall match: replace argsLen: 3 arity: 3
mbDirectCall FAIL (entry Nothing): Accessor isLocal: true hasGlobalType: false
mbDirectCall FAIL (entry Nothing): Accessor isLocal: true hasGlobalType: false
mbDirectCall match: localeCompare argsLen: 2 arity: 2
mbDirectCall FAIL (entry Nothing): f isLocal: true hasGlobalType: false
mbDirectCall FAIL (entry Nothing): f isLocal: true hasGlobalType: false
mbDirectCall FAIL (entry Nothing): f isLocal: true hasGlobalType: false
mbDirectCall match: stripPrefix argsLen: 2 arity: 2
mbDirectCall FAIL (entry Nothing): Accessor isLocal: true hasGlobalType: false
mbDirectCall FAIL (entry Nothing): Accessor isLocal: true hasGlobalType: false
mbDirectCall FAIL (entry Nothing): Accessor isLocal: true hasGlobalType: false
mbDirectCall FAIL (entry Nothing): Accessor isLocal: true hasGlobalType: false
mbDirectCall FAIL (entry Nothing): Accessor isLocal: true hasGlobalType: false
mbDirectCall FAIL (entry Nothing): Accessor isLocal: true hasGlobalType: false
mbDirectCall FAIL (entry Nothing): Accessor isLocal: true hasGlobalType: false
mbDirectCall FAIL (entry Nothing): Accessor isLocal: true hasGlobalType: false
mbDirectCall FAIL (entry Nothing): Accessor isLocal: true hasGlobalType: false
mbDirectCall match: joinWith argsLen: 1 arity: 1
mbDirectCall FAIL (entry Nothing): Accessor isLocal: true hasGlobalType: false
mbDirectCall FAIL (entry Nothing): Accessor isLocal: true hasGlobalType: false
mbDirectCall match: stripPrefix argsLen: 2 arity: 2
mbDirectCall FAIL (entry Nothing): Accessor isLocal: true hasGlobalType: false
mbDirectCall match: stripSuffix argsLen: 2 arity: 2
mbDirectCall match: trim argsLen: 1 arity: 1
mbDirectCall match: stripSuffix argsLen: 2 arity: 2
mbDirectCall match: contains argsLen: 1 arity: 2
mbDirectCall FAIL (entry Nothing): Accessor isLocal: true hasGlobalType: false
mbDirectCall match: ordIntImpl argsLen: 3 arity: 5
mbDirectCall FAIL (entry Nothing): Local_Nothing isLocal: true hasGlobalType: false
mbDirectCall match: ordIntImpl argsLen: 3 arity: 5
mbDirectCall FAIL (entry Nothing): Local_Nothing isLocal: true hasGlobalType: false
mbDirectCall FAIL (entry Nothing): Accessor isLocal: true hasGlobalType: false
mbDirectCall match: singleton argsLen: 1 arity: 1
mbDirectCall match: singleton argsLen: 1 arity: 1
mbDirectCall match: take argsLen: 2 arity: 2
mbDirectCall match: countPrefix argsLen: 2 arity: 2
mbDirectCall match: lastIndexOf' argsLen: 3 arity: 3
mbDirectCall match: lastIndexOf argsLen: 2 arity: 2
mbDirectCall match: indexOf' argsLen: 3 arity: 3
mbDirectCall match: indexOf argsLen: 2 arity: 2
mbDirectCall match: toCodePointArray argsLen: 1 arity: 1
mbDirectCall match: splitAt argsLen: 2 arity: 2
mbDirectCall match: take argsLen: 2 arity: 2
mbDirectCall match: lessThan argsLen: 2 arity: 0
mbDirectCall match: toCodePointArray argsLen: 1 arity: 1
mbDirectCall match: toCodePointArray argsLen: 1 arity: 1
mbDirectCall FAIL (entry Nothing): greaterThan isLocal: false hasGlobalType: false
mbDirectCall match: codePointAt argsLen: 2 arity: 2
mbDirectCall match: drop argsLen: 2 arity: 2
mbDirectCall match: length argsLen: 1 arity: 1
mbDirectCall match: take argsLen: 2 arity: 2
mbDirectCall FAIL (entry Nothing): Accessor isLocal: true hasGlobalType: false
mbDirectCall match: fromCodePointArray argsLen: 1 arity: 1
mbDirectCall match: fromCodePointArray argsLen: 1 arity: 1
mbDirectCall match: dropWhile argsLen: 2 arity: 2
mbDirectCall match: drop argsLen: 2 arity: 2
mbDirectCall match: length argsLen: 1 arity: 1
mbDirectCall match: take argsLen: 2 arity: 2
mbDirectCall match: greaterThanOrEq argsLen: 2 arity: 0
mbDirectCall match: toCodePointArray argsLen: 1 arity: 1
mbDirectCall match: countPrefix argsLen: 1 arity: 2
mbDirectCall FAIL (entry Nothing): Accessor isLocal: true hasGlobalType: false
mbDirectCall match: singleton argsLen: 1 arity: 1
mbDirectCall match: codePointAt argsLen: 2 arity: 2
mbDirectCall FAIL (entry Nothing): Accessor isLocal: true hasGlobalType: false
mbDirectCall FAIL (entry Nothing): Accessor isLocal: true hasGlobalType: false
mbDirectCall FAIL (entry Nothing): Accessor isLocal: true hasGlobalType: false
mbDirectCall FAIL (entry Nothing): Accessor isLocal: true hasGlobalType: false
mbDirectCall match: toLower argsLen: 1 arity: 1
mbDirectCall match: toLower argsLen: 1 arity: 1
mbDirectCall FAIL (entry Nothing): Accessor isLocal: true hasGlobalType: false
mbDirectCall match: toLower argsLen: 1 arity: 1
mbDirectCall match: toLower argsLen: 1 arity: 1
mbDirectCall match: ordIntImpl argsLen: 3 arity: 5
mbDirectCall FAIL (entry Nothing): Local_Nothing isLocal: true hasGlobalType: false
mbDirectCall match: ordIntImpl argsLen: 3 arity: 5
mbDirectCall FAIL (entry Nothing): Local_Nothing isLocal: true hasGlobalType: false
mbDirectCall FAIL (entry Nothing): Accessor isLocal: true hasGlobalType: false
mbDirectCall match: singleton argsLen: 1 arity: 1
mbDirectCall match: singleton argsLen: 1 arity: 1
mbDirectCall match: take argsLen: 2 arity: 2
mbDirectCall match: countPrefix argsLen: 2 arity: 2
mbDirectCall match: lastIndexOf' argsLen: 1 arity: 3
mbDirectCall match: lastIndexOf argsLen: 1 arity: 2
mbDirectCall match: indexOf' argsLen: 1 arity: 3
mbDirectCall match: indexOf argsLen: 1 arity: 2
mbDirectCall match: length argsLen: 1 arity: 1
mbDirectCall match: splitAt argsLen: 2 arity: 2
mbDirectCall match: take argsLen: 2 arity: 2
mbDirectCall match: lessThan argsLen: 2 arity: 0
mbDirectCall match: drop argsLen: 2 arity: 2
mbDirectCall match: length argsLen: 1 arity: 1
mbDirectCall match: lessThan argsLen: 2 arity: 0
mbDirectCall match: toChar argsLen: 1 arity: 1
mbDirectCall match: toCharArray argsLen: 1 arity: 1
mbDirectCall match: toCharArray argsLen: 1 arity: 1
mbDirectCall FAIL (entry Nothing): greaterThan isLocal: false hasGlobalType: false
mbDirectCall match: charAt argsLen: 2 arity: 2
mbDirectCall match: drop argsLen: 2 arity: 2
mbDirectCall FAIL (entry Nothing): Accessor isLocal: true hasGlobalType: false
mbDirectCall match: fromCharArray argsLen: 1 arity: 1
mbDirectCall match: fromCharArray argsLen: 1 arity: 1
mbDirectCall match: drop argsLen: 2 arity: 2
mbDirectCall match: countPrefix argsLen: 2 arity: 2
mbDirectCall match: take argsLen: 2 arity: 2
mbDirectCall match: length argsLen: 1 arity: 1
mbDirectCall match: greaterThanOrEq argsLen: 2 arity: 0
mbDirectCall match: length argsLen: 1 arity: 1
mbDirectCall match: drop argsLen: 2 arity: 2
mbDirectCall match: greaterThanOrEq argsLen: 2 arity: 0
mbDirectCall match: length argsLen: 1 arity: 1
mbDirectCall match: countPrefix argsLen: 1 arity: 2
mbDirectCall FAIL (entry Nothing): Accessor isLocal: true hasGlobalType: false
mbDirectCall match: singleton argsLen: 1 arity: 1
mbDirectCall match: charAt argsLen: 1 arity: 2
mbDirectCall match: guard argsLen: 1 arity: 2
mbDirectCall match: eqArrayImpl argsLen: 1 arity: 3
mbDirectCall FAIL (entry Nothing): Accessor isLocal: true hasGlobalType: false
mbDirectCall FAIL (entry Nothing): Accessor isLocal: true hasGlobalType: false
mbDirectCall FAIL (entry Nothing): Accessor isLocal: true hasGlobalType: false
mbDirectCall match: guard argsLen: 1 arity: 0
mbDirectCall FAIL (entry Nothing): Accessor isLocal: true hasGlobalType: false
mbDirectCall FAIL (entry Nothing): Accessor isLocal: true hasGlobalType: false
mbDirectCall match: guard argsLen: 1 arity: 0
mbDirectCall FAIL (entry Nothing): Accessor isLocal: true hasGlobalType: false
mbDirectCall FAIL (entry Nothing): Accessor isLocal: true hasGlobalType: false
mbDirectCall match: guard argsLen: 1 arity: 0
mbDirectCall FAIL (entry Nothing): Accessor isLocal: true hasGlobalType: false
mbDirectCall FAIL (entry Nothing): Accessor isLocal: true hasGlobalType: false
mbDirectCall match: guard argsLen: 1 arity: 0
mbDirectCall FAIL (entry Nothing): Accessor isLocal: true hasGlobalType: false
mbDirectCall FAIL (entry Nothing): Accessor isLocal: true hasGlobalType: false
mbDirectCall match: guard argsLen: 1 arity: 0
mbDirectCall FAIL (entry Nothing): Accessor isLocal: true hasGlobalType: false
mbDirectCall match: guard argsLen: 1 arity: 0
mbDirectCall FAIL (entry Nothing): Accessor isLocal: true hasGlobalType: false
mbDirectCall FAIL (entry Nothing): Accessor isLocal: true hasGlobalType: false
mbDirectCall match: joinWith argsLen: 2 arity: 2
mbDirectCall match: eq argsLen: 2 arity: 0
mbDirectCall FAIL (entry Nothing): Accessor isLocal: true hasGlobalType: false
mbDirectCall FAIL (entry Nothing): Accessor isLocal: true hasGlobalType: false
mbDirectCall FAIL (entry Nothing): Accessor isLocal: true hasGlobalType: false
mbDirectCall FAIL (entry Nothing): Accessor isLocal: true hasGlobalType: false
mbDirectCall FAIL (entry Nothing): Accessor isLocal: true hasGlobalType: false
mbDirectCall FAIL (entry Nothing): Accessor isLocal: true hasGlobalType: false
mbDirectCall FAIL (entry Nothing): Accessor isLocal: true hasGlobalType: false
mbDirectCall FAIL (entry Nothing): Accessor isLocal: true hasGlobalType: false
mbDirectCall FAIL (entry Nothing): Accessor isLocal: true hasGlobalType: false
mbDirectCall FAIL (entry Nothing): Accessor isLocal: true hasGlobalType: false
mbDirectCall FAIL (entry Nothing): Accessor isLocal: true hasGlobalType: false
mbDirectCall FAIL (entry Nothing): Accessor isLocal: true hasGlobalType: false
mbDirectCall FAIL (entry Nothing): Accessor isLocal: true hasGlobalType: false
mbDirectCall FAIL (entry Nothing): Accessor isLocal: true hasGlobalType: false
mbDirectCall FAIL (entry Nothing): Accessor isLocal: true hasGlobalType: false
mbDirectCall FAIL (entry Nothing): Accessor isLocal: true hasGlobalType: false
mbDirectCall FAIL (entry Nothing): Accessor isLocal: true hasGlobalType: false
mbDirectCall FAIL (entry Nothing): Accessor isLocal: true hasGlobalType: false
mbDirectCall FAIL (entry Nothing): Accessor isLocal: true hasGlobalType: false
mbDirectCall FAIL (entry Nothing): _search isLocal: true hasGlobalType: true
mbDirectCall FAIL (entry Nothing): _replaceBy isLocal: true hasGlobalType: true
mbDirectCall FAIL (entry Nothing): Accessor isLocal: true hasGlobalType: false
mbDirectCall FAIL (entry Nothing): Accessor isLocal: true hasGlobalType: false
mbDirectCall FAIL (entry Nothing): Accessor isLocal: true hasGlobalType: false
mbDirectCall FAIL (entry Nothing): Accessor isLocal: true hasGlobalType: false
mbDirectCall FAIL (entry Nothing): Accessor isLocal: true hasGlobalType: false
mbDirectCall FAIL (entry Nothing): regexImpl isLocal: true hasGlobalType: true
mbDirectCall match: renderFlags argsLen: 1 arity: 1
mbDirectCall match: contains argsLen: 2 arity: 2
mbDirectCall match: contains argsLen: 2 arity: 2
mbDirectCall match: contains argsLen: 2 arity: 2
mbDirectCall match: contains argsLen: 2 arity: 2
mbDirectCall match: contains argsLen: 2 arity: 2
mbDirectCall match: contains argsLen: 2 arity: 2
mbDirectCall FAIL (entry Nothing): _match isLocal: true hasGlobalType: true
mbDirectCall FAIL (entry Nothing): flagsImpl isLocal: true hasGlobalType: true
mbDirectCall match: regexImpl argsLen: 4 arity: 4
mbDirectCall match: renderFlags argsLen: 1 arity: 1
mbDirectCall match: _crashWith argsLen: 1 arity: 1
mbDirectCall FAIL (entry Nothing): Accessor isLocal: true hasGlobalType: false
mbDirectCall FAIL (entry Nothing): Accessor isLocal: true hasGlobalType: false
mbDirectCall FAIL (entry Nothing): Accessor isLocal: true hasGlobalType: false
mbDirectCall FAIL (entry Nothing): Accessor isLocal: true hasGlobalType: false
mbDirectCall FAIL (entry Nothing): Accessor isLocal: true hasGlobalType: false
mbDirectCall FAIL (entry Nothing): Accessor isLocal: true hasGlobalType: false
mbDirectCall FAIL (entry Nothing): Accessor isLocal: true hasGlobalType: false
mbDirectCall FAIL (entry Nothing): Accessor isLocal: true hasGlobalType: false
mbDirectCall FAIL (entry Nothing): Accessor isLocal: true hasGlobalType: false
mbDirectCall FAIL (entry Nothing): Accessor isLocal: true hasGlobalType: false
mbDirectCall FAIL (entry Nothing): Accessor isLocal: true hasGlobalType: false
mbDirectCall FAIL (entry Nothing): Accessor isLocal: true hasGlobalType: false
mbDirectCall FAIL (entry Nothing): Accessor isLocal: true hasGlobalType: false
mbDirectCall FAIL (entry Nothing): Accessor isLocal: true hasGlobalType: false
mbDirectCall FAIL (entry Nothing): Accessor isLocal: true hasGlobalType: false
mbDirectCall FAIL (entry Nothing): Accessor isLocal: true hasGlobalType: false
mbDirectCall FAIL (entry Nothing): Accessor isLocal: true hasGlobalType: false
mbDirectCall FAIL (entry Nothing): Accessor isLocal: true hasGlobalType: false
mbDirectCall FAIL (entry Nothing): Accessor isLocal: true hasGlobalType: false
mbDirectCall FAIL (entry Nothing): Accessor isLocal: true hasGlobalType: false
mbDirectCall FAIL (entry Nothing): Accessor isLocal: true hasGlobalType: false
mbDirectCall FAIL (entry Nothing): Accessor isLocal: true hasGlobalType: false
mbDirectCall FAIL (entry Nothing): Accessor isLocal: true hasGlobalType: false
mbDirectCall FAIL (entry Nothing): Accessor isLocal: true hasGlobalType: false
mbDirectCall FAIL (entry Nothing): Accessor isLocal: true hasGlobalType: false
mbDirectCall FAIL (entry Nothing): Accessor isLocal: true hasGlobalType: false
mbDirectCall FAIL (entry Nothing): Accessor isLocal: true hasGlobalType: false
mbDirectCall FAIL (entry Nothing): Accessor isLocal: true hasGlobalType: false
mbDirectCall FAIL (entry Nothing): Accessor isLocal: true hasGlobalType: false
mbDirectCall FAIL (entry Nothing): Accessor isLocal: true hasGlobalType: false
mbDirectCall FAIL (entry Nothing): f' isLocal: true hasGlobalType: false
mbDirectCall FAIL (entry Nothing): f' isLocal: true hasGlobalType: false
mbDirectCall FAIL (entry Nothing): f' isLocal: true hasGlobalType: false
mbDirectCall FAIL (entry Nothing): f' isLocal: true hasGlobalType: false
mbDirectCall FAIL (entry Nothing): f isLocal: true hasGlobalType: false
mbDirectCall FAIL (entry Nothing): f isLocal: true hasGlobalType: false
mbDirectCall FAIL (entry Nothing): f isLocal: true hasGlobalType: false
mbDirectCall FAIL (entry Nothing): f isLocal: true hasGlobalType: false
mbDirectCall FAIL (entry Nothing): f' isLocal: true hasGlobalType: false
mbDirectCall FAIL (entry Nothing): f isLocal: true hasGlobalType: false
mbDirectCall FAIL (entry Nothing): o isLocal: true hasGlobalType: false
mbDirectCall FAIL (entry Nothing): o isLocal: true hasGlobalType: false
mbDirectCall FAIL (entry Nothing): o isLocal: true hasGlobalType: false
mbDirectCall FAIL (entry Nothing): o isLocal: true hasGlobalType: false
mbDirectCall FAIL (entry Nothing): o isLocal: true hasGlobalType: false
mbDirectCall FAIL (entry Nothing): o isLocal: true hasGlobalType: false
mbDirectCall FAIL (entry Nothing): o isLocal: true hasGlobalType: false
mbDirectCall FAIL (entry Nothing): o isLocal: true hasGlobalType: false
mbDirectCall FAIL (entry Nothing): o isLocal: true hasGlobalType: false
mbDirectCall FAIL (entry Nothing): o isLocal: true hasGlobalType: false
mbDirectCall FAIL (entry Nothing): f' isLocal: true hasGlobalType: false
mbDirectCall FAIL (entry Nothing): f' isLocal: true hasGlobalType: false
mbDirectCall FAIL (entry Nothing): f' isLocal: true hasGlobalType: false
mbDirectCall FAIL (entry Nothing): f' isLocal: true hasGlobalType: false
mbDirectCall FAIL (entry Nothing): f isLocal: true hasGlobalType: false
mbDirectCall FAIL (entry Nothing): f isLocal: true hasGlobalType: false
mbDirectCall FAIL (entry Nothing): f isLocal: true hasGlobalType: false
mbDirectCall FAIL (entry Nothing): f isLocal: true hasGlobalType: false
mbDirectCall FAIL (entry Nothing): f' isLocal: true hasGlobalType: false
mbDirectCall FAIL (entry Nothing): f isLocal: true hasGlobalType: false
mbDirectCall FAIL (entry Nothing): Accessor isLocal: true hasGlobalType: false
mbDirectCall FAIL (entry Nothing): Accessor isLocal: true hasGlobalType: false
mbDirectCall FAIL (entry Nothing): _fork isLocal: true hasGlobalType: true
mbDirectCall FAIL (entry Nothing): _fork isLocal: true hasGlobalType: true
mbDirectCall match: _crashWith argsLen: 1 arity: 1
mbDirectCall match: _crashWith argsLen: 1 arity: 1
mbDirectCall FAIL (entry Nothing): Accessor isLocal: true hasGlobalType: false
mbDirectCall match: discard argsLen: 2 arity: 0
mbDirectCall FAIL (entry Nothing): Accessor isLocal: true hasGlobalType: false
mbDirectCall match: void argsLen: 1 arity: 0
mbDirectCall match: launchAff argsLen: 1 arity: 1
mbDirectCall FAIL (entry Nothing): generalBracket isLocal: true hasGlobalType: true
mbDirectCall FAIL (entry Nothing): Accessor isLocal: true hasGlobalType: false
mbDirectCall FAIL (entry Nothing): Accessor isLocal: true hasGlobalType: false
mbDirectCall FAIL (entry Nothing): Accessor isLocal: true hasGlobalType: false
mbDirectCall match: lift2 argsLen: 1 arity: 3
mbDirectCall FAIL (entry Nothing): Accessor isLocal: true hasGlobalType: false
mbDirectCall FAIL (entry Nothing): Accessor isLocal: true hasGlobalType: false
mbDirectCall FAIL (entry Nothing): Accessor isLocal: true hasGlobalType: false
mbDirectCall FAIL (entry Nothing): Accessor isLocal: true hasGlobalType: false
mbDirectCall FAIL (entry Nothing): Accessor isLocal: true hasGlobalType: false
mbDirectCall FAIL (entry Nothing): f' isLocal: true hasGlobalType: false
mbDirectCall FAIL (entry Nothing): Accessor isLocal: true hasGlobalType: false
mbDirectCall FAIL (entry Nothing): Accessor isLocal: true hasGlobalType: false
mbDirectCall FAIL (entry Nothing): Accessor isLocal: true hasGlobalType: false
mbDirectCall FAIL (entry Nothing): generalBracket isLocal: true hasGlobalType: true
mbDirectCall FAIL (entry Nothing): Accessor isLocal: true hasGlobalType: false
mbDirectCall FAIL (entry Nothing): v isLocal: true hasGlobalType: false
mbDirectCall FAIL (entry Nothing): generalBracket isLocal: true hasGlobalType: true
mbDirectCall FAIL (entry Nothing): Accessor isLocal: true hasGlobalType: false
mbDirectCall FAIL (entry Nothing): Accessor isLocal: true hasGlobalType: false
mbDirectCall FAIL (entry Nothing): generalBracket isLocal: true hasGlobalType: true
mbDirectCall FAIL (entry Nothing): Accessor isLocal: true hasGlobalType: false
mbDirectCall FAIL (entry Nothing): Accessor isLocal: true hasGlobalType: false
mbDirectCall FAIL (entry Nothing): Accessor isLocal: true hasGlobalType: false
mbDirectCall FAIL (entry Nothing): Accessor isLocal: true hasGlobalType: false
mbDirectCall match: parTraverse_ argsLen: 4 arity: 5
mbDirectCall match: lift2 argsLen: 1 arity: 3
mbDirectCall FAIL (entry Nothing): Accessor isLocal: true hasGlobalType: false
mbDirectCall FAIL (entry Nothing): Accessor isLocal: true hasGlobalType: false
mbDirectCall match: parSequence_ argsLen: 1 arity: 0
mbDirectCall FAIL (entry Nothing): v isLocal: true hasGlobalType: false
mbDirectCall FAIL (entry Nothing): v1 isLocal: true hasGlobalType: false
mbDirectCall match: lift21 argsLen: 1 arity: 3
mbDirectCall FAIL (entry Nothing): Accessor isLocal: true hasGlobalType: false
mbDirectCall FAIL (entry Nothing): makeAff isLocal: true hasGlobalType: true
mbDirectCall FAIL (entry Nothing): Accessor isLocal: true hasGlobalType: false
mbDirectCall FAIL (entry Nothing): Accessor isLocal: true hasGlobalType: false
mbDirectCall match: unsafePerformEffect argsLen: 1 arity: 1
mbDirectCall FAIL (entry Nothing): Accessor isLocal: true hasGlobalType: false
mbDirectCall FAIL (entry Nothing): makeAff isLocal: true hasGlobalType: true
mbDirectCall FAIL (entry Nothing): Accessor isLocal: true hasGlobalType: false
mbDirectCall FAIL (entry Nothing): Accessor isLocal: true hasGlobalType: false
mbDirectCall match: unsafePerformEffect argsLen: 1 arity: 1
mbDirectCall FAIL (entry Nothing): Accessor isLocal: true hasGlobalType: false
mbDirectCall FAIL (entry Nothing): makeAff isLocal: true hasGlobalType: true
mbDirectCall FAIL (entry Nothing): Accessor isLocal: true hasGlobalType: false
mbDirectCall FAIL (entry Nothing): Accessor isLocal: true hasGlobalType: false
mbDirectCall FAIL (entry Nothing): makeAff isLocal: true hasGlobalType: true
mbDirectCall FAIL (entry Nothing): Accessor isLocal: true hasGlobalType: false
mbDirectCall FAIL (entry Nothing): Accessor isLocal: true hasGlobalType: false
mbDirectCall match: unsafePerformEffect argsLen: 1 arity: 1
mbDirectCall FAIL (entry Nothing): Accessor isLocal: true hasGlobalType: false
mbDirectCall FAIL (entry Nothing): Accessor isLocal: true hasGlobalType: false
mbDirectCall FAIL (entry Nothing): Accessor isLocal: true hasGlobalType: false
mbDirectCall FAIL (entry Nothing): makeAff isLocal: true hasGlobalType: true
mbDirectCall FAIL (entry Nothing): Accessor isLocal: true hasGlobalType: false
mbDirectCall FAIL (entry Nothing): Accessor isLocal: true hasGlobalType: false
mbDirectCall match: void argsLen: 1 arity: 0
mbDirectCall FAIL (entry Nothing): Accessor isLocal: true hasGlobalType: false
mbDirectCall match: killFiber argsLen: 2 arity: 2
mbDirectCall match: error argsLen: 1 arity: 1
mbDirectCall FAIL (entry Nothing): generalBracket isLocal: true hasGlobalType: true
mbDirectCall FAIL (entry Nothing): Accessor isLocal: true hasGlobalType: false
mbDirectCall FAIL (entry Nothing): Accessor isLocal: true hasGlobalType: false
mbDirectCall match: discard argsLen: 2 arity: 0
mbDirectCall FAIL (entry Nothing): Accessor isLocal: true hasGlobalType: false
mbDirectCall FAIL (entry Nothing): makeAff isLocal: true hasGlobalType: true
mbDirectCall FAIL (entry Nothing): k isLocal: true hasGlobalType: false
mbDirectCall FAIL (entry Nothing): Accessor isLocal: true hasGlobalType: false
mbDirectCall FAIL (entry Nothing): makeAff isLocal: true hasGlobalType: true
mbDirectCall FAIL (entry Nothing): k isLocal: true hasGlobalType: false
mbDirectCall FAIL (entry Nothing): Accessor isLocal: true hasGlobalType: false
mbDirectCall match: parSequence_ argsLen: 1 arity: 0
mbDirectCall match: killFiber argsLen: 2 arity: 2
mbDirectCall FAIL (entry Nothing): makeAff isLocal: true hasGlobalType: true
mbDirectCall FAIL (entry Nothing): k isLocal: true hasGlobalType: false
mbDirectCall FAIL (entry Nothing): Accessor isLocal: true hasGlobalType: false
mbDirectCall FAIL (entry Nothing): makeAff isLocal: true hasGlobalType: true
mbDirectCall FAIL (entry Nothing): Accessor isLocal: true hasGlobalType: false
mbDirectCall FAIL (entry Nothing): Accessor isLocal: true hasGlobalType: false
mbDirectCall FAIL (entry Nothing): Accessor isLocal: true hasGlobalType: false
mbDirectCall FAIL (entry Nothing): Accessor isLocal: true hasGlobalType: false
mbDirectCall match: try argsLen: 1 arity: 2
mbDirectCall match: launchAff argsLen: 1 arity: 1
mbDirectCall FAIL (entry Nothing): Accessor isLocal: true hasGlobalType: false
mbDirectCall match: try argsLen: 1 arity: 0
mbDirectCall FAIL (entry Nothing): Accessor isLocal: true hasGlobalType: false
mbDirectCall FAIL (entry Nothing): k isLocal: true hasGlobalType: false
mbDirectCall match: void argsLen: 1 arity: 0
mbDirectCall match: runAff argsLen: 2 arity: 2
mbDirectCall FAIL (entry Nothing): Accessor isLocal: true hasGlobalType: false
mbDirectCall match: try argsLen: 1 arity: 0
mbDirectCall FAIL (entry Nothing): Accessor isLocal: true hasGlobalType: false
mbDirectCall FAIL (entry Nothing): k isLocal: true hasGlobalType: false
mbDirectCall FAIL (entry Nothing): Accessor isLocal: true hasGlobalType: false
mbDirectCall FAIL (entry Nothing): k isLocal: true hasGlobalType: false
mbDirectCall FAIL (entry Nothing): Accessor isLocal: true hasGlobalType: false
mbDirectCall FAIL (entry Nothing): go isLocal: true hasGlobalType: false
mbDirectCall match: lift21 argsLen: 1 arity: 3
mbDirectCall FAIL (entry Nothing): Accessor isLocal: true hasGlobalType: false
mbDirectCall FAIL (entry Nothing): Accessor isLocal: true hasGlobalType: false
mbDirectCall FAIL (entry Nothing): Accessor isLocal: true hasGlobalType: false
mbDirectCall FAIL (entry Nothing): makeAff isLocal: true hasGlobalType: true
mbDirectCall FAIL (entry Nothing): Accessor isLocal: true hasGlobalType: false
mbDirectCall FAIL (entry Nothing): Accessor isLocal: true hasGlobalType: false
mbDirectCall FAIL (entry Nothing): Local_Nothing isLocal: true hasGlobalType: false
mbDirectCall match: try argsLen: 1 arity: 0
mbDirectCall FAIL (entry Nothing): Accessor isLocal: true hasGlobalType: false
mbDirectCall FAIL (entry Nothing): Accessor isLocal: true hasGlobalType: false
mbDirectCall match: error argsLen: 1 arity: 1
mbDirectCall FAIL (entry Nothing): Accessor isLocal: true hasGlobalType: false
mbDirectCall FAIL (entry Nothing): Accessor isLocal: true hasGlobalType: false
mbDirectCall match: monadEffectContT argsLen: 1 arity: 1
mbDirectCall FAIL (entry Nothing): Accessor isLocal: true hasGlobalType: false
mbDirectCall FAIL (entry Nothing): Accessor isLocal: true hasGlobalType: false
mbDirectCall FAIL (entry Nothing): Local_Nothing isLocal: true hasGlobalType: false
mbDirectCall FAIL (entry Nothing): Accessor isLocal: true hasGlobalType: false
mbDirectCall FAIL (entry Nothing): Accessor isLocal: true hasGlobalType: false
mbDirectCall match: monadEffectExceptT argsLen: 1 arity: 1
mbDirectCall FAIL (entry Nothing): Accessor isLocal: true hasGlobalType: false
mbDirectCall FAIL (entry Nothing): Accessor isLocal: true hasGlobalType: false
mbDirectCall FAIL (entry Nothing): Local_Nothing isLocal: true hasGlobalType: false
mbDirectCall FAIL (entry Nothing): Accessor isLocal: true hasGlobalType: false
mbDirectCall FAIL (entry Nothing): Accessor isLocal: true hasGlobalType: false
mbDirectCall match: monadEffectListT argsLen: 1 arity: 1
mbDirectCall FAIL (entry Nothing): Accessor isLocal: true hasGlobalType: false
mbDirectCall FAIL (entry Nothing): Accessor isLocal: true hasGlobalType: false
mbDirectCall FAIL (entry Nothing): Local_Nothing isLocal: true hasGlobalType: false
mbDirectCall FAIL (entry Nothing): Accessor isLocal: true hasGlobalType: false
mbDirectCall FAIL (entry Nothing): Accessor isLocal: true hasGlobalType: false
mbDirectCall match: monadEffectMaybe argsLen: 1 arity: 1
mbDirectCall FAIL (entry Nothing): Accessor isLocal: true hasGlobalType: false
mbDirectCall FAIL (entry Nothing): Accessor isLocal: true hasGlobalType: false
mbDirectCall FAIL (entry Nothing): Local_Nothing isLocal: true hasGlobalType: false
mbDirectCall FAIL (entry Nothing): Accessor isLocal: true hasGlobalType: false
mbDirectCall FAIL (entry Nothing): Accessor isLocal: true hasGlobalType: false
mbDirectCall FAIL (entry Nothing): Accessor isLocal: true hasGlobalType: false
mbDirectCall match: monadEffectRWS argsLen: 2 arity: 2
mbDirectCall FAIL (entry Nothing): Accessor isLocal: true hasGlobalType: false
mbDirectCall FAIL (entry Nothing): Accessor isLocal: true hasGlobalType: false
mbDirectCall FAIL (entry Nothing): Accessor isLocal: true hasGlobalType: false
mbDirectCall FAIL (entry Nothing): Accessor isLocal: true hasGlobalType: false
mbDirectCall FAIL (entry Nothing): Accessor isLocal: true hasGlobalType: false
mbDirectCall FAIL (entry Nothing): Accessor isLocal: true hasGlobalType: false
mbDirectCall match: monadEffectReader argsLen: 1 arity: 1
mbDirectCall FAIL (entry Nothing): Accessor isLocal: true hasGlobalType: false
mbDirectCall FAIL (entry Nothing): Accessor isLocal: true hasGlobalType: false
mbDirectCall FAIL (entry Nothing): Local_Nothing isLocal: true hasGlobalType: false
mbDirectCall FAIL (entry Nothing): Accessor isLocal: true hasGlobalType: false
mbDirectCall FAIL (entry Nothing): Accessor isLocal: true hasGlobalType: false
mbDirectCall match: monadEffectState argsLen: 1 arity: 1
mbDirectCall FAIL (entry Nothing): Accessor isLocal: true hasGlobalType: false
mbDirectCall FAIL (entry Nothing): Accessor isLocal: true hasGlobalType: false
mbDirectCall FAIL (entry Nothing): Local_Nothing isLocal: true hasGlobalType: false
mbDirectCall FAIL (entry Nothing): Accessor isLocal: true hasGlobalType: false
mbDirectCall FAIL (entry Nothing): Accessor isLocal: true hasGlobalType: false
mbDirectCall FAIL (entry Nothing): Accessor isLocal: true hasGlobalType: false
mbDirectCall match: monadEffectWriter argsLen: 2 arity: 2
mbDirectCall FAIL (entry Nothing): Accessor isLocal: true hasGlobalType: false
mbDirectCall FAIL (entry Nothing): Accessor isLocal: true hasGlobalType: false
mbDirectCall FAIL (entry Nothing): Accessor isLocal: true hasGlobalType: false
mbDirectCall FAIL (entry Nothing): Accessor isLocal: true hasGlobalType: false
mbDirectCall FAIL (entry Nothing): Accessor isLocal: true hasGlobalType: false
mbDirectCall FAIL (entry Nothing): lift2 isLocal: false hasGlobalType: false
mbDirectCall FAIL (entry Nothing): lift2 isLocal: false hasGlobalType: false
mbDirectCall FAIL (entry Nothing): lift2 isLocal: false hasGlobalType: false
mbDirectCall FAIL (entry Nothing): lift2 isLocal: false hasGlobalType: false
mbDirectCall FAIL (entry Nothing): lift2 isLocal: false hasGlobalType: false
mbDirectCall FAIL (entry Nothing): lift2 isLocal: false hasGlobalType: false
mbDirectCall FAIL (entry Nothing): lift2 isLocal: false hasGlobalType: false
mbDirectCall FAIL (entry Nothing): lift2 isLocal: false hasGlobalType: false
mbDirectCall FAIL (entry Nothing): lift2 isLocal: false hasGlobalType: false
mbDirectCall FAIL (entry Nothing): lift2 isLocal: false hasGlobalType: false
mbDirectCall match: monoidEffect argsLen: 1 arity: 1
mbDirectCall match: semigroupEffectFn9 argsLen: 1 arity: 1
mbDirectCall FAIL (entry Nothing): Accessor isLocal: true hasGlobalType: false
mbDirectCall match: monoidEffect argsLen: 1 arity: 1
mbDirectCall match: semigroupEffectFn8 argsLen: 1 arity: 1
mbDirectCall FAIL (entry Nothing): Accessor isLocal: true hasGlobalType: false
mbDirectCall match: monoidEffect argsLen: 1 arity: 1
mbDirectCall match: semigroupEffectFn7 argsLen: 1 arity: 1
mbDirectCall FAIL (entry Nothing): Accessor isLocal: true hasGlobalType: false
mbDirectCall match: monoidEffect argsLen: 1 arity: 1
mbDirectCall match: semigroupEffectFn6 argsLen: 1 arity: 1
mbDirectCall FAIL (entry Nothing): Accessor isLocal: true hasGlobalType: false
mbDirectCall match: monoidEffect argsLen: 1 arity: 1
mbDirectCall match: semigroupEffectFn5 argsLen: 1 arity: 1
mbDirectCall FAIL (entry Nothing): Accessor isLocal: true hasGlobalType: false
mbDirectCall match: monoidEffect argsLen: 1 arity: 1
mbDirectCall match: semigroupEffectFn4 argsLen: 1 arity: 1
mbDirectCall FAIL (entry Nothing): Accessor isLocal: true hasGlobalType: false
mbDirectCall match: monoidEffect argsLen: 1 arity: 1
mbDirectCall match: semigroupEffectFn3 argsLen: 1 arity: 1
mbDirectCall FAIL (entry Nothing): Accessor isLocal: true hasGlobalType: false
mbDirectCall match: monoidEffect argsLen: 1 arity: 1
mbDirectCall match: semigroupEffectFn2 argsLen: 1 arity: 1
mbDirectCall FAIL (entry Nothing): Accessor isLocal: true hasGlobalType: false
mbDirectCall match: monoidEffect argsLen: 1 arity: 1
mbDirectCall match: semigroupEffectFn10 argsLen: 1 arity: 1
mbDirectCall FAIL (entry Nothing): Accessor isLocal: true hasGlobalType: false
mbDirectCall match: monoidEffect argsLen: 1 arity: 1
mbDirectCall FAIL (entry Nothing): Accessor isLocal: true hasGlobalType: false
mbDirectCall FAIL (entry Nothing): lift2 isLocal: false hasGlobalType: false
mbDirectCall FAIL (entry Nothing): Accessor isLocal: true hasGlobalType: false
mbDirectCall match: makeAff argsLen: 1 arity: 1
mbDirectCall FAIL (entry Nothing): Accessor isLocal: true hasGlobalType: false
mbDirectCall FAIL (entry Nothing): k isLocal: true hasGlobalType: false
mbDirectCall FAIL (entry Nothing): k isLocal: true hasGlobalType: false
mbDirectCall FAIL (entry Nothing): Accessor isLocal: true hasGlobalType: false
mbDirectCall match: makeAff argsLen: 1 arity: 1
mbDirectCall match: discard argsLen: 2 arity: 0
mbDirectCall FAIL (entry Nothing): k2 isLocal: true hasGlobalType: false
mbDirectCall FAIL (entry Nothing): k2 isLocal: true hasGlobalType: false
mbDirectCall FAIL (entry Nothing): Accessor isLocal: true hasGlobalType: false
mbDirectCall FAIL (entry Nothing): Accessor isLocal: true hasGlobalType: false
mbDirectCall match: warn argsLen: 1 arity: 1
mbDirectCall FAIL (entry Nothing): Accessor isLocal: true hasGlobalType: false
mbDirectCall FAIL (entry Nothing): Accessor isLocal: true hasGlobalType: false
mbDirectCall match: warn argsLen: 1 arity: 1
mbDirectCall FAIL (entry Nothing): Accessor isLocal: true hasGlobalType: false
mbDirectCall match: timeLog argsLen: 1 arity: 1
mbDirectCall FAIL (entry Nothing): Accessor isLocal: true hasGlobalType: false
mbDirectCall match: timeEnd argsLen: 1 arity: 1
mbDirectCall FAIL (entry Nothing): Accessor isLocal: true hasGlobalType: false
mbDirectCall match: time argsLen: 1 arity: 1
mbDirectCall FAIL (entry Nothing): Accessor isLocal: true hasGlobalType: false
mbDirectCall match: log argsLen: 1 arity: 1
mbDirectCall FAIL (entry Nothing): Accessor isLocal: true hasGlobalType: false
mbDirectCall FAIL (entry Nothing): Accessor isLocal: true hasGlobalType: false
mbDirectCall match: log argsLen: 1 arity: 1
mbDirectCall FAIL (entry Nothing): Accessor isLocal: true hasGlobalType: false
mbDirectCall match: info argsLen: 1 arity: 1
mbDirectCall FAIL (entry Nothing): Accessor isLocal: true hasGlobalType: false
mbDirectCall FAIL (entry Nothing): Accessor isLocal: true hasGlobalType: false
mbDirectCall match: info argsLen: 1 arity: 1
mbDirectCall FAIL (entry Nothing): Accessor isLocal: true hasGlobalType: false
mbDirectCall FAIL (entry Nothing): Accessor isLocal: true hasGlobalType: false
mbDirectCall match: groupCollapsed argsLen: 1 arity: 1
mbDirectCall FAIL (entry Nothing): Accessor isLocal: true hasGlobalType: false
mbDirectCall match: group argsLen: 1 arity: 1
mbDirectCall FAIL (entry Nothing): Accessor isLocal: true hasGlobalType: false
mbDirectCall FAIL (entry Nothing): Accessor isLocal: true hasGlobalType: false
mbDirectCall FAIL (entry Nothing): Accessor isLocal: true hasGlobalType: false
mbDirectCall FAIL (entry Nothing): Accessor isLocal: true hasGlobalType: false
mbDirectCall FAIL (entry Nothing): discard1 isLocal: true hasGlobalType: false
mbDirectCall FAIL (entry Nothing): Accessor isLocal: true hasGlobalType: false
mbDirectCall match: group argsLen: 1 arity: 1
mbDirectCall FAIL (entry Nothing): Accessor isLocal: true hasGlobalType: false
mbDirectCall FAIL (entry Nothing): discard1 isLocal: true hasGlobalType: false
mbDirectCall FAIL (entry Nothing): Accessor isLocal: true hasGlobalType: false
mbDirectCall FAIL (entry Nothing): Accessor isLocal: true hasGlobalType: false
mbDirectCall FAIL (entry Nothing): Accessor isLocal: true hasGlobalType: false
mbDirectCall match: error argsLen: 1 arity: 1
mbDirectCall FAIL (entry Nothing): Accessor isLocal: true hasGlobalType: false
mbDirectCall FAIL (entry Nothing): Accessor isLocal: true hasGlobalType: false
mbDirectCall match: error argsLen: 1 arity: 1
mbDirectCall FAIL (entry Nothing): Accessor isLocal: true hasGlobalType: false
mbDirectCall match: debug argsLen: 1 arity: 1
mbDirectCall FAIL (entry Nothing): Accessor isLocal: true hasGlobalType: false
mbDirectCall FAIL (entry Nothing): Accessor isLocal: true hasGlobalType: false
mbDirectCall match: debug argsLen: 1 arity: 1
mbDirectCall FAIL (entry Nothing): Accessor isLocal: true hasGlobalType: false
mbDirectCall match: unsafePerformEffect argsLen: 1 arity: 1
mbDirectCall match: throwException argsLen: 1 arity: 1
mbDirectCall match: unsafePerformEffect argsLen: 1 arity: 1
mbDirectCall match: throwException argsLen: 1 arity: 1
mbDirectCall match: error argsLen: 1 arity: 1
mbDirectCall FAIL (entry Nothing): Accessor isLocal: true hasGlobalType: false
mbDirectCall match: toDateTime argsLen: 1 arity: 1
mbDirectCall FAIL (entry Nothing): Accessor isLocal: true hasGlobalType: false
mbDirectCall FAIL (entry Nothing): Accessor isLocal: true hasGlobalType: false
mbDirectCall match: toDateTime argsLen: 1 arity: 1
mbDirectCall FAIL (entry Nothing): Accessor isLocal: true hasGlobalType: false
mbDirectCall match: log argsLen: 1 arity: 1
mbDirectCall match: log argsLen: 1 arity: 1
mbDirectCall FAIL (entry Nothing): Accessor isLocal: true hasGlobalType: false
mbDirectCall FAIL (entry Nothing): Accessor isLocal: true hasGlobalType: false
mbDirectCall match: log argsLen: 1 arity: 1
mbDirectCall FAIL (entry Nothing): Accessor isLocal: true hasGlobalType: false
mbDirectCall FAIL (entry Nothing): Accessor isLocal: true hasGlobalType: false
mbDirectCall FAIL (entry Nothing): Accessor isLocal: true hasGlobalType: false
mbDirectCall match: log argsLen: 1 arity: 1
