================================
    Running pure backends...    
================================

Building...
=== JS V8 ===
Global warm-up in progress (this may take a moment)...

Global warm-up complete. Starting benchmarks...

--------------------------------------------------

(Test)

AST Evaluation:

(Output & Warm-up)

7

(Execution time - best of 10)

2.33 μs

--------------------------------------------------

(Test)

Fibonacci:

(Output & Warm-up)

55

(Execution time - best of 10)

1.96 μs

--------------------------------------------------

(Test)

List Processing (900 elements):

(Output & Warm-up)

202950

(Execution time - best of 10)

47.46 μs

--------------------------------------------------

(Test)

Tail Call Optimization (100k calls):

(Output & Warm-up)

100000

(Execution time - best of 10)

187.92 μs

--------------------------------------------------

(Test)

Deep Record Updates (10k iterations):

(Output & Warm-up)

20000

(Execution time - best of 10)

75.08 μs

--------------------------------------------------

(Test)

Ackermann (3, 4):

(Output & Warm-up)

125

(Execution time - best of 10)

69.04 μs

--------------------------------------------------

(Test)

Church Numerals (100k Closure Applications):

(Output & Warm-up)

100000

(Execution time - best of 10)

1231.33 μs

--------------------------------------------------

(Test)

Prime Sieve (sum primes up to 500):

(Output & Warm-up)

21536

(Execution time - best of 10)

87.67 μs

--------------------------------------------------

(Test)

Red-Black Tree (100k Worst-Case Insertions):

(Output & Warm-up)

22

(Execution time - best of 10)

90478.92 μs

--------------------------------------------------

(Test)

Polymorphism (10M Type Class Dict Lookups):

(Output & Warm-up)

10000000

(Execution time - best of 10)

12342.17 μs

--------------------------------------------------

(Test)

State Monad (1.2k Binds, 60 Stack Depth):

(Output & Warm-up)

1200

(Execution time - best of 10)

70.08 μs

--------------------------------------------------

(Test)

Lazy Evaluation (1M Thunks Forced, 1k Depth):

(Output & Warm-up)

1000000

(Execution time - best of 10)

14840.67 μs

--------------------------------------------------

(Test)

Array Processing (900 elements):

(Output & Warm-up)

202950

(Execution time - best of 10)

13.29 μs

--------------------------------------------------

(Test)

RowToList (Keys Count):

(Output & Warm-up)

5

(Execution time - best of 10)

0.42 μs


==================================================

Total exec time: 119.45 ms


Building...
=== ES failed ===

Building...
Reading Spago workspace configuration...

✓ Selecting package to build: ps-scheme-test

Downloading dependencies...
Building...
           Src   Lib   All
Warnings     0     0     0
Errors       0     0     0

✓ Build succeeded.

Created run/bak/scm/output_bin/main
=== Scheme ===
Global warm-up in progress (this may take a moment)...

Global warm-up complete. Starting benchmarks...

--------------------------------------------------

(Test)

AST Evaluation:

(Output & Warm-up)

7

(Execution time - best of 10)

0.0 μs

--------------------------------------------------

(Test)

Fibonacci:

(Output & Warm-up)

55

(Execution time - best of 10)

0.0 μs

--------------------------------------------------

(Test)

List Processing (900 elements):

(Output & Warm-up)

202950

(Execution time - best of 10)

6.0 μs

--------------------------------------------------

(Test)

Tail Call Optimization (100k calls):

(Output & Warm-up)

100000

(Execution time - best of 10)

287.0 μs

--------------------------------------------------

(Test)

Deep Record Updates (10k iterations):

(Output & Warm-up)

20000

(Execution time - best of 10)

176.0 μs

--------------------------------------------------

(Test)

Ackermann (3, 4):

(Output & Warm-up)

125

(Execution time - best of 10)

19.0 μs

--------------------------------------------------

(Test)

Church Numerals (100k Closure Applications):

(Output & Warm-up)

100000

(Execution time - best of 10)

237.0 μs

--------------------------------------------------

(Test)

Prime Sieve (sum primes up to 500):

(Output & Warm-up)

21536

(Execution time - best of 10)

34.0 μs

--------------------------------------------------

(Test)

Red-Black Tree (100k Worst-Case Insertions):

(Output & Warm-up)

22

(Execution time - best of 10)

23561.0 μs

--------------------------------------------------

(Test)

Polymorphism (10M Type Class Dict Lookups):

(Output & Warm-up)

10000000

(Execution time - best of 10)

18856.0 μs

--------------------------------------------------

(Test)

State Monad (1.2k Binds, 60 Stack Depth):

(Output & Warm-up)

1200

(Execution time - best of 10)

2.0 μs

--------------------------------------------------

(Test)

Lazy Evaluation (1M Thunks Forced, 1k Depth):

(Output & Warm-up)

1000000

(Execution time - best of 10)

2861.0 μs

--------------------------------------------------

(Test)

Array Processing (900 elements):

(Output & Warm-up)

202950

(Execution time - best of 10)

7.0 μs

--------------------------------------------------

(Test)

RowToList (Keys Count):

(Output & Warm-up)

5

(Execution time - best of 10)

0.0 μs


==================================================

Total exec time: 46.046 ms


Building...
=== Erlang BEAM ===
Global warm-up in progress (this may take a moment)...

Global warm-up complete. Starting benchmarks...

--------------------------------------------------

(Test)

AST Evaluation:

(Output & Warm-up)

7

(Execution time - best of 10)

0.00 μs

--------------------------------------------------

(Test)

Fibonacci:

(Output & Warm-up)

55

(Execution time - best of 10)

0.00 μs

--------------------------------------------------

(Test)

List Processing (900 elements):

(Output & Warm-up)

202950

(Execution time - best of 10)

35.00 μs

--------------------------------------------------

(Test)

Tail Call Optimization (100k calls):

(Output & Warm-up)

100000

(Execution time - best of 10)

1322.00 μs

--------------------------------------------------

(Test)

Deep Record Updates (10k iterations):

(Output & Warm-up)

20000

(Execution time - best of 10)

379.00 μs

--------------------------------------------------

(Test)

Ackermann (3, 4):

(Output & Warm-up)

125

(Execution time - best of 10)

24.00 μs

--------------------------------------------------

(Test)

Church Numerals (100k Closure Applications):

(Output & Warm-up)

100000

(Execution time - best of 10)

486.00 μs

--------------------------------------------------

(Test)

Prime Sieve (sum primes up to 500):

(Output & Warm-up)

21536

(Execution time - best of 10)

145.00 μs

--------------------------------------------------

(Test)

Red-Black Tree (100k Worst-Case Insertions):

(Output & Warm-up)

22

(Execution time - best of 10)

17018.00 μs

--------------------------------------------------

(Test)

Polymorphism (10M Type Class Dict Lookups):

(Output & Warm-up)

10000000

(Execution time - best of 10)

60095.00 μs

--------------------------------------------------

(Test)

State Monad (1.2k Binds, 60 Stack Depth):

(Output & Warm-up)

1200

(Execution time - best of 10)

21.00 μs

--------------------------------------------------

(Test)

Lazy Evaluation (1M Thunks Forced, 1k Depth):

(Output & Warm-up)

1000000

(Execution time - best of 10)

9267.00 μs

--------------------------------------------------

(Test)

Array Processing (900 elements):

(Output & Warm-up)

202950

(Execution time - best of 10)

28.00 μs

--------------------------------------------------

(Test)

RowToList (Keys Count):

(Output & Warm-up)

5

(Execution time - best of 10)

0.00 μs


==================================================

Total exec time: 88.82 ms


Building...
Reading Spago workspace configuration...

✓ Selecting package to build: ps-php-test

Downloading dependencies...
Building...
           Src   Lib   All
Warnings     0     0     0
Errors       0     0     0

✓ Build succeeded.

Compiling with backend "../phpurs/phpurs/bin/phpurs"
Generating PHP code for Control.Semigroupoid (Total AST Nodes: 3)
Generating PHP code for Control.Category (Total AST Nodes: 2)
Generating PHP code for Data.Boolean (Total AST Nodes: 1)
Generating PHP code for Type.Proxy (Total AST Nodes: 1)
Generating PHP code for Data.Symbol (Total AST Nodes: 2)
Generating PHP code for Data.Unit (Total AST Nodes: 0)
Generating PHP code for Record.Unsafe (Total AST Nodes: 0)
Generating PHP code for Data.HeytingAlgebra (Total AST Nodes: 19)
Generating PHP code for Data.Void (Total AST Nodes: 1)
Generating PHP code for Data.Eq (Total AST Nodes: 18)
Generating PHP code for Data.Semigroup (Total AST Nodes: 11)
Generating PHP code for Data.Show (Total AST Nodes: 15)
Generating PHP code for Data.Ordering (Total AST Nodes: 7)
Generating PHP code for Data.Semiring (Total AST Nodes: 16)
Generating PHP code for Data.Ring (Total AST Nodes: 11)
Generating PHP code for Data.Ord (Total AST Nodes: 28)
Generating PHP code for Data.Function (Total AST Nodes: 6)
Generating PHP code for Data.Functor (Total AST Nodes: 9)
Generating PHP code for Control.Apply (Total AST Nodes: 10)
Generating PHP code for Control.Applicative (Total AST Nodes: 7)
Generating PHP code for Control.Bind (Total AST Nodes: 12)
Generating PHP code for Control.Monad (Total AST Nodes: 7)
Generating PHP code for Data.BooleanAlgebra (Total AST Nodes: 7)
Generating PHP code for Data.CommutativeRing (Total AST Nodes: 8)
Generating PHP code for Data.EuclideanRing (Total AST Nodes: 7)
Generating PHP code for Data.Monoid (Total AST Nodes: 12)
Generating PHP code for Data.Bounded (Total AST Nodes: 14)
Generating PHP code for Data.DivisionRing (Total AST Nodes: 4)
Generating PHP code for Data.Field (Total AST Nodes: 1)
Generating PHP code for Data.NaturalTransformation (Total AST Nodes: 0)
Generating PHP code for Prelude (Total AST Nodes: 0)
Generating PHP code for Effect (Total AST Nodes: 7)
Generating PHP code for Effect.Console (Total AST Nodes: 6)
Generating PHP code for Bench (Total AST Nodes: 1)
Generating PHP code for Test.Ackermann (Total AST Nodes: 3)
Generating PHP code for Control.Alt (Total AST Nodes: 2)
Generating PHP code for Control.Plus (Total AST Nodes: 2)
Generating PHP code for Control.Alternative (Total AST Nodes: 2)
Generating PHP code for Control.Lazy (Total AST Nodes: 4)
Generating PHP code for Data.Monoid.Additive (Total AST Nodes: 15)
Generating PHP code for Control.Extend (Total AST Nodes: 7)
Generating PHP code for Control.Comonad (Total AST Nodes: 1)
Generating PHP code for Data.Monoid.Conj (Total AST Nodes: 16)
Generating PHP code for Data.Monoid.Disj (Total AST Nodes: 16)
Generating PHP code for Data.Monoid.Dual (Total AST Nodes: 15)
Generating PHP code for Data.Monoid.Endo (Total AST Nodes: 8)
Generating PHP code for Data.Monoid.Multiplicative (Total AST Nodes: 15)
Generating PHP code for Data.Semigroup.First (Total AST Nodes: 14)
Generating PHP code for Data.Semigroup.Last (Total AST Nodes: 14)
Generating PHP code for Unsafe.Coerce (Total AST Nodes: 0)
Generating PHP code for Safe.Coerce (Total AST Nodes: 1)
Generating PHP code for Data.Newtype (Total AST Nodes: 24)
Generating PHP code for Data.Monoid.Alternate (Total AST Nodes: 21)
Generating PHP code for Data.Functor.Invariant (Total AST Nodes: 11)
Generating PHP code for Data.Const (Total AST Nodes: 22)
Generating PHP code for Data.Generic.Rep (Total AST Nodes: 16)
Generating PHP code for Data.Maybe (Total AST Nodes: 30)
Generating PHP code for Data.Either (Total AST Nodes: 30)
Generating PHP code for Data.Tuple (Total AST Nodes: 30)
Generating PHP code for Data.Bifunctor (Total AST Nodes: 7)
Generating PHP code for Data.Identity (Total AST Nodes: 27)
Generating PHP code for Effect.Ref (Total AST Nodes: 4)
Generating PHP code for Partial (Total AST Nodes: 2)
Generating PHP code for Partial.Unsafe (Total AST Nodes: 2)
Generating PHP code for Control.Monad.Rec.Class (Total AST Nodes: 20)
Generating PHP code for Control.Monad.ST.Internal (Total AST Nodes: 10)
Generating PHP code for Control.Monad.ST (Total AST Nodes: 0)
Generating PHP code for Control.MonadPlus (Total AST Nodes: 1)
Generating PHP code for Data.Functor.App (Total AST Nodes: 25)
Generating PHP code for Data.Functor.Compose (Total AST Nodes: 15)
Generating PHP code for Data.Functor.Coproduct (Total AST Nodes: 15)
Generating PHP code for Data.Functor.Product (Total AST Nodes: 15)
Generating PHP code for Data.Maybe.First (Total AST Nodes: 21)
Generating PHP code for Data.Maybe.Last (Total AST Nodes: 21)
Generating PHP code for Data.Foldable (Total AST Nodes: 59)
Generating PHP code for Data.FunctorWithIndex (Total AST Nodes: 19)
Generating PHP code for Data.FoldableWithIndex (Total AST Nodes: 35)
Generating PHP code for Data.Function.Uncurried (Total AST Nodes: 2)
Generating PHP code for Data.Ord.Max (Total AST Nodes: 8)
Generating PHP code for Data.Ord.Min (Total AST Nodes: 8)
Generating PHP code for Data.Semigroup.Foldable (Total AST Nodes: 26)
Generating PHP code for Data.Traversable.Accum (Total AST Nodes: 0)
Generating PHP code for Data.Traversable.Accum.Internal (Total AST Nodes: 12)
Generating PHP code for Data.Traversable (Total AST Nodes: 26)
Generating PHP code for Data.Semigroup.Traversable (Total AST Nodes: 8)
Generating PHP code for Data.TraversableWithIndex (Total AST Nodes: 25)
Generating PHP code for Data.Unfoldable1 (Total AST Nodes: 8)
Generating PHP code for Data.Array.NonEmpty.Internal (Total AST Nodes: 22)
Generating PHP code for Control.Monad.ST.Uncurried (Total AST Nodes: 0)
Generating PHP code for Data.Array.ST (Total AST Nodes: 22)
Generating PHP code for Control.Monad.ST.Ref (Total AST Nodes: 0)
Generating PHP code for Data.Array.ST.Iterator (Total AST Nodes: 8)
Generating PHP code for Data.Unfoldable (Total AST Nodes: 7)
Generating PHP code for Data.Array (Total AST Nodes: 86)
Generating PHP code for Test.ArrayOps (Total AST Nodes: 5)
Generating PHP code for Test.AstTree (Total AST Nodes: 8)
Generating PHP code for Test.Church (Total AST Nodes: 12)
Generating PHP code for Test.Fib (Total AST Nodes: 3)
Generating PHP code for Test.LazyEvaluation (Total AST Nodes: 8)
Generating PHP code for Test.ListOps (Total AST Nodes: 8)
Generating PHP code for Test.Polymorphism (Total AST Nodes: 6)
Generating PHP code for Test.Primes (Total AST Nodes: 9)
Generating PHP code for Test.RBTree (Total AST Nodes: 13)
Generating PHP code for Test.Records (Total AST Nodes: 4)
Generating PHP code for Test.RowToList (Total AST Nodes: 6)
Generating PHP code for Test.StateMonad (Total AST Nodes: 12)
Generating PHP code for Test.TCO (Total AST Nodes: 3)
Generating PHP code for App (Total AST Nodes: 2)
Generating PHP code for Test.AckermannFFI (Total AST Nodes: 2)
Generating PHP code for Test.AckermannFFICheatcode (Total AST Nodes: 2)
Generating PHP code for Test.ArrayOpsFFI (Total AST Nodes: 2)
Generating PHP code for Test.ArrayOpsFFICheatcode (Total AST Nodes: 2)
Generating PHP code for Test.AstTreeFFI (Total AST Nodes: 2)
Generating PHP code for Test.AstTreeFFICheatcode (Total AST Nodes: 2)
Generating PHP code for Test.ChurchFFI (Total AST Nodes: 2)
Generating PHP code for Test.ChurchFFICheatcode (Total AST Nodes: 2)
Generating PHP code for Test.FibFFI (Total AST Nodes: 2)
Generating PHP code for Test.FibFFICheatcode (Total AST Nodes: 2)
Generating PHP code for Test.LazyEvaluationFFI (Total AST Nodes: 2)
Generating PHP code for Test.LazyEvaluationFFICheatcode (Total AST Nodes: 2)
Generating PHP code for Test.ListOpsFFI (Total AST Nodes: 2)
Generating PHP code for Test.ListOpsFFICheatcode (Total AST Nodes: 2)
Generating PHP code for Test.PolymorphismFFI (Total AST Nodes: 2)
Generating PHP code for Test.PolymorphismFFICheatcode (Total AST Nodes: 2)
Generating PHP code for Test.PrimesFFI (Total AST Nodes: 2)
Generating PHP code for Test.PrimesFFICheatcode (Total AST Nodes: 2)
Generating PHP code for Test.RBTreeFFI (Total AST Nodes: 2)
Generating PHP code for Test.RBTreeFFICheatcode (Total AST Nodes: 2)
Generating PHP code for Test.RecordsFFI (Total AST Nodes: 2)
Generating PHP code for Test.RecordsFFICheatcode (Total AST Nodes: 2)
Generating PHP code for Test.RowToListFFI (Total AST Nodes: 2)
Generating PHP code for Test.RowToListFFICheatcode (Total AST Nodes: 2)
Generating PHP code for Test.StateMonadFFI (Total AST Nodes: 2)
Generating PHP code for Test.StateMonadFFICheatcode (Total AST Nodes: 2)
Generating PHP code for Test.TCOFFI (Total AST Nodes: 2)
Generating PHP code for Test.TCOFFICheatcode (Total AST Nodes: 2)
Generating PHP code for AppFFI (Total AST Nodes: 1)
Generating PHP code for AppFFICheatcode (Total AST Nodes: 1)
Generating PHP code for Control.Biapply (Total AST Nodes: 6)
Generating PHP code for Control.Biapplicative (Total AST Nodes: 2)
Generating PHP code for Control.Monad.Cont.Class (Total AST Nodes: 1)
Generating PHP code for Effect.Exception (Total AST Nodes: 4)
Generating PHP code for Control.Monad.Error.Class (Total AST Nodes: 13)
Generating PHP code for Control.Monad.Reader.Class (Total AST Nodes: 5)
Generating PHP code for Control.Monad.ST.Global (Total AST Nodes: 1)
Generating PHP code for Control.Monad.ST.Class (Total AST Nodes: 3)
Generating PHP code for Control.Monad.State.Class (Total AST Nodes: 6)
Generating PHP code for Control.Monad.Trans.Class (Total AST Nodes: 1)
Generating PHP code for Control.Monad.Writer.Class (Total AST Nodes: 5)
Generating PHP code for Effect.Class (Total AST Nodes: 2)
Generating PHP code for Control.Monad.Identity.Trans (Total AST Nodes: 34)
Generating PHP code for Control.Comonad.Trans.Class (Total AST Nodes: 2)
Generating PHP code for Control.Comonad.Env.Trans (Total AST Nodes: 15)
Generating PHP code for Control.Comonad.Store.Trans (Total AST Nodes: 8)
Generating PHP code for Control.Comonad.Traced.Trans (Total AST Nodes: 8)
Generating PHP code for Control.Comonad.Store.Class (Total AST Nodes: 9)
Generating PHP code for Control.Comonad.Store (Total AST Nodes: 2)
Generating PHP code for Control.Comonad.Env.Class (Total AST Nodes: 11)
Generating PHP code for Control.Comonad.Env (Total AST Nodes: 4)
Generating PHP code for Control.Comonad.Traced.Class (Total AST Nodes: 10)
Generating PHP code for Control.Comonad.Traced (Total AST Nodes: 2)
Generating PHP code for Control.Monad.Cont.Trans (Total AST Nodes: 20)
Generating PHP code for Control.Monad.Cont (Total AST Nodes: 4)
Generating PHP code for Control.Monad.Except.Trans (Total AST Nodes: 30)
Generating PHP code for Control.Monad.Except (Total AST Nodes: 3)
Generating PHP code for Control.Monad.Gen.Class (Total AST Nodes: 5)
Generating PHP code for Control.Monad.Gen (Total AST Nodes: 12)
Generating PHP code for Data.NonEmpty (Total AST Nodes: 21)
Generating PHP code for Control.Monad.Gen.Common (Total AST Nodes: 7)
Generating PHP code for Data.Lazy (Total AST Nodes: 30)
Generating PHP code for Control.Monad.List.Trans (Total AST Nodes: 53)
Generating PHP code for Control.Monad.Maybe.Trans (Total AST Nodes: 28)
Generating PHP code for Control.Monad.RWS.Trans (Total AST Nodes: 31)
Generating PHP code for Control.Monad.RWS (Total AST Nodes: 6)
Generating PHP code for Type.Equality (Total AST Nodes: 4)
Generating PHP code for Data.Distributive (Total AST Nodes: 8)
Generating PHP code for Control.Monad.Reader.Trans (Total AST Nodes: 30)
Generating PHP code for Control.Monad.Reader (Total AST Nodes: 3)
Generating PHP code for Control.Monad.State.Trans (Total AST Nodes: 32)
Generating PHP code for Control.Monad.State (Total AST Nodes: 5)
Generating PHP code for Control.Monad.Writer.Trans (Total AST Nodes: 29)
Generating PHP code for Control.Monad.Writer (Total AST Nodes: 4)
Generating PHP code for Data.Functor.Contravariant (Total AST Nodes: 5)
Generating PHP code for Data.Profunctor (Total AST Nodes: 7)
Generating PHP code for Data.Profunctor.Closed (Total AST Nodes: 2)
Generating PHP code for Data.Profunctor.Strong (Total AST Nodes: 5)
Generating PHP code for Data.Functor.Costar (Total AST Nodes: 17)
Generating PHP code for Data.Profunctor.Choice (Total AST Nodes: 5)
Generating PHP code for Data.Profunctor.Star (Total AST Nodes: 21)
Generating PHP code for Control.Parallel.Class (Total AST Nodes: 18)
Generating PHP code for Control.Parallel (Total AST Nodes: 7)
Generating PHP code for Data.Array.NonEmpty (Total AST Nodes: 103)
Generating PHP code for Data.Array.Partial (Total AST Nodes: 4)
Generating PHP code for Data.Array.ST.Partial (Total AST Nodes: 2)
Generating PHP code for Data.Functor.Clown (Total AST Nodes: 12)
Generating PHP code for Data.Functor.Flip (Total AST Nodes: 13)
Generating PHP code for Data.Functor.Joker (Total AST Nodes: 17)
Generating PHP code for Data.Functor.Product2 (Total AST Nodes: 9)
Generating PHP code for Data.Bifoldable (Total AST Nodes: 20)
Generating PHP code for Data.Bifunctor.Join (Total AST Nodes: 9)
Generating PHP code for Data.Bitraversable (Total AST Nodes: 16)
Generating PHP code for Data.Bounded.Generic (Total AST Nodes: 14)
Generating PHP code for Data.Enum (Total AST Nodes: 36)
Generating PHP code for Data.Char (Total AST Nodes: 2)
Generating PHP code for Data.Char.Gen (Total AST Nodes: 7)
Generating PHP code for Data.Comparison (Total AST Nodes: 7)
Generating PHP code for Data.Date.Component (Total AST Nodes: 43)
Generating PHP code for Data.Int.Bits (Total AST Nodes: 0)
Generating PHP code for Data.Number (Total AST Nodes: 10)
Generating PHP code for Data.Int (Total AST Nodes: 28)
Generating PHP code for Data.Time.Duration (Total AST Nodes: 49)
Generating PHP code for Data.Date (Total AST Nodes: 16)
Generating PHP code for Data.Enum.Gen (Total AST Nodes: 1)
Generating PHP code for Data.Date.Component.Gen (Total AST Nodes: 4)
Generating PHP code for Data.Date.Gen (Total AST Nodes: 1)
Generating PHP code for Data.Time.Component (Total AST Nodes: 24)
Generating PHP code for Data.Time (Total AST Nodes: 19)
Generating PHP code for Data.DateTime (Total AST Nodes: 14)
Generating PHP code for Data.Time.Component.Gen (Total AST Nodes: 4)
Generating PHP code for Data.Time.Gen (Total AST Nodes: 1)
Generating PHP code for Data.DateTime.Gen (Total AST Nodes: 1)
Generating PHP code for Data.DateTime.Instant (Total AST Nodes: 10)
Generating PHP code for Data.Equivalence (Total AST Nodes: 8)
Generating PHP code for Data.Op (Total AST Nodes: 8)
Generating PHP code for Data.Predicate (Total AST Nodes: 6)
Generating PHP code for Data.Divide (Total AST Nodes: 6)
Generating PHP code for Data.Decide (Total AST Nodes: 6)
Generating PHP code for Data.Divisible (Total AST Nodes: 5)
Generating PHP code for Data.Decidable (Total AST Nodes: 6)
Generating PHP code for Data.Either.Inject (Total AST Nodes: 5)
Generating PHP code for Data.Either.Nested (Total AST Nodes: 30)
Generating PHP code for Data.Enum.Generic (Total AST Nodes: 20)
Generating PHP code for Data.Eq.Generic (Total AST Nodes: 8)
Generating PHP code for Data.Exists (Total AST Nodes: 2)
Generating PHP code for Data.Functor.Coproduct.Inject (Total AST Nodes: 5)
Generating PHP code for Data.Functor.Coproduct.Nested (Total AST Nodes: 30)
Generating PHP code for Data.Functor.Product.Nested (Total AST Nodes: 20)
Generating PHP code for Data.HeytingAlgebra.Generic (Total AST Nodes: 16)
Generating PHP code for Data.List.Types (Total AST Nodes: 54)
Generating PHP code for Data.List.Internal (Total AST Nodes: 12)
Generating PHP code for Data.List (Total AST Nodes: 75)
Generating PHP code for Data.Map.Internal (Total AST Nodes: 94)
Generating PHP code for Data.Set (Total AST Nodes: 34)
Generating PHP code for Data.Map (Total AST Nodes: 21)
Generating PHP code for Data.Interval.Duration (Total AST Nodes: 26)
Generating PHP code for Data.Interval (Total AST Nodes: 28)
Generating PHP code for Data.List.NonEmpty (Total AST Nodes: 60)
Generating PHP code for Data.Interval.Duration.Iso (Total AST Nodes: 18)
Generating PHP code for Data.List.Lazy.Types (Total AST Nodes: 60)
Generating PHP code for Data.List.Lazy (Total AST Nodes: 74)
Generating PHP code for Data.List.Lazy.NonEmpty (Total AST Nodes: 16)
Generating PHP code for Data.List.Partial (Total AST Nodes: 4)
Generating PHP code for Data.List.ZipList (Total AST Nodes: 17)
Generating PHP code for Data.Map.Gen (Total AST Nodes: 1)
Generating PHP code for Data.Monoid.Generic (Total AST Nodes: 6)
Generating PHP code for Data.Number.Approximate (Total AST Nodes: 8)
Generating PHP code for Data.Number.Format (Total AST Nodes: 7)
Generating PHP code for Data.Ord.Down (Total AST Nodes: 7)
Generating PHP code for Data.Ord.Generic (Total AST Nodes: 8)
Generating PHP code for Data.Profunctor.Cochoice (Total AST Nodes: 2)
Generating PHP code for Data.Profunctor.Costrong (Total AST Nodes: 2)
Generating PHP code for Data.Profunctor.Join (Total AST Nodes: 9)
Generating PHP code for Data.Profunctor.Split (Total AST Nodes: 8)
Generating PHP code for Data.Reflectable (Total AST Nodes: 6)
Generating PHP code for Data.Ring.Generic (Total AST Nodes: 6)
Generating PHP code for Data.Semigroup.Generic (Total AST Nodes: 7)
Generating PHP code for Data.Semiring.Generic (Total AST Nodes: 12)
Generating PHP code for Data.Set.NonEmpty (Total AST Nodes: 30)
Generating PHP code for Data.Show.Generic (Total AST Nodes: 9)
Generating PHP code for Data.String.Pattern (Total AST Nodes: 12)
Generating PHP code for Data.String.Unsafe (Total AST Nodes: 0)
Generating PHP code for Data.String.CodeUnits (Total AST Nodes: 16)
Generating PHP code for Data.String.Common (Total AST Nodes: 2)
Generating PHP code for Data.String.CodePoints (Total AST Nodes: 33)
Generating PHP code for Data.String (Total AST Nodes: 0)
Generating PHP code for Data.String.CaseInsensitive (Total AST Nodes: 6)
Generating PHP code for Data.String.Gen (Total AST Nodes: 8)
Generating PHP code for Data.String.NonEmpty.Internal (Total AST Nodes: 35)
Generating PHP code for Data.String.NonEmpty.CodePoints (Total AST Nodes: 23)
Generating PHP code for Data.String.NonEmpty (Total AST Nodes: 0)
Generating PHP code for Data.String.NonEmpty.CaseInsensitive (Total AST Nodes: 6)
Generating PHP code for Data.String.NonEmpty.CodeUnits (Total AST Nodes: 26)
Generating PHP code for Data.String.Regex.Flags (Total AST Nodes: 15)
Generating PHP code for Data.String.Regex (Total AST Nodes: 8)
Generating PHP code for Data.String.Regex.Unsafe (Total AST Nodes: 1)
Generating PHP code for Data.Time.Duration.Gen (Total AST Nodes: 5)
Generating PHP code for Data.Tuple.Nested (Total AST Nodes: 50)
Generating PHP code for Effect.Unsafe (Total AST Nodes: 0)
Generating PHP code for Effect.Aff (Total AST Nodes: 59)
Generating PHP code for Effect.Aff.Class (Total AST Nodes: 10)
Generating PHP code for Effect.Uncurried (Total AST Nodes: 20)
Generating PHP code for Effect.Aff.Compat (Total AST Nodes: 5)
Generating PHP code for Effect.Class.Console (Total AST Nodes: 18)
Generating PHP code for Effect.Exception.Unsafe (Total AST Nodes: 2)
Generating PHP code for Effect.Now (Total AST Nodes: 3)
Generating PHP code for Main (Total AST Nodes: 1)
Generating PHP code for Spago.Generated.BuildInfo (Total AST Nodes: 3)
Generating PHP code for Test.BenchCheck (Total AST Nodes: 1)
Generating PHP code for Test.Implicit (Total AST Nodes: 2)
Generating PHP code for Test.Main (Total AST Nodes: 1)
Writing main.mod.php for App

✓ Backend build succeeded.

=== PHP ===
Loading composer repositories with package information
Updating dependencies
Nothing to modify in lock file
Writing lock file
Installing dependencies from lock file (including require-dev)
Nothing to install, update or remove
Generating autoload files
No security vulnerability advisories found.
Global warm-up in progress (this may take a moment)...

Global warm-up complete. Starting benchmarks...

--------------------------------------------------

(Test)

AST Evaluation:

(Output & Warm-up)

7

(Execution time - best of 10)

4.00 μs

--------------------------------------------------

(Test)

Fibonacci:

(Output & Warm-up)

55

(Execution time - best of 10)

1.00 μs

--------------------------------------------------

(Test)

List Processing (900 elements):

(Output & Warm-up)

202950

(Execution time - best of 10)

172.00 μs

--------------------------------------------------

(Test)

Tail Call Optimization (100k calls):

(Output & Warm-up)

100000

(Execution time - best of 10)

1643.00 μs

--------------------------------------------------

(Test)

Deep Record Updates (10k iterations):

(Output & Warm-up)

20000

(Execution time - best of 10)

1941.00 μs

--------------------------------------------------

(Test)

Ackermann (3, 4):

(Output & Warm-up)

125

(Execution time - best of 10)

49.00 μs

--------------------------------------------------

(Test)

Church Numerals (100k Closure Applications):

(Output & Warm-up)

100000

(Execution time - best of 10)

9356.00 μs

--------------------------------------------------

(Test)

Prime Sieve (sum primes up to 500):

(Output & Warm-up)

21536

(Execution time - best of 10)

601.00 μs

--------------------------------------------------

(Test)

Red-Black Tree (100k Worst-Case Insertions):

(Output & Warm-up)

22

(Execution time - best of 10)

475869.00 μs

--------------------------------------------------

(Test)

Polymorphism (10M Type Class Dict Lookups):

(Output & Warm-up)

10000000

(Execution time - best of 10)

6511.00 μs

--------------------------------------------------

(Test)

State Monad (1.2k Binds, 60 Stack Depth):

(Output & Warm-up)

1200

(Execution time - best of 10)

424.00 μs

--------------------------------------------------

(Test)

Lazy Evaluation (1M Thunks Forced, 1k Depth):

(Output & Warm-up)

1000000

(Execution time - best of 10)

102141.00 μs

--------------------------------------------------

(Test)

Array Processing (900 elements):

(Output & Warm-up)

202950

(Execution time - best of 10)

116.00 μs

--------------------------------------------------

(Test)

RowToList (Keys Count):

(Output & Warm-up)

5

(Execution time - best of 10)

0.00 μs


==================================================

Total exec time: 598.83 ms


Building...
Reading Spago workspace configuration...

✓ Selecting package to build: ps-go-test

Downloading dependencies...
Building...
           Src   Lib   All
Warnings     0     0     0
Errors       0     0     0

✓ Build succeeded.

Global type hasTypeVariables for Control.Semigroupoid.compose: true
Control.Semigroupoid.compose IS IN globalAstMap!
Monomorphize.purs generated: compose__3544981556 from specKey: ConstrainedType_Control_Semigroupoid_Semigroupoid_ADT_Prim_Function_Func_ADT_Prim_Function_Int_Int_ADT_Prim_Function_Char_Int_ADT_Prim_Function_Char_Int
Monomorphize.purs generated: compose__3706071988 from specKey: ConstrainedType_Control_Semigroupoid_Semigroupoid_ADT_Prim_Function_Func_ADT_Prim_Function_Number_Boolean_ADT_Prim_Function_ADT_Data_Tuple_Tuple_ADT_Data_Interval_Duration_DurationComponent_Number_Number_ADT_Prim_Function_ADT_Data_Tuple_Tuple_ADT_Data_Interval_Duration_DurationComponent_Number_Boolean
Monomorphize.purs generated: compose__3856694804 from specKey: ConstrainedType_Control_Semigroupoid_Semigroupoid_ADT_Prim_Function_Func_ADT_Prim_Function_Number_Number_ADT_Prim_Function_ADT_Data_Tuple_Tuple_ADT_Data_Interval_Duration_DurationComponent_Number_Number_ADT_Prim_Function_ADT_Data_Tuple_Tuple_ADT_Data_Interval_Duration_DurationComponent_Number_Number
Monomorphize.purs generated: compose__3775097876 from specKey: ConstrainedType_Control_Semigroupoid_Semigroupoid_ADT_Prim_Function_Func_ADT_Prim_Function_Number_Number_ADT_Prim_Function_Number_Number_ADT_Prim_Function_Number_Number
Monomorphize.purs generated: compose__1183650730 from specKey: Func_ADT_Prim_Function_ADT_Data_DateTime_DateTime_ADT_Data_Date_Date_ADT_Prim_Function_Number_ADT_Data_DateTime_DateTime_ADT_Prim_Function_Number_ADT_Data_Date_Date_Var_Data.DateTime_date_Var_Data.DateTime.Instant_toDateTime
Monomorphize.purs generated: compose__17312395 from specKey: Func_ADT_Prim_Function_ADT_Data_DateTime_DateTime_ADT_Data_Time_Time_ADT_Prim_Function_Number_ADT_Data_DateTime_DateTime_ADT_Prim_Function_Number_ADT_Data_Time_Time_Var_Data.DateTime_time_Var_Data.DateTime.Instant_toDateTime
Monomorphize.purs generated: compose__576690313 from specKey: Func_ADT_Prim_Function_ADT_Data_Either_Either_ADT_Effect_Exception_Error_Unit_ADT_Effect_Effect_Unit_ADT_Prim_Function_ADT_Effect_Exception_Error_ADT_Data_Either_Either_ADT_Effect_Exception_Error_Unit_ADT_Prim_Function_ADT_Effect_Exception_Error_ADT_Effect_Effect_Unit_Var_Data.Either_Left
Monomorphize.purs generated: compose__387994098 from specKey: Func_ADT_Prim_Function_ADT_Data_Either_Either_ADT_Effect_Exception_Error_Unit_ADT_Effect_Effect_Unit_ADT_Prim_Function_Unit_ADT_Data_Either_Either_ADT_Effect_Exception_Error_Unit_ADT_Prim_Function_Unit_ADT_Effect_Effect_Unit_Var_Data.Either_Right
Monomorphize.purs generated: compose__3091449966 from specKey: Func_ADT_Prim_Function_ADT_Data_Maybe_Maybe_Array_Char_Array_Char_ADT_Prim_Function_String_ADT_Data_Maybe_Maybe_Array_Char_ADT_Prim_Function_String_Array_Char_
Monomorphize.purs generated: compose__2324840974 from specKey: Func_ADT_Prim_Function_ADT_Data_Maybe_Maybe_Array_Int_Array_Int_ADT_Prim_Function_String_ADT_Data_Maybe_Maybe_Array_Int_ADT_Prim_Function_String_Array_Int_
Monomorphize.purs generated: compose__3541259109 from specKey: Func_ADT_Prim_Function_ADT_Data_Maybe_Maybe_Int_Boolean_ADT_Prim_Function_String_ADT_Data_Maybe_Maybe_Int_ADT_Prim_Function_String_Boolean_Var_Data.Maybe_isJust
Monomorphize.purs generated: compose__3182012298 from specKey: Func_ADT_Prim_Function_ADT_Data_Maybe_Maybe_Int_Int_ADT_Prim_Function_Int_ADT_Data_Maybe_Maybe_Int_ADT_Prim_Function_Int_Int_Var_Data.Date.Component.Gen_toEnum
Monomorphize.purs generated: compose__4075442985 from specKey: Func_ADT_Prim_Function_ADT_Data_Maybe_Maybe_Int_Int_ADT_Prim_Function_Int_ADT_Data_Maybe_Maybe_Int_ADT_Prim_Function_Int_Int_Var_Data.Date_toEnum
Monomorphize.purs generated: compose__1744117093 from specKey: Func_ADT_Prim_Function_ADT_Data_Maybe_Maybe_String_Boolean_ADT_Prim_Function_String_ADT_Data_Maybe_Maybe_String_ADT_Prim_Function_String_Boolean_Var_Data.Maybe_isJust
Monomorphize.purs generated: compose__886012206 from specKey: Func_ADT_Prim_Function_ADT_Data_Maybe_Maybe_String_String_ADT_Prim_Function_Array_Char_ADT_Data_Maybe_Maybe_String_ADT_Prim_Function_Array_Char_String_
Monomorphize.purs generated: compose__846872238 from specKey: Func_ADT_Prim_Function_ADT_Data_Maybe_Maybe_String_String_ADT_Prim_Function_Array_Int_ADT_Data_Maybe_Maybe_String_ADT_Prim_Function_Array_Int_String_
Monomorphize.purs generated: compose__2195693404 from specKey: Func_ADT_Prim_Function_ADT_Data_Maybe_Maybe_String_String_ADT_Prim_Function_String_ADT_Data_Maybe_Maybe_String_ADT_Prim_Function_String_String_Var_Data.String.NonEmpty.Internal_fromJust_Var_Data.String.NonEmpty.Internal_fromString
Monomorphize.purs generated: compose__4030224624 from specKey: Func_ADT_Prim_Function_ADT_Effect_Aff_Aff_Unit_Func_ADT_Effect_Exception_Error_ADT_Effect_Aff_Aff_Unit_ADT_Prim_Function_ADT_Effect_Effect_Unit_ADT_Effect_Aff_Aff_Unit_ADT_Prim_Function_ADT_Effect_Effect_Unit_Func_ADT_Effect_Exception_Error_ADT_Effect_Aff_Aff_Unit_Var_Data.Function_const_Var_Effect.Aff_liftEffect
Monomorphize.purs generated: compose__389872062 from specKey: Func_ADT_Prim_Function_Array_Char_ADT_Data_Maybe_Maybe_Array_Char_ADT_Prim_Function_String_Array_Char_ADT_Prim_Function_String_ADT_Data_Maybe_Maybe_Array_Char_Var_Data.Array.NonEmpty_fromArray_Var_Data.String.NonEmpty.CodeUnits_toCharArray
Monomorphize.purs generated: compose__3841049310 from specKey: Func_ADT_Prim_Function_Array_Char_ADT_Data_Maybe_Maybe_String_ADT_Prim_Function_Array_Char_Array_Char_ADT_Prim_Function_Array_Char_ADT_Data_Maybe_Maybe_String_Var_Data.String.NonEmpty.CodeUnits_fromCharArray_Var_Data.Array.NonEmpty_toArray
Monomorphize.purs generated: compose__1730647853 from specKey: Func_ADT_Prim_Function_Array_Int_ADT_Data_Maybe_Maybe_Array_Int_ADT_Prim_Function_String_Array_Int_ADT_Prim_Function_String_ADT_Data_Maybe_Maybe_Array_Int_Var_Data.Array.NonEmpty_fromArray_Var_Data.String.NonEmpty.CodePoints_toCodePointArray
Monomorphize.purs generated: compose__893961645 from specKey: Func_ADT_Prim_Function_Array_Int_ADT_Data_Maybe_Maybe_String_ADT_Prim_Function_Array_Int_Array_Int_ADT_Prim_Function_Array_Int_ADT_Data_Maybe_Maybe_String_Var_Data.String.NonEmpty.CodePoints_fromCodePointArray_Var_Data.Array.NonEmpty_toArray
Monomorphize.purs generated: compose__3359309054 from specKey: Func_ADT_Prim_Function_Array_Int_Int_ADT_Prim_Function_String_Array_Int_ADT_Prim_Function_String_Int_Var_Data.Array_length_Var_Data.String.CodePoints_toCodePointArray
Monomorphize.purs generated: compose__3873972921 from specKey: Func_ADT_Prim_Function_Char_Int_ADT_Prim_Function_String_Char_ADT_Prim_Function_String_Int_Var_Data.String.CodePoints_fromEnum
Monomorphize.purs generated: compose__582685273 from specKey: Func_ADT_Prim_Function_Char_String_ADT_Prim_Function_Int_Char_ADT_Prim_Function_Int_String_Var_Data.String.CodeUnits_singleton
Monomorphize.purs generated: compose__1010180642 from specKey: Func_ADT_Prim_Function_Func_ADT_Effect_Exception_Error_ADT_Effect_Aff_Aff_Unit_Func_ADT_Effect_Exception_Error_ADT_Effect_Aff_Aff_Unit_ADT_Prim_Function_ADT_Effect_Effect_Unit_Func_ADT_Effect_Exception_Error_ADT_Effect_Aff_Aff_Unit_ADT_Prim_Function_ADT_Effect_Effect_Unit_Func_ADT_Effect_Exception_Error_ADT_Effect_Aff_Aff_Unit_Var_Effect.Aff_Canceler
Monomorphize.purs generated: compose__1894661740 from specKey: Func_ADT_Prim_Function_Func_String_ADT_Data_Maybe_Maybe_Char_Func_String_ADT_Data_Maybe_Maybe_Char_ADT_Prim_Function_Int_Func_String_ADT_Data_Maybe_Maybe_Char_ADT_Prim_Function_Int_Func_String_ADT_Data_Maybe_Maybe_Char_Var_Data.String.NonEmpty.CodeUnits_liftS_Var_Data.String.CodeUnits_charAt
Monomorphize.purs generated: compose__407601932 from specKey: Func_ADT_Prim_Function_Func_String_ADT_Data_Maybe_Maybe_Int_Func_String_ADT_Data_Maybe_Maybe_Int_ADT_Prim_Function_Int_Func_String_ADT_Data_Maybe_Maybe_Int_ADT_Prim_Function_Int_Func_String_ADT_Data_Maybe_Maybe_Int_Var_Data.String.NonEmpty.CodePoints_liftS
Monomorphize.purs generated: compose__258081397 from specKey: Func_ADT_Prim_Function_Func_String_ADT_Data_Maybe_Maybe_Int_Func_String_ADT_Data_Maybe_Maybe_Int_ADT_Prim_Function_Int_Func_String_ADT_Data_Maybe_Maybe_Int_ADT_Prim_Function_Int_Func_String_ADT_Data_Maybe_Maybe_Int_Var_Data.String.NonEmpty.CodePoints_liftS_Var_Data.String.CodePoints_codePointAt
Monomorphize.purs generated: compose__420740006 from specKey: Func_ADT_Prim_Function_Func_String_ADT_Data_Maybe_Maybe_Int_Func_String_ADT_Data_Maybe_Maybe_Int_ADT_Prim_Function_Int_Func_String_ADT_Data_Maybe_Maybe_Int_ADT_Prim_Function_Int_Func_String_ADT_Data_Maybe_Maybe_Int_Var_Data.String.NonEmpty.CodeUnits_liftS
Monomorphize.purs generated: compose__2102089238 from specKey: Func_ADT_Prim_Function_Func_String_ADT_Data_Maybe_Maybe_Int_Func_String_ADT_Data_Maybe_Maybe_Int_ADT_Prim_Function_String_Func_String_ADT_Data_Maybe_Maybe_Int_ADT_Prim_Function_String_Func_String_ADT_Data_Maybe_Maybe_Int_Var_Data.String.NonEmpty.CodePoints_liftS_Var_Data.String.CodePoints_indexOf
Monomorphize.purs generated: compose__3947470620 from specKey: Func_ADT_Prim_Function_Func_String_ADT_Data_Maybe_Maybe_Int_Func_String_ADT_Data_Maybe_Maybe_Int_ADT_Prim_Function_String_Func_String_ADT_Data_Maybe_Maybe_Int_ADT_Prim_Function_String_Func_String_ADT_Data_Maybe_Maybe_Int_Var_Data.String.NonEmpty.CodePoints_liftS_Var_Data.String.CodePoints_lastIndexOf
Monomorphize.purs generated: compose__1099970870 from specKey: Func_ADT_Prim_Function_Func_String_ADT_Data_Maybe_Maybe_Int_Func_String_ADT_Data_Maybe_Maybe_Int_ADT_Prim_Function_String_Func_String_ADT_Data_Maybe_Maybe_Int_ADT_Prim_Function_String_Func_String_ADT_Data_Maybe_Maybe_Int_Var_Data.String.NonEmpty.CodeUnits_liftS_Var_Data.String.CodeUnits_indexOf
Monomorphize.purs generated: compose__40238652 from specKey: Func_ADT_Prim_Function_Func_String_ADT_Data_Maybe_Maybe_Int_Func_String_ADT_Data_Maybe_Maybe_Int_ADT_Prim_Function_String_Func_String_ADT_Data_Maybe_Maybe_Int_ADT_Prim_Function_String_Func_String_ADT_Data_Maybe_Maybe_Int_Var_Data.String.NonEmpty.CodeUnits_liftS_Var_Data.String.CodeUnits_lastIndexOf
Monomorphize.purs generated: compose__3492946653 from specKey: Func_ADT_Prim_Function_Func_String_Boolean_Func_String_Boolean_ADT_Prim_Function_String_Func_String_Boolean_ADT_Prim_Function_String_Func_String_Boolean_Var_Data.String.NonEmpty.Internal_liftS_Var_Data.String.CodeUnits_contains
Monomorphize.purs generated: compose__524035808 from specKey: Func_ADT_Prim_Function_Func_String_Boolean_Func_String_Boolean_ADT_Prim_Function_String_Func_String_Boolean_ADT_Prim_Function_String_Func_String_Boolean_Var_Data.String.NonEmpty.Internal_liftS_Var_Data.String.CodeUnits_endsWith
Monomorphize.purs generated: compose__865151823 from specKey: Func_ADT_Prim_Function_Func_String_Boolean_Func_String_Boolean_ADT_Prim_Function_String_Func_String_Boolean_ADT_Prim_Function_String_Func_String_Boolean_Var_Data.String.NonEmpty.Internal_liftS_Var_Data.String.CodeUnits_startsWith
Monomorphize.purs generated: compose__2667801170 from specKey: Func_ADT_Prim_Function_Func_String_Int_Func_String_Int_ADT_Prim_Function_Func_Char_Boolean_Func_String_Int_ADT_Prim_Function_Func_Char_Boolean_Func_String_Int_Var_Data.String.NonEmpty.CodeUnits_liftS_Var_Data.String.CodeUnits_countPrefix
Monomorphize.purs generated: compose__3997317522 from specKey: Func_ADT_Prim_Function_Func_String_Int_Func_String_Int_ADT_Prim_Function_Func_Int_Boolean_Func_String_Int_ADT_Prim_Function_Func_Int_Boolean_Func_String_Int_Var_Data.String.NonEmpty.CodePoints_liftS_Var_Data.String.CodePoints_countPrefix
Monomorphize.purs generated: compose__3687613809 from specKey: Func_ADT_Prim_Function_Int_ADT_Data_Maybe_Maybe_ADT_Data_Date_Component_Month_ADT_Prim_Function_ADT_Data_Date_Component_Month_Int_ADT_Prim_Function_ADT_Data_Date_Component_Month_ADT_Data_Maybe_Maybe_ADT_Data_Date_Component_Month_App_Var_Data.Enum_toEnum_Var_Data.Date.Component_boundedEnumMonth
Monomorphize.purs generated: compose__2882966881 from specKey: Func_ADT_Prim_Function_Int_ADT_Data_Maybe_Maybe_ADT_Data_Date_Component_Weekday_ADT_Prim_Function_ADT_Data_Date_Component_Weekday_Int_ADT_Prim_Function_ADT_Data_Date_Component_Weekday_ADT_Data_Maybe_Maybe_ADT_Data_Date_Component_Weekday_App_Var_Data.Enum_toEnum_Var_Data.Date.Component_boundedEnumWeekday
Monomorphize.purs generated: compose__2136795165 from specKey: Func_ADT_Prim_Function_Int_ADT_Data_Maybe_Maybe_Int_ADT_Prim_Function_Int_Int_ADT_Prim_Function_Int_ADT_Data_Maybe_Maybe_Int_App_Var_Data.Enum_toEnum_Var_Data.Date.Component_boundedEnumDay
Monomorphize.purs generated: compose__2570962478 from specKey: Func_ADT_Prim_Function_Int_ADT_Data_Maybe_Maybe_Int_ADT_Prim_Function_Int_Int_ADT_Prim_Function_Int_ADT_Data_Maybe_Maybe_Int_App_Var_Data.Enum_toEnum_Var_Data.Date.Component_boundedEnumYear
Monomorphize.purs generated: compose__4125612960 from specKey: Func_ADT_Prim_Function_Int_ADT_Data_Maybe_Maybe_Int_ADT_Prim_Function_Int_Int_ADT_Prim_Function_Int_ADT_Data_Maybe_Maybe_Int_App_Var_Data.Enum_toEnum_Var_Data.Time.Component_boundedEnumHour
Monomorphize.purs generated: compose__2702250013 from specKey: Func_ADT_Prim_Function_Int_ADT_Data_Maybe_Maybe_Int_ADT_Prim_Function_Int_Int_ADT_Prim_Function_Int_ADT_Data_Maybe_Maybe_Int_App_Var_Data.Enum_toEnum_Var_Data.Time.Component_boundedEnumMillisecond
Monomorphize.purs generated: compose__3945042350 from specKey: Func_ADT_Prim_Function_Int_ADT_Data_Maybe_Maybe_Int_ADT_Prim_Function_Int_Int_ADT_Prim_Function_Int_ADT_Data_Maybe_Maybe_Int_App_Var_Data.Enum_toEnum_Var_Data.Time.Component_boundedEnumMinute
Monomorphize.purs generated: compose__1273781456 from specKey: Func_ADT_Prim_Function_Int_ADT_Data_Maybe_Maybe_Int_ADT_Prim_Function_Int_Int_ADT_Prim_Function_Int_ADT_Data_Maybe_Maybe_Int_App_Var_Data.Enum_toEnum_Var_Data.Time.Component_boundedEnumSecond
Monomorphize.purs generated: compose__3419160492 from specKey: Func_ADT_Prim_Function_Int_ADT_Data_Number_Format_Format_ADT_Prim_Function_Int_Int_ADT_Prim_Function_Int_ADT_Data_Number_Format_Format_Var_Data.Number.Format_Exponential
Monomorphize.purs generated: compose__3631968077 from specKey: Func_ADT_Prim_Function_Int_ADT_Data_Number_Format_Format_ADT_Prim_Function_Int_Int_ADT_Prim_Function_Int_ADT_Data_Number_Format_Format_Var_Data.Number.Format_Fixed
Monomorphize.purs generated: compose__718329709 from specKey: Func_ADT_Prim_Function_Int_ADT_Data_Number_Format_Format_ADT_Prim_Function_Int_Int_ADT_Prim_Function_Int_ADT_Data_Number_Format_Format_Var_Data.Number.Format_Precision
Monomorphize.purs generated: compose__428024156 from specKey: Func_ADT_Prim_Function_Int_Int_ADT_Prim_Function_ADT_Data_Date_Component_Month_Int_ADT_Prim_Function_ADT_Data_Date_Component_Month_Int_App_Var_Data.Enum_fromEnum_Var_Data.Date.Component_boundedEnumMonth
Monomorphize.purs generated: compose__3560408140 from specKey: Func_ADT_Prim_Function_Int_Int_ADT_Prim_Function_ADT_Data_Date_Component_Weekday_Int_ADT_Prim_Function_ADT_Data_Date_Component_Weekday_Int_App_Var_Data.Enum_fromEnum_Var_Data.Date.Component_boundedEnumWeekday
Monomorphize.purs generated: compose__3034198990 from specKey: Func_ADT_Prim_Function_Int_Int_ADT_Prim_Function_Int_Int_ADT_Prim_Function_Int_Int_
Monomorphize.purs generated: compose__4067690128 from specKey: Func_ADT_Prim_Function_Int_Int_ADT_Prim_Function_Int_Int_ADT_Prim_Function_Int_Int_App_Var_Data.Enum_fromEnum_Var_Data.Date.Component_boundedEnumDay
Monomorphize.purs generated: compose__4094658211 from specKey: Func_ADT_Prim_Function_Int_Int_ADT_Prim_Function_Int_Int_ADT_Prim_Function_Int_Int_App_Var_Data.Enum_fromEnum_Var_Data.Date.Component_boundedEnumYear
Monomorphize.purs generated: compose__2981964333 from specKey: Func_ADT_Prim_Function_Int_Int_ADT_Prim_Function_Int_Int_ADT_Prim_Function_Int_Int_App_Var_Data.Enum_fromEnum_Var_Data.Time.Component_boundedEnumHour
Monomorphize.purs generated: compose__4024446608 from specKey: Func_ADT_Prim_Function_Int_Int_ADT_Prim_Function_Int_Int_ADT_Prim_Function_Int_Int_App_Var_Data.Enum_fromEnum_Var_Data.Time.Component_boundedEnumMillisecond
Monomorphize.purs generated: compose__3914650147 from specKey: Func_ADT_Prim_Function_Int_Int_ADT_Prim_Function_Int_Int_ADT_Prim_Function_Int_Int_App_Var_Data.Enum_fromEnum_Var_Data.Time.Component_boundedEnumMinute
Monomorphize.purs generated: compose__3700956253 from specKey: Func_ADT_Prim_Function_Int_Int_ADT_Prim_Function_Int_Int_ADT_Prim_Function_Int_Int_App_Var_Data.Enum_fromEnum_Var_Data.Time.Component_boundedEnumSecond
Monomorphize.purs generated: compose__4031710077 from specKey: Func_ADT_Prim_Function_Int_Int_ADT_Prim_Function_String_Int_ADT_Prim_Function_String_Int_Var_Data.String.CodePoints_CodePoint
Monomorphize.purs generated: compose__2101421848 from specKey: Func_ADT_Prim_Function_Number_ADT_Data_Map_Internal_Map_ADT_Data_Interval_Duration_DurationComponent_Number_ADT_Prim_Function_Number_Number_ADT_Prim_Function_Number_ADT_Data_Map_Internal_Map_ADT_Data_Interval_Duration_DurationComponent_Number_App_Var_Data.Interval.Duration_durationFromComponent_Var_Data.Interval.Duration_Second
Monomorphize.purs generated: compose__246463035 from specKey: Func_ADT_Prim_Function_Number_Int_ADT_Prim_Function_Number_Number_ADT_Prim_Function_Number_Int_Var_Data.Int_unsafeClamp_Var_Data.Number_ceil
Monomorphize.purs generated: compose__2565630496 from specKey: Func_ADT_Prim_Function_Number_Int_ADT_Prim_Function_Number_Number_ADT_Prim_Function_Number_Int_Var_Data.Int_unsafeClamp_Var_Data.Number_floor
Monomorphize.purs generated: compose__1032854586 from specKey: Func_ADT_Prim_Function_Number_Int_ADT_Prim_Function_Number_Number_ADT_Prim_Function_Number_Int_Var_Data.Int_unsafeClamp_Var_Data.Number_round
Monomorphize.purs generated: compose__3023988422 from specKey: Func_ADT_Prim_Function_Number_Int_ADT_Prim_Function_Number_Number_ADT_Prim_Function_Number_Int_Var_Data.Int_unsafeClamp_Var_Data.Number_trunc
Monomorphize.purs generated: compose__3138768752 from specKey: Func_ADT_Prim_Function_Number_Number_ADT_Prim_Function_Int_Number_ADT_Prim_Function_Int_Number_Var_Data.Time.Duration_Days_Var_Data.Int_toNumber
Monomorphize.purs generated: compose__2350879551 from specKey: Func_ADT_Prim_Function_String_ADT_Data_Maybe_Maybe_Char_ADT_Prim_Function_String_String_ADT_Prim_Function_String_ADT_Data_Maybe_Maybe_Char_Var_Data.String.CodeUnits_toChar_Var_Data.String.NonEmpty.CodeUnits_fromNonEmptyString
Monomorphize.purs generated: compose__3808662878 from specKey: Func_ADT_Prim_Function_String_ADT_Data_Maybe_Maybe_String_ADT_Prim_Function_String_String_ADT_Prim_Function_String_ADT_Data_Maybe_Maybe_String_Var_Data.String.NonEmpty.Internal_fromString
Monomorphize.purs generated: compose__2291120838 from specKey: Func_ADT_Prim_Function_String_Array_Char_ADT_Prim_Function_String_String_ADT_Prim_Function_String_Array_Char_Var_Data.String.CodeUnits_toCharArray_Var_Data.String.NonEmpty.CodeUnits_fromNonEmptyString
Monomorphize.purs generated: compose__458147295 from specKey: Func_ADT_Prim_Function_String_Array_Int_ADT_Prim_Function_String_String_ADT_Prim_Function_String_Array_Int_Var_Data.String.CodePoints_toCodePointArray_Var_Data.String.NonEmpty.CodePoints_fromNonEmptyString
Monomorphize.purs generated: compose__70871136 from specKey: Func_ADT_Prim_Function_String_Int_ADT_Prim_Function_String_String_ADT_Prim_Function_String_Int_Var_Data.String.CodePoints_length_Var_Data.String.NonEmpty.CodePoints_fromNonEmptyString
Monomorphize.purs generated: compose__1006966144 from specKey: Func_ADT_Prim_Function_String_Int_ADT_Prim_Function_String_String_ADT_Prim_Function_String_Int_Var_Data.String.CodeUnits_length_Var_Data.String.NonEmpty.CodeUnits_fromNonEmptyString
Monomorphize.purs generated: compose__3007852478 from specKey: Func_ADT_Prim_Function_String_String_ADT_Prim_Function_Char_String_ADT_Prim_Function_Char_String_Var_Data.String.NonEmpty.CodeUnits_toNonEmptyString_Var_Data.String.CodeUnits_singleton
Monomorphize.purs generated: compose__2594757790 from specKey: Func_ADT_Prim_Function_String_String_ADT_Prim_Function_Int_String_ADT_Prim_Function_Int_String_Var_Data.String.NonEmpty.CodePoints_toNonEmptyString_Var_Data.String.CodePoints_singleton
getInjectedBindsFor generated 74 bindings for Control.Semigroupoid.compose
isBindingUsed for compose in Control.Semigroupoid: true (localExport: true, in deps: false)
{
  msg: 'LetRec val type for spin',
  valType: Func2 { value0: [ [ADT2] ], value1: TypeVar2 { value0: 'a' } }
}
{
  msg: 'LetRec val type for spin',
  valType: Func2 {
    value0: [ [ADT2] ],
    value1: ADT2 {
      value0: 'Data.Ordering.Ordering',
      value1: [Array],
      value2: []
    }
  }
}
{
  msg: 'LetRec val type for spin',
  valType: Func2 { value0: [ [ADT2] ], value1: TypeVar2 { value0: 'a' } }
}
{
  msg: 'LetRec val type for spin',
  valType: Func2 { value0: [ [ADT2] ], value1: $$Boolean2 {} }
}
{
  msg: 'LetRec val type for spin',
  valType: Func2 { value0: [ [ADT2] ], value1: TypeVar2 { value0: 'a' } }
}
{
  msg: 'LetRec val type for go',
  valType: Func2 {
    value0: [ Int2 {}, [TypeVar2] ],
    value1: TypeVar2 { value0: 'a' }
  }
}
{
  msg: 'LetRec val type for go',
  valType: Func2 { value0: [ Int2 {} ], value1: TypeVar2 { value0: 'm' } }
}
{ msg: 'LetRec val type for go', valType: TypeVar2 { value0: 'l' } }
{
  msg: 'LetRec val type for go',
  valType: Func2 { value0: [ [ADT2] ], value1: TypeVar2 { value0: 'b' } }
}
{
  msg: 'LetRec val type for go',
  valType: Func2 { value0: [ [ADT2] ], value1: TypeVar2 { value0: 'b' } }
}
{
  msg: 'LetRec val type for go',
  valType: Func2 { value0: [ [ADT2] ], value1: TypeVar2 { value0: 'b' } }
}
{
  msg: 'LetRec val type for go',
  valType: Func2 { value0: [ [ADT2] ], value1: TypeVar2 { value0: 'b' } }
}
{
  msg: 'LetRec val type for go',
  valType: Func2 { value0: [ [ADT2] ], value1: TypeVar2 { value0: 'b' } }
}
{
  msg: 'LetRec val type for go',
  valType: Func2 { value0: [ [ADT2] ], value1: TypeVar2 { value0: 'b' } }
}
{
  msg: 'LetRec val type for go',
  valType: Func2 { value0: [ [ADT2] ], value1: TypeVar2 { value0: 'b' } }
}
{
  msg: 'LetRec val type for go',
  valType: Func2 {
    value0: [ [TypeVar2], [ADT2] ],
    value1: TypeVar2 { value0: 'b' }
  }
}
{
  msg: 'LetRec val type for go',
  valType: Func2 {
    value0: [ [TypeVar2], [ADT2], [ADT2] ],
    value1: TypeVar2 { value0: 'b' }
  }
}
{
  msg: 'LetRec val type for go',
  valType: Func2 {
    value0: [ [TypeVar2], [ADT2], [ADT2] ],
    value1: TypeVar2 { value0: 'b' }
  }
}
{
  msg: 'LetRec val type for go',
  valType: Func2 {
    value0: [ Int2 {}, [$$Array2] ],
    value1: $$Array2 { value0: [$$Array2] }
  }
}
{
  msg: 'LetRec val type for go',
  valType: Func2 {
    value0: [ Int2 {}, [ADT2] ],
    value1: ADT2 {
      value0: 'Test.ListOps.List',
      value1: [Array],
      value2: [Array]
    }
  }
}
{
  msg: 'LetRec val type for go',
  valType: Func2 {
    value0: [ [ADT2], [ADT2] ],
    value1: ADT2 {
      value0: 'Test.ListOps.List',
      value1: [Array],
      value2: [Array]
    }
  }
}
{
  msg: 'LetRec val type for go',
  valType: Func2 {
    value0: [ Int2 {}, [ADT2] ],
    value1: ADT2 {
      value0: 'Test.ListOps.List',
      value1: [Array],
      value2: [Array]
    }
  }
}
{
  msg: 'LetRec val type for go',
  valType: Func2 {
    value0: [ [ADT2], [ADT2] ],
    value1: ADT2 {
      value0: 'Test.ListOps.List',
      value1: [Array],
      value2: [Array]
    }
  }
}
{
  msg: 'LetRec val type for go',
  valType: Func2 {
    value0: [ Int2 {}, [TypeVar2] ],
    value1: TypeVar2 { value0: 'a' }
  }
}
{
  msg: 'LetRec val type for go',
  valType: Func2 { value0: [ Int2 {}, Int2 {} ], value1: Int2 {} }
}
{
  msg: 'LetRec val type for go',
  valType: Func2 { value0: [ Int2 {}, Int2 {} ], value1: Int2 {} }
}
{
  msg: 'LetRec val type for go',
  valType: Func2 { value0: [ [ADT2], Int2 {} ], value1: Int2 {} }
}
{
  msg: 'LetRec val type for go',
  valType: Func2 {
    value0: [ [ADT2], [ADT2] ],
    value1: ADT2 {
      value0: 'Test.Primes.List',
      value1: [Array],
      value2: [Array]
    }
  }
}
{
  msg: 'LetRec val type for go',
  valType: Func2 {
    value0: [ [ADT2], [ADT2] ],
    value1: ADT2 {
      value0: 'Test.Primes.List',
      value1: [Array],
      value2: [Array]
    }
  }
}
{
  msg: 'LetRec val type for go',
  valType: Func2 {
    value0: [ Int2 {}, [ADT2] ],
    value1: ADT2 {
      value0: 'Test.Primes.List',
      value1: [Array],
      value2: [Array]
    }
  }
}
{
  msg: 'LetRec val type for go',
  valType: Func2 {
    value0: [ [ADT2], [ADT2] ],
    value1: ADT2 {
      value0: 'Test.Primes.List',
      value1: [Array],
      value2: [Array]
    }
  }
}
{
  msg: 'LetRec val type for go',
  valType: Func2 {
    value0: [ [ADT2], [ADT2] ],
    value1: ADT2 {
      value0: 'Test.Primes.List',
      value1: [Array],
      value2: [Array]
    }
  }
}
{
  msg: 'LetRec val type for go',
  valType: Func2 {
    value0: [ [ADT2], [ADT2] ],
    value1: ADT2 {
      value0: 'Test.Primes.List',
      value1: [Array],
      value2: [Array]
    }
  }
}
{
  msg: 'LetRec val type for go',
  valType: Func2 {
    value0: [ [ADT2], [ADT2] ],
    value1: ADT2 {
      value0: 'Test.Primes.List',
      value1: [Array],
      value2: [Array]
    }
  }
}
{
  msg: 'LetRec val type for go',
  valType: Func2 {
    value0: [ [ADT2], [ADT2] ],
    value1: ADT2 {
      value0: 'Test.Primes.List',
      value1: [Array],
      value2: [Array]
    }
  }
}
{
  msg: 'LetRec val type for go',
  valType: Func2 {
    value0: [ [ADT2], [ADT2] ],
    value1: ADT2 {
      value0: 'Test.Primes.List',
      value1: [Array],
      value2: [Array]
    }
  }
}
{
  msg: 'LetRec val type for go',
  valType: Func2 { value0: [ [ADT2], Int2 {} ], value1: Int2 {} }
}
{
  msg: 'LetRec val type for go',
  valType: Func2 {
    value0: [ Int2 {}, [ADT2] ],
    value1: ADT2 {
      value0: 'Test.Primes.List',
      value1: [Array],
      value2: [Array]
    }
  }
}
{
  msg: 'LetRec val type for go',
  valType: Func2 {
    value0: [ Int2 {}, [ADT2] ],
    value1: TypeVar2 { value0: 'a' }
  }
}
{
  msg: 'LetRec val type for loop',
  valType: Func2 {
    value0: [ [TypeVar2], [TypeApp3] ],
    value1: TypeApp3 { value0: [TypeVar2], value1: [Array] }
  }
}
{
  msg: 'LetRec val type for loop',
  valType: Func2 {
    value0: [ [TypeVar2], [TypeApp3] ],
    value1: TypeApp3 { value0: [TypeVar2], value1: [Array] }
  }
}
{
  msg: 'LetRec val type for go',
  valType: Func2 {
    value0: [ [ADT2] ],
    value1: TypeApp3 { value0: [TypeVar2], value1: [Array] }
  }
}
{
  msg: 'LetRec val type for go',
  valType: Func2 {
    value0: [ [ADT2] ],
    value1: TypeApp3 { value0: [TypeVar2], value1: [Array] }
  }
}
{
  msg: 'LetRec val type for go',
  valType: Func2 {
    value0: [ Int2 {}, [TypeVar2] ],
    value1: ADT2 {
      value0: 'Data.Maybe.Maybe',
      value1: [Array],
      value2: [Array]
    }
  }
}
{
  msg: 'LetRec val type for go',
  valType: Func2 { value0: [ Int2 {}, [TypeVar2] ], value1: Int2 {} }
}
{
  msg: 'LetRec val type for go',
  valType: Func2 { value0: [ Int2 {}, [TypeVar2] ], value1: Int2 {} }
}
{
  msg: 'LetRec val type for adj',
  valType: Func2 {
    value0: [ Int2 {}, [ADT2] ],
    value1: ADT2 {
      value0: 'Data.Maybe.Maybe',
      value1: [Array],
      value2: [Array]
    }
  }
}
{
  msg: 'LetRec val type for spin',
  valType: Func2 { value0: [ [ADT2] ], value1: $$Boolean2 {} }
}
{
  msg: 'LetRec val type for spin',
  valType: Func2 { value0: [ [ADT2] ], value1: TypeVar2 { value0: 'a' } }
}
{
  msg: 'LetRec val type for spin',
  valType: Func2 { value0: [ [ADT2] ], value1: TypeVar2 { value0: 'a' } }
}
{
  msg: 'LetRec val type for spin',
  valType: Func2 {
    value0: [ [ADT2] ],
    value1: ADT2 {
      value0: 'Data.Ordering.Ordering',
      value1: [Array],
      value2: []
    }
  }
}
{
  msg: 'LetRec val type for spin',
  valType: Func2 { value0: [ [ADT2] ], value1: TypeVar2 { value0: 'a' } }
}
{
  msg: 'LetRec val type for spin',
  valType: Func2 { value0: [ [ADT2] ], value1: TypeVar2 { value0: 'a' } }
}
{
  msg: 'LetRec val type for spin',
  valType: Func2 { value0: [ [ADT2] ], value1: TypeVar2 { value0: 'a' } }
}
{
  msg: 'LetRec val type for spin',
  valType: Func2 { value0: [ [ADT2] ], value1: TypeVar2 { value0: 'a' } }
}
{
  msg: 'LetRec val type for spin',
  valType: Func2 { value0: [ [ADT2] ], value1: TypeVar2 { value0: 'a' } }
}
{
  msg: 'LetRec val type for spin',
  valType: Func2 { value0: [ [ADT2] ], value1: TypeVar2 { value0: 'a' } }
}
{
  msg: 'LetRec val type for spin',
  valType: Func2 { value0: [ [ADT2] ], value1: TypeVar2 { value0: 'a' } }
}
{
  msg: 'LetRec val type for spin',
  valType: Func2 { value0: [ [ADT2] ], value1: TypeVar2 { value0: 'a' } }
}
{
  msg: 'LetRec val type for spin',
  valType: Func2 { value0: [ [ADT2] ], value1: TypeVar2 { value0: 'a' } }
}
{
  msg: 'LetRec val type for spin',
  valType: Func2 { value0: [ [ADT2] ], value1: TypeVar2 { value0: 'a' } }
}
{
  msg: 'LetRec val type for spin',
  valType: Func2 { value0: [ [ADT2] ], value1: TypeVar2 { value0: 'a' } }
}
{
  msg: 'LetRec val type for spin',
  valType: Func2 { value0: [ [ADT2] ], value1: TypeVar2 { value0: 'a' } }
}
{
  msg: 'LetRec val type for spin',
  valType: Func2 { value0: [ [ADT2] ], value1: TypeVar2 { value0: 'a' } }
}
{
  msg: 'LetRec val type for spin',
  valType: Func2 { value0: [ [ADT2] ], value1: TypeVar2 { value0: 'a' } }
}
{
  msg: 'LetRec val type for spin',
  valType: Func2 { value0: [ [ADT2] ], value1: TypeVar2 { value0: 'a' } }
}
{
  msg: 'LetRec val type for spin',
  valType: Func2 { value0: [ [ADT2] ], value1: TypeVar2 { value0: 'a' } }
}
{
  msg: 'LetRec val type for spin',
  valType: Func2 { value0: [ [ADT2] ], value1: TypeVar2 { value0: 'a' } }
}
{
  msg: 'LetRec val type for spin',
  valType: Func2 { value0: [ [ADT2] ], value1: TypeVar2 { value0: 'a' } }
}
{
  msg: 'LetRec val type for spin',
  valType: Func2 { value0: [ [ADT2] ], value1: TypeVar2 { value0: 'a' } }
}
{
  msg: 'LetRec val type for spin',
  valType: Func2 { value0: [ [ADT2] ], value1: TypeVar2 { value0: 'a' } }
}
{
  msg: 'LetRec val type for chunkedRevMap',
  valType: Func2 {
    value0: [ [ADT2], [ADT2] ],
    value1: ADT2 {
      value0: 'Data.List.Types.List',
      value1: [Array],
      value2: [Array]
    }
  }
}
{
  msg: 'LetRec val type for reverseUnrolledMap',
  valType: Func2 {
    value0: [ [ADT2], [ADT2] ],
    value1: ADT2 {
      value0: 'Data.List.Types.List',
      value1: [Array],
      value2: [Array]
    }
  }
}
{
  msg: 'LetRec val type for go',
  valType: Func2 {
    value0: [ [TypeVar2], [ADT2] ],
    value1: TypeVar2 { value0: 'b' }
  }
}
{
  msg: 'LetRec val type for go',
  valType: Func2 {
    value0: [ [TypeVar2], [ADT2] ],
    value1: TypeVar2 { value0: 'b' }
  }
}
{
  msg: 'LetRec val type for go',
  valType: Func2 {
    value0: [ [TypeVar2], [ADT2] ],
    value1: TypeVar2 { value0: 'b' }
  }
}
{
  msg: 'LetRec val type for go',
  valType: Func2 {
    value0: [ [ADT2], [ADT2] ],
    value1: ADT2 {
      value0: 'Data.List.Types.List',
      value1: [Array],
      value2: [Array]
    }
  }
}
{
  msg: 'LetRec val type for go',
  valType: Func2 {
    value0: [ [TypeVar2], [ADT2] ],
    value1: TypeVar2 { value0: 'b' }
  }
}
{
  msg: 'LetRec val type for go',
  valType: Func2 {
    value0: [ [TypeVar2], [ADT2] ],
    value1: TypeVar2 { value0: 'b' }
  }
}
{
  msg: 'LetRec val type for go',
  valType: Func2 {
    value0: [ [TypeVar2], [ADT2] ],
    value1: TypeVar2 { value0: 'b' }
  }
}
{
  msg: 'LetRec val type for go',
  valType: Func2 {
    value0: [ [ADT2], [ADT2] ],
    value1: ADT2 {
      value0: 'Data.List.Types.List',
      value1: [Array],
      value2: [Array]
    }
  }
}
{
  msg: 'LetRec val type for go',
  valType: Func2 {
    value0: [ [TypeVar2], [ADT2] ],
    value1: TypeVar2 { value0: 'b' }
  }
}
{
  msg: 'LetRec val type for go',
  valType: Func2 {
    value0: [ [TypeVar2], [ADT2] ],
    value1: TypeVar2 { value0: 'b' }
  }
}
{
  msg: 'LetRec val type for go',
  valType: Func2 {
    value0: [ [TypeVar2], [ADT2] ],
    value1: TypeVar2 { value0: 'b' }
  }
}
{
  msg: 'LetRec val type for go',
  valType: Func2 {
    value0: [ [TypeVar2], [ADT2] ],
    value1: TypeVar2 { value0: 'b' }
  }
}
{
  msg: 'LetRec val type for go',
  valType: Func2 {
    value0: [ [ADT2], [ADT2] ],
    value1: ADT2 {
      value0: 'Data.List.Types.List',
      value1: [Array],
      value2: [Array]
    }
  }
}
{
  msg: 'LetRec val type for go',
  valType: Func2 {
    value0: [ [TypeVar2], [ADT2] ],
    value1: TypeVar2 { value0: 'b' }
  }
}
{
  msg: 'LetRec val type for go',
  valType: Func2 {
    value0: [ [ADT2], [ADT2] ],
    value1: ADT2 {
      value0: 'Data.List.Types.List',
      value1: [Array],
      value2: [Array]
    }
  }
}
{
  msg: 'LetRec val type for go',
  valType: Func2 {
    value0: [ [TypeVar2], [ADT2] ],
    value1: TypeVar2 { value0: 'b' }
  }
}
{
  msg: 'LetRec val type for go',
  valType: Func2 {
    value0: [ [TypeVar2], [ADT2] ],
    value1: TypeVar2 { value0: 'b' }
  }
}
{
  msg: 'LetRec val type for go',
  valType: Func2 {
    value0: [ [TypeVar2], [ADT2] ],
    value1: TypeVar2 { value0: 'b' }
  }
}
{
  msg: 'LetRec val type for go',
  valType: Func2 {
    value0: [ [TypeVar2], [ADT2] ],
    value1: TypeVar2 { value0: 'b' }
  }
}
{
  msg: 'LetRec val type for go',
  valType: Func2 {
    value0: [ [TypeVar2], [ADT2] ],
    value1: TypeVar2 { value0: 'b' }
  }
}
{
  msg: 'LetRec val type for go',
  valType: Func2 {
    value0: [ [TypeVar2], [ADT2] ],
    value1: ADT2 {
      value0: 'Data.List.Types.List',
      value1: [Array],
      value2: [Array]
    }
  }
}
{
  msg: 'LetRec val type for go',
  valType: Func2 {
    value0: [ [TypeVar2], [ADT2] ],
    value1: TypeVar2 { value0: 'b' }
  }
}
{
  msg: 'LetRec val type for go',
  valType: Func2 {
    value0: [ [TypeVar2], [ADT2] ],
    value1: ADT2 {
      value0: 'Data.List.Types.List',
      value1: [Array],
      value2: [Array]
    }
  }
}
{
  msg: 'LetRec val type for go',
  valType: Func2 {
    value0: [ [TypeVar2], [ADT2] ],
    value1: TypeVar2 { value0: 'b' }
  }
}
{
  msg: 'LetRec val type for go',
  valType: Func2 {
    value0: [ [TypeVar2], [ADT2] ],
    value1: ADT2 {
      value0: 'Data.List.Types.List',
      value1: [Array],
      value2: [Array]
    }
  }
}
{
  msg: 'LetRec val type for go',
  valType: Func2 {
    value0: [ [TypeVar2], [ADT2] ],
    value1: TypeVar2 { value0: 'b' }
  }
}
{
  msg: 'LetRec val type for go',
  valType: Func2 {
    value0: [ [TypeVar2], [ADT2] ],
    value1: TypeVar2 { value0: 'b' }
  }
}
{
  msg: 'LetRec val type for go',
  valType: Func2 {
    value0: [ [ADT2], [ADT2] ],
    value1: ADT2 {
      value0: 'Data.List.Types.List',
      value1: [Array],
      value2: [Array]
    }
  }
}
{
  msg: 'LetRec val type for go',
  valType: Func2 {
    value0: [ [TypeVar2], [ADT2] ],
    value1: TypeVar2 { value0: 'b' }
  }
}
{
  msg: 'LetRec val type for go',
  valType: Func2 {
    value0: [ [ADT2], [ADT2] ],
    value1: ADT2 {
      value0: 'Data.List.Types.List',
      value1: [Array],
      value2: [Array]
    }
  }
}
{
  msg: 'LetRec val type for go',
  valType: Func2 {
    value0: [ [ADT2], [ADT2], $$Boolean2 {} ],
    value1: $$Boolean2 {}
  }
}
{
  msg: 'LetRec val type for go',
  valType: Func2 {
    value0: [ [ADT2], [ADT2], $$Boolean2 {} ],
    value1: $$Boolean2 {}
  }
}
{
  msg: 'LetRec val type for go',
  valType: Func2 {
    value0: [ [ADT2], [ADT2], $$Boolean2 {} ],
    value1: $$Boolean2 {}
  }
}
{
  msg: 'LetRec val type for go',
  valType: Func2 {
    value0: [ [ADT2], [ADT2], $$Boolean2 {} ],
    value1: $$Boolean2 {}
  }
}
{
  msg: 'LetRec val type for go',
  valType: Func2 {
    value0: [ [ADT2], [ADT2], $$Boolean2 {} ],
    value1: $$Boolean2 {}
  }
}
{
  msg: 'LetRec val type for go',
  valType: Func2 {
    value0: [ [ADT2], [ADT2] ],
    value1: ADT2 {
      value0: 'Data.Ordering.Ordering',
      value1: [Array],
      value2: []
    }
  }
}
{
  msg: 'LetRec val type for go',
  valType: Func2 {
    value0: [ [ADT2], [ADT2], $$Boolean2 {} ],
    value1: $$Boolean2 {}
  }
}
{
  msg: 'LetRec val type for go',
  valType: Func2 {
    value0: [ [ADT2], [ADT2] ],
    value1: ADT2 {
      value0: 'Data.Ordering.Ordering',
      value1: [Array],
      value2: []
    }
  }
}
{
  msg: 'LetRec val type for go',
  valType: Func2 {
    value0: [ [TypeVar2], [ADT2] ],
    value1: TypeVar2 { value0: 'b' }
  }
}
{
  msg: 'LetRec val type for go',
  valType: Func2 {
    value0: [ [ADT2], [ADT2] ],
    value1: ADT2 {
      value0: 'Data.List.Types.List',
      value1: [Array],
      value2: [Array]
    }
  }
}
{
  msg: 'LetRec val type for go',
  valType: Func2 {
    value0: [ [TypeVar2], [ADT2] ],
    value1: TypeVar2 { value0: 'b' }
  }
}
{
  msg: 'LetRec val type for go',
  valType: Func2 {
    value0: [ [ADT2], [ADT2] ],
    value1: ADT2 {
      value0: 'Data.List.Types.List',
      value1: [Array],
      value2: [Array]
    }
  }
}
{
  msg: 'LetRec val type for go',
  valType: Func2 {
    value0: [ [TypeVar2], [ADT2] ],
    value1: TypeVar2 { value0: 'b' }
  }
}
{
  msg: 'LetRec val type for go',
  valType: Func2 {
    value0: [ [ADT2], [ADT2] ],
    value1: ADT2 {
      value0: 'Data.List.Types.List',
      value1: [Array],
      value2: [Array]
    }
  }
}
{
  msg: 'LetRec val type for go',
  valType: Func2 {
    value0: [ [TypeVar2], [ADT2] ],
    value1: TypeVar2 { value0: 'b' }
  }
}
{
  msg: 'LetRec val type for go',
  valType: Func2 {
    value0: [ [ADT2], [ADT2] ],
    value1: ADT2 {
      value0: 'Data.List.Types.List',
      value1: [Array],
      value2: [Array]
    }
  }
}
{
  msg: 'LetRec val type for go',
  valType: Func2 {
    value0: [ [TypeVar2], [ADT2] ],
    value1: TypeVar2 { value0: 'b' }
  }
}
{
  msg: 'LetRec val type for go',
  valType: Func2 {
    value0: [ [TypeVar2], [ADT2] ],
    value1: TypeVar2 { value0: 'b' }
  }
}
{
  msg: 'LetRec val type for up',
  valType: Func2 {
    value0: [ [ADT2], [ADT2] ],
    value1: ADT2 {
      value0: 'Data.List.Internal.Set',
      value1: [Array],
      value2: [Array]
    }
  }
}
{
  msg: 'LetRec val type for down',
  valType: Func2 {
    value0: [ [ADT2], [ADT2] ],
    value1: Record2 { value0: [Row2] }
  }
}
{
  msg: 'LetRec val type for go',
  valType: Func2 {
    value0: [ [TypeVar2], [ADT2] ],
    value1: TypeVar2 { value0: 'b' }
  }
}
{
  msg: 'LetRec val type for go',
  valType: Func2 {
    value0: [ [ADT2], [ADT2] ],
    value1: ADT2 {
      value0: 'Data.List.Types.List',
      value1: [Array],
      value2: [Array]
    }
  }
}
{
  msg: 'LetRec val type for go',
  valType: Func2 { value0: [ [ADT2] ], value1: TypeVar2 { value0: 'b' } }
}
{
  msg: 'LetRec val type for go',
  valType: Func2 {
    value0: [ [TypeVar2], [ADT2] ],
    value1: TypeVar2 { value0: 'b' }
  }
}
{
  msg: 'LetRec val type for go',
  valType: Func2 {
    value0: [ [ADT2], [ADT2] ],
    value1: ADT2 {
      value0: 'Data.List.Types.List',
      value1: [Array],
      value2: [Array]
    }
  }
}
{
  msg: 'LetRec val type for merge',
  valType: Func2 {
    value0: [ [ADT2], [ADT2] ],
    value1: ADT2 {
      value0: 'Data.List.Types.List',
      value1: [Array],
      value2: [Array]
    }
  }
}
{
  msg: 'LetRec val type for mergePairs',
  valType: Func2 {
    value0: [ [ADT2] ],
    value1: ADT2 {
      value0: 'Data.List.Types.List',
      value1: [Array],
      value2: [Array]
    }
  }
}
{
  msg: 'LetRec val type for mergeAll',
  valType: Func2 {
    value0: [ [ADT2] ],
    value1: ADT2 {
      value0: 'Data.List.Types.List',
      value1: [Array],
      value2: [Array]
    }
  }
}
{
  msg: 'LetRec val type for sequences',
  valType: Func2 {
    value0: [ [ADT2] ],
    value1: ADT2 {
      value0: 'Data.List.Types.List',
      value1: [Array],
      value2: [Array]
    }
  }
}
{
  msg: 'LetRec val type for descending',
  valType: Func2 {
    value0: [ [TypeVar2], [ADT2], [ADT2] ],
    value1: ADT2 {
      value0: 'Data.List.Types.List',
      value1: [Array],
      value2: [Array]
    }
  }
}
{
  msg: 'LetRec val type for ascending',
  valType: Func2 {
    value0: [ [TypeVar2], [Func2], [ADT2] ],
    value1: ADT2 {
      value0: 'Data.List.Types.List',
      value1: [Array],
      value2: [Array]
    }
  }
}
{
  msg: 'LetRec val type for go',
  valType: Func2 {
    value0: [ [ADT2], [ADT2] ],
    value1: ADT2 {
      value0: 'Data.List.Types.List',
      value1: [Array],
      value2: [Array]
    }
  }
}
{
  msg: 'LetRec val type for go',
  valType: Func2 {
    value0: [ [ADT2], [ADT2] ],
    value1: ADT2 {
      value0: 'Data.List.Types.List',
      value1: [Array],
      value2: [Array]
    }
  }
}
{
  msg: 'LetRec val type for go',
  valType: Func2 {
    value0: [ [ADT2], Int2 {}, [ADT2] ],
    value1: ADT2 {
      value0: 'Data.List.Types.List',
      value1: [Array],
      value2: [Array]
    }
  }
}
{
  msg: 'LetRec val type for go',
  valType: Func2 {
    value0: [ [ADT2], [ADT2] ],
    value1: ADT2 {
      value0: 'Data.List.Types.List',
      value1: [Array],
      value2: [Array]
    }
  }
}
{
  msg: 'LetRec val type for go',
  valType: Func2 {
    value0: [ [ADT2], [ADT2] ],
    value1: ADT2 {
      value0: 'Data.List.Types.List',
      value1: [Array],
      value2: [Array]
    }
  }
}
{
  msg: 'LetRec val type for go',
  valType: Func2 {
    value0: [ [ADT2], [ADT2] ],
    value1: ADT2 {
      value0: 'Data.List.Types.List',
      value1: [Array],
      value2: [Array]
    }
  }
}
{
  msg: 'LetRec val type for go',
  valType: Func2 {
    value0: [ [ADT2], [ADT2] ],
    value1: ADT2 {
      value0: 'Data.List.Types.List',
      value1: [Array],
      value2: [Array]
    }
  }
}
{
  msg: 'LetRec val type for go',
  valType: Func2 {
    value0: [ [ADT2], [ADT2] ],
    value1: ADT2 {
      value0: 'Data.Maybe.Maybe',
      value1: [Array],
      value2: [Array]
    }
  }
}
{
  msg: 'LetRec val type for go',
  valType: Func2 {
    value0: [ [ADT2], [ADT2] ],
    value1: ADT2 {
      value0: 'Data.List.Types.List',
      value1: [Array],
      value2: [Array]
    }
  }
}
{
  msg: 'LetRec val type for go',
  valType: Func2 {
    value0: [ [ADT2], [ADT2], [ADT2] ],
    value1: ADT2 {
      value0: 'Data.List.Types.List',
      value1: [Array],
      value2: [Array]
    }
  }
}
{
  msg: 'LetRec val type for go',
  valType: Func2 {
    value0: [ [ADT2], [ADT2] ],
    value1: ADT2 {
      value0: 'Data.List.Types.List',
      value1: [Array],
      value2: [Array]
    }
  }
}
{
  msg: 'LetRec val type for go',
  valType: Func2 {
    value0: [ [ADT2], [ADT2], [ADT2] ],
    value1: ADT2 {
      value0: 'Data.List.Types.List',
      value1: [Array],
      value2: [Array]
    }
  }
}
{
  msg: 'LetRec val type for go',
  valType: Func2 {
    value0: [ [ADT2], [ADT2] ],
    value1: ADT2 {
      value0: 'Data.List.Types.List',
      value1: [Array],
      value2: [Array]
    }
  }
}
{
  msg: 'LetRec val type for go',
  valType: Func2 {
    value0: [ [ADT2], [ADT2], [ADT2] ],
    value1: ADT2 {
      value0: 'Data.List.Types.List',
      value1: [Array],
      value2: [Array]
    }
  }
}
{
  msg: 'LetRec val type for go',
  valType: Func2 {
    value0: [ [ADT2], [ADT2] ],
    value1: ADT2 {
      value0: 'Data.List.Types.List',
      value1: [Array],
      value2: [Array]
    }
  }
}
{
  msg: 'LetRec val type for go',
  valType: Func2 {
    value0: [ Int2 {}, Int2 {}, Int2 {}, [ADT2] ],
    value1: ADT2 {
      value0: 'Data.List.Types.List',
      value1: [Array],
      value2: [Array]
    }
  }
}
{
  msg: 'LetRec val type for go',
  valType: Func2 {
    value0: [ [TypeVar2], [ADT2] ],
    value1: TypeVar2 { value0: 'b' }
  }
}
{
  msg: 'LetRec val type for go',
  valType: Func2 {
    value0: [ [ADT2], [ADT2] ],
    value1: ADT2 {
      value0: 'Data.List.Types.List',
      value1: [Array],
      value2: [Array]
    }
  }
}
{
  msg: 'LetRec val type for go',
  valType: Func2 {
    value0: [ [ADT2], [ADT2], [ADT2] ],
    value1: ADT2 {
      value0: 'Data.List.Types.List',
      value1: [Array],
      value2: [Array]
    }
  }
}
{
  msg: 'LetRec val type for go',
  valType: Func2 {
    value0: [ [ADT2], [ADT2] ],
    value1: ADT2 {
      value0: 'Data.List.Types.List',
      value1: [Array],
      value2: [Array]
    }
  }
}
{
  msg: 'LetRec val type for go',
  valType: Func2 {
    value0: [ [ADT2], [ADT2] ],
    value1: ADT2 {
      value0: 'Data.List.Types.List',
      value1: [Array],
      value2: [Array]
    }
  }
}
{
  msg: 'LetRec val type for go',
  valType: Func2 {
    value0: [ [ADT2], [ADT2] ],
    value1: ADT2 {
      value0: 'Data.List.Types.List',
      value1: [Array],
      value2: [Array]
    }
  }
}
{
  msg: 'LetRec val type for go',
  valType: Func2 {
    value0: [ [ADT2], [ADT2] ],
    value1: ADT2 {
      value0: 'Data.List.Types.List',
      value1: [Array],
      value2: [Array]
    }
  }
}
{
  msg: 'LetRec val type for go',
  valType: Func2 {
    value0: [ [TypeVar2], [ADT2] ],
    value1: TypeVar2 { value0: 'b' }
  }
}
{
  msg: 'LetRec val type for go',
  valType: Func2 {
    value0: [ [ADT2], [ADT2] ],
    value1: ADT2 {
      value0: 'Data.List.Types.List',
      value1: [Array],
      value2: [Array]
    }
  }
}
{
  msg: 'LetRec val type for go',
  valType: Func2 {
    value0: [ [ADT2], [ADT2] ],
    value1: ADT2 {
      value0: 'Data.List.Types.List',
      value1: [Array],
      value2: [Array]
    }
  }
}
{
  msg: 'LetRec val type for go',
  valType: Func2 {
    value0: [ [ADT2], [ADT2] ],
    value1: ADT2 {
      value0: 'Data.List.Types.List',
      value1: [Array],
      value2: [Array]
    }
  }
}
{
  msg: 'LetRec val type for go',
  valType: Func2 {
    value0: [ [ADT2], [ADT2] ],
    value1: ADT2 {
      value0: 'Data.List.Types.List',
      value1: [Array],
      value2: [Array]
    }
  }
}
{
  msg: 'LetRec val type for go',
  valType: Func2 {
    value0: [ Int2 {}, [ADT2] ],
    value1: ADT2 {
      value0: 'Data.Maybe.Maybe',
      value1: [Array],
      value2: [Array]
    }
  }
}
{
  msg: 'LetRec val type for go',
  valType: Func2 {
    value0: [ Int2 {}, [ADT2] ],
    value1: ADT2 {
      value0: 'Data.Maybe.Maybe',
      value1: [Array],
      value2: [Array]
    }
  }
}
{
  msg: 'LetRec val type for go',
  valType: Func2 {
    value0: [ [ADT2], [ADT2] ],
    value1: ADT2 {
      value0: 'Data.List.Types.List',
      value1: [Array],
      value2: [Array]
    }
  }
}
{
  msg: 'LetRec val type for go',
  valType: Func2 {
    value0: [ [TypeVar2], [ADT2] ],
    value1: TypeVar2 { value0: 'b' }
  }
}
{
  msg: 'LetRec val type for go',
  valType: Func2 {
    value0: [ [ADT2], [ADT2] ],
    value1: ADT2 {
      value0: 'Data.List.Types.List',
      value1: [Array],
      value2: [Array]
    }
  }
}
{
  msg: 'LetRec val type for go',
  valType: Func2 {
    value0: [ [ADT2], [ADT2] ],
    value1: ADT2 {
      value0: 'Data.List.Types.List',
      value1: [Array],
      value2: [Array]
    }
  }
}
{
  msg: 'LetRec val type for go',
  valType: Func2 {
    value0: [ [ADT2], [ADT2] ],
    value1: ADT2 {
      value0: 'Data.List.Types.List',
      value1: [Array],
      value2: [Array]
    }
  }
}
{
  msg: 'LetRec val type for go',
  valType: Func2 {
    value0: [ [ADT2], [ADT2] ],
    value1: ADT2 {
      value0: 'Data.List.Types.List',
      value1: [Array],
      value2: [Array]
    }
  }
}
{
  msg: 'LetRec val type for go',
  valType: Func2 {
    value0: [ [TypeVar2], [ADT2] ],
    value1: TypeVar2 { value0: 'b' }
  }
}
{
  msg: 'LetRec val type for go',
  valType: Func2 {
    value0: [ [ADT2], [ADT2] ],
    value1: ADT2 {
      value0: 'Data.List.Types.List',
      value1: [Array],
      value2: [Array]
    }
  }
}
{
  msg: 'LetRec val type for go',
  valType: Func2 {
    value0: [ [ADT2], [ADT2] ],
    value1: ADT2 {
      value0: 'Data.List.Types.List',
      value1: [Array],
      value2: [Array]
    }
  }
}
{
  msg: 'LetRec val type for go',
  valType: Func2 {
    value0: [ [ADT2], [ADT2], $$Boolean2 {} ],
    value1: $$Boolean2 {}
  }
}
{
  msg: 'LetRec val type for go',
  valType: Func2 {
    value0: [ [ADT2], [ADT2], $$Boolean2 {} ],
    value1: $$Boolean2 {}
  }
}
{
  msg: 'LetRec val type for go',
  valType: Func2 {
    value0: [ Int2 {}, [ADT2] ],
    value1: ADT2 {
      value0: 'Data.Maybe.Maybe',
      value1: [Array],
      value2: [Array]
    }
  }
}
{
  msg: 'LetRec val type for go',
  valType: Func2 {
    value0: [ [ADT2] ],
    value1: ADT2 {
      value0: 'Data.List.Types.List',
      value1: [Array],
      value2: [Array]
    }
  }
}
{
  msg: 'LetRec val type for go',
  valType: Func2 {
    value0: [ [TypeVar2], [ADT2] ],
    value1: TypeVar2 { value0: 'b' }
  }
}
{
  msg: 'LetRec val type for go',
  valType: Func2 {
    value0: [ [TypeVar2], [ADT2] ],
    value1: TypeVar2 { value0: 'b' }
  }
}
{
  msg: 'LetRec val type for go',
  valType: Func2 {
    value0: [ [TypeVar2], [ADT2] ],
    value1: TypeVar2 { value0: 'b' }
  }
}
{
  msg: 'LetRec val type for go',
  valType: Func2 {
    value0: [ [ADT2], [ADT2] ],
    value1: ADT2 {
      value0: 'Data.List.Types.List',
      value1: [Array],
      value2: [Array]
    }
  }
}
{
  msg: 'LetRec val type for go',
  valType: Func2 {
    value0: [ [TypeVar2], [ADT2] ],
    value1: TypeVar2 { value0: 'b' }
  }
}
{
  msg: 'LetRec val type for go',
  valType: Func2 {
    value0: [ [TypeVar2], [ADT2] ],
    value1: TypeVar2 { value0: 'b' }
  }
}
{
  msg: 'LetRec val type for go',
  valType: Func2 {
    value0: [ [ADT2], [ADT2] ],
    value1: ADT2 {
      value0: 'Data.List.Types.List',
      value1: [Array],
      value2: [Array]
    }
  }
}
{
  msg: 'LetRec val type for go',
  valType: Func2 {
    value0: [ [ADT2], [ADT2] ],
    value1: ADT2 {
      value0: 'Data.List.Types.List',
      value1: [Array],
      value2: [Array]
    }
  }
}
{
  msg: 'LetRec val type for go',
  valType: Func2 { value0: [ [ADT2] ], value1: TypeVar2 { value0: 'r' } }
}
{
  msg: 'LetRec val type for go',
  valType: Func2 {
    value0: [ [ADT2] ],
    value1: ADT2 {
      value0: 'Data.Map.Internal.Map',
      value1: [Array],
      value2: [Array]
    }
  }
}
{
  msg: 'LetRec val type for go',
  valType: Func2 { value0: [ $$String2 {}, [ADT2] ], value1: $$String2 {} }
}
{
  msg: 'LetRec val type for go',
  valType: Func2 { value0: [ [ADT2] ], value1: $$Boolean2 {} }
}
{
  msg: 'LetRec val type for go',
  valType: Func2 {
    value0: [ [ADT2] ],
    value1: ADT2 {
      value0: 'Data.Map.Internal.Map',
      value1: [Array],
      value2: [Array]
    }
  }
}
{
  msg: 'LetRec val type for go',
  valType: Func2 {
    value0: [ [ADT2] ],
    value1: ADT2 {
      value0: 'Data.Maybe.Maybe',
      value1: [Array],
      value2: [Array]
    }
  }
}
{
  msg: 'LetRec val type for go',
  valType: Func2 {
    value0: [ [ADT2] ],
    value1: ADT2 {
      value0: 'Data.Maybe.Maybe',
      value1: [Array],
      value2: [Array]
    }
  }
}
{
  msg: 'LetRec val type for go',
  valType: Func2 {
    value0: [ [ADT2] ],
    value1: ADT2 {
      value0: 'Data.Maybe.Maybe',
      value1: [Array],
      value2: [Array]
    }
  }
}
{
  msg: 'LetRec val type for go',
  valType: Func2 {
    value0: [ [ADT2] ],
    value1: ADT2 {
      value0: 'Data.Maybe.Maybe',
      value1: [Array],
      value2: [Array]
    }
  }
}
{
  msg: 'LetRec val type for go',
  valType: Func2 {
    value0: [ [ADT2], [ADT2] ],
    value1: ADT2 {
      value0: 'Data.Map.Internal.MapIter',
      value1: [Array],
      value2: [Array]
    }
  }
}
{
  msg: 'LetRec val type for go',
  valType: Func2 {
    value0: [ [ADT2], [ADT2] ],
    value1: ADT2 {
      value0: 'Data.Map.Internal.MapIter',
      value1: [Array],
      value2: [Array]
    }
  }
}
{
  msg: 'LetRec val type for go',
  valType: Func2 { value0: [ [ADT2], [ADT2] ], value1: $$Boolean2 {} }
}
{
  msg: 'LetRec val type for go',
  valType: Func2 {
    value0: [ [ADT2], [ADT2] ],
    value1: ADT2 {
      value0: 'Data.Ordering.Ordering',
      value1: [Array],
      value2: []
    }
  }
}
{
  msg: 'LetRec val type for go',
  valType: Func2 {
    value0: [ [TypeVar2], [ADT2] ],
    value1: ADT2 {
      value0: 'Data.List.Types.List',
      value1: [Array],
      value2: [Array]
    }
  }
}
{
  msg: 'LetRec val type for go',
  valType: Func2 {
    value0: [ [TypeVar2], [ADT2] ],
    value1: TypeVar2 { value0: 'b' }
  }
}
{
  msg: 'LetRec val type for go',
  valType: Func2 { value0: [ [ADT2], [ADT2] ], value1: $$Boolean2 {} }
}
{
  msg: 'LetRec val type for go',
  valType: Func2 {
    value0: [ [ADT2] ],
    value1: ADT2 {
      value0: 'Data.Maybe.Maybe',
      value1: [Array],
      value2: [Array]
    }
  }
}
{
  msg: 'LetRec val type for go',
  valType: Func2 {
    value0: [ [ADT2] ],
    value1: ADT2 {
      value0: 'Data.Map.Internal.Map',
      value1: [Array],
      value2: [Array]
    }
  }
}
{
  msg: 'LetRec val type for go',
  valType: Func2 {
    value0: [ [ADT2] ],
    value1: ADT2 {
      value0: 'Data.Map.Internal.Map',
      value1: [Array],
      value2: [Array]
    }
  }
}
{
  msg: 'LetRec val type for go',
  valType: Func2 {
    value0: [ [ADT2] ],
    value1: ADT2 {
      value0: 'Data.Map.Internal.Map',
      value1: [Array],
      value2: [Array]
    }
  }
}
{
  msg: 'LetRec val type for go',
  valType: Func2 {
    value0: [ [ADT2] ],
    value1: ADT2 {
      value0: 'Data.Map.Internal.Map',
      value1: [Array],
      value2: [Array]
    }
  }
}
{
  msg: 'LetRec val type for go',
  valType: Func2 { value0: [ [ADT2] ], value1: TypeVar2 { value0: 'm' } }
}
{
  msg: 'LetRec val type for go',
  valType: ADT2 {
    value0: 'Data.Function.Uncurried.Fn2',
    value1: [ 'Data', 'Function', 'Uncurried', 'Fn2' ],
    value2: [ [TypeVar2], [ADT2], [TypeVar2] ]
  }
}
{
  msg: 'LetRec val type for go',
  valType: ADT2 {
    value0: 'Data.Function.Uncurried.Fn2',
    value1: [ 'Data', 'Function', 'Uncurried', 'Fn2' ],
    value2: [ [ADT2], [TypeVar2], [TypeVar2] ]
  }
}
{
  msg: 'LetRec val type for go',
  valType: Func2 { value0: [ [ADT2] ], value1: TypeVar2 { value0: 'm' } }
}
{
  msg: 'LetRec val type for go',
  valType: ADT2 {
    value0: 'Data.Function.Uncurried.Fn2',
    value1: [ 'Data', 'Function', 'Uncurried', 'Fn2' ],
    value2: [ [TypeVar2], [ADT2], [TypeVar2] ]
  }
}
{
  msg: 'LetRec val type for go',
  valType: ADT2 {
    value0: 'Data.Function.Uncurried.Fn2',
    value1: [ 'Data', 'Function', 'Uncurried', 'Fn2' ],
    value2: [ [ADT2], [TypeVar2], [TypeVar2] ]
  }
}
{
  msg: 'LetRec val type for go',
  valType: ADT2 {
    value0: 'Data.Function.Uncurried.Fn2',
    value1: [ 'Data', 'Function', 'Uncurried', 'Fn2' ],
    value2: [ [ADT2], [TypeVar2], [TypeVar2] ]
  }
}
{
  msg: 'LetRec val type for go',
  valType: Func2 {
    value0: [ [ADT2] ],
    value1: TypeApp3 { value0: [TypeVar2], value1: [Array] }
  }
}
{
  msg: 'LetRec val type for go',
  valType: Func2 {
    value0: [ [ADT2] ],
    value1: TypeApp3 { value0: [TypeVar2], value1: [Array] }
  }
}
{
  msg: 'LetRec val type for go',
  valType: ADT2 {
    value0: 'Data.Function.Uncurried.Fn2',
    value1: [ 'Data', 'Function', 'Uncurried', 'Fn2' ],
    value2: [ [ADT2], [TypeVar2], [TypeVar2] ]
  }
}
{
  msg: 'LetRec val type for go',
  valType: Func2 { value0: [ [ADT2] ], value1: TypeVar2 { value0: 'm' } }
}
{
  msg: 'LetRec val type for go',
  valType: Func2 {
    value0: [ [ADT2] ],
    value1: ADT2 {
      value0: 'Data.Maybe.Maybe',
      value1: [Array],
      value2: [Array]
    }
  }
}
{
  msg: 'LetRec val type for go',
  valType: Func2 {
    value0: [ [ADT2] ],
    value1: ADT2 {
      value0: 'Data.Maybe.Maybe',
      value1: [Array],
      value2: [Array]
    }
  }
}
{
  msg: 'LetRec val type for go',
  valType: Func2 {
    value0: [ [ADT2] ],
    value1: ADT2 {
      value0: 'Data.Map.Internal.Map',
      value1: [Array],
      value2: [Array]
    }
  }
}
{
  msg: 'LetRec val type for go',
  valType: Func2 {
    value0: [ [ADT2] ],
    value1: ADT2 {
      value0: 'Data.Map.Internal.Map',
      value1: [Array],
      value2: [Array]
    }
  }
}
{
  msg: 'LetRec val type for go',
  valType: Func2 {
    value0: [ [ADT2] ],
    value1: ADT2 {
      value0: 'Data.Map.Internal.Map',
      value1: [Array],
      value2: [Array]
    }
  }
}
{
  msg: 'LetRec val type for go',
  valType: Func2 { value0: [ [ADT2] ], value1: $$Boolean2 {} }
}
{
  msg: 'LetRec val type for go',
  valType: Func2 {
    value0: [ [ADT2] ],
    value1: ADT2 {
      value0: 'Data.Maybe.Maybe',
      value1: [Array],
      value2: [Array]
    }
  }
}
{
  msg: 'LetRec val type for go',
  valType: Func2 { value0: [ [ADT2] ], value1: $$Boolean2 {} }
}
{
  msg: 'LetRec val type for go',
  valType: Func2 { value0: [ [ADT2] ], value1: $$Boolean2 {} }
}
{
  msg: 'LetRec val type for go',
  valType: ADT2 {
    value0: 'Data.Function.Uncurried.Fn2',
    value1: [ 'Data', 'Function', 'Uncurried', 'Fn2' ],
    value2: [ [ADT2], [TypeVar2], [TypeVar2] ]
  }
}
{
  msg: 'LetRec val type for go',
  valType: ADT2 {
    value0: 'Data.Function.Uncurried.Fn2',
    value1: [ 'Data', 'Function', 'Uncurried', 'Fn2' ],
    value2: [ [ADT2], [TypeVar2], [TypeVar2] ]
  }
}
{
  msg: 'LetRec val type for go',
  valType: ADT2 {
    value0: 'Data.Function.Uncurried.Fn2',
    value1: [ 'Data', 'Function', 'Uncurried', 'Fn2' ],
    value2: [ [ADT2], [TypeVar2], [TypeVar2] ]
  }
}
{
  msg: 'LetRec val type for go',
  valType: Func2 { value0: [ [ADT2] ], value1: $$Boolean2 {} }
}
{
  msg: 'LetRec val type for go',
  valType: Func2 {
    value0: [ [TypeVar2], [ADT2] ],
    value1: TypeVar2 { value0: 'b' }
  }
}
{
  msg: 'LetRec val type for go',
  valType: ADT2 {
    value0: 'Data.Function.Uncurried.Fn2',
    value1: [ 'Data', 'Function', 'Uncurried', 'Fn2' ],
    value2: [ [ADT2], [TypeVar2], [TypeVar2] ]
  }
}
{
  msg: 'LetRec val type for go',
  valType: Func2 {
    value0: [ [TypeVar2], [ADT2] ],
    value1: TypeVar2 { value0: 'b' }
  }
}
{
  msg: 'LetRec val type for go',
  valType: ADT2 {
    value0: 'Data.Function.Uncurried.Fn2',
    value1: [ 'Data', 'Function', 'Uncurried', 'Fn2' ],
    value2: [ [ADT2], [TypeVar2], [TypeVar2] ]
  }
}
{
  msg: 'LetRec val type for go',
  valType: Func2 {
    value0: [ [TypeVar2], [ADT2] ],
    value1: TypeVar2 { value0: 'b' }
  }
}
{
  msg: 'LetRec val type for go',
  valType: Func2 {
    value0: [ [ADT2], [ADT2] ],
    value1: ADT2 {
      value0: 'Data.List.Types.List',
      value1: [Array],
      value2: [Array]
    }
  }
}
{
  msg: 'LetRec val type for go',
  valType: ADT2 {
    value0: 'Data.Function.Uncurried.Fn2',
    value1: [ 'Data', 'Function', 'Uncurried', 'Fn2' ],
    value2: [ [ADT2], [TypeVar2], [TypeVar2] ]
  }
}
{
  msg: 'LetRec val type for go',
  valType: ADT2 {
    value0: 'Data.Function.Uncurried.Fn2',
    value1: [ 'Data', 'Function', 'Uncurried', 'Fn2' ],
    value2: [ [ADT2], [TypeVar2], [TypeVar2] ]
  }
}
{
  msg: 'LetRec val type for go',
  valType: ADT2 {
    value0: 'Data.Function.Uncurried.Fn2',
    value1: [ 'Data', 'Function', 'Uncurried', 'Fn2' ],
    value2: [ [ADT2], [TypeVar2], [TypeVar2] ]
  }
}
{
  msg: 'LetRec val type for go',
  valType: Func2 {
    value0: [ [TypeVar2], [ADT2] ],
    value1: TypeVar2 { value0: 'b' }
  }
}
{
  msg: 'LetRec val type for go',
  valType: ADT2 {
    value0: 'Data.Function.Uncurried.Fn2',
    value1: [ 'Data', 'Function', 'Uncurried', 'Fn2' ],
    value2: [ [ADT2], [TypeVar2], [TypeVar2] ]
  }
}
{
  msg: 'LetRec val type for go',
  valType: Func2 {
    value0: [ [ADT2] ],
    value1: ADT2 {
      value0: 'Data.Map.Internal.Map',
      value1: [Array],
      value2: [Array]
    }
  }
}
{
  msg: 'LetRec val type for go',
  valType: Func2 {
    value0: [ [ADT2], [ADT2], [ADT2] ],
    value1: ADT2 {
      value0: 'Data.List.Types.List',
      value1: [Array],
      value2: [Array]
    }
  }
}
{
  msg: 'LetRec val type for go',
  valType: Func2 {
    value0: [ [ADT2], [ADT2] ],
    value1: ADT2 {
      value0: 'Data.List.Types.List',
      value1: [Array],
      value2: [Array]
    }
  }
}
{
  msg: 'LetRec val type for go',
  valType: Func2 {
    value0: [ [TypeVar2], [ADT2] ],
    value1: TypeVar2 { value0: 'b' }
  }
}
{
  msg: 'LetRec val type for go',
  valType: Func2 {
    value0: [ [ADT2], [ADT2] ],
    value1: ADT2 {
      value0: 'Data.List.Types.List',
      value1: [Array],
      value2: [Array]
    }
  }
}
{
  msg: 'LetRec val type for go',
  valType: Func2 {
    value0: [ [TypeVar2], [ADT2] ],
    value1: TypeVar2 { value0: 'b' }
  }
}
{
  msg: 'LetRec val type for go',
  valType: Func2 {
    value0: [ [ADT2], [ADT2] ],
    value1: ADT2 {
      value0: 'Data.List.Types.List',
      value1: [Array],
      value2: [Array]
    }
  }
}
{
  msg: 'LetRec val type for go',
  valType: Func2 {
    value0: [ [ADT2], [ADT2] ],
    value1: ADT2 {
      value0: 'Data.List.Types.List',
      value1: [Array],
      value2: [Array]
    }
  }
}
{
  msg: 'LetRec val type for go',
  valType: Func2 {
    value0: [ [ADT2], [ADT2] ],
    value1: ADT2 {
      value0: 'Data.List.Types.List',
      value1: [Array],
      value2: [Array]
    }
  }
}
{
  msg: 'LetRec val type for go',
  valType: Func2 {
    value0: [ [ADT2], [ADT2] ],
    value1: ADT2 {
      value0: 'Data.List.Types.List',
      value1: [Array],
      value2: [Array]
    }
  }
}
{
  msg: 'LetRec val type for go',
  valType: Func2 {
    value0: [ [ADT2], [ADT2] ],
    value1: ADT2 {
      value0: 'Data.List.Types.List',
      value1: [Array],
      value2: [Array]
    }
  }
}
{
  msg: 'LetRec val type for go',
  valType: Func2 {
    value0: [ [TypeVar2], [ADT2] ],
    value1: TypeVar2 { value0: 'b' }
  }
}
{
  msg: 'LetRec val type for go',
  valType: Func2 {
    value0: [ Int2 {}, [ADT2] ],
    value1: ADT2 {
      value0: 'Data.Maybe.Maybe',
      value1: [Array],
      value2: [Array]
    }
  }
}
{
  msg: 'LetRec val type for go',
  valType: Func2 {
    value0: [ [ADT2], [ADT2] ],
    value1: ADT2 {
      value0: 'Data.List.Types.List',
      value1: [Array],
      value2: [Array]
    }
  }
}
{
  msg: 'LetRec val type for go',
  valType: Func2 {
    value0: [ [ADT2], [ADT2] ],
    value1: ADT2 {
      value0: 'Data.List.Types.List',
      value1: [Array],
      value2: [Array]
    }
  }
}
{
  msg: 'LetRec val type for go',
  valType: Func2 {
    value0: [ Int2 {}, [ADT2] ],
    value1: ADT2 {
      value0: 'Data.Maybe.Maybe',
      value1: [Array],
      value2: [Array]
    }
  }
}
{
  msg: 'LetRec val type for go',
  valType: Func2 {
    value0: [ [ADT2] ],
    value1: ADT2 {
      value0: 'Data.List.Types.List',
      value1: [Array],
      value2: [Array]
    }
  }
}
{
  msg: 'LetRec val type for go',
  valType: Func2 {
    value0: [ [ADT2], [ADT2] ],
    value1: ADT2 {
      value0: 'Data.List.Types.List',
      value1: [Array],
      value2: [Array]
    }
  }
}
{
  msg: 'LetRec val type for go',
  valType: Func2 {
    value0: [ [ADT2], [ADT2] ],
    value1: ADT2 {
      value0: 'Data.List.Types.List',
      value1: [Array],
      value2: [Array]
    }
  }
}
{
  msg: 'LetRec val type for go',
  valType: Func2 {
    value0: [ [TypeVar2], [ADT2] ],
    value1: TypeVar2 { value0: 'b' }
  }
}
{
  msg: 'LetRec val type for go',
  valType: Func2 {
    value0: [ [ADT2], [ADT2] ],
    value1: ADT2 {
      value0: 'Data.List.Types.List',
      value1: [Array],
      value2: [Array]
    }
  }
}
{
  msg: 'LetRec val type for go',
  valType: Func2 {
    value0: [ [TypeVar2], [ADT2] ],
    value1: TypeVar2 { value0: 'b' }
  }
}
{
  msg: 'LetRec val type for go',
  valType: Func2 {
    value0: [ [TypeVar2], [ADT2] ],
    value1: TypeVar2 { value0: 'b' }
  }
}
{
  msg: 'LetRec val type for go',
  valType: Func2 {
    value0: [ [ADT2], [ADT2] ],
    value1: ADT2 {
      value0: 'Data.List.Types.List',
      value1: [Array],
      value2: [Array]
    }
  }
}
{
  msg: 'LetRec val type for go',
  valType: Func2 {
    value0: [ [TypeVar2], [ADT2] ],
    value1: TypeVar2 { value0: 'b' }
  }
}
{
  msg: 'LetRec val type for go',
  valType: Func2 {
    value0: [ [ADT2], [ADT2] ],
    value1: ADT2 {
      value0: 'Data.List.Types.List',
      value1: [Array],
      value2: [Array]
    }
  }
}
{
  msg: 'LetRec val type for go',
  valType: Func2 {
    value0: [ [ADT2] ],
    value1: ADT2 {
      value0: 'Data.Maybe.Maybe',
      value1: [Array],
      value2: [Array]
    }
  }
}
{
  msg: 'LetRec val type for go',
  valType: Func2 {
    value0: [ [TypeVar2], [ADT2] ],
    value1: TypeVar2 { value0: 'b' }
  }
}
{
  msg: 'LetRec val type for go',
  valType: Func2 {
    value0: [ [TypeVar2], [ADT2] ],
    value1: TypeVar2 { value0: 'b' }
  }
}
{
  msg: 'LetRec val type for go',
  valType: Func2 {
    value0: [ [ADT2], [ADT2] ],
    value1: ADT2 {
      value0: 'Data.List.Types.List',
      value1: [Array],
      value2: [Array]
    }
  }
}
{
  msg: 'LetRec val type for go',
  valType: Func2 {
    value0: [ [TypeVar2], [ADT2] ],
    value1: TypeVar2 { value0: 'b' }
  }
}
{
  msg: 'LetRec val type for go',
  valType: Func2 {
    value0: [ [TypeVar2], [ADT2] ],
    value1: TypeVar2 { value0: 'b' }
  }
}
{
  msg: 'LetRec val type for go',
  valType: Func2 {
    value0: [ [ADT2], [ADT2] ],
    value1: ADT2 {
      value0: 'Data.List.Types.List',
      value1: [Array],
      value2: [Array]
    }
  }
}
{
  msg: 'LetRec val type for go',
  valType: Func2 {
    value0: [ [ADT2], [ADT2] ],
    value1: ADT2 {
      value0: 'Data.List.Types.List',
      value1: [Array],
      value2: [Array]
    }
  }
}
{
  msg: 'LetRec val type for go',
  valType: Func2 { value0: [ [ADT2], [ADT2] ], value1: $$Boolean2 {} }
}
{
  msg: 'LetRec val type for go',
  valType: Func2 {
    value0: [ [ADT2], [ADT2] ],
    value1: ADT2 {
      value0: 'Data.Ordering.Ordering',
      value1: [Array],
      value2: []
    }
  }
}
{
  msg: 'LetRec val type for go',
  valType: Func2 {
    value0: [ [TypeVar2], [ADT2] ],
    value1: TypeVar2 { value0: 'b' }
  }
}
{
  msg: 'LetRec val type for go',
  valType: Func2 {
    value0: [ [Func2], [TypeVar2] ],
    value1: ADT2 { value0: 'Data.Lazy.Lazy', value1: [Array], value2: [Array] }
  }
}
{
  msg: 'LetRec val type for go',
  valType: Func2 {
    value0: [ [Func2], [TypeVar2] ],
    value1: ADT2 { value0: 'Data.Lazy.Lazy', value1: [Array], value2: [Array] }
  }
}
{
  msg: 'LetRec val type for go',
  valType: Func2 { value0: [ [ADT2] ], value1: TypeVar2 { value0: 'b' } }
}
{ msg: 'LetRec val type for go', valType: TypeVar2 { value0: 'l' } }
{
  msg: 'LetRec val type for goStep',
  valType: Func2 {
    value0: [ [ADT2], [ADT2] ],
    value1: ADT2 {
      value0: 'Data.List.Lazy.Types.Step',
      value1: [Array],
      value2: [Array]
    }
  }
}
{
  msg: 'LetRec val type for go',
  valType: Func2 {
    value0: [ [ADT2], [ADT2] ],
    value1: ADT2 { value0: 'Data.Lazy.Lazy', value1: [Array], value2: [Array] }
  }
}
{
  msg: 'LetRec val type for go',
  valType: Func2 {
    value0: [ [ADT2] ],
    value1: ADT2 {
      value0: 'Data.List.Lazy.Types.Step',
      value1: [Array],
      value2: [Array]
    }
  }
}
{
  msg: 'LetRec val type for go',
  valType: Func2 {
    value0: [ [ADT2] ],
    value1: ADT2 {
      value0: 'Data.Maybe.Maybe',
      value1: [Array],
      value2: [Array]
    }
  }
}
{ msg: 'LetRec val type for go', valType: TypeVar2 { value0: 'l' } }
{
  msg: 'LetRec val type for go',
  valType: Func2 {
    value0: [ [ADT2] ],
    value1: ADT2 {
      value0: 'Data.Maybe.Maybe',
      value1: [Array],
      value2: [Array]
    }
  }
}
{
  msg: 'LetRec val type for go',
  valType: Func2 {
    value0: [ [ADT2], Int2 {} ],
    value1: ADT2 {
      value0: 'Data.Maybe.Maybe',
      value1: [Array],
      value2: [Array]
    }
  }
}
{
  msg: 'LetRec val type for go',
  valType: Func2 { value0: [ [ADT2] ], value1: TypeVar2 { value0: 'b' } }
}
{
  msg: 'LetRec val type for go',
  valType: Func2 {
    value0: [ Int2 {}, [ADT2] ],
    value1: ADT2 {
      value0: 'Data.Maybe.Maybe',
      value1: [Array],
      value2: [Array]
    }
  }
}
{
  msg: 'LetRec val type for go',
  valType: Func2 {
    value0: [ [ADT2] ],
    value1: ADT2 {
      value0: 'Data.List.Lazy.Types.Step',
      value1: [Array],
      value2: [Array]
    }
  }
}
{
  msg: 'LetRec val type for go',
  valType: Func2 {
    value0: [ [ADT2] ],
    value1: ADT2 { value0: 'Data.Lazy.Lazy', value1: [Array], value2: [Array] }
  }
}
{
  msg: 'LetRec val type for go',
  valType: Func2 {
    value0: [ Int2 {}, [ADT2] ],
    value1: ADT2 {
      value0: 'Data.List.Lazy.Types.Step',
      value1: [Array],
      value2: [Array]
    }
  }
}
{ msg: 'LetRec val type for go', valType: TypeVar2 { value0: 'l' } }
{
  msg: 'LetRec val type for go',
  valType: ADT2 {
    value0: 'Data.Function.Uncurried.Fn2',
    value1: [ 'Data', 'Function', 'Uncurried', 'Fn2' ],
    value2: [ [ADT2], [TypeVar2], [TypeVar2] ]
  }
}
{
  msg: 'LetRec val type for go',
  valType: Func2 { value0: [ [ADT2] ], value1: $$Boolean2 {} }
}
{
  msg: 'LetRec val type for go',
  valType: Func2 {
    value0: [ [TypeVar2] ],
    value1: ADT2 { value0: 'Effect.Aff.Aff', value1: [Array], value2: [Array] }
  }
}
{
  msg: 'LetRec val type for loop',
  valType: Func2 { value0: [ Int2 {}, $$String2 {}, Int2 {} ], value1: Int2 {} }
}
=== Go ===
# gopurs/output/purescript
purescript/Control_Semigroupoid.go:1627:42: undefined: Get_Control_Semigroupoid_composeImpl
purescript/Control_Semigroupoid.go:1646:42: undefined: Get_Control_Semigroupoid_composeImpl
purescript/Control_Semigroupoid.go:1665:42: undefined: Get_Control_Semigroupoid_composeImpl
=== Go (gopurs) failed ===

Building...
Reading Spago workspace configuration...

✓ Selecting package to build: ps-rust-test

Downloading dependencies...
Building...
           Src   Lib   All
Warnings     0     0     0
Errors       0     0     0

✓ Build succeeded.

=== Rust ===
error[E0618]: expected function, found `purust_core::Value`
  --> Purs_Control_Semigroupoid/src/lib.rs:35:428
   |
35 | ...et _f = (/* Typed crate::UnknownType <- crate::UnknownType : App(Accessor(Local(...))) */((dictSemigroupoid).compose.clone())(/* Typed crate::UnknownType <- crate::UnknownType : Local(...) */g, /* Typed crate::UnknownType <- crate::UnknownType : Local(...) */f)).clone(); move |mut _a0: crate::UnknownType, mut _a1: crate::UnknownType| -> crate::UnknownType { _f(_a0, _a1) } ...
   |       --                                                                                                                                                                                                                                                                                                                                                                   ^^----------
   |       |                                                                                                                                                                                                                                                                                                                                                                    |
   |       `_f` has type `purust_core::Value`                                                                                                                                                                                                                                                                                                                                   call expression requires function

For more information about this error, try `rustc --explain E0618`.
error: could not compile `Purs_Control_Semigroupoid` (lib) due to 1 previous error
error[E0308]: mismatched types
  --> Purs_Partial_Unsafe/src/lib.rs:13:411
   |
13 | ... { _f(crate::Value::Func1(purust_core::Func1::Shared(std::rc::Rc::new({ let _f = (_a0).clone(); move |mut _a0: crate::UnknownType| -> crate::UnknownType { _f(_a0) } })))) }...
   |       -- ^^^^^^^^^^^^^^^^^^^^^^^^^^^^^^^^^^^^^^^^^^^^^^^^^^^^^^^^^^^^^^^^^^^^^^^^^^^^^^^^^^^^^^^^^^^^^^^^^^^^^^^^^^^^^^^^^^^^^^^^^^^^^^^^^^^^^^^^^^^^^^^^^^^^^^^^^^^^^^^^^^^ expected `Func1<Value, _>`, found `Value`
   |       |
   |       arguments to this function are incorrect
   |
   = note: expected enum `purust_core::Func1<purust_core::Value, _>`
              found enum `purust_core::Value`

For more information about this error, try `rustc --explain E0308`.
error: could not compile `Purs_Partial_Unsafe` (lib) due to 1 previous error
error[E0599]: no method named `unwrap_class` found for struct `Rc<Purs_Type_Proxy::Proxy>` in the current scope
   --> Purs_Data_HeytingAlgebra/src/lib.rs:138:163
    |
138 | ...(Purs_Type_Proxy::Proxy::Proxy)).unwrap_class::<std::rc::Rc<Purs_Type_Proxy::Proxy>>().clone()
    |                                     ^^^^^^^^^^^^ method not found in `Rc<Purs_Type_Proxy::Proxy>`

error[E0599]: no method named `unwrap_class` found for struct `Rc<Purs_Type_Proxy::Proxy>` in the current scope
   --> Purs_Data_HeytingAlgebra/src/lib.rs:142:163
    |
142 | ...(Purs_Type_Proxy::Proxy::Proxy)).unwrap_class::<std::rc::Rc<Purs_Type_Proxy::Proxy>>().clone()
    |                                     ^^^^^^^^^^^^ method not found in `Rc<Purs_Type_Proxy::Proxy>`

error[E0599]: no method named `unwrap_class` found for struct `Rc<Purs_Type_Proxy::Proxy>` in the current scope
   --> Purs_Data_HeytingAlgebra/src/lib.rs:146:163
    |
146 | ...(Purs_Type_Proxy::Proxy::Proxy)).unwrap_class::<std::rc::Rc<Purs_Type_Proxy::Proxy>>().clone()
    |                                     ^^^^^^^^^^^^ method not found in `Rc<Purs_Type_Proxy::Proxy>`

error[E0599]: no method named `unwrap_class` found for struct `Rc<Purs_Type_Proxy::Proxy>` in the current scope
   --> Purs_Data_HeytingAlgebra/src/lib.rs:147:607
    |
147 | ...(Purs_Type_Proxy::Proxy::Proxy)).unwrap_class::<std::rc::Rc<Purs_Type_Proxy::Proxy>>().clone())), not: purust_core::Func1::Share...
    |                                     ^^^^^^^^^^^^ method not found in `Rc<Purs_Type_Proxy::Proxy>`

error[E0599]: no method named `unwrap_class` found for struct `Rc<Purs_Type_Proxy::Proxy>` in the current scope
   --> Purs_Data_HeytingAlgebra/src/lib.rs:149:163
    |
149 | ...(Purs_Type_Proxy::Proxy::Proxy)).unwrap_class::<std::rc::Rc<Purs_Type_Proxy::Proxy>>().clone()
    |                                     ^^^^^^^^^^^^ method not found in `Rc<Purs_Type_Proxy::Proxy>`

error[E0599]: no method named `unwrap_class` found for struct `Rc<Purs_Type_Proxy::Proxy>` in the current scope
   --> Purs_Data_HeytingAlgebra/src/lib.rs:150:472
    |
150 | ...(Purs_Type_Proxy::Proxy::Proxy)).unwrap_class::<std::rc::Rc<Purs_Type_Proxy::Proxy>>().clone())) })
    |                                     ^^^^^^^^^^^^ method not found in `Rc<Purs_Type_Proxy::Proxy>`

For more information about this error, try `rustc --explain E0599`.
error: could not compile `Purs_Data_HeytingAlgebra` (lib) due to 6 previous errors
=== Rust (purust) failed ===

Building...
Reading Spago workspace configuration...

✓ Selecting package to build: ps-cs-test

Downloading dependencies...
Building...
           Src   Lib   All
Warnings     0     0     0
Errors       0     0     0

✓ Build succeeded.

Compiling with backend "../sharpurs/sharpurs/bin/sharpurs"

✓ Backend build succeeded.

=== F#/C# ===
Global warm-up in progress (this may take a moment)...

Global warm-up complete. Starting benchmarks...

--------------------------------------------------

(Test)

AST Evaluation:

(Output & Warm-up)

7

(Execution time - best of 10)

103.75 μs

--------------------------------------------------

(Test)

Fibonacci:

(Output & Warm-up)

55

(Execution time - best of 10)

85.58 μs

--------------------------------------------------

(Test)

List Processing (900 elements):

(Output & Warm-up)

202950

(Execution time - best of 10)

2053.33 μs

--------------------------------------------------

(Test)

Tail Call Optimization (100k calls):

(Output & Warm-up)

100000

(Execution time - best of 10)

100759.96 μs

--------------------------------------------------

(Test)

Deep Record Updates (10k iterations):

(Output & Warm-up)

20000

(Execution time - best of 10)

21127.21 μs

--------------------------------------------------

(Test)

Ackermann (3, 4):

(Output & Warm-up)

125

(Execution time - best of 10)

4833.67 μs

--------------------------------------------------

(Test)

Church Numerals (100k Closure Applications):

(Output & Warm-up)

100000

(Execution time - best of 10)

71148.38 μs

--------------------------------------------------

(Test)

Prime Sieve (sum primes up to 500):

(Output & Warm-up)

21536

(Execution time - best of 10)

10870.79 μs

--------------------------------------------------

(Test)

Red-Black Tree (100k Worst-Case Insertions):

(Output & Warm-up)

22

(Execution time - best of 10)

2609168.13 μs

--------------------------------------------------

(Test)

Polymorphism (10M Type Class Dict Lookups):

(Output & Warm-up)

10000000

(Execution time - best of 10)

10331134.79 μs

--------------------------------------------------

(Test)

State Monad (1.2k Binds, 60 Stack Depth):

(Output & Warm-up)

1200

(Execution time - best of 10)

2967.04 μs

--------------------------------------------------

(Test)

Lazy Evaluation (1M Thunks Forced, 1k Depth):

(Output & Warm-up)

1000000

(Execution time - best of 10)

1273733.79 μs

--------------------------------------------------

(Test)

Array Processing (900 elements):

(Output & Warm-up)

202950

(Execution time - best of 10)

795.29 μs

--------------------------------------------------

(Test)

RowToList (Keys Count):

(Output & Warm-up)

5

(Execution time - best of 10)

7.21 μs


==================================================

Total exec time: 14428.79 ms

