================================
    Running pure backends...    
================================

Building...
=== JS V8 ===
Global warm-up in progress (this may take a moment)...

Global warm-up complete. Starting benchmarks...

--------------------------------------------------

(Test)

AST Evaluation:

(Output & Warm-up)

7

(Execution time - best of 10)

2.33 μs

--------------------------------------------------

(Test)

Fibonacci:

(Output & Warm-up)

55

(Execution time - best of 10)

2.00 μs

--------------------------------------------------

(Test)

List Processing (900 elements):

(Output & Warm-up)

202950

(Execution time - best of 10)

46.75 μs

--------------------------------------------------

(Test)

Tail Call Optimization (100k calls):

(Output & Warm-up)

100000

(Execution time - best of 10)

194.21 μs

--------------------------------------------------

(Test)

Deep Record Updates (10k iterations):

(Output & Warm-up)

20000

(Execution time - best of 10)

77.50 μs

--------------------------------------------------

(Test)

Ackermann (3, 4):

(Output & Warm-up)

125

(Execution time - best of 10)

71.79 μs

--------------------------------------------------

(Test)

Church Numerals (100k Closure Applications):

(Output & Warm-up)

100000

(Execution time - best of 10)

1437.92 μs

--------------------------------------------------

(Test)

Prime Sieve (sum primes up to 500):

(Output & Warm-up)

21536

(Execution time - best of 10)

134.46 μs

--------------------------------------------------

(Test)

Red-Black Tree (100k Worst-Case Insertions):

(Output & Warm-up)

22

(Execution time - best of 10)

90761.83 μs

--------------------------------------------------

(Test)

Polymorphism (10M Type Class Dict Lookups):

(Output & Warm-up)

10000000

(Execution time - best of 10)

11783.88 μs

--------------------------------------------------

(Test)

State Monad (1.2k Binds, 60 Stack Depth):

(Output & Warm-up)

1200

(Execution time - best of 10)

71.67 μs

--------------------------------------------------

(Test)

Lazy Evaluation (1M Thunks Forced, 1k Depth):

(Output & Warm-up)

1000000

(Execution time - best of 10)

14713.88 μs

--------------------------------------------------

(Test)

Array Processing (900 elements):

(Output & Warm-up)

202950

(Execution time - best of 10)

13.29 μs

--------------------------------------------------

(Test)

RowToList (Keys Count):

(Output & Warm-up)

5

(Execution time - best of 10)

0.46 μs


==================================================

Total exec time: 119.31 ms


Building...
=== ES failed ===

Building...
Reading Spago workspace configuration...

✓ Selecting package to build: ps-scheme-test

Downloading dependencies...
Cloning https://github.com/purescm/purescript-core.git
Building...
[  2 of 203] Compiling Unsafe.Coerce
[  3 of 203] Compiling Type.Proxy
[  1 of 203] Compiling Type.Equality
[  4 of 203] Compiling Type.Data.RowList
[  5 of 203] Compiling Type.Data.Row
[  6 of 203] Compiling Test.Implicit
[  7 of 203] Compiling Record.Unsafe
[  8 of 203] Compiling Data.Void
[  9 of 203] Compiling Partial
[ 10 of 203] Compiling Spago.Generated.BuildInfo
[ 11 of 203] Compiling Data.Unit
[ 12 of 203] Compiling Data.Traversable.Accum
[ 13 of 203] Compiling Data.NaturalTransformation
[ 14 of 203] Compiling Data.Boolean
[ 15 of 203] Compiling Control.Semigroupoid
[ 16 of 203] Compiling Control.Lazy
[ 18 of 203] Compiling Data.Symbol
[ 17 of 203] Compiling Data.Function.Uncurried
[ 19 of 203] Compiling Data.Exists
[ 20 of 203] Compiling Partial.Unsafe
[ 21 of 203] Compiling Safe.Coerce
[ 22 of 203] Compiling Control.Category
[ 24 of 203] Compiling Data.Semigroup
[ 23 of 203] Compiling Data.Semiring
[ 25 of 203] Compiling Data.HeytingAlgebra
[ 26 of 203] Compiling Data.Show
[ 27 of 203] Compiling Data.Ring
[ 28 of 203] Compiling Data.Generic.Rep
[ 29 of 203] Compiling Data.BooleanAlgebra
[ 30 of 203] Compiling Data.Eq
[ 31 of 203] Compiling Data.CommutativeRing
[ 32 of 203] Compiling Data.EuclideanRing
[ 33 of 203] Compiling Data.Ordering
[ 34 of 203] Compiling Data.Ord
[ 35 of 203] Compiling Data.DivisionRing
[ 36 of 203] Compiling Data.Field
[ 37 of 203] Compiling Data.Bounded
[ 38 of 203] Compiling Data.Reflectable
[ 39 of 203] Compiling Data.Monoid
[ 40 of 203] Compiling Data.Function
[ 41 of 203] Compiling Data.Functor
[ 43 of 203] Compiling Control.Alt
[ 42 of 203] Compiling Control.Extend
[ 44 of 203] Compiling Control.Apply
[ 45 of 203] Compiling Data.Monoid.Generic
[ 46 of 203] Compiling Data.Bounded.Generic
[ 47 of 203] Compiling Control.Plus
[ 48 of 203] Compiling Control.Comonad
[ 49 of 203] Compiling Control.Applicative
[ 51 of 203] Compiling Control.Alternative
[ 50 of 203] Compiling Control.Bind
[ 52 of 203] Compiling Control.Monad
[ 53 of 203] Compiling Prelude
[ 54 of 203] Compiling Control.MonadPlus
[ 55 of 203] Compiling Data.Monoid.Dual
[ 56 of 203] Compiling Data.Monoid.Endo
[ 57 of 203] Compiling Data.Ord.Generic
[ 59 of 203] Compiling Data.Traversable.Accum.Internal
[ 58 of 203] Compiling Data.Show.Generic
[ 60 of 203] Compiling Data.Monoid.Disj
[ 62 of 203] Compiling Data.Monoid.Additive
[ 63 of 203] Compiling Effect
[ 61 of 203] Compiling Data.Semiring.Generic
[ 64 of 203] Compiling Data.Semigroup.First
[ 65 of 203] Compiling Data.Ring.Generic
[ 66 of 203] Compiling Data.Semigroup.Generic
[ 67 of 203] Compiling Data.Monoid.Multiplicative
[ 68 of 203] Compiling Data.Monoid.Conj
[ 69 of 203] Compiling Data.Eq.Generic
[ 70 of 203] Compiling Data.Semigroup.Last
[ 71 of 203] Compiling Data.HeytingAlgebra.Generic
[ 72 of 203] Compiling Test.Main
[ 73 of 203] Compiling Effect.Unsafe
[ 74 of 203] Compiling Effect.Uncurried
[ 75 of 203] Compiling Effect.Class
[ 77 of 203] Compiling Effect.Console
[ 76 of 203] Compiling Effect.Ref
[ 78 of 203] Compiling Bench
[ 79 of 203] Compiling Effect.Class.Console
[ 80 of 203] Compiling Data.Newtype
[ 81 of 203] Compiling Test.Fib
[ 82 of 203] Compiling Test.RowToListFFI
[ 83 of 203] Compiling Test.AstTreeFFICheatcode
[ 84 of 203] Compiling Test.RowToListFFICheatcode
[ 85 of 203] Compiling Test.ListOpsFFI
[ 86 of 203] Compiling Test.PolymorphismFFICheatcode
[ 87 of 203] Compiling Test.RBTreeFFI
[ 88 of 203] Compiling Test.AckermannFFICheatcode
[ 89 of 203] Compiling Test.ListOpsFFICheatcode
[ 90 of 203] Compiling Test.ArrayOpsFFI
[ 91 of 203] Compiling Test.StateMonadFFI
[ 92 of 203] Compiling Test.RBTree
[ 93 of 203] Compiling Test.TCOFFI
[ 94 of 203] Compiling Test.Church
[ 95 of 203] Compiling Test.Polymorphism
[ 97 of 203] Compiling Test.LazyEvaluation
[ 98 of 203] Compiling Test.ChurchFFI
[ 96 of 203] Compiling Test.StateMonad
[101 of 203] Compiling Test.StateMonadFFICheatcode
[ 99 of 203] Compiling Test.RecordsFFI
[100 of 203] Compiling Test.BenchCheck
[103 of 203] Compiling Test.PrimesFFICheatcode
[102 of 203] Compiling Test.ListOps
[104 of 203] Compiling Test.RowToList
[105 of 203] Compiling Test.TCOFFICheatcode
[106 of 203] Compiling Test.TCO
[107 of 203] Compiling Test.FibFFICheatcode
[108 of 203] Compiling Test.AckermannFFI
[109 of 203] Compiling Test.LazyEvaluationFFICheatcode
[110 of 203] Compiling Test.FibFFI
[112 of 203] Compiling Test.Records
[111 of 203] Compiling Test.AstTree
[113 of 203] Compiling Test.PrimesFFI
[114 of 203] Compiling Test.LazyEvaluationFFI
[116 of 203] Compiling Test.RBTreeFFICheatcode
[115 of 203] Compiling Test.Primes
[117 of 203] Compiling Test.AstTreeFFI
[118 of 203] Compiling Test.ChurchFFICheatcode
[119 of 203] Compiling Test.ArrayOpsFFICheatcode
[120 of 203] Compiling Test.Ackermann
[121 of 203] Compiling Test.PolymorphismFFI
[122 of 203] Compiling Test.RecordsFFICheatcode
[123 of 203] Compiling Data.Ord.Down
[124 of 203] Compiling Data.Ord.Min
[126 of 203] Compiling Data.Functor.App
[125 of 203] Compiling Data.Ord.Max
[127 of 203] Compiling Data.Profunctor
[128 of 203] Compiling Data.Monoid.Alternate
[129 of 203] Compiling AppFFI
[130 of 203] Compiling AppFFICheatcode
[131 of 203] Compiling Data.Profunctor.Closed
[132 of 203] Compiling Data.Functor.Invariant
[133 of 203] Compiling Data.Functor.Compose
[135 of 203] Compiling Data.Profunctor.Join
[134 of 203] Compiling Data.Profunctor.Split
[136 of 203] Compiling Data.Const
[137 of 203] Compiling Data.Maybe
[138 of 203] Compiling Data.Identity
[139 of 203] Compiling Data.Tuple
[140 of 203] Compiling Data.Functor.Contravariant
[141 of 203] Compiling Data.Op
[143 of 203] Compiling Data.Predicate
[142 of 203] Compiling Data.Comparison
[144 of 203] Compiling Data.Equivalence
[146 of 203] Compiling Data.Maybe.Last
[147 of 203] Compiling Data.Maybe.First
[145 of 203] Compiling Data.Either
[148 of 203] Compiling Data.Divide
[149 of 203] Compiling Data.Profunctor.Costrong
[151 of 203] Compiling Data.Profunctor.Strong
[152 of 203] Compiling Data.Distributive
[150 of 203] Compiling Data.Tuple.Nested
[153 of 203] Compiling Data.Divisible
[154 of 203] Compiling Data.Decide
[155 of 203] Compiling Data.Profunctor.Cochoice
[157 of 203] Compiling Data.Either.Inject
[158 of 203] Compiling Data.Profunctor.Choice
[156 of 203] Compiling Data.Either.Nested
[159 of 203] Compiling Data.Bifunctor
[160 of 203] Compiling Data.Functor.Product
[161 of 203] Compiling Data.Functor.Coproduct
[162 of 203] Compiling Control.Monad.Rec.Class
[163 of 203] Compiling Data.Functor.Costar
[164 of 203] Compiling Control.Biapply
[165 of 203] Compiling Data.Profunctor.Star
[166 of 203] Compiling Data.Decidable
[167 of 203] Compiling Control.Biapplicative
[168 of 203] Compiling Data.Functor.Clown
[169 of 203] Compiling Data.Functor.Flip
[170 of 203] Compiling Data.Functor.Product2
[171 of 203] Compiling Data.Functor.Joker
[172 of 203] Compiling Data.Bifunctor.Join
[173 of 203] Compiling Data.Functor.Coproduct.Nested
[174 of 203] Compiling Data.Functor.Coproduct.Inject
[175 of 203] Compiling Data.FunctorWithIndex
[176 of 203] Compiling Data.Foldable
[177 of 203] Compiling Data.Functor.Product.Nested
[178 of 203] Compiling Control.Monad.ST.Internal
[179 of 203] Compiling Control.Monad.ST.Ref
[180 of 203] Compiling Control.Monad.ST.Uncurried
[181 of 203] Compiling Control.Monad.ST
[182 of 203] Compiling Control.Monad.ST.Global
[183 of 203] Compiling Control.Monad.ST.Class
[184 of 203] Compiling Data.Array.ST
[186 of 203] Compiling Data.Array.ST.Partial
[185 of 203] Compiling Data.Array.ST.Iterator
[187 of 203] Compiling Data.Traversable
[188 of 203] Compiling Data.Bifoldable
[189 of 203] Compiling Data.FoldableWithIndex
[190 of 203] Compiling Data.Semigroup.Foldable
[192 of 203] Compiling Data.Semigroup.Traversable
[191 of 203] Compiling Data.Bitraversable
[193 of 203] Compiling Data.Unfoldable1
[194 of 203] Compiling Data.TraversableWithIndex
[195 of 203] Compiling Data.Unfoldable
[196 of 203] Compiling Data.Array.NonEmpty.Internal
[197 of 203] Compiling Data.NonEmpty
[198 of 203] Compiling Data.Array
[199 of 203] Compiling Data.Array.Partial
[201 of 203] Compiling Test.ArrayOps
[200 of 203] Compiling Data.Array.NonEmpty
[202 of 203] Compiling App
[203 of 203] Compiling Main
           Src   Lib   All
Warnings     0     0     0
Errors       0     0     0

✓ Build succeeded.

Created run/bak/scm/output_bin/main
=== Scheme ===
Global warm-up in progress (this may take a moment)...

Global warm-up complete. Starting benchmarks...

--------------------------------------------------

(Test)

AST Evaluation:

(Output & Warm-up)

7

(Execution time - best of 10)

0.0 μs

--------------------------------------------------

(Test)

Fibonacci:

(Output & Warm-up)

55

(Execution time - best of 10)

0.0 μs

--------------------------------------------------

(Test)

List Processing (900 elements):

(Output & Warm-up)

202950

(Execution time - best of 10)

7.0 μs

--------------------------------------------------

(Test)

Tail Call Optimization (100k calls):

(Output & Warm-up)

100000

(Execution time - best of 10)

293.0 μs

--------------------------------------------------

(Test)

Deep Record Updates (10k iterations):

(Output & Warm-up)

20000

(Execution time - best of 10)

192.0 μs

--------------------------------------------------

(Test)

Ackermann (3, 4):

(Output & Warm-up)

125

(Execution time - best of 10)

19.0 μs

--------------------------------------------------

(Test)

Church Numerals (100k Closure Applications):

(Output & Warm-up)

100000

(Execution time - best of 10)

248.0 μs

--------------------------------------------------

(Test)

Prime Sieve (sum primes up to 500):

(Output & Warm-up)

21536

(Execution time - best of 10)

38.0 μs

--------------------------------------------------

(Test)

Red-Black Tree (100k Worst-Case Insertions):

(Output & Warm-up)

22

(Execution time - best of 10)

23504.0 μs

--------------------------------------------------

(Test)

Polymorphism (10M Type Class Dict Lookups):

(Output & Warm-up)

10000000

(Execution time - best of 10)

18248.0 μs

--------------------------------------------------

(Test)

State Monad (1.2k Binds, 60 Stack Depth):

(Output & Warm-up)

1200

(Execution time - best of 10)

3.0 μs

--------------------------------------------------

(Test)

Lazy Evaluation (1M Thunks Forced, 1k Depth):

(Output & Warm-up)

1000000

(Execution time - best of 10)

2999.0 μs

--------------------------------------------------

(Test)

Array Processing (900 elements):

(Output & Warm-up)

202950

(Execution time - best of 10)

7.0 μs

--------------------------------------------------

(Test)

RowToList (Keys Count):

(Output & Warm-up)

5

(Execution time - best of 10)

0.0 μs


==================================================

Total exec time: 45.55800000000001 ms


Building...
=== Erlang BEAM ===
Global warm-up in progress (this may take a moment)...

Global warm-up complete. Starting benchmarks...

--------------------------------------------------

(Test)

AST Evaluation:

(Output & Warm-up)

7

(Execution time - best of 10)

0.00 μs

--------------------------------------------------

(Test)

Fibonacci:

(Output & Warm-up)

55

(Execution time - best of 10)

0.00 μs

--------------------------------------------------

(Test)

List Processing (900 elements):

(Output & Warm-up)

202950

(Execution time - best of 10)

37.00 μs

--------------------------------------------------

(Test)

Tail Call Optimization (100k calls):

(Output & Warm-up)

100000

(Execution time - best of 10)

1298.00 μs

--------------------------------------------------

(Test)

Deep Record Updates (10k iterations):

(Output & Warm-up)

20000

(Execution time - best of 10)

381.00 μs

--------------------------------------------------

(Test)

Ackermann (3, 4):

(Output & Warm-up)

125

(Execution time - best of 10)

22.00 μs

--------------------------------------------------

(Test)

Church Numerals (100k Closure Applications):

(Output & Warm-up)

100000

(Execution time - best of 10)

491.00 μs

--------------------------------------------------

(Test)

Prime Sieve (sum primes up to 500):

(Output & Warm-up)

21536

(Execution time - best of 10)

140.00 μs

--------------------------------------------------

(Test)

Red-Black Tree (100k Worst-Case Insertions):

(Output & Warm-up)

22

(Execution time - best of 10)

16920.00 μs

--------------------------------------------------

(Test)

Polymorphism (10M Type Class Dict Lookups):

(Output & Warm-up)

10000000

(Execution time - best of 10)

61415.00 μs

--------------------------------------------------

(Test)

State Monad (1.2k Binds, 60 Stack Depth):

(Output & Warm-up)

1200

(Execution time - best of 10)

21.00 μs

--------------------------------------------------

(Test)

Lazy Evaluation (1M Thunks Forced, 1k Depth):

(Output & Warm-up)

1000000

(Execution time - best of 10)

9189.00 μs

--------------------------------------------------

(Test)

Array Processing (900 elements):

(Output & Warm-up)

202950

(Execution time - best of 10)

28.00 μs

--------------------------------------------------

(Test)

RowToList (Keys Count):

(Output & Warm-up)

5

(Execution time - best of 10)

0.00 μs


==================================================

Total exec time: 89.94 ms


=== Rebuilding phpurs backend ===

> phpurs@0.1.0 build
> spago build && spago bundle --module Main --platform node --outfile bin/phpurs.js --bundle-type app

Reading Spago workspace configuration...

✓ Selecting package to build: phpurs

Downloading dependencies...
Building...
[1 of 2] Compiling Phpurs.CodeGen
[WARNING 1/1 UnusedName] src/Phpurs/CodeGen.purs:743:29

  743                              useVarsOuter = Array.nub (map (\mapped -> if Array.elem mapped recVars then "&" <> mapped else mapped) mappedFvs)
                                   ^^^^^^^^^^^^^^^^^^^^^^^^^^^^^^^^^^^^^^^^^^^^^^^^^^^^^^^^^^^^^^^^^^^^^^^^^^^^^^^^^^^^^^^^^^^^^^^^^^^^^^^^^^^^^^^^^

  Name useVarsOuter was introduced but not used.
  in value declaration translate

[ERROR 1/1 NoInstanceFound] src/Phpurs/CodeGen.purs:69:1

  69  translateOperator2 :: BackendOperator2 -> PhpExpr -> PhpExpr -> PhpExpr
      ^^^^^^^^^^^^^^^^^^^^^^^^^^^^^^^^^^^^^^^^^^^^^^^^^^^^^^^^^^^^^^^^^^^^^^^

  A case expression could not be determined to cover all inputs.
  The following additional cases are required to cover all inputs:
    (OpIntNum OpMod)    _ _
    (OpNumberNum OpMod) _ _
  Alternatively, add a Partial constraint to the type of the enclosing value.
  while checking that type Partial => t0
    is at least as general as type PhpExpr
  while checking that expression case $42 $43 $44 of
                                   OpArrayIndex arr ix -> (PhpArrayIndex arr) ix
                                   OpBooleanAnd l r -> ((...) l) r
                                   OpBooleanOr l r -> ((...) l) r
                                   (OpBooleanOrd OpEq) l r -> ((...) l) r
                                   (OpBooleanOrd OpNotEq) l r -> ((...) l) r
                                   (OpBooleanOrd OpGt) l r -> ((...) l) r
                                   (OpBooleanOrd OpGte) l r -> ((...) l) r
                                   (OpBooleanOrd OpLt) l r -> ((...) l) r
                                   (OpBooleanOrd OpLte) l r -> ((...) l) r
                                   (OpCharOrd OpEq) l r -> ((...) l) r
                                   (OpCharOrd OpNotEq) l r -> ((...) l) r
                                   (OpCharOrd OpGt) l r -> ((...) l) r
                                   (OpCharOrd OpGte) l r -> ((...) l) r
                                   (OpCharOrd OpLt) l r -> ((...) l) r
                                   (OpCharOrd OpLte) l r -> ((...) l) r
                                   OpIntBitAnd l r -> ((...) l) r
                                   OpIntBitOr l r -> ((...) l) r
                                   OpIntBitShiftLeft l r -> ((...) l) r
                                   OpIntBitShiftRight l r -> ((...) l) r
                                   OpIntBitXor l r -> ((...) l) r
                                   OpIntBitZeroFillShiftRight l r -> ((...) l) r
                                   (OpIntNum OpAdd) l r -> ((...) l) r
                                   (OpIntNum OpSubtract) l r -> ((...) l) r
                                   (OpIntNum OpMultiply) l r -> ((...) l) r
                                   (OpIntNum OpDivide) l r -> ((...) l) r
                                   (OpIntOrd OpEq) l r -> ((...) l) r
                                   (OpIntOrd OpNotEq) l r -> ((...) l) r
                                   (OpIntOrd OpGt) l r -> ((...) l) r
                                   (OpIntOrd OpGte) l r -> ((...) l) r
                                   (OpIntOrd OpLt) l r -> ((...) l) r
                                   (OpIntOrd OpLte) l r -> ((...) l) r
                                   (OpNumberNum OpAdd) l r -> ((...) l) r
                                   (OpNumberNum OpSubtract) l r -> ((...) l) r
                                   (OpNumberNum OpMultiply) l r -> ((...) l) r
                                   (OpNumberNum OpDivide) l r -> ((...) l) r
                                   (OpNumberOrd OpEq) l r -> ((...) l) r
                                   (OpNumberOrd OpNotEq) l r -> ((...) l) r
                                   (OpNumberOrd OpGt) l r -> ((...) l) r
                                   (OpNumberOrd OpGte) l r -> ((...) l) r
                                   (OpNumberOrd OpLt) l r -> ((...) l) r
                                   (OpNumberOrd OpLte) l r -> ((...) l) r
                                   OpStringAppend l r -> ((...) l) r
                                   (OpStringOrd OpEq) l r -> ((...) l) r
                                   (OpStringOrd OpNotEq) l r -> ((...) l) r
                                   (OpStringOrd OpGt) l r -> ((...) l) r
                                   (OpStringOrd OpGte) l r -> ((...) l) r
                                   (OpStringOrd OpLt) l r -> ((...) l) r
                                   (OpStringOrd OpLte) l r -> ((...) l) r
    has type PhpExpr
  in value declaration translateOperator2
  where t0 is an unknown type

           Src   Lib   All
Warnings     1     0     1
Errors       1     0     1

✘ Failed to build.

=== PHP failed ===

=== Rebuilding gopurs backend ===
Reading Spago workspace configuration...

✓ Selecting package to build: gopurs

Downloading dependencies...
Building...
[1 of 1] Compiling Main
[WARNING 1/2 DuplicateImport] src/Main.purs:15:1

  15  import Effect.Console as Console
      ^^^^^^^^^^^^^^^^^^^^^^^^^^^^^^^^

  Duplicate import of Effect.Console as Console

[WARNING 2/2 DuplicateImport] src/Main.purs:46:1

  46  import Effect.Unsafe (unsafePerformEffect)
      ^^^^^^^^^^^^^^^^^^^^^^^^^^^^^^^^^^^^^^^^^^

  Duplicate import of Effect.Unsafe (unsafePerformEffect)

           Src   Lib   All
Warnings     2     0     2
Errors       0     0     0

✓ Build succeeded.

Reading Spago workspace configuration...

✓ Selecting package to build: gopurs

Downloading dependencies...
Building...
           Src   Lib   All
Warnings     0     0     0
Errors       0     0     0

✓ Build succeeded.

Bundling...

  bin/gopurs.js  1.5mb ⚠️

⚡ Done in 40ms

✓ Bundle succeeded.

Building...
Reading Spago workspace configuration...

✓ Selecting package to build: ps-go-test

Downloading dependencies...
Building...
[  1 of 300] Compiling Unsafe.Coerce
[  2 of 300] Compiling Test.Implicit
[  3 of 300] Compiling Type.Proxy
[  4 of 300] Compiling Spago.Generated.BuildInfo
[  5 of 300] Compiling Type.Equality
[  6 of 300] Compiling Record.Unsafe
[  7 of 300] Compiling Partial
[  8 of 300] Compiling Data.Void
[  9 of 300] Compiling Data.Unit
[ 10 of 300] Compiling Data.Traversable.Accum
[ 11 of 300] Compiling Data.String.Unsafe
[ 12 of 300] Compiling Data.NaturalTransformation
[ 13 of 300] Compiling Data.Int.Bits
[ 14 of 300] Compiling Data.Boolean
[ 15 of 300] Compiling Control.Semigroupoid
[ 16 of 300] Compiling Data.Function.Uncurried
[ 17 of 300] Compiling Partial.Unsafe
[ 18 of 300] Compiling Data.Symbol
[ 19 of 300] Compiling Safe.Coerce
[ 20 of 300] Compiling Data.Exists
[ 21 of 300] Compiling Control.Lazy
[ 22 of 300] Compiling Data.Semiring
[ 23 of 300] Compiling Control.Category
[ 24 of 300] Compiling Data.HeytingAlgebra
[ 25 of 300] Compiling Data.Semigroup
[ 26 of 300] Compiling Data.Show
[ 27 of 300] Compiling Data.Ring
[ 28 of 300] Compiling Data.Generic.Rep
[ 30 of 300] Compiling Data.BooleanAlgebra
[ 29 of 300] Compiling Data.Eq
[ 31 of 300] Compiling Data.CommutativeRing
[ 32 of 300] Compiling Data.Ordering
[ 33 of 300] Compiling Data.EuclideanRing
[ 34 of 300] Compiling Data.Ord
[ 35 of 300] Compiling Data.DivisionRing
[ 36 of 300] Compiling Data.Field
[ 38 of 300] Compiling Data.Bounded
[ 39 of 300] Compiling Data.Monoid
[ 37 of 300] Compiling Data.Function
[ 40 of 300] Compiling Data.Reflectable
[ 41 of 300] Compiling Data.Functor
[ 42 of 300] Compiling Control.Extend
[ 43 of 300] Compiling Control.Apply
[ 44 of 300] Compiling Control.Alt
[ 45 of 300] Compiling Data.Bounded.Generic
[ 46 of 300] Compiling Data.Monoid.Generic
[ 47 of 300] Compiling Control.Plus
[ 48 of 300] Compiling Control.Comonad
[ 49 of 300] Compiling Control.Applicative
[ 50 of 300] Compiling Control.Alternative
[ 51 of 300] Compiling Control.Bind
[ 52 of 300] Compiling Control.Monad
[ 53 of 300] Compiling Control.MonadPlus
[ 54 of 300] Compiling Prelude
[ 55 of 300] Compiling Data.Monoid.Dual
[ 56 of 300] Compiling Data.Semigroup.First
[ 57 of 300] Compiling Data.Monoid.Endo
[ 58 of 300] Compiling Data.Semigroup.Generic
[ 59 of 300] Compiling Data.Traversable.Accum.Internal
[ 61 of 300] Compiling Data.Eq.Generic
[ 62 of 300] Compiling Data.Show.Generic
[ 60 of 300] Compiling Data.Semiring.Generic
[ 63 of 300] Compiling Control.Monad.Trans.Class
[ 64 of 300] Compiling Data.Ord.Generic
[ 65 of 300] Compiling Data.Number.Format
[ 66 of 300] Compiling Data.Monoid.Conj
[ 67 of 300] Compiling Data.Monoid.Multiplicative
[ 68 of 300] Compiling Control.Monad.Reader.Class
[ 69 of 300] Compiling Data.Ring.Generic
[ 70 of 300] Compiling Control.Monad.Gen.Class
[ 71 of 300] Compiling Data.Monoid.Additive
[ 72 of 300] Compiling Control.Monad.Cont.Class
[ 74 of 300] Compiling Data.Monoid.Disj
[ 76 of 300] Compiling Data.HeytingAlgebra.Generic
[ 75 of 300] Compiling Data.Semigroup.Last
[ 73 of 300] Compiling Effect
[ 77 of 300] Compiling Test.Main
[ 78 of 300] Compiling Effect.Console
[ 79 of 300] Compiling Effect.Unsafe
[ 80 of 300] Compiling Effect.Class
[ 81 of 300] Compiling Effect.Uncurried
[ 82 of 300] Compiling Effect.Ref
[ 83 of 300] Compiling Data.Newtype
[ 84 of 300] Compiling Bench
[ 85 of 300] Compiling Effect.Class.Console
[ 86 of 300] Compiling Data.Ord.Down
[ 88 of 300] Compiling Data.String.Pattern
[ 89 of 300] Compiling Data.Ord.Max
[ 87 of 300] Compiling Data.Time.Duration
[ 90 of 300] Compiling Data.Functor.App
[ 92 of 300] Compiling Data.Ord.Min
[ 91 of 300] Compiling Data.Monoid.Alternate
[ 93 of 300] Compiling Data.Profunctor
[ 94 of 300] Compiling Test.FibFFI
[ 95 of 300] Compiling Test.LazyEvaluationFFI
[ 96 of 300] Compiling Test.AckermannFFICheatcode
[ 97 of 300] Compiling Test.LazyEvaluationFFICheatcode
[ 98 of 300] Compiling Test.ListOpsFFI
[ 99 of 300] Compiling Test.PrimesFFI
[100 of 300] Compiling Test.RowToListFFICheatcode
[101 of 300] Compiling Test.FibFFICheatcode
[102 of 300] Compiling Test.Church
[103 of 300] Compiling Test.BenchCheck
[104 of 300] Compiling Test.AckermannFFI
[105 of 300] Compiling Test.RowToListFFI
[106 of 300] Compiling Test.ChurchFFICheatcode
[108 of 300] Compiling Test.TCOFFICheatcode
[107 of 300] Compiling Test.Ackermann
[111 of 300] Compiling Test.ArrayOpsFFI
[110 of 300] Compiling Test.Primes
[112 of 300] Compiling Test.RBTree
[109 of 300] Compiling Test.LazyEvaluation
[113 of 300] Compiling Test.TCOFFI
[114 of 300] Compiling Test.RecordsFFI
[115 of 300] Compiling Test.RowToList
[116 of 300] Compiling Test.TCO
[117 of 300] Compiling Test.Records
[118 of 300] Compiling Test.StateMonadFFI
[119 of 300] Compiling Test.ChurchFFI
[120 of 300] Compiling Test.PolymorphismFFICheatcode
[121 of 300] Compiling Test.ListOpsFFICheatcode
[122 of 300] Compiling Test.RecordsFFICheatcode
[123 of 300] Compiling Test.AstTreeFFICheatcode
[124 of 300] Compiling Test.AstTreeFFI
[125 of 300] Compiling Test.AstTree
[126 of 300] Compiling Test.PolymorphismFFI
[128 of 300] Compiling Test.RBTreeFFICheatcode
[129 of 300] Compiling Test.ArrayOpsFFICheatcode
[127 of 300] Compiling Test.StateMonad
[130 of 300] Compiling Test.RBTreeFFI
[131 of 300] Compiling Test.Fib
[132 of 300] Compiling Test.StateMonadFFICheatcode
[133 of 300] Compiling Test.Polymorphism
[134 of 300] Compiling Test.PrimesFFICheatcode
[135 of 300] Compiling Test.ListOps
[136 of 300] Compiling Data.Profunctor.Closed
[137 of 300] Compiling Data.String.Common
[138 of 300] Compiling Data.Functor.Compose
[139 of 300] Compiling Data.Functor.Invariant
[140 of 300] Compiling AppFFICheatcode
[141 of 300] Compiling AppFFI
[143 of 300] Compiling Data.Profunctor.Join
[142 of 300] Compiling Data.Const
[144 of 300] Compiling Data.Identity
[146 of 300] Compiling Data.Tuple
[145 of 300] Compiling Data.Maybe
[147 of 300] Compiling Data.Profunctor.Split
[148 of 300] Compiling Data.Functor.Contravariant
[149 of 300] Compiling Data.Op
[150 of 300] Compiling Data.Predicate
[151 of 300] Compiling Data.Comparison
[152 of 300] Compiling Data.Equivalence
[153 of 300] Compiling Data.Maybe.First
[154 of 300] Compiling Data.Maybe.Last
[155 of 300] Compiling Data.String.CodeUnits
[156 of 300] Compiling Data.Number
[157 of 300] Compiling Data.Either
[159 of 300] Compiling Data.Number.Approximate
[158 of 300] Compiling Data.Int
[160 of 300] Compiling Data.Divide
[162 of 300] Compiling Data.Profunctor.Strong
[161 of 300] Compiling Control.Monad.State.Class
[163 of 300] Compiling Control.Monad.Writer.Class
[164 of 300] Compiling Data.Profunctor.Costrong
[165 of 300] Compiling Data.Distributive
[166 of 300] Compiling Data.Tuple.Nested
[167 of 300] Compiling Data.Divisible
[168 of 300] Compiling Data.Decide
[169 of 300] Compiling Effect.Exception
[172 of 300] Compiling Data.Either.Inject
[171 of 300] Compiling Data.Bifunctor
[173 of 300] Compiling Data.Profunctor.Choice
[170 of 300] Compiling Data.Either.Nested
[174 of 300] Compiling Data.Profunctor.Cochoice
[176 of 300] Compiling Effect.Exception.Unsafe
[175 of 300] Compiling Control.Monad.Error.Class
[177 of 300] Compiling Data.Profunctor.Star
[178 of 300] Compiling Control.Biapply
[179 of 300] Compiling Data.Functor.Coproduct
[180 of 300] Compiling Data.Functor.Costar
[181 of 300] Compiling Control.Monad.Rec.Class
[182 of 300] Compiling Data.Functor.Product
[183 of 300] Compiling Data.Decidable
[184 of 300] Compiling Control.Biapplicative
[185 of 300] Compiling Data.Functor.Product2
[186 of 300] Compiling Data.Functor.Clown
[187 of 300] Compiling Data.Bifunctor.Join
[188 of 300] Compiling Data.Functor.Flip
[189 of 300] Compiling Data.Functor.Joker
[190 of 300] Compiling Data.Functor.Product.Nested
[192 of 300] Compiling Data.Functor.Coproduct.Inject
[191 of 300] Compiling Data.Functor.Coproduct.Nested
[194 of 300] Compiling Data.FunctorWithIndex
[193 of 300] Compiling Data.Foldable
[195 of 300] Compiling Control.Monad.ST.Internal
[196 of 300] Compiling Control.Monad.ST
[197 of 300] Compiling Control.Monad.ST.Ref
[198 of 300] Compiling Control.Monad.ST.Uncurried
[199 of 300] Compiling Control.Monad.ST.Global
[200 of 300] Compiling Control.Monad.ST.Class
[201 of 300] Compiling Control.Monad.RWS.Trans
[202 of 300] Compiling Control.Monad.State.Trans
[203 of 300] Compiling Control.Monad.Cont.Trans
[204 of 300] Compiling Control.Monad.Writer.Trans
[205 of 300] Compiling Control.Monad.Except.Trans
[206 of 300] Compiling Control.Monad.Maybe.Trans
[207 of 300] Compiling Control.Monad.Reader.Trans
[208 of 300] Compiling Data.Array.ST
[209 of 300] Compiling Data.Array.ST.Partial
[210 of 300] Compiling Data.Array.ST.Iterator
[211 of 300] Compiling Control.Monad.Cont
[212 of 300] Compiling Control.Monad.Reader
[213 of 300] Compiling Control.Monad.Except
[214 of 300] Compiling Control.Parallel.Class
[215 of 300] Compiling Control.Monad.Writer
[216 of 300] Compiling Control.Monad.State
[217 of 300] Compiling Control.Monad.RWS
[218 of 300] Compiling Data.Bifoldable
[219 of 300] Compiling Data.Semigroup.Foldable
[221 of 300] Compiling Data.Traversable
[220 of 300] Compiling Data.FoldableWithIndex
[222 of 300] Compiling Data.Bitraversable
[223 of 300] Compiling Control.Monad.Identity.Trans
[225 of 300] Compiling Data.Semigroup.Traversable
[224 of 300] Compiling Control.Parallel
[226 of 300] Compiling Effect.Aff
[227 of 300] Compiling Data.Unfoldable1
[228 of 300] Compiling Data.TraversableWithIndex
[229 of 300] Compiling Control.Comonad.Trans.Class
[230 of 300] Compiling Control.Comonad.Traced.Trans
[231 of 300] Compiling Control.Comonad.Store.Trans
[232 of 300] Compiling Data.Unfoldable
[234 of 300] Compiling Control.Monad.Gen
[233 of 300] Compiling Data.Enum
[235 of 300] Compiling Data.NonEmpty
[236 of 300] Compiling Data.Array.NonEmpty.Internal
[238 of 300] Compiling Data.Lazy
[237 of 300] Compiling Control.Comonad.Env.Trans
[239 of 300] Compiling Data.Time.Duration.Gen
[240 of 300] Compiling Effect.Aff.Compat
[241 of 300] Compiling Data.Array
[242 of 300] Compiling Control.Comonad.Store.Class
[243 of 300] Compiling Data.Enum.Generic
[244 of 300] Compiling Data.Date.Component
[245 of 300] Compiling Data.Time.Component
[246 of 300] Compiling Data.Char
[247 of 300] Compiling Control.Monad.List.Trans
[249 of 300] Compiling Data.Enum.Gen
[248 of 300] Compiling Data.List.Types
[250 of 300] Compiling Control.Monad.Gen.Common
[251 of 300] Compiling Data.Char.Gen
[252 of 300] Compiling Data.List.Lazy.Types
[253 of 300] Compiling Control.Comonad.Store
[254 of 300] Compiling Control.Comonad.Env.Class
[255 of 300] Compiling Data.String.Gen
[256 of 300] Compiling Data.Time.Component.Gen
[257 of 300] Compiling Data.Time
[258 of 300] Compiling Control.Comonad.Env
[259 of 300] Compiling Control.Comonad.Traced.Class
[260 of 300] Compiling Data.Date
[261 of 300] Compiling Data.Date.Component.Gen
[262 of 300] Compiling Control.Comonad.Traced
[263 of 300] Compiling Data.Time.Gen
[264 of 300] Compiling Data.String.CodePoints
[265 of 300] Compiling Data.Array.Partial
[266 of 300] Compiling Test.ArrayOps
[267 of 300] Compiling Data.Array.NonEmpty
[268 of 300] Compiling Data.DateTime
[269 of 300] Compiling Data.Date.Gen
[270 of 300] Compiling App
[271 of 300] Compiling Effect.Aff.Class
[272 of 300] Compiling Data.List.Internal
[273 of 300] Compiling Main
[274 of 300] Compiling Data.DateTime.Gen
[275 of 300] Compiling Data.DateTime.Instant
[277 of 300] Compiling Effect.Now
[276 of 300] Compiling Data.List.Lazy
[278 of 300] Compiling Data.List
[279 of 300] Compiling Data.String
[280 of 300] Compiling Data.String.NonEmpty.Internal
[281 of 300] Compiling Data.String.CaseInsensitive
[282 of 300] Compiling Data.String.Regex.Flags
[283 of 300] Compiling Data.String.NonEmpty.CodeUnits
[284 of 300] Compiling Data.String.Regex
[285 of 300] Compiling Data.String.NonEmpty.CodePoints
[286 of 300] Compiling Data.String.Regex.Unsafe
[287 of 300] Compiling Data.String.NonEmpty
[288 of 300] Compiling Data.String.NonEmpty.CaseInsensitive
[290 of 300] Compiling Data.List.ZipList
[289 of 300] Compiling Data.List.Lazy.NonEmpty
[293 of 300] Compiling Data.List.Partial
[291 of 300] Compiling Data.List.NonEmpty
[292 of 300] Compiling Data.Map.Internal
[294 of 300] Compiling Data.Set
[296 of 300] Compiling Data.Map
[295 of 300] Compiling Data.Set.NonEmpty
[297 of 300] Compiling Data.Map.Gen
[298 of 300] Compiling Data.Interval.Duration
[300 of 300] Compiling Data.Interval
[299 of 300] Compiling Data.Interval.Duration.Iso
           Src   Lib   All
Warnings     0     0     0
Errors       0     0     0

✓ Build succeeded.

{
  msg: 'LetRec val type for spin',
  valType: Func2 { value0: [ [ADT2] ], value1: TypeVar2 { value0: 'a' } }
}
{
  msg: 'LetRec val type for spin',
  valType: Func2 { value0: [ [ADT2] ], value1: TypeVar2 { value0: 'a' } }
}
{
  msg: 'LetRec val type for spin',
  valType: Func2 { value0: [ [ADT2] ], value1: TypeVar2 { value0: 'a' } }
}
{
  msg: 'LetRec val type for go',
  valType: Func2 {
    value0: [ Int2 {}, [TypeVar2] ],
    value1: TypeVar2 { value0: 'a' }
  }
}
{
  msg: 'LetRec val type for go',
  valType: Func2 { value0: [ Int2 {} ], value1: TypeVar2 { value0: 'm' } }
}
{ msg: 'LetRec val type for go', valType: TypeVar2 { value0: 'l' } }
{
  msg: 'LetRec val type for go',
  valType: Func2 { value0: [ [ADT2] ], value1: TypeVar2 { value0: 'b' } }
}
{
  msg: 'LetRec val type for go',
  valType: Func2 { value0: [ [ADT2] ], value1: TypeVar2 { value0: 'b' } }
}
{
  msg: 'LetRec val type for go',
  valType: Func2 { value0: [ [ADT2] ], value1: TypeVar2 { value0: 'b' } }
}
{
  msg: 'LetRec val type for go',
  valType: Func2 { value0: [ [ADT2] ], value1: TypeVar2 { value0: 'b' } }
}
{
  msg: 'LetRec val type for go',
  valType: Func2 { value0: [ [ADT2] ], value1: TypeVar2 { value0: 'b' } }
}
{
  msg: 'LetRec val type for go',
  valType: Func2 { value0: [ [ADT2] ], value1: TypeVar2 { value0: 'b' } }
}
{
  msg: 'LetRec val type for go',
  valType: Func2 { value0: [ [ADT2] ], value1: TypeVar2 { value0: 'b' } }
}
{
  msg: 'LetRec val type for go',
  valType: Func2 {
    value0: [ [TypeVar2], [ADT2], [ADT2] ],
    value1: TypeVar2 { value0: 'b' }
  }
}
{
  msg: 'LetRec val type for go',
  valType: Func2 {
    value0: [ [TypeVar2], [ADT2], [ADT2] ],
    value1: TypeVar2 { value0: 'b' }
  }
}
{
  msg: 'LetRec val type for go',
  valType: Func2 {
    value0: [ Int2 {}, [$$Array2] ],
    value1: $$Array2 { value0: [$$Array2] }
  }
}
{
  msg: 'LetRec val type for go',
  valType: Func2 {
    value0: [ Int2 {}, [ADT2] ],
    value1: ADT2 {
      value0: 'Test.ListOps.List',
      value1: [Array],
      value2: [Array]
    }
  }
}
{
  msg: 'LetRec val type for go',
  valType: Func2 {
    value0: [ [ADT2], [ADT2] ],
    value1: ADT2 {
      value0: 'Test.ListOps.List',
      value1: [Array],
      value2: [Array]
    }
  }
}
{
  msg: 'LetRec val type for go',
  valType: Func2 {
    value0: [ Int2 {}, [ADT2] ],
    value1: ADT2 {
      value0: 'Test.ListOps.List',
      value1: [Array],
      value2: [Array]
    }
  }
}
{
  msg: 'LetRec val type for go',
  valType: Func2 {
    value0: [ [ADT2], [ADT2] ],
    value1: ADT2 {
      value0: 'Test.ListOps.List',
      value1: [Array],
      value2: [Array]
    }
  }
}
{
  msg: 'LetRec val type for go',
  valType: Func2 {
    value0: [ Int2 {}, [TypeVar2] ],
    value1: TypeVar2 { value0: 'a' }
  }
}
{
  msg: 'LetRec val type for go',
  valType: Func2 {
    value0: [ Int2 {}, [TypeVar2] ],
    value1: TypeVar2 { value0: 'a' }
  }
}
{
  msg: 'LetRec val type for go',
  valType: Func2 { value0: [ [ADT2], Int2 {} ], value1: Int2 {} }
}
{
  msg: 'LetRec val type for go',
  valType: Func2 {
    value0: [ [ADT2], [ADT2] ],
    value1: ADT2 {
      value0: 'Test.Primes.List',
      value1: [Array],
      value2: [Array]
    }
  }
}
{
  msg: 'LetRec val type for go',
  valType: Func2 {
    value0: [ Int2 {}, [ADT2] ],
    value1: ADT2 {
      value0: 'Test.Primes.List',
      value1: [Array],
      value2: [Array]
    }
  }
}
{
  msg: 'LetRec val type for go',
  valType: Func2 {
    value0: [ [ADT2], [ADT2] ],
    value1: ADT2 {
      value0: 'Test.Primes.List',
      value1: [Array],
      value2: [Array]
    }
  }
}
{
  msg: 'LetRec val type for go',
  valType: Func2 {
    value0: [ [ADT2], [ADT2] ],
    value1: ADT2 {
      value0: 'Test.Primes.List',
      value1: [Array],
      value2: [Array]
    }
  }
}
{
  msg: 'LetRec val type for go',
  valType: Func2 {
    value0: [ [ADT2], [ADT2] ],
    value1: ADT2 {
      value0: 'Test.Primes.List',
      value1: [Array],
      value2: [Array]
    }
  }
}
{
  msg: 'LetRec val type for go',
  valType: Func2 {
    value0: [ [ADT2], [ADT2] ],
    value1: ADT2 {
      value0: 'Test.Primes.List',
      value1: [Array],
      value2: [Array]
    }
  }
}
{
  msg: 'LetRec val type for go',
  valType: Func2 { value0: [ [ADT2], Int2 {} ], value1: Int2 {} }
}
{
  msg: 'LetRec val type for go',
  valType: Func2 {
    value0: [ Int2 {}, [ADT2] ],
    value1: ADT2 {
      value0: 'Test.Primes.List',
      value1: [Array],
      value2: [Array]
    }
  }
}
{
  msg: 'LetRec val type for go',
  valType: Func2 {
    value0: [ Int2 {}, [ADT2] ],
    value1: TypeVar2 { value0: 'a' }
  }
}
{
  msg: 'LetRec val type for loop',
  valType: Func2 {
    value0: [ [TypeVar2], [TypeApp3] ],
    value1: TypeApp3 { value0: [TypeVar2], value1: [Array] }
  }
}
{
  msg: 'LetRec val type for loop',
  valType: Func2 {
    value0: [ [TypeVar2], [TypeApp3] ],
    value1: TypeApp3 { value0: [TypeVar2], value1: [Array] }
  }
}
{
  msg: 'LetRec val type for go',
  valType: Func2 {
    value0: [ [ADT2] ],
    value1: TypeApp3 { value0: [TypeVar2], value1: [Array] }
  }
}
{
  msg: 'LetRec val type for go',
  valType: Func2 {
    value0: [ [ADT2] ],
    value1: TypeApp3 { value0: [TypeVar2], value1: [Array] }
  }
}
{
  msg: 'LetRec val type for go',
  valType: Func2 {
    value0: [ Int2 {}, [TypeVar2] ],
    value1: ADT2 {
      value0: 'Data.Maybe.Maybe',
      value1: [Array],
      value2: [Array]
    }
  }
}
{
  msg: 'LetRec val type for go',
  valType: Func2 { value0: [ Int2 {}, [TypeVar2] ], value1: Int2 {} }
}
{
  msg: 'LetRec val type for go',
  valType: Func2 { value0: [ Int2 {}, [TypeVar2] ], value1: Int2 {} }
}
{
  msg: 'LetRec val type for adj',
  valType: Func2 {
    value0: [ Int2 {}, [ADT2] ],
    value1: ADT2 {
      value0: 'Data.Maybe.Maybe',
      value1: [Array],
      value2: [Array]
    }
  }
}
{
  msg: 'LetRec val type for spin',
  valType: Func2 { value0: [ [ADT2] ], value1: TypeVar2 { value0: 'a' } }
}
{
  msg: 'LetRec val type for spin',
  valType: Func2 { value0: [ [ADT2] ], value1: TypeVar2 { value0: 'a' } }
}
{
  msg: 'LetRec val type for spin',
  valType: Func2 { value0: [ [ADT2] ], value1: TypeVar2 { value0: 'a' } }
}
{
  msg: 'LetRec val type for spin',
  valType: Func2 { value0: [ [ADT2] ], value1: TypeVar2 { value0: 'a' } }
}
{
  msg: 'LetRec val type for spin',
  valType: Func2 { value0: [ [ADT2] ], value1: TypeVar2 { value0: 'a' } }
}
{
  msg: 'LetRec val type for spin',
  valType: Func2 { value0: [ [ADT2] ], value1: TypeVar2 { value0: 'a' } }
}
{
  msg: 'LetRec val type for spin',
  valType: Func2 { value0: [ [ADT2] ], value1: TypeVar2 { value0: 'a' } }
}
{
  msg: 'LetRec val type for spin',
  valType: Func2 { value0: [ [ADT2] ], value1: TypeVar2 { value0: 'a' } }
}
{
  msg: 'LetRec val type for spin',
  valType: Func2 { value0: [ [ADT2] ], value1: TypeVar2 { value0: 'a' } }
}
{
  msg: 'LetRec val type for spin',
  valType: Func2 { value0: [ [ADT2] ], value1: TypeVar2 { value0: 'a' } }
}
{
  msg: 'LetRec val type for spin',
  valType: Func2 { value0: [ [ADT2] ], value1: TypeVar2 { value0: 'a' } }
}
{
  msg: 'LetRec val type for spin',
  valType: Func2 { value0: [ [ADT2] ], value1: TypeVar2 { value0: 'a' } }
}
{
  msg: 'LetRec val type for spin',
  valType: Func2 { value0: [ [ADT2] ], value1: TypeVar2 { value0: 'a' } }
}
{
  msg: 'LetRec val type for spin',
  valType: Func2 { value0: [ [ADT2] ], value1: TypeVar2 { value0: 'a' } }
}
{
  msg: 'LetRec val type for spin',
  valType: Func2 { value0: [ [ADT2] ], value1: TypeVar2 { value0: 'a' } }
}
{
  msg: 'LetRec val type for spin',
  valType: Func2 { value0: [ [ADT2] ], value1: TypeVar2 { value0: 'a' } }
}
{
  msg: 'LetRec val type for spin',
  valType: Func2 { value0: [ [ADT2] ], value1: TypeVar2 { value0: 'a' } }
}
{
  msg: 'LetRec val type for spin',
  valType: Func2 { value0: [ [ADT2] ], value1: TypeVar2 { value0: 'a' } }
}
{
  msg: 'LetRec val type for spin',
  valType: Func2 { value0: [ [ADT2] ], value1: TypeVar2 { value0: 'a' } }
}
{
  msg: 'LetRec val type for spin',
  valType: Func2 { value0: [ [ADT2] ], value1: TypeVar2 { value0: 'a' } }
}
{
  msg: 'LetRec val type for spin',
  valType: Func2 { value0: [ [ADT2] ], value1: TypeVar2 { value0: 'a' } }
}
{
  msg: 'LetRec val type for spin',
  valType: Func2 { value0: [ [ADT2] ], value1: TypeVar2 { value0: 'a' } }
}
{
  msg: 'LetRec val type for spin',
  valType: Func2 { value0: [ [ADT2] ], value1: TypeVar2 { value0: 'a' } }
}
{
  msg: 'LetRec val type for spin',
  valType: Func2 { value0: [ [ADT2] ], value1: TypeVar2 { value0: 'a' } }
}
{
  msg: 'LetRec val type for chunkedRevMap',
  valType: Func2 {
    value0: [ [ADT2], [ADT2] ],
    value1: ADT2 {
      value0: 'Data.List.Types.List',
      value1: [Array],
      value2: [Array]
    }
  }
}
{
  msg: 'LetRec val type for reverseUnrolledMap',
  valType: Func2 {
    value0: [ [ADT2], [ADT2] ],
    value1: ADT2 {
      value0: 'Data.List.Types.List',
      value1: [Array],
      value2: [Array]
    }
  }
}
{
  msg: 'LetRec val type for go',
  valType: Func2 {
    value0: [ [TypeVar2], [ADT2] ],
    value1: TypeVar2 { value0: 'b' }
  }
}
{
  msg: 'LetRec val type for go',
  valType: Func2 {
    value0: [ [ADT2], [ADT2] ],
    value1: ADT2 {
      value0: 'Data.List.Types.List',
      value1: [Array],
      value2: [Array]
    }
  }
}
{
  msg: 'LetRec val type for go',
  valType: Func2 {
    value0: [ [TypeVar2], [ADT2] ],
    value1: TypeVar2 { value0: 'b' }
  }
}
{
  msg: 'LetRec val type for go',
  valType: Func2 {
    value0: [ [TypeVar2], [ADT2] ],
    value1: TypeVar2 { value0: 'b' }
  }
}
{
  msg: 'LetRec val type for go',
  valType: Func2 {
    value0: [ [TypeVar2], [ADT2] ],
    value1: TypeVar2 { value0: 'b' }
  }
}
{
  msg: 'LetRec val type for go',
  valType: Func2 {
    value0: [ [TypeVar2], [ADT2] ],
    value1: TypeVar2 { value0: 'b' }
  }
}
{
  msg: 'LetRec val type for go',
  valType: Func2 {
    value0: [ [TypeVar2], [ADT2] ],
    value1: TypeVar2 { value0: 'b' }
  }
}
{
  msg: 'LetRec val type for go',
  valType: Func2 {
    value0: [ [TypeVar2], [ADT2] ],
    value1: TypeVar2 { value0: 'b' }
  }
}
{
  msg: 'LetRec val type for go',
  valType: Func2 {
    value0: [ [TypeVar2], [ADT2] ],
    value1: TypeVar2 { value0: 'b' }
  }
}
{
  msg: 'LetRec val type for go',
  valType: Func2 {
    value0: [ [TypeVar2], [ADT2] ],
    value1: TypeVar2 { value0: 'b' }
  }
}
{
  msg: 'LetRec val type for go',
  valType: Func2 {
    value0: [ [TypeVar2], [ADT2] ],
    value1: TypeVar2 { value0: 'b' }
  }
}
{
  msg: 'LetRec val type for go',
  valType: Func2 {
    value0: [ [TypeVar2], [ADT2] ],
    value1: ADT2 {
      value0: 'Data.List.Types.List',
      value1: [Array],
      value2: [Array]
    }
  }
}
{
  msg: 'LetRec val type for go',
  valType: Func2 {
    value0: [ [TypeVar2], [ADT2] ],
    value1: TypeVar2 { value0: 'b' }
  }
}
{
  msg: 'LetRec val type for go',
  valType: Func2 {
    value0: [ [TypeVar2], [ADT2] ],
    value1: ADT2 {
      value0: 'Data.List.Types.List',
      value1: [Array],
      value2: [Array]
    }
  }
}
{
  msg: 'LetRec val type for go',
  valType: Func2 {
    value0: [ [TypeVar2], [ADT2] ],
    value1: TypeVar2 { value0: 'b' }
  }
}
{
  msg: 'LetRec val type for go',
  valType: Func2 {
    value0: [ [TypeVar2], [ADT2] ],
    value1: ADT2 {
      value0: 'Data.List.Types.List',
      value1: [Array],
      value2: [Array]
    }
  }
}
{
  msg: 'LetRec val type for go',
  valType: Func2 {
    value0: [ [TypeVar2], [ADT2] ],
    value1: TypeVar2 { value0: 'b' }
  }
}
{
  msg: 'LetRec val type for go',
  valType: Func2 {
    value0: [ [ADT2], [ADT2], $$Boolean2 {} ],
    value1: $$Boolean2 {}
  }
}
{
  msg: 'LetRec val type for go',
  valType: Func2 {
    value0: [ [ADT2], [ADT2], $$Boolean2 {} ],
    value1: $$Boolean2 {}
  }
}
{
  msg: 'LetRec val type for go',
  valType: Func2 {
    value0: [ [ADT2], [ADT2], $$Boolean2 {} ],
    value1: $$Boolean2 {}
  }
}
{
  msg: 'LetRec val type for go',
  valType: Func2 {
    value0: [ [ADT2], [ADT2], $$Boolean2 {} ],
    value1: $$Boolean2 {}
  }
}
{
  msg: 'LetRec val type for go',
  valType: Func2 {
    value0: [ [ADT2], [ADT2], $$Boolean2 {} ],
    value1: $$Boolean2 {}
  }
}
{
  msg: 'LetRec val type for go',
  valType: Func2 {
    value0: [ [ADT2], [ADT2] ],
    value1: ADT2 {
      value0: 'Data.Ordering.Ordering',
      value1: [Array],
      value2: []
    }
  }
}
{
  msg: 'LetRec val type for go',
  valType: Func2 {
    value0: [ [ADT2], [ADT2], $$Boolean2 {} ],
    value1: $$Boolean2 {}
  }
}
{
  msg: 'LetRec val type for go',
  valType: Func2 {
    value0: [ [ADT2], [ADT2] ],
    value1: ADT2 {
      value0: 'Data.Ordering.Ordering',
      value1: [Array],
      value2: []
    }
  }
}
{
  msg: 'LetRec val type for go',
  valType: Func2 {
    value0: [ [TypeVar2], [ADT2] ],
    value1: TypeVar2 { value0: 'b' }
  }
}
{
  msg: 'LetRec val type for go',
  valType: Func2 {
    value0: [ [TypeVar2], [ADT2] ],
    value1: TypeVar2 { value0: 'b' }
  }
}
{
  msg: 'LetRec val type for up',
  valType: Func2 {
    value0: [ [ADT2], [ADT2] ],
    value1: ADT2 {
      value0: 'Data.List.Internal.Set',
      value1: [Array],
      value2: [Array]
    }
  }
}
{
  msg: 'LetRec val type for down',
  valType: Func2 {
    value0: [ [ADT2], [ADT2] ],
    value1: Record2 { value0: [Row2] }
  }
}
{
  msg: 'LetRec val type for go',
  valType: Func2 { value0: [ [ADT2] ], value1: TypeVar2 { value0: 'b' } }
}
{
  msg: 'LetRec val type for merge',
  valType: Func2 {
    value0: [ [ADT2], [ADT2] ],
    value1: ADT2 {
      value0: 'Data.List.Types.List',
      value1: [Array],
      value2: [Array]
    }
  }
}
{
  msg: 'LetRec val type for mergePairs',
  valType: Func2 {
    value0: [ [ADT2] ],
    value1: ADT2 {
      value0: 'Data.List.Types.List',
      value1: [Array],
      value2: [Array]
    }
  }
}
{
  msg: 'LetRec val type for mergeAll',
  valType: Func2 {
    value0: [ [ADT2] ],
    value1: ADT2 {
      value0: 'Data.List.Types.List',
      value1: [Array],
      value2: [Array]
    }
  }
}
{
  msg: 'LetRec val type for sequences',
  valType: Func2 {
    value0: [ [ADT2] ],
    value1: ADT2 {
      value0: 'Data.List.Types.List',
      value1: [Array],
      value2: [Array]
    }
  }
}
{
  msg: 'LetRec val type for descending',
  valType: Func2 {
    value0: [ [TypeVar2], [ADT2], [ADT2] ],
    value1: ADT2 {
      value0: 'Data.List.Types.List',
      value1: [Array],
      value2: [Array]
    }
  }
}
{
  msg: 'LetRec val type for ascending',
  valType: Func2 {
    value0: [ [TypeVar2], [Func2], [ADT2] ],
    value1: ADT2 {
      value0: 'Data.List.Types.List',
      value1: [Array],
      value2: [Array]
    }
  }
}
{
  msg: 'LetRec val type for go',
  valType: Func2 {
    value0: [ [ADT2], [ADT2] ],
    value1: ADT2 {
      value0: 'Data.List.Types.List',
      value1: [Array],
      value2: [Array]
    }
  }
}
{
  msg: 'LetRec val type for go',
  valType: Func2 {
    value0: [ [ADT2], Int2 {}, [ADT2] ],
    value1: ADT2 {
      value0: 'Data.List.Types.List',
      value1: [Array],
      value2: [Array]
    }
  }
}
{
  msg: 'LetRec val type for go',
  valType: Func2 {
    value0: [ [ADT2], [ADT2] ],
    value1: ADT2 {
      value0: 'Data.List.Types.List',
      value1: [Array],
      value2: [Array]
    }
  }
}
{
  msg: 'LetRec val type for go',
  valType: Func2 {
    value0: [ [ADT2], [ADT2] ],
    value1: ADT2 {
      value0: 'Data.List.Types.List',
      value1: [Array],
      value2: [Array]
    }
  }
}
{
  msg: 'LetRec val type for go',
  valType: Func2 {
    value0: [ [ADT2], [ADT2] ],
    value1: ADT2 {
      value0: 'Data.List.Types.List',
      value1: [Array],
      value2: [Array]
    }
  }
}
{
  msg: 'LetRec val type for go',
  valType: Func2 {
    value0: [ [ADT2], [ADT2] ],
    value1: ADT2 {
      value0: 'Data.List.Types.List',
      value1: [Array],
      value2: [Array]
    }
  }
}
{
  msg: 'LetRec val type for go',
  valType: Func2 {
    value0: [ [ADT2], [ADT2] ],
    value1: ADT2 {
      value0: 'Data.Maybe.Maybe',
      value1: [Array],
      value2: [Array]
    }
  }
}
{
  msg: 'LetRec val type for go',
  valType: Func2 {
    value0: [ [ADT2], [ADT2] ],
    value1: ADT2 {
      value0: 'Data.List.Types.List',
      value1: [Array],
      value2: [Array]
    }
  }
}
{
  msg: 'LetRec val type for go',
  valType: Func2 {
    value0: [ [ADT2], [ADT2], [ADT2] ],
    value1: ADT2 {
      value0: 'Data.List.Types.List',
      value1: [Array],
      value2: [Array]
    }
  }
}
{
  msg: 'LetRec val type for go',
  valType: Func2 {
    value0: [ [ADT2], [ADT2] ],
    value1: ADT2 {
      value0: 'Data.List.Types.List',
      value1: [Array],
      value2: [Array]
    }
  }
}
{
  msg: 'LetRec val type for go',
  valType: Func2 {
    value0: [ [ADT2], [ADT2], [ADT2] ],
    value1: ADT2 {
      value0: 'Data.List.Types.List',
      value1: [Array],
      value2: [Array]
    }
  }
}
{
  msg: 'LetRec val type for go',
  valType: Func2 {
    value0: [ [ADT2], [ADT2] ],
    value1: ADT2 {
      value0: 'Data.List.Types.List',
      value1: [Array],
      value2: [Array]
    }
  }
}
{
  msg: 'LetRec val type for go',
  valType: Func2 {
    value0: [ [ADT2], [ADT2], [ADT2] ],
    value1: ADT2 {
      value0: 'Data.List.Types.List',
      value1: [Array],
      value2: [Array]
    }
  }
}
{
  msg: 'LetRec val type for go',
  valType: Func2 {
    value0: [ [ADT2], [ADT2] ],
    value1: ADT2 {
      value0: 'Data.List.Types.List',
      value1: [Array],
      value2: [Array]
    }
  }
}
{
  msg: 'LetRec val type for go',
  valType: Func2 {
    value0: [ Int2 {}, Int2 {}, Int2 {}, [ADT2] ],
    value1: ADT2 {
      value0: 'Data.List.Types.List',
      value1: [Array],
      value2: [Array]
    }
  }
}
{
  msg: 'LetRec val type for go',
  valType: Func2 {
    value0: [ [ADT2], [ADT2], [ADT2] ],
    value1: ADT2 {
      value0: 'Data.List.Types.List',
      value1: [Array],
      value2: [Array]
    }
  }
}
{
  msg: 'LetRec val type for go',
  valType: Func2 {
    value0: [ [ADT2], [ADT2] ],
    value1: ADT2 {
      value0: 'Data.List.Types.List',
      value1: [Array],
      value2: [Array]
    }
  }
}
{
  msg: 'LetRec val type for go',
  valType: Func2 {
    value0: [ [ADT2], [ADT2] ],
    value1: ADT2 {
      value0: 'Data.List.Types.List',
      value1: [Array],
      value2: [Array]
    }
  }
}
{
  msg: 'LetRec val type for go',
  valType: Func2 {
    value0: [ [ADT2], [ADT2] ],
    value1: ADT2 {
      value0: 'Data.List.Types.List',
      value1: [Array],
      value2: [Array]
    }
  }
}
{
  msg: 'LetRec val type for go',
  valType: Func2 {
    value0: [ [ADT2], [ADT2] ],
    value1: ADT2 {
      value0: 'Data.List.Types.List',
      value1: [Array],
      value2: [Array]
    }
  }
}
{
  msg: 'LetRec val type for go',
  valType: Func2 {
    value0: [ [TypeVar2], [ADT2] ],
    value1: TypeVar2 { value0: 'b' }
  }
}
{
  msg: 'LetRec val type for go',
  valType: Func2 {
    value0: [ [ADT2], [ADT2] ],
    value1: ADT2 {
      value0: 'Data.List.Types.List',
      value1: [Array],
      value2: [Array]
    }
  }
}
{
  msg: 'LetRec val type for go',
  valType: Func2 {
    value0: [ [ADT2], [ADT2] ],
    value1: ADT2 {
      value0: 'Data.List.Types.List',
      value1: [Array],
      value2: [Array]
    }
  }
}
{
  msg: 'LetRec val type for go',
  valType: Func2 {
    value0: [ [ADT2], [ADT2] ],
    value1: ADT2 {
      value0: 'Data.List.Types.List',
      value1: [Array],
      value2: [Array]
    }
  }
}
{
  msg: 'LetRec val type for go',
  valType: Func2 {
    value0: [ [ADT2], [ADT2] ],
    value1: ADT2 {
      value0: 'Data.List.Types.List',
      value1: [Array],
      value2: [Array]
    }
  }
}
{
  msg: 'LetRec val type for go',
  valType: Func2 {
    value0: [ Int2 {}, [ADT2] ],
    value1: ADT2 {
      value0: 'Data.Maybe.Maybe',
      value1: [Array],
      value2: [Array]
    }
  }
}
{
  msg: 'LetRec val type for go',
  valType: Func2 {
    value0: [ Int2 {}, [ADT2] ],
    value1: ADT2 {
      value0: 'Data.Maybe.Maybe',
      value1: [Array],
      value2: [Array]
    }
  }
}
{
  msg: 'LetRec val type for go',
  valType: Func2 {
    value0: [ [ADT2], [ADT2] ],
    value1: ADT2 {
      value0: 'Data.List.Types.List',
      value1: [Array],
      value2: [Array]
    }
  }
}
{
  msg: 'LetRec val type for go',
  valType: Func2 {
    value0: [ [TypeVar2], [ADT2] ],
    value1: TypeVar2 { value0: 'b' }
  }
}
{
  msg: 'LetRec val type for go',
  valType: Func2 {
    value0: [ [ADT2], [ADT2] ],
    value1: ADT2 {
      value0: 'Data.List.Types.List',
      value1: [Array],
      value2: [Array]
    }
  }
}
{
  msg: 'LetRec val type for go',
  valType: Func2 {
    value0: [ [ADT2], [ADT2] ],
    value1: ADT2 {
      value0: 'Data.List.Types.List',
      value1: [Array],
      value2: [Array]
    }
  }
}
{
  msg: 'LetRec val type for go',
  valType: Func2 {
    value0: [ [ADT2], [ADT2] ],
    value1: ADT2 {
      value0: 'Data.List.Types.List',
      value1: [Array],
      value2: [Array]
    }
  }
}
{
  msg: 'LetRec val type for go',
  valType: Func2 {
    value0: [ [ADT2], [ADT2] ],
    value1: ADT2 {
      value0: 'Data.List.Types.List',
      value1: [Array],
      value2: [Array]
    }
  }
}
{
  msg: 'LetRec val type for go',
  valType: Func2 {
    value0: [ [ADT2], [ADT2] ],
    value1: ADT2 {
      value0: 'Data.List.Types.List',
      value1: [Array],
      value2: [Array]
    }
  }
}
{
  msg: 'LetRec val type for go',
  valType: Func2 {
    value0: [ [ADT2], [ADT2] ],
    value1: ADT2 {
      value0: 'Data.List.Types.List',
      value1: [Array],
      value2: [Array]
    }
  }
}
{
  msg: 'LetRec val type for go',
  valType: Func2 {
    value0: [ [ADT2], [ADT2], $$Boolean2 {} ],
    value1: $$Boolean2 {}
  }
}
{
  msg: 'LetRec val type for go',
  valType: Func2 {
    value0: [ [ADT2], [ADT2], $$Boolean2 {} ],
    value1: $$Boolean2 {}
  }
}
{
  msg: 'LetRec val type for go',
  valType: Func2 {
    value0: [ Int2 {}, [ADT2] ],
    value1: ADT2 {
      value0: 'Data.Maybe.Maybe',
      value1: [Array],
      value2: [Array]
    }
  }
}
{
  msg: 'LetRec val type for go',
  valType: Func2 {
    value0: [ [ADT2] ],
    value1: ADT2 {
      value0: 'Data.List.Types.List',
      value1: [Array],
      value2: [Array]
    }
  }
}
{
  msg: 'LetRec val type for go',
  valType: Func2 {
    value0: [ [TypeVar2], [ADT2] ],
    value1: TypeVar2 { value0: 'b' }
  }
}
{
  msg: 'LetRec val type for go',
  valType: Func2 {
    value0: [ [TypeVar2], [ADT2] ],
    value1: TypeVar2 { value0: 'b' }
  }
}
{
  msg: 'LetRec val type for go',
  valType: Func2 {
    value0: [ [TypeVar2], [ADT2] ],
    value1: TypeVar2 { value0: 'b' }
  }
}
{
  msg: 'LetRec val type for go',
  valType: Func2 {
    value0: [ [TypeVar2], [ADT2] ],
    value1: TypeVar2 { value0: 'b' }
  }
}
{
  msg: 'LetRec val type for go',
  valType: Func2 {
    value0: [ [ADT2], [ADT2] ],
    value1: ADT2 {
      value0: 'Data.List.Types.List',
      value1: [Array],
      value2: [Array]
    }
  }
}
{
  msg: 'LetRec val type for go',
  valType: Func2 {
    value0: [ [ADT2], [ADT2] ],
    value1: ADT2 {
      value0: 'Data.List.Types.List',
      value1: [Array],
      value2: [Array]
    }
  }
}
{
  msg: 'LetRec val type for go',
  valType: Func2 { value0: [ [ADT2] ], value1: TypeVar2 { value0: 'r' } }
}
{
  msg: 'LetRec val type for go',
  valType: Func2 {
    value0: [ [ADT2] ],
    value1: ADT2 {
      value0: 'Data.Map.Internal.Map',
      value1: [Array],
      value2: [Array]
    }
  }
}
{
  msg: 'LetRec val type for go',
  valType: Func2 { value0: [ $$String2 {}, [ADT2] ], value1: $$String2 {} }
}
{
  msg: 'LetRec val type for go',
  valType: Func2 { value0: [ [ADT2] ], value1: $$Boolean2 {} }
}
{
  msg: 'LetRec val type for go',
  valType: Func2 {
    value0: [ [ADT2] ],
    value1: ADT2 {
      value0: 'Data.Map.Internal.Map',
      value1: [Array],
      value2: [Array]
    }
  }
}
{
  msg: 'LetRec val type for go',
  valType: Func2 {
    value0: [ [ADT2] ],
    value1: ADT2 {
      value0: 'Data.Maybe.Maybe',
      value1: [Array],
      value2: [Array]
    }
  }
}
{
  msg: 'LetRec val type for go',
  valType: Func2 {
    value0: [ [ADT2] ],
    value1: ADT2 {
      value0: 'Data.Maybe.Maybe',
      value1: [Array],
      value2: [Array]
    }
  }
}
{
  msg: 'LetRec val type for go',
  valType: Func2 {
    value0: [ [ADT2] ],
    value1: ADT2 {
      value0: 'Data.Maybe.Maybe',
      value1: [Array],
      value2: [Array]
    }
  }
}
{
  msg: 'LetRec val type for go',
  valType: Func2 {
    value0: [ [ADT2], [ADT2] ],
    value1: ADT2 {
      value0: 'Data.Map.Internal.MapIter',
      value1: [Array],
      value2: [Array]
    }
  }
}
{
  msg: 'LetRec val type for go',
  valType: Func2 {
    value0: [ [ADT2], [ADT2] ],
    value1: ADT2 {
      value0: 'Data.Map.Internal.MapIter',
      value1: [Array],
      value2: [Array]
    }
  }
}
{
  msg: 'LetRec val type for go',
  valType: Func2 { value0: [ [ADT2], [ADT2] ], value1: $$Boolean2 {} }
}
{
  msg: 'LetRec val type for go',
  valType: Func2 {
    value0: [ [ADT2], [ADT2] ],
    value1: ADT2 {
      value0: 'Data.Ordering.Ordering',
      value1: [Array],
      value2: []
    }
  }
}
{
  msg: 'LetRec val type for go',
  valType: Func2 { value0: [ [ADT2], [ADT2] ], value1: $$Boolean2 {} }
}
{
  msg: 'LetRec val type for go',
  valType: Func2 {
    value0: [ [ADT2] ],
    value1: ADT2 {
      value0: 'Data.Maybe.Maybe',
      value1: [Array],
      value2: [Array]
    }
  }
}
{
  msg: 'LetRec val type for go',
  valType: Func2 {
    value0: [ [ADT2] ],
    value1: ADT2 {
      value0: 'Data.Map.Internal.Map',
      value1: [Array],
      value2: [Array]
    }
  }
}
{
  msg: 'LetRec val type for go',
  valType: Func2 {
    value0: [ [ADT2] ],
    value1: ADT2 {
      value0: 'Data.Map.Internal.Map',
      value1: [Array],
      value2: [Array]
    }
  }
}
{
  msg: 'LetRec val type for go',
  valType: Func2 {
    value0: [ [ADT2] ],
    value1: ADT2 {
      value0: 'Data.Map.Internal.Map',
      value1: [Array],
      value2: [Array]
    }
  }
}
{
  msg: 'LetRec val type for go',
  valType: Func2 {
    value0: [ [ADT2] ],
    value1: ADT2 {
      value0: 'Data.Map.Internal.Map',
      value1: [Array],
      value2: [Array]
    }
  }
}
{
  msg: 'LetRec val type for go',
  valType: Func2 { value0: [ [ADT2] ], value1: TypeVar2 { value0: 'm' } }
}
{
  msg: 'LetRec val type for go',
  valType: ADT2 {
    value0: 'Data.Function.Uncurried.Fn2',
    value1: [ 'Data', 'Function', 'Uncurried', 'Fn2' ],
    value2: [ [TypeVar2], [ADT2], [TypeVar2] ]
  }
}
{
  msg: 'LetRec val type for go',
  valType: ADT2 {
    value0: 'Data.Function.Uncurried.Fn2',
    value1: [ 'Data', 'Function', 'Uncurried', 'Fn2' ],
    value2: [ [ADT2], [TypeVar2], [TypeVar2] ]
  }
}
{
  msg: 'LetRec val type for go',
  valType: Func2 { value0: [ [ADT2] ], value1: TypeVar2 { value0: 'm' } }
}
{
  msg: 'LetRec val type for go',
  valType: ADT2 {
    value0: 'Data.Function.Uncurried.Fn2',
    value1: [ 'Data', 'Function', 'Uncurried', 'Fn2' ],
    value2: [ [TypeVar2], [ADT2], [TypeVar2] ]
  }
}
{
  msg: 'LetRec val type for go',
  valType: ADT2 {
    value0: 'Data.Function.Uncurried.Fn2',
    value1: [ 'Data', 'Function', 'Uncurried', 'Fn2' ],
    value2: [ [ADT2], [TypeVar2], [TypeVar2] ]
  }
}
{
  msg: 'LetRec val type for go',
  valType: ADT2 {
    value0: 'Data.Function.Uncurried.Fn2',
    value1: [ 'Data', 'Function', 'Uncurried', 'Fn2' ],
    value2: [ [ADT2], [TypeVar2], [TypeVar2] ]
  }
}
{
  msg: 'LetRec val type for go',
  valType: Func2 {
    value0: [ [ADT2] ],
    value1: TypeApp3 { value0: [TypeVar2], value1: [Array] }
  }
}
{
  msg: 'LetRec val type for go',
  valType: Func2 {
    value0: [ [ADT2] ],
    value1: TypeApp3 { value0: [TypeVar2], value1: [Array] }
  }
}
{
  msg: 'LetRec val type for go',
  valType: ADT2 {
    value0: 'Data.Function.Uncurried.Fn2',
    value1: [ 'Data', 'Function', 'Uncurried', 'Fn2' ],
    value2: [ [ADT2], [TypeVar2], [TypeVar2] ]
  }
}
{
  msg: 'LetRec val type for go',
  valType: Func2 { value0: [ [ADT2] ], value1: TypeVar2 { value0: 'm' } }
}
{
  msg: 'LetRec val type for go',
  valType: Func2 {
    value0: [ [ADT2] ],
    value1: ADT2 {
      value0: 'Data.Maybe.Maybe',
      value1: [Array],
      value2: [Array]
    }
  }
}
{
  msg: 'LetRec val type for go',
  valType: Func2 {
    value0: [ [ADT2] ],
    value1: ADT2 {
      value0: 'Data.Maybe.Maybe',
      value1: [Array],
      value2: [Array]
    }
  }
}
{
  msg: 'LetRec val type for go',
  valType: Func2 {
    value0: [ [ADT2] ],
    value1: ADT2 {
      value0: 'Data.Map.Internal.Map',
      value1: [Array],
      value2: [Array]
    }
  }
}
{
  msg: 'LetRec val type for go',
  valType: Func2 {
    value0: [ [ADT2] ],
    value1: ADT2 {
      value0: 'Data.Map.Internal.Map',
      value1: [Array],
      value2: [Array]
    }
  }
}
{
  msg: 'LetRec val type for go',
  valType: Func2 {
    value0: [ [ADT2] ],
    value1: ADT2 {
      value0: 'Data.Map.Internal.Map',
      value1: [Array],
      value2: [Array]
    }
  }
}
{
  msg: 'LetRec val type for go',
  valType: Func2 { value0: [ [ADT2] ], value1: $$Boolean2 {} }
}
{
  msg: 'LetRec val type for go',
  valType: Func2 {
    value0: [ [ADT2] ],
    value1: ADT2 {
      value0: 'Data.Maybe.Maybe',
      value1: [Array],
      value2: [Array]
    }
  }
}
{
  msg: 'LetRec val type for go',
  valType: Func2 { value0: [ [ADT2] ], value1: $$Boolean2 {} }
}
{
  msg: 'LetRec val type for go',
  valType: Func2 { value0: [ [ADT2] ], value1: $$Boolean2 {} }
}
{
  msg: 'LetRec val type for go',
  valType: ADT2 {
    value0: 'Data.Function.Uncurried.Fn2',
    value1: [ 'Data', 'Function', 'Uncurried', 'Fn2' ],
    value2: [ [ADT2], [TypeVar2], [TypeVar2] ]
  }
}
{
  msg: 'LetRec val type for go',
  valType: ADT2 {
    value0: 'Data.Function.Uncurried.Fn2',
    value1: [ 'Data', 'Function', 'Uncurried', 'Fn2' ],
    value2: [ [ADT2], [TypeVar2], [TypeVar2] ]
  }
}
{
  msg: 'LetRec val type for go',
  valType: ADT2 {
    value0: 'Data.Function.Uncurried.Fn2',
    value1: [ 'Data', 'Function', 'Uncurried', 'Fn2' ],
    value2: [ [ADT2], [TypeVar2], [TypeVar2] ]
  }
}
{
  msg: 'LetRec val type for go',
  valType: Func2 { value0: [ [ADT2] ], value1: $$Boolean2 {} }
}
{
  msg: 'LetRec val type for go',
  valType: ADT2 {
    value0: 'Data.Function.Uncurried.Fn2',
    value1: [ 'Data', 'Function', 'Uncurried', 'Fn2' ],
    value2: [ [ADT2], [TypeVar2], [TypeVar2] ]
  }
}
{
  msg: 'LetRec val type for go',
  valType: Func2 {
    value0: [ [TypeVar2], [ADT2] ],
    value1: TypeVar2 { value0: 'b' }
  }
}
{
  msg: 'LetRec val type for go',
  valType: ADT2 {
    value0: 'Data.Function.Uncurried.Fn2',
    value1: [ 'Data', 'Function', 'Uncurried', 'Fn2' ],
    value2: [ [ADT2], [TypeVar2], [TypeVar2] ]
  }
}
{
  msg: 'LetRec val type for go',
  valType: ADT2 {
    value0: 'Data.Function.Uncurried.Fn2',
    value1: [ 'Data', 'Function', 'Uncurried', 'Fn2' ],
    value2: [ [ADT2], [TypeVar2], [TypeVar2] ]
  }
}
{
  msg: 'LetRec val type for go',
  valType: ADT2 {
    value0: 'Data.Function.Uncurried.Fn2',
    value1: [ 'Data', 'Function', 'Uncurried', 'Fn2' ],
    value2: [ [ADT2], [TypeVar2], [TypeVar2] ]
  }
}
{
  msg: 'LetRec val type for go',
  valType: ADT2 {
    value0: 'Data.Function.Uncurried.Fn2',
    value1: [ 'Data', 'Function', 'Uncurried', 'Fn2' ],
    value2: [ [ADT2], [TypeVar2], [TypeVar2] ]
  }
}
{
  msg: 'LetRec val type for go',
  valType: Func2 {
    value0: [ [TypeVar2], [ADT2] ],
    value1: TypeVar2 { value0: 'b' }
  }
}
{
  msg: 'LetRec val type for go',
  valType: ADT2 {
    value0: 'Data.Function.Uncurried.Fn2',
    value1: [ 'Data', 'Function', 'Uncurried', 'Fn2' ],
    value2: [ [ADT2], [TypeVar2], [TypeVar2] ]
  }
}
{
  msg: 'LetRec val type for go',
  valType: Func2 {
    value0: [ [ADT2] ],
    value1: ADT2 {
      value0: 'Data.Map.Internal.Map',
      value1: [Array],
      value2: [Array]
    }
  }
}
{
  msg: 'LetRec val type for go',
  valType: Func2 {
    value0: [ [ADT2], [ADT2], [ADT2] ],
    value1: ADT2 {
      value0: 'Data.List.Types.List',
      value1: [Array],
      value2: [Array]
    }
  }
}
{
  msg: 'LetRec val type for go',
  valType: Func2 {
    value0: [ [ADT2], [ADT2] ],
    value1: ADT2 {
      value0: 'Data.List.Types.List',
      value1: [Array],
      value2: [Array]
    }
  }
}
{
  msg: 'LetRec val type for go',
  valType: Func2 {
    value0: [ [ADT2], [ADT2] ],
    value1: ADT2 {
      value0: 'Data.List.Types.List',
      value1: [Array],
      value2: [Array]
    }
  }
}
{
  msg: 'LetRec val type for go',
  valType: Func2 {
    value0: [ [ADT2], [ADT2] ],
    value1: ADT2 {
      value0: 'Data.List.Types.List',
      value1: [Array],
      value2: [Array]
    }
  }
}
{
  msg: 'LetRec val type for go',
  valType: Func2 {
    value0: [ [ADT2], [ADT2] ],
    value1: ADT2 {
      value0: 'Data.List.Types.List',
      value1: [Array],
      value2: [Array]
    }
  }
}
{
  msg: 'LetRec val type for go',
  valType: Func2 {
    value0: [ [ADT2], [ADT2] ],
    value1: ADT2 {
      value0: 'Data.List.Types.List',
      value1: [Array],
      value2: [Array]
    }
  }
}
{
  msg: 'LetRec val type for go',
  valType: Func2 {
    value0: [ [TypeVar2], [ADT2] ],
    value1: TypeVar2 { value0: 'b' }
  }
}
{
  msg: 'LetRec val type for go',
  valType: Func2 {
    value0: [ Int2 {}, [ADT2] ],
    value1: ADT2 {
      value0: 'Data.Maybe.Maybe',
      value1: [Array],
      value2: [Array]
    }
  }
}
{
  msg: 'LetRec val type for go',
  valType: Func2 {
    value0: [ [ADT2], [ADT2] ],
    value1: ADT2 {
      value0: 'Data.List.Types.List',
      value1: [Array],
      value2: [Array]
    }
  }
}
{
  msg: 'LetRec val type for go',
  valType: Func2 {
    value0: [ [ADT2], [ADT2] ],
    value1: ADT2 {
      value0: 'Data.List.Types.List',
      value1: [Array],
      value2: [Array]
    }
  }
}
{
  msg: 'LetRec val type for go',
  valType: Func2 {
    value0: [ Int2 {}, [ADT2] ],
    value1: ADT2 {
      value0: 'Data.Maybe.Maybe',
      value1: [Array],
      value2: [Array]
    }
  }
}
{
  msg: 'LetRec val type for go',
  valType: Func2 {
    value0: [ [ADT2] ],
    value1: ADT2 {
      value0: 'Data.List.Types.List',
      value1: [Array],
      value2: [Array]
    }
  }
}
{
  msg: 'LetRec val type for go',
  valType: Func2 {
    value0: [ [ADT2], [ADT2] ],
    value1: ADT2 {
      value0: 'Data.List.Types.List',
      value1: [Array],
      value2: [Array]
    }
  }
}
{
  msg: 'LetRec val type for go',
  valType: Func2 {
    value0: [ [ADT2], [ADT2] ],
    value1: ADT2 {
      value0: 'Data.List.Types.List',
      value1: [Array],
      value2: [Array]
    }
  }
}
{
  msg: 'LetRec val type for go',
  valType: Func2 {
    value0: [ [ADT2] ],
    value1: ADT2 {
      value0: 'Data.Maybe.Maybe',
      value1: [Array],
      value2: [Array]
    }
  }
}
{
  msg: 'LetRec val type for go',
  valType: Func2 {
    value0: [ [ADT2], [ADT2] ],
    value1: ADT2 {
      value0: 'Data.List.Types.List',
      value1: [Array],
      value2: [Array]
    }
  }
}
{
  msg: 'LetRec val type for go',
  valType: Func2 {
    value0: [ [TypeVar2], [ADT2] ],
    value1: ADT2 {
      value0: 'Data.List.Types.List',
      value1: [Array],
      value2: [Array]
    }
  }
}
{
  msg: 'LetRec val type for go',
  valType: Func2 {
    value0: [ [TypeVar2], [ADT2] ],
    value1: TypeVar2 { value0: 'b' }
  }
}
{
  msg: 'LetRec val type for go',
  valType: Func2 { value0: [ [ADT2], [ADT2] ], value1: $$Boolean2 {} }
}
{
  msg: 'LetRec val type for go',
  valType: Func2 {
    value0: [ [ADT2], [ADT2] ],
    value1: ADT2 {
      value0: 'Data.Ordering.Ordering',
      value1: [Array],
      value2: []
    }
  }
}
{
  msg: 'LetRec val type for go',
  valType: Func2 {
    value0: [ [TypeVar2], [ADT2] ],
    value1: TypeVar2 { value0: 'b' }
  }
}
{
  msg: 'LetRec val type for go',
  valType: Func2 {
    value0: [ [Func2], [TypeVar2] ],
    value1: ADT2 { value0: 'Data.Lazy.Lazy', value1: [Array], value2: [Array] }
  }
}
{
  msg: 'LetRec val type for go',
  valType: Func2 {
    value0: [ [Func2], [TypeVar2] ],
    value1: ADT2 { value0: 'Data.Lazy.Lazy', value1: [Array], value2: [Array] }
  }
}
{
  msg: 'LetRec val type for go',
  valType: Func2 { value0: [ [ADT2] ], value1: TypeVar2 { value0: 'b' } }
}
{ msg: 'LetRec val type for go', valType: TypeVar2 { value0: 'l' } }
{
  msg: 'LetRec val type for goStep',
  valType: Func2 {
    value0: [ [ADT2], [ADT2] ],
    value1: ADT2 {
      value0: 'Data.List.Lazy.Types.Step',
      value1: [Array],
      value2: [Array]
    }
  }
}
{
  msg: 'LetRec val type for go',
  valType: Func2 {
    value0: [ [ADT2], [ADT2] ],
    value1: ADT2 { value0: 'Data.Lazy.Lazy', value1: [Array], value2: [Array] }
  }
}
{
  msg: 'LetRec val type for go',
  valType: Func2 {
    value0: [ [ADT2] ],
    value1: ADT2 {
      value0: 'Data.List.Lazy.Types.Step',
      value1: [Array],
      value2: [Array]
    }
  }
}
{
  msg: 'LetRec val type for go',
  valType: Func2 {
    value0: [ [ADT2] ],
    value1: ADT2 {
      value0: 'Data.Maybe.Maybe',
      value1: [Array],
      value2: [Array]
    }
  }
}
{ msg: 'LetRec val type for go', valType: TypeVar2 { value0: 'l' } }
{
  msg: 'LetRec val type for go',
  valType: Func2 {
    value0: [ [ADT2] ],
    value1: ADT2 {
      value0: 'Data.Maybe.Maybe',
      value1: [Array],
      value2: [Array]
    }
  }
}
{
  msg: 'LetRec val type for go',
  valType: Func2 {
    value0: [ [ADT2], Int2 {} ],
    value1: ADT2 {
      value0: 'Data.Maybe.Maybe',
      value1: [Array],
      value2: [Array]
    }
  }
}
{
  msg: 'LetRec val type for go',
  valType: Func2 { value0: [ [ADT2] ], value1: TypeVar2 { value0: 'b' } }
}
{
  msg: 'LetRec val type for go',
  valType: Func2 {
    value0: [ Int2 {}, [ADT2] ],
    value1: ADT2 {
      value0: 'Data.Maybe.Maybe',
      value1: [Array],
      value2: [Array]
    }
  }
}
{
  msg: 'LetRec val type for go',
  valType: Func2 {
    value0: [ [ADT2] ],
    value1: ADT2 {
      value0: 'Data.List.Lazy.Types.Step',
      value1: [Array],
      value2: [Array]
    }
  }
}
{
  msg: 'LetRec val type for go',
  valType: Func2 {
    value0: [ [ADT2] ],
    value1: ADT2 { value0: 'Data.Lazy.Lazy', value1: [Array], value2: [Array] }
  }
}
{
  msg: 'LetRec val type for go',
  valType: Func2 {
    value0: [ Int2 {}, [ADT2] ],
    value1: ADT2 {
      value0: 'Data.List.Lazy.Types.Step',
      value1: [Array],
      value2: [Array]
    }
  }
}
{ msg: 'LetRec val type for go', valType: TypeVar2 { value0: 'l' } }
{
  msg: 'LetRec val type for go',
  valType: ADT2 {
    value0: 'Data.Function.Uncurried.Fn2',
    value1: [ 'Data', 'Function', 'Uncurried', 'Fn2' ],
    value2: [ [ADT2], [TypeVar2], [TypeVar2] ]
  }
}
{
  msg: 'LetRec val type for go',
  valType: Func2 { value0: [ [ADT2] ], value1: $$Boolean2 {} }
}
{
  msg: 'LetRec val type for go',
  valType: Func2 {
    value0: [ [TypeVar2] ],
    value1: ADT2 { value0: 'Effect.Aff.Aff', value1: [Array], value2: [Array] }
  }
}
=== Go ===
Global warm-up in progress (this may take a moment)...

Global warm-up complete. Starting benchmarks...

--------------------------------------------------

(Test)

AST Evaluation:

(Output & Warm-up)

7

(Execution time - best of 10)

0.00 μs

--------------------------------------------------

(Test)

Fibonacci:

(Output & Warm-up)

55

(Execution time - best of 10)

0.00 μs

--------------------------------------------------

(Test)

List Processing (900 elements):

(Output & Warm-up)

202950

(Execution time - best of 10)

18.00 μs

--------------------------------------------------

(Test)

Tail Call Optimization (100k calls):

(Output & Warm-up)

100000

(Execution time - best of 10)

41.00 μs

--------------------------------------------------

(Test)

Deep Record Updates (10k iterations):

(Output & Warm-up)

20000

(Execution time - best of 10)

705.00 μs

--------------------------------------------------

(Test)

Ackermann (3, 4):

(Output & Warm-up)

125

(Execution time - best of 10)

19.00 μs

--------------------------------------------------

(Test)

Church Numerals (100k Closure Applications):

(Output & Warm-up)

100000

(Execution time - best of 10)

1800.00 μs

--------------------------------------------------

(Test)

Prime Sieve (sum primes up to 500):

(Output & Warm-up)

21536

(Execution time - best of 10)

167.00 μs

--------------------------------------------------

(Test)

Red-Black Tree (100k Worst-Case Insertions):

(Output & Warm-up)

22

(Execution time - best of 10)

24842.00 μs

--------------------------------------------------

(Test)

Polymorphism (10M Type Class Dict Lookups):

(Output & Warm-up)

10000000

(Execution time - best of 10)

2548.00 μs

--------------------------------------------------

(Test)

State Monad (1.2k Binds, 60 Stack Depth):

(Output & Warm-up)

1200

(Execution time - best of 10)

50.00 μs

--------------------------------------------------

(Test)

Lazy Evaluation (1M Thunks Forced, 1k Depth):

(Output & Warm-up)

1000000

(Execution time - best of 10)

19150.00 μs

--------------------------------------------------

(Test)

Array Processing (900 elements):

(Output & Warm-up)

202950

(Execution time - best of 10)

15.00 μs

--------------------------------------------------

(Test)

RowToList (Keys Count):

(Output & Warm-up)

5

(Execution time - best of 10)

0.00 μs


==================================================

Total exec time: 49.36 ms


=== Rebuilding purust backend ===
Reading Spago workspace configuration...

✓ Selecting package to build: purust

Downloading dependencies...
Building...
           Src   Lib   All
Warnings     0     0     0
Errors       0     0     0

✓ Build succeeded.

Reading Spago workspace configuration...

✓ Selecting package to build: purust

Downloading dependencies...
Building...
           Src   Lib   All
Warnings     0     0     0
Errors       0     0     0

✓ Build succeeded.

Bundling...

  bin/purust.js  1.1mb ⚠️

⚡ Done in 35ms

✓ Bundle succeeded.

Building...
Reading Spago workspace configuration...

✓ Selecting package to build: ps-rust-test

Downloading dependencies...
Building...
[  2 of 300] Compiling Test.Implicit
[  3 of 300] Compiling Type.Equality
[  1 of 300] Compiling Unsafe.Coerce
[  4 of 300] Compiling Spago.Generated.BuildInfo
[  6 of 300] Compiling Record.Unsafe
[  5 of 300] Compiling Type.Proxy
[  7 of 300] Compiling Partial
[  8 of 300] Compiling Data.Void
[  9 of 300] Compiling Data.Unit
[ 10 of 300] Compiling Data.Traversable.Accum
[ 11 of 300] Compiling Data.String.Unsafe
[ 12 of 300] Compiling Data.Int.Bits
[ 13 of 300] Compiling Data.NaturalTransformation
[ 14 of 300] Compiling Control.Semigroupoid
[ 15 of 300] Compiling Data.Boolean
[ 16 of 300] Compiling Data.Symbol
[ 18 of 300] Compiling Safe.Coerce
[ 17 of 300] Compiling Partial.Unsafe
[ 20 of 300] Compiling Control.Lazy
[ 19 of 300] Compiling Data.Exists
[ 21 of 300] Compiling Control.Category
[ 22 of 300] Compiling Data.Function.Uncurried
[ 23 of 300] Compiling Data.Semiring
[ 25 of 300] Compiling Data.HeytingAlgebra
[ 24 of 300] Compiling Data.Semigroup
[ 26 of 300] Compiling Data.Show
[ 27 of 300] Compiling Data.Ring
[ 28 of 300] Compiling Data.Generic.Rep
[ 30 of 300] Compiling Data.BooleanAlgebra
[ 29 of 300] Compiling Data.Eq
[ 31 of 300] Compiling Data.CommutativeRing
[ 33 of 300] Compiling Data.Ordering
[ 32 of 300] Compiling Data.EuclideanRing
[ 34 of 300] Compiling Data.Ord
[ 35 of 300] Compiling Data.DivisionRing
[ 36 of 300] Compiling Data.Field
[ 37 of 300] Compiling Data.Reflectable
[ 38 of 300] Compiling Data.Function
[ 39 of 300] Compiling Data.Bounded
[ 40 of 300] Compiling Data.Monoid
[ 41 of 300] Compiling Data.Functor
[ 43 of 300] Compiling Control.Alt
[ 42 of 300] Compiling Control.Extend
[ 44 of 300] Compiling Control.Apply
[ 45 of 300] Compiling Data.Bounded.Generic
[ 46 of 300] Compiling Data.Monoid.Generic
[ 47 of 300] Compiling Control.Plus
[ 48 of 300] Compiling Control.Comonad
[ 49 of 300] Compiling Control.Applicative
[ 50 of 300] Compiling Control.Alternative
[ 51 of 300] Compiling Control.Bind
[ 52 of 300] Compiling Control.Monad
[ 54 of 300] Compiling Control.MonadPlus
[ 53 of 300] Compiling Prelude
[ 55 of 300] Compiling Data.Monoid.Disj
[ 56 of 300] Compiling Data.Show.Generic
[ 57 of 300] Compiling Effect
[ 58 of 300] Compiling Control.Monad.Cont.Class
[ 59 of 300] Compiling Data.Monoid.Endo
[ 60 of 300] Compiling Data.Semigroup.Generic
[ 61 of 300] Compiling Data.Monoid.Additive
[ 62 of 300] Compiling Data.Traversable.Accum.Internal
[ 63 of 300] Compiling Data.Ord.Generic
[ 64 of 300] Compiling Data.Semiring.Generic
[ 65 of 300] Compiling Data.Number.Format
[ 66 of 300] Compiling Data.Semigroup.Last
[ 67 of 300] Compiling Data.Ring.Generic
[ 68 of 300] Compiling Data.Semigroup.First
[ 69 of 300] Compiling Data.Eq.Generic
[ 70 of 300] Compiling Control.Monad.Gen.Class
[ 72 of 300] Compiling Data.Monoid.Conj
[ 71 of 300] Compiling Data.HeytingAlgebra.Generic
[ 73 of 300] Compiling Data.Monoid.Multiplicative
[ 74 of 300] Compiling Control.Monad.Reader.Class
[ 75 of 300] Compiling Data.Monoid.Dual
[ 76 of 300] Compiling Control.Monad.Trans.Class
[ 77 of 300] Compiling Effect.Uncurried
[ 78 of 300] Compiling Test.Main
[ 79 of 300] Compiling Effect.Ref
[ 80 of 300] Compiling Effect.Class
[ 81 of 300] Compiling Effect.Console
[ 82 of 300] Compiling Effect.Unsafe
[ 83 of 300] Compiling Data.Newtype
[ 84 of 300] Compiling Bench
[ 85 of 300] Compiling Effect.Class.Console
[ 86 of 300] Compiling Data.Time.Duration
[ 87 of 300] Compiling Data.Monoid.Alternate
[ 88 of 300] Compiling Data.Ord.Min
[ 89 of 300] Compiling Data.Ord.Max
[ 90 of 300] Compiling Data.Ord.Down
[ 91 of 300] Compiling Data.Profunctor
[ 92 of 300] Compiling Data.String.Pattern
[ 93 of 300] Compiling Data.Functor.App
[ 94 of 300] Compiling Test.AckermannFFICheatcode
[ 96 of 300] Compiling Test.PolymorphismFFICheatcode
[ 95 of 300] Compiling Test.RecordsFFICheatcode
[ 97 of 300] Compiling Test.ListOps
[ 98 of 300] Compiling Test.StateMonadFFICheatcode
[ 99 of 300] Compiling Test.LazyEvaluation
[100 of 300] Compiling Test.TCOFFICheatcode
[101 of 300] Compiling Test.RowToList
[102 of 300] Compiling Test.Ackermann
[103 of 300] Compiling Test.PrimesFFICheatcode
[104 of 300] Compiling Test.BenchCheck
[106 of 300] Compiling Test.LazyEvaluationFFICheatcode
[107 of 300] Compiling Test.RowToListFFI
[108 of 300] Compiling Test.RBTreeFFICheatcode
[111 of 300] Compiling Test.ListOpsFFI
[109 of 300] Compiling Test.AstTreeFFI
[112 of 300] Compiling Test.RowToListFFICheatcode
[105 of 300] Compiling Test.AstTreeFFICheatcode
[113 of 300] Compiling Test.RecordsFFI
[110 of 300] Compiling Test.RBTree
[114 of 300] Compiling Test.AckermannFFI
[115 of 300] Compiling Test.LazyEvaluationFFI
[116 of 300] Compiling Test.TCOFFI
[117 of 300] Compiling Test.AstTree
[118 of 300] Compiling Test.ListOpsFFICheatcode
[120 of 300] Compiling Test.Primes
[121 of 300] Compiling Test.Polymorphism
[119 of 300] Compiling Test.StateMonadFFI
[122 of 300] Compiling Test.RBTreeFFI
[123 of 300] Compiling Test.TCO
[124 of 300] Compiling Test.PrimesFFI
[126 of 300] Compiling Test.PolymorphismFFI
[125 of 300] Compiling Test.Fib
[127 of 300] Compiling Test.ChurchFFI
[129 of 300] Compiling Test.Church
[132 of 300] Compiling Test.FibFFI
[131 of 300] Compiling Test.StateMonad
[133 of 300] Compiling Test.Records
[128 of 300] Compiling Test.ArrayOpsFFICheatcode
[130 of 300] Compiling Test.ArrayOpsFFI
[134 of 300] Compiling Test.FibFFICheatcode
[135 of 300] Compiling Test.ChurchFFICheatcode
[136 of 300] Compiling Data.Profunctor.Closed
[138 of 300] Compiling Data.Functor.Invariant
[139 of 300] Compiling Data.Functor.Compose
[137 of 300] Compiling Data.String.Common
[140 of 300] Compiling AppFFI
[141 of 300] Compiling AppFFICheatcode
[142 of 300] Compiling Data.Const
[143 of 300] Compiling Data.Profunctor.Split
[144 of 300] Compiling Data.Identity
[145 of 300] Compiling Data.Maybe
[146 of 300] Compiling Data.Tuple
[147 of 300] Compiling Data.Profunctor.Join
[148 of 300] Compiling Data.Functor.Contravariant
[149 of 300] Compiling Data.Op
[150 of 300] Compiling Data.Comparison
[151 of 300] Compiling Data.Predicate
[152 of 300] Compiling Data.Equivalence
[153 of 300] Compiling Data.Maybe.First
[154 of 300] Compiling Data.Number
[155 of 300] Compiling Data.Either
[156 of 300] Compiling Data.Maybe.Last
[157 of 300] Compiling Data.String.CodeUnits
[159 of 300] Compiling Data.Number.Approximate
[158 of 300] Compiling Data.Int
[160 of 300] Compiling Data.Divide
[161 of 300] Compiling Data.Profunctor.Strong
[162 of 300] Compiling Data.Distributive
[163 of 300] Compiling Control.Monad.State.Class
[165 of 300] Compiling Data.Profunctor.Costrong
[164 of 300] Compiling Control.Monad.Writer.Class
[166 of 300] Compiling Data.Tuple.Nested
[167 of 300] Compiling Data.Divisible
[168 of 300] Compiling Data.Decide
[169 of 300] Compiling Data.Bifunctor
[170 of 300] Compiling Effect.Exception
[171 of 300] Compiling Data.Either.Inject
[174 of 300] Compiling Data.Profunctor.Cochoice
[172 of 300] Compiling Data.Profunctor.Choice
[173 of 300] Compiling Data.Either.Nested
[176 of 300] Compiling Effect.Exception.Unsafe
[175 of 300] Compiling Control.Monad.Error.Class
[177 of 300] Compiling Data.Functor.Product
[179 of 300] Compiling Control.Biapply
[180 of 300] Compiling Control.Monad.Rec.Class
[178 of 300] Compiling Data.Functor.Coproduct
[181 of 300] Compiling Data.Profunctor.Star
[182 of 300] Compiling Data.Functor.Costar
[183 of 300] Compiling Data.Decidable
[184 of 300] Compiling Control.Biapplicative
[185 of 300] Compiling Data.Bifunctor.Join
[186 of 300] Compiling Data.Functor.Product2
[187 of 300] Compiling Data.Functor.Flip
[188 of 300] Compiling Data.Functor.Clown
[189 of 300] Compiling Data.Functor.Joker
[190 of 300] Compiling Data.Functor.Coproduct.Inject
[192 of 300] Compiling Data.FunctorWithIndex
[191 of 300] Compiling Data.Functor.Coproduct.Nested
[193 of 300] Compiling Data.Foldable
[194 of 300] Compiling Data.Functor.Product.Nested
[195 of 300] Compiling Control.Monad.ST.Internal
[196 of 300] Compiling Control.Monad.ST
[197 of 300] Compiling Control.Monad.ST.Ref
[198 of 300] Compiling Control.Monad.ST.Uncurried
[199 of 300] Compiling Control.Monad.ST.Global
[200 of 300] Compiling Control.Monad.ST.Class
[201 of 300] Compiling Control.Monad.Except.Trans
[202 of 300] Compiling Control.Monad.Maybe.Trans
[203 of 300] Compiling Control.Monad.RWS.Trans
[204 of 300] Compiling Control.Monad.Cont.Trans
[205 of 300] Compiling Control.Monad.Reader.Trans
[206 of 300] Compiling Control.Monad.State.Trans
[207 of 300] Compiling Control.Monad.Writer.Trans
[208 of 300] Compiling Data.Array.ST
[209 of 300] Compiling Data.Array.ST.Iterator
[210 of 300] Compiling Data.Array.ST.Partial
[211 of 300] Compiling Control.Monad.Cont
[212 of 300] Compiling Control.Monad.Except
[213 of 300] Compiling Control.Monad.Reader
[214 of 300] Compiling Control.Monad.Writer
[215 of 300] Compiling Control.Monad.State
[216 of 300] Compiling Control.Parallel.Class
[217 of 300] Compiling Control.Monad.RWS
[219 of 300] Compiling Data.Bifoldable
[218 of 300] Compiling Data.FoldableWithIndex
[220 of 300] Compiling Data.Semigroup.Foldable
[221 of 300] Compiling Data.Traversable
[222 of 300] Compiling Data.Bitraversable
[223 of 300] Compiling Data.Semigroup.Traversable
[224 of 300] Compiling Control.Parallel
[225 of 300] Compiling Control.Monad.Identity.Trans
[226 of 300] Compiling Effect.Aff
[227 of 300] Compiling Data.Unfoldable1
[228 of 300] Compiling Data.TraversableWithIndex
[229 of 300] Compiling Control.Comonad.Trans.Class
[231 of 300] Compiling Control.Comonad.Store.Trans
[230 of 300] Compiling Control.Comonad.Traced.Trans
[232 of 300] Compiling Data.Unfoldable
[233 of 300] Compiling Data.Enum
[234 of 300] Compiling Control.Monad.Gen
[235 of 300] Compiling Data.Lazy
[236 of 300] Compiling Data.Array.NonEmpty.Internal
[237 of 300] Compiling Control.Comonad.Env.Trans
[238 of 300] Compiling Data.NonEmpty
[239 of 300] Compiling Data.Time.Duration.Gen
[240 of 300] Compiling Effect.Aff.Compat
[241 of 300] Compiling Data.Array
[242 of 300] Compiling Control.Comonad.Store.Class
[243 of 300] Compiling Data.Char
[244 of 300] Compiling Data.Time.Component
[245 of 300] Compiling Data.Date.Component
[246 of 300] Compiling Data.Enum.Generic
[247 of 300] Compiling Control.Monad.List.Trans
[248 of 300] Compiling Control.Comonad.Store
[249 of 300] Compiling Data.Enum.Gen
[250 of 300] Compiling Data.Char.Gen
[251 of 300] Compiling Control.Monad.Gen.Common
[252 of 300] Compiling Data.List.Lazy.Types
[253 of 300] Compiling Data.List.Types
[254 of 300] Compiling Control.Comonad.Env.Class
[255 of 300] Compiling Data.String.Gen
[256 of 300] Compiling Data.Time
[257 of 300] Compiling Data.Time.Component.Gen
[258 of 300] Compiling Control.Comonad.Env
[259 of 300] Compiling Control.Comonad.Traced.Class
[260 of 300] Compiling Data.Date.Component.Gen
[261 of 300] Compiling Data.Date
[262 of 300] Compiling Control.Comonad.Traced
[263 of 300] Compiling Data.Time.Gen
[266 of 300] Compiling Test.ArrayOps
[265 of 300] Compiling Data.String.CodePoints
[267 of 300] Compiling Data.Array.Partial
[264 of 300] Compiling Data.Array.NonEmpty
[268 of 300] Compiling Data.Date.Gen
[269 of 300] Compiling Data.DateTime
[270 of 300] Compiling App
[271 of 300] Compiling Effect.Aff.Class
[272 of 300] Compiling Main
[273 of 300] Compiling Data.List.Internal
[274 of 300] Compiling Data.DateTime.Gen
[275 of 300] Compiling Data.DateTime.Instant
[276 of 300] Compiling Effect.Now
[277 of 300] Compiling Data.String
[278 of 300] Compiling Data.String.CaseInsensitive
[279 of 300] Compiling Data.String.Regex.Flags
[280 of 300] Compiling Data.String.NonEmpty.Internal
[282 of 300] Compiling Data.List.Lazy
[281 of 300] Compiling Data.List
[283 of 300] Compiling Data.String.NonEmpty.CodeUnits
[285 of 300] Compiling Data.String.Regex
[284 of 300] Compiling Data.String.NonEmpty.CodePoints
[286 of 300] Compiling Data.String.Regex.Unsafe
[287 of 300] Compiling Data.String.NonEmpty
[288 of 300] Compiling Data.String.NonEmpty.CaseInsensitive
[289 of 300] Compiling Data.List.ZipList
[290 of 300] Compiling Data.List.Lazy.NonEmpty
[292 of 300] Compiling Data.List.Partial
[291 of 300] Compiling Data.List.NonEmpty
[293 of 300] Compiling Data.Map.Internal
[294 of 300] Compiling Data.Set
[296 of 300] Compiling Data.Map
[295 of 300] Compiling Data.Set.NonEmpty
[297 of 300] Compiling Data.Map.Gen
[298 of 300] Compiling Data.Interval.Duration
[299 of 300] Compiling Data.Interval
[300 of 300] Compiling Data.Interval.Duration.Iso
           Src   Lib   All
Warnings     0     0     0
Errors       0     0     0

✓ Build succeeded.

=== Rust ===
error[E0618]: expected function, found `purust_core::Value`
  --> Purs_Control_Semigroupoid/src/lib.rs:35:428
   |
35 | ...et _f = (/* Typed crate::UnknownType <- crate::UnknownType : App(Accessor(Local(...))) */((dictSemigroupoid).compose.clone())(/* Typed crate::UnknownType <- crate::UnknownType : Local(...) */g, /* Typed crate::UnknownType <- crate::UnknownType : Local(...) */f)).clone(); move |mut _a0: crate::UnknownType, mut _a1: crate::UnknownType| -> crate::UnknownType { _f(_a0, _a1) } ...
   |       --                                                                                                                                                                                                                                                                                                                                                                   ^^----------
   |       |                                                                                                                                                                                                                                                                                                                                                                    |
   |       `_f` has type `purust_core::Value`                                                                                                                                                                                                                                                                                                                                   call expression requires function

For more information about this error, try `rustc --explain E0618`.
error: could not compile `Purs_Control_Semigroupoid` (lib) due to 1 previous error
error[E0308]: mismatched types
  --> Purs_Partial_Unsafe/src/lib.rs:13:411
   |
13 | ... { _f(crate::Value::Func1(purust_core::Func1::Shared(std::rc::Rc::new({ let _f = (_a0).clone(); move |mut _a0: crate::UnknownType| -> crate::UnknownType { _f(_a0) } })))) }...
   |       -- ^^^^^^^^^^^^^^^^^^^^^^^^^^^^^^^^^^^^^^^^^^^^^^^^^^^^^^^^^^^^^^^^^^^^^^^^^^^^^^^^^^^^^^^^^^^^^^^^^^^^^^^^^^^^^^^^^^^^^^^^^^^^^^^^^^^^^^^^^^^^^^^^^^^^^^^^^^^^^^^^^^^ expected `Func1<Value, _>`, found `Value`
   |       |
   |       arguments to this function are incorrect
   |
   = note: expected enum `purust_core::Func1<purust_core::Value, _>`
              found enum `purust_core::Value`

error[E0599]: no method named `unwrap_class` found for struct `Rc<Purs_Type_Proxy::Proxy>` in the current scope
   --> Purs_Data_HeytingAlgebra/src/lib.rs:138:163
    |
138 | ...(Purs_Type_Proxy::Proxy::Proxy)).unwrap_class::<std::rc::Rc<Purs_Type_Proxy::Proxy>>().clone()
    |                                     ^^^^^^^^^^^^ method not found in `Rc<Purs_Type_Proxy::Proxy>`

For more information about this error, try `rustc --explain E0308`.
error[E0599]: no method named `unwrap_class` found for struct `Rc<Purs_Type_Proxy::Proxy>` in the current scope
   --> Purs_Data_HeytingAlgebra/src/lib.rs:142:163
    |
142 | ...(Purs_Type_Proxy::Proxy::Proxy)).unwrap_class::<std::rc::Rc<Purs_Type_Proxy::Proxy>>().clone()
    |                                     ^^^^^^^^^^^^ method not found in `Rc<Purs_Type_Proxy::Proxy>`

error[E0599]: no method named `unwrap_class` found for struct `Rc<Purs_Type_Proxy::Proxy>` in the current scope
   --> Purs_Data_HeytingAlgebra/src/lib.rs:146:163
    |
146 | ...(Purs_Type_Proxy::Proxy::Proxy)).unwrap_class::<std::rc::Rc<Purs_Type_Proxy::Proxy>>().clone()
    |                                     ^^^^^^^^^^^^ method not found in `Rc<Purs_Type_Proxy::Proxy>`

error: could not compile `Purs_Partial_Unsafe` (lib) due to 1 previous error
error[E0599]: no method named `unwrap_class` found for struct `Rc<Purs_Type_Proxy::Proxy>` in the current scope
   --> Purs_Data_HeytingAlgebra/src/lib.rs:147:607
    |
147 | ...(Purs_Type_Proxy::Proxy::Proxy)).unwrap_class::<std::rc::Rc<Purs_Type_Proxy::Proxy>>().clone())), not: purust_core::Func1::Share...
    |                                     ^^^^^^^^^^^^ method not found in `Rc<Purs_Type_Proxy::Proxy>`

error[E0599]: no method named `unwrap_class` found for struct `Rc<Purs_Type_Proxy::Proxy>` in the current scope
   --> Purs_Data_HeytingAlgebra/src/lib.rs:149:163
    |
149 | ...(Purs_Type_Proxy::Proxy::Proxy)).unwrap_class::<std::rc::Rc<Purs_Type_Proxy::Proxy>>().clone()
    |                                     ^^^^^^^^^^^^ method not found in `Rc<Purs_Type_Proxy::Proxy>`

error[E0599]: no method named `unwrap_class` found for struct `Rc<Purs_Type_Proxy::Proxy>` in the current scope
   --> Purs_Data_HeytingAlgebra/src/lib.rs:150:472
    |
150 | ...(Purs_Type_Proxy::Proxy::Proxy)).unwrap_class::<std::rc::Rc<Purs_Type_Proxy::Proxy>>().clone())) })
    |                                     ^^^^^^^^^^^^ method not found in `Rc<Purs_Type_Proxy::Proxy>`

For more information about this error, try `rustc --explain E0599`.
error: could not compile `Purs_Data_HeytingAlgebra` (lib) due to 6 previous errors
=== Rust (purust) failed ===

=== Rebuilding sharpurs backend ===
Reading Spago workspace configuration...

✓ Selecting package to build: sharpurs

Downloading dependencies...
Building...
           Src   Lib   All
Warnings     0     0     0
Errors       0     0     0

✓ Build succeeded.

Reading Spago workspace configuration...

✓ Selecting package to build: sharpurs

Downloading dependencies...
Building...
           Src   Lib   All
Warnings     0     0     0
Errors       0     0     0

✓ Build succeeded.

Bundling...

  bin/sharpurs.js  942.8kb

⚡ Done in 33ms

✓ Bundle succeeded.

Building...
Reading Spago workspace configuration...

✓ Selecting package to build: ps-cs-test

Downloading dependencies...
Building...
[  1 of 300] Compiling Type.Proxy
[  2 of 300] Compiling Unsafe.Coerce
[  4 of 300] Compiling Test.Implicit
[  3 of 300] Compiling Type.Equality
[  5 of 300] Compiling Spago.Generated.BuildInfo
[  6 of 300] Compiling Data.NaturalTransformation
[  7 of 300] Compiling Record.Unsafe
[  8 of 300] Compiling Data.Unit
[  9 of 300] Compiling Data.String.Unsafe
[ 10 of 300] Compiling Data.Traversable.Accum
[ 11 of 300] Compiling Data.Int.Bits
[ 12 of 300] Compiling Partial
[ 13 of 300] Compiling Data.Void
[ 14 of 300] Compiling Data.Boolean
[ 15 of 300] Compiling Control.Semigroupoid
[ 16 of 300] Compiling Control.Lazy
[ 18 of 300] Compiling Data.Symbol
[ 19 of 300] Compiling Partial.Unsafe
[ 21 of 300] Compiling Safe.Coerce
[ 17 of 300] Compiling Data.Function.Uncurried
[ 20 of 300] Compiling Data.Exists
[ 22 of 300] Compiling Control.Category
[ 23 of 300] Compiling Data.Semiring
[ 24 of 300] Compiling Data.HeytingAlgebra
[ 25 of 300] Compiling Data.Semigroup
[ 26 of 300] Compiling Data.Show
[ 27 of 300] Compiling Data.Ring
[ 28 of 300] Compiling Data.Eq
[ 29 of 300] Compiling Data.BooleanAlgebra
[ 30 of 300] Compiling Data.Generic.Rep
[ 31 of 300] Compiling Data.CommutativeRing
[ 32 of 300] Compiling Data.Ordering
[ 33 of 300] Compiling Data.EuclideanRing
[ 34 of 300] Compiling Data.Ord
[ 35 of 300] Compiling Data.DivisionRing
[ 36 of 300] Compiling Data.Field
[ 37 of 300] Compiling Data.Bounded
[ 38 of 300] Compiling Data.Reflectable
[ 40 of 300] Compiling Data.Function
[ 39 of 300] Compiling Data.Monoid
[ 41 of 300] Compiling Data.Functor
[ 42 of 300] Compiling Data.Bounded.Generic
[ 43 of 300] Compiling Data.Monoid.Generic
[ 46 of 300] Compiling Control.Alt
[ 45 of 300] Compiling Control.Extend
[ 44 of 300] Compiling Control.Apply
[ 47 of 300] Compiling Control.Plus
[ 48 of 300] Compiling Control.Comonad
[ 49 of 300] Compiling Control.Applicative
[ 50 of 300] Compiling Control.Bind
[ 51 of 300] Compiling Control.Alternative
[ 52 of 300] Compiling Control.Monad
[ 53 of 300] Compiling Prelude
[ 54 of 300] Compiling Control.MonadPlus
[ 55 of 300] Compiling Effect
[ 56 of 300] Compiling Data.Monoid.Conj
[ 57 of 300] Compiling Data.Traversable.Accum.Internal
[ 58 of 300] Compiling Control.Monad.Reader.Class
[ 59 of 300] Compiling Data.Semiring.Generic
[ 60 of 300] Compiling Data.Monoid.Disj
[ 62 of 300] Compiling Data.Show.Generic
[ 61 of 300] Compiling Data.Semigroup.Generic
[ 63 of 300] Compiling Data.Ord.Generic
[ 64 of 300] Compiling Data.Semigroup.Last
[ 66 of 300] Compiling Data.Semigroup.First
[ 65 of 300] Compiling Data.Ring.Generic
[ 67 of 300] Compiling Data.Number.Format
[ 68 of 300] Compiling Control.Monad.Cont.Class
[ 70 of 300] Compiling Data.Monoid.Endo
[ 69 of 300] Compiling Data.Monoid.Multiplicative
[ 73 of 300] Compiling Data.Monoid.Additive
[ 72 of 300] Compiling Data.Eq.Generic
[ 75 of 300] Compiling Control.Monad.Trans.Class
[ 76 of 300] Compiling Data.Monoid.Dual
[ 71 of 300] Compiling Control.Monad.Gen.Class
[ 74 of 300] Compiling Data.HeytingAlgebra.Generic
[ 77 of 300] Compiling Test.Main
[ 78 of 300] Compiling Effect.Console
[ 79 of 300] Compiling Effect.Unsafe
[ 80 of 300] Compiling Effect.Uncurried
[ 81 of 300] Compiling Effect.Class
[ 82 of 300] Compiling Effect.Ref
[ 84 of 300] Compiling Bench
[ 83 of 300] Compiling Data.Newtype
[ 85 of 300] Compiling Effect.Class.Console
[ 86 of 300] Compiling Test.FibFFI
[ 87 of 300] Compiling Test.PrimesFFI
[ 89 of 300] Compiling Test.ListOpsFFICheatcode
[ 88 of 300] Compiling Test.RBTree
[ 90 of 300] Compiling Test.ArrayOpsFFI
[ 91 of 300] Compiling Test.AstTreeFFICheatcode
[ 92 of 300] Compiling Test.TCOFFICheatcode
[ 93 of 300] Compiling Test.ChurchFFICheatcode
[ 94 of 300] Compiling Test.RBTreeFFI
[ 95 of 300] Compiling Test.RowToListFFI
[ 96 of 300] Compiling Test.Polymorphism
[ 97 of 300] Compiling Test.StateMonadFFI
[ 98 of 300] Compiling Test.LazyEvaluationFFI
[100 of 300] Compiling Test.PolymorphismFFI
[101 of 300] Compiling Test.ArrayOpsFFICheatcode
[102 of 300] Compiling Test.StateMonadFFICheatcode
[103 of 300] Compiling Test.RecordsFFI
[104 of 300] Compiling Test.Ackermann
[ 99 of 300] Compiling Test.AstTree
[106 of 300] Compiling Test.RowToListFFICheatcode
[105 of 300] Compiling Test.AstTreeFFI
[107 of 300] Compiling Test.AckermannFFI
[110 of 300] Compiling Test.Records
[111 of 300] Compiling Test.RBTreeFFICheatcode
[109 of 300] Compiling Test.BenchCheck
[113 of 300] Compiling Test.StateMonad
[112 of 300] Compiling Test.FibFFICheatcode
[108 of 300] Compiling Test.ListOpsFFI
[114 of 300] Compiling Test.ListOps
[115 of 300] Compiling Test.Primes
[116 of 300] Compiling Test.LazyEvaluation
[117 of 300] Compiling Test.Fib
[118 of 300] Compiling Test.RowToList
[119 of 300] Compiling Test.LazyEvaluationFFICheatcode
[120 of 300] Compiling Test.PrimesFFICheatcode
[121 of 300] Compiling Test.ChurchFFI
[122 of 300] Compiling Test.TCOFFI
[123 of 300] Compiling Test.PolymorphismFFICheatcode
[124 of 300] Compiling Data.Time.Duration
[125 of 300] Compiling Test.Church
[126 of 300] Compiling Test.TCO
[127 of 300] Compiling Test.RecordsFFICheatcode
[128 of 300] Compiling Test.AckermannFFICheatcode
[130 of 300] Compiling Data.Functor.App
[131 of 300] Compiling Data.Ord.Down
[129 of 300] Compiling Data.Ord.Max
[132 of 300] Compiling Data.Profunctor
[133 of 300] Compiling Data.Ord.Min
[134 of 300] Compiling Data.Monoid.Alternate
[135 of 300] Compiling Data.String.Pattern
[136 of 300] Compiling AppFFI
[137 of 300] Compiling AppFFICheatcode
[138 of 300] Compiling Data.Profunctor.Closed
[139 of 300] Compiling Data.String.Common
[140 of 300] Compiling Data.Functor.Invariant
[141 of 300] Compiling Data.Functor.Compose
[142 of 300] Compiling Data.Const
[143 of 300] Compiling Data.Maybe
[144 of 300] Compiling Data.Profunctor.Split
[146 of 300] Compiling Data.Identity
[145 of 300] Compiling Data.Tuple
[147 of 300] Compiling Data.Profunctor.Join
[148 of 300] Compiling Data.Functor.Contravariant
[149 of 300] Compiling Data.Comparison
[150 of 300] Compiling Data.Predicate
[151 of 300] Compiling Data.Op
[152 of 300] Compiling Data.Either
[154 of 300] Compiling Data.Maybe.First
[153 of 300] Compiling Data.Number
[155 of 300] Compiling Data.String.CodeUnits
[156 of 300] Compiling Data.Maybe.Last
[157 of 300] Compiling Data.Equivalence
[158 of 300] Compiling Data.Number.Approximate
[159 of 300] Compiling Data.Int
[160 of 300] Compiling Data.Divide
[162 of 300] Compiling Data.Distributive
[161 of 300] Compiling Control.Monad.Writer.Class
[163 of 300] Compiling Data.Profunctor.Strong
[164 of 300] Compiling Data.Profunctor.Costrong
[165 of 300] Compiling Data.Tuple.Nested
[166 of 300] Compiling Control.Monad.State.Class
[167 of 300] Compiling Data.Divisible
[168 of 300] Compiling Data.Decide
[169 of 300] Compiling Data.Bifunctor
[170 of 300] Compiling Data.Profunctor.Cochoice
[171 of 300] Compiling Data.Either.Inject
[173 of 300] Compiling Effect.Exception
[172 of 300] Compiling Data.Profunctor.Choice
[174 of 300] Compiling Data.Either.Nested
[175 of 300] Compiling Control.Monad.Error.Class
[176 of 300] Compiling Effect.Exception.Unsafe
[177 of 300] Compiling Control.Biapply
[178 of 300] Compiling Data.Functor.Product
[179 of 300] Compiling Data.Functor.Costar
[181 of 300] Compiling Data.Functor.Coproduct
[180 of 300] Compiling Control.Monad.Rec.Class
[182 of 300] Compiling Data.Profunctor.Star
[183 of 300] Compiling Data.Decidable
[184 of 300] Compiling Control.Biapplicative
[185 of 300] Compiling Data.Functor.Joker
[186 of 300] Compiling Data.Bifunctor.Join
[187 of 300] Compiling Data.Functor.Clown
[188 of 300] Compiling Data.Functor.Flip
[189 of 300] Compiling Data.Functor.Product2
[190 of 300] Compiling Data.Functor.Product.Nested
[191 of 300] Compiling Data.Foldable
[192 of 300] Compiling Data.Functor.Coproduct.Nested
[193 of 300] Compiling Data.FunctorWithIndex
[194 of 300] Compiling Data.Functor.Coproduct.Inject
[195 of 300] Compiling Control.Monad.ST.Internal
[196 of 300] Compiling Control.Monad.ST.Ref
[197 of 300] Compiling Control.Monad.ST
[198 of 300] Compiling Control.Monad.ST.Uncurried
[199 of 300] Compiling Control.Monad.ST.Global
[200 of 300] Compiling Control.Monad.ST.Class
[201 of 300] Compiling Control.Monad.Maybe.Trans
[203 of 300] Compiling Control.Monad.Except.Trans
[202 of 300] Compiling Control.Monad.Writer.Trans
[204 of 300] Compiling Control.Monad.RWS.Trans
[205 of 300] Compiling Control.Monad.Cont.Trans
[206 of 300] Compiling Control.Monad.Reader.Trans
[207 of 300] Compiling Control.Monad.State.Trans
[208 of 300] Compiling Data.Array.ST
[209 of 300] Compiling Data.Array.ST.Iterator
[210 of 300] Compiling Data.Array.ST.Partial
[211 of 300] Compiling Control.Monad.Cont
[212 of 300] Compiling Control.Monad.Reader
[213 of 300] Compiling Control.Monad.Writer
[214 of 300] Compiling Control.Monad.Except
[215 of 300] Compiling Control.Parallel.Class
[216 of 300] Compiling Control.Monad.State
[217 of 300] Compiling Data.Semigroup.Foldable
[218 of 300] Compiling Data.Bifoldable
[219 of 300] Compiling Data.Traversable
[220 of 300] Compiling Data.FoldableWithIndex
[221 of 300] Compiling Control.Monad.RWS
[222 of 300] Compiling Data.Semigroup.Traversable
[223 of 300] Compiling Control.Monad.Identity.Trans
[224 of 300] Compiling Control.Parallel
[225 of 300] Compiling Data.Bitraversable
[226 of 300] Compiling Effect.Aff
[227 of 300] Compiling Data.Unfoldable1
[228 of 300] Compiling Data.TraversableWithIndex
[229 of 300] Compiling Control.Comonad.Trans.Class
[231 of 300] Compiling Control.Comonad.Traced.Trans
[230 of 300] Compiling Control.Comonad.Store.Trans
[232 of 300] Compiling Data.Unfoldable
[234 of 300] Compiling Control.Monad.Gen
[233 of 300] Compiling Data.Enum
[235 of 300] Compiling Data.Time.Duration.Gen
[236 of 300] Compiling Data.NonEmpty
[237 of 300] Compiling Data.Array.NonEmpty.Internal
[238 of 300] Compiling Data.Lazy
[239 of 300] Compiling Control.Comonad.Env.Trans
[240 of 300] Compiling Effect.Aff.Compat
[241 of 300] Compiling Data.Array
[242 of 300] Compiling Data.Time.Component
[243 of 300] Compiling Data.Char
[244 of 300] Compiling Data.Enum.Generic
[245 of 300] Compiling Data.Date.Component
[246 of 300] Compiling Control.Comonad.Store.Class
[247 of 300] Compiling Data.Enum.Gen
[248 of 300] Compiling Data.List.Types
[249 of 300] Compiling Control.Monad.List.Trans
[250 of 300] Compiling Data.Char.Gen
[251 of 300] Compiling Data.List.Lazy.Types
[252 of 300] Compiling Control.Monad.Gen.Common
[253 of 300] Compiling Control.Comonad.Store
[254 of 300] Compiling Data.String.Gen
[255 of 300] Compiling Control.Comonad.Env.Class
[257 of 300] Compiling Data.Time.Component.Gen
[256 of 300] Compiling Data.Time
[259 of 300] Compiling Data.Date.Component.Gen
[258 of 300] Compiling Data.Date
[260 of 300] Compiling Control.Comonad.Env
[261 of 300] Compiling Control.Comonad.Traced.Class
[262 of 300] Compiling Data.Time.Gen
[263 of 300] Compiling Control.Comonad.Traced
[265 of 300] Compiling Data.Date.Gen
[264 of 300] Compiling Data.DateTime
[267 of 300] Compiling Data.Array.Partial
[269 of 300] Compiling Test.ArrayOps
[268 of 300] Compiling Data.String.CodePoints
[266 of 300] Compiling Data.Array.NonEmpty
[270 of 300] Compiling App
[271 of 300] Compiling Data.DateTime.Gen
[272 of 300] Compiling Data.DateTime.Instant
[273 of 300] Compiling Data.List.Internal
[274 of 300] Compiling Effect.Aff.Class
[275 of 300] Compiling Main
[276 of 300] Compiling Effect.Now
[278 of 300] Compiling Data.List.Lazy
[277 of 300] Compiling Data.List
[279 of 300] Compiling Data.String
[280 of 300] Compiling Data.String.Regex.Flags
[281 of 300] Compiling Data.String.CaseInsensitive
[282 of 300] Compiling Data.String.NonEmpty.Internal
[283 of 300] Compiling Data.String.Regex
[285 of 300] Compiling Data.String.NonEmpty.CodePoints
[284 of 300] Compiling Data.String.NonEmpty.CodeUnits
[286 of 300] Compiling Data.String.Regex.Unsafe
[287 of 300] Compiling Data.String.NonEmpty
[288 of 300] Compiling Data.String.NonEmpty.CaseInsensitive
[290 of 300] Compiling Data.List.Partial
[289 of 300] Compiling Data.Map.Internal
[293 of 300] Compiling Data.List.ZipList
[292 of 300] Compiling Data.List.Lazy.NonEmpty
[291 of 300] Compiling Data.List.NonEmpty
[294 of 300] Compiling Data.Set
[296 of 300] Compiling Data.Map
[295 of 300] Compiling Data.Set.NonEmpty
[298 of 300] Compiling Data.Map.Gen
[297 of 300] Compiling Data.Interval.Duration
[300 of 300] Compiling Data.Interval
[299 of 300] Compiling Data.Interval.Duration.Iso
           Src   Lib   All
Warnings     0     0     0
Errors       0     0     0

✓ Build succeeded.

Compiling with backend "../sharpurs/sharpurs/bin/sharpurs"

✓ Backend build succeeded.

=== F#/C# ===
Global warm-up in progress (this may take a moment)...

Global warm-up complete. Starting benchmarks...

--------------------------------------------------

(Test)

AST Evaluation:

(Output & Warm-up)

7

(Execution time - best of 10)

104.08 μs

--------------------------------------------------

(Test)

Fibonacci:

(Output & Warm-up)

55

(Execution time - best of 10)

89.21 μs

--------------------------------------------------

(Test)

List Processing (900 elements):

(Output & Warm-up)

202950

(Execution time - best of 10)

2187.88 μs

--------------------------------------------------

(Test)

Tail Call Optimization (100k calls):

(Output & Warm-up)

100000

(Execution time - best of 10)

91953.58 μs

--------------------------------------------------

(Test)

Deep Record Updates (10k iterations):

(Output & Warm-up)

20000

(Execution time - best of 10)

21151.38 μs

--------------------------------------------------

(Test)

Ackermann (3, 4):

(Output & Warm-up)

125

(Execution time - best of 10)

4882.04 μs

--------------------------------------------------

(Test)

Church Numerals (100k Closure Applications):

(Output & Warm-up)

100000

(Execution time - best of 10)

69765.71 μs

--------------------------------------------------

(Test)

Prime Sieve (sum primes up to 500):

(Output & Warm-up)

21536

(Execution time - best of 10)

10691.13 μs

--------------------------------------------------

(Test)

Red-Black Tree (100k Worst-Case Insertions):

(Output & Warm-up)

22

(Execution time - best of 10)

2581052.92 μs

--------------------------------------------------

(Test)

Polymorphism (10M Type Class Dict Lookups):

(Output & Warm-up)

10000000

(Execution time - best of 10)

9985199.75 μs

--------------------------------------------------

(Test)

State Monad (1.2k Binds, 60 Stack Depth):

(Output & Warm-up)

1200

(Execution time - best of 10)

3090.42 μs

--------------------------------------------------

(Test)

Lazy Evaluation (1M Thunks Forced, 1k Depth):

(Output & Warm-up)

1000000

(Execution time - best of 10)

1263329.83 μs

--------------------------------------------------

(Test)

Array Processing (900 elements):

(Output & Warm-up)

202950

(Execution time - best of 10)

811.38 μs

--------------------------------------------------

(Test)

RowToList (Keys Count):

(Output & Warm-up)

5

(Execution time - best of 10)

7.17 μs


==================================================

Total exec time: 14034.32 ms

