================================
    Running pure backends...    
================================

Building...
=== JS V8 ===
Global warm-up in progress (this may take a moment)...

Global warm-up complete. Starting benchmarks...

--------------------------------------------------

(Test)

AST Evaluation:

(Output & Warm-up)

7

(Execution time - best of 10)

2.29 μs

--------------------------------------------------

(Test)

Fibonacci:

(Output & Warm-up)

55

(Execution time - best of 10)

1.96 μs

--------------------------------------------------

(Test)

List Processing (900 elements):

(Output & Warm-up)

202950

(Execution time - best of 10)

44.71 μs

--------------------------------------------------

(Test)

Tail Call Optimization (100k calls):

(Output & Warm-up)

100000

(Execution time - best of 10)

195.29 μs

--------------------------------------------------

(Test)

Deep Record Updates (10k iterations):

(Output & Warm-up)

20000

(Execution time - best of 10)

75.29 μs

--------------------------------------------------

(Test)

Ackermann (3, 4):

(Output & Warm-up)

125

(Execution time - best of 10)

70.42 μs

--------------------------------------------------

(Test)

Church Numerals (100k Closure Applications):

(Output & Warm-up)

100000

(Execution time - best of 10)

1229.96 μs

--------------------------------------------------

(Test)

Prime Sieve (sum primes up to 500):

(Output & Warm-up)

21536

(Execution time - best of 10)

98.88 μs

--------------------------------------------------

(Test)

Red-Black Tree (100k Worst-Case Insertions):

(Output & Warm-up)

22

(Execution time - best of 10)

88179.58 μs

--------------------------------------------------

(Test)

Polymorphism (10M Type Class Dict Lookups):

(Output & Warm-up)

10000000

(Execution time - best of 10)

11950.92 μs

--------------------------------------------------

(Test)

State Monad (1.2k Binds, 60 Stack Depth):

(Output & Warm-up)

1200

(Execution time - best of 10)

70.25 μs

--------------------------------------------------

(Test)

Lazy Evaluation (1M Thunks Forced, 1k Depth):

(Output & Warm-up)

1000000

(Execution time - best of 10)

15166.54 μs

--------------------------------------------------

(Test)

Array Processing (900 elements):

(Output & Warm-up)

202950

(Execution time - best of 10)

19.04 μs

--------------------------------------------------

(Test)

RowToList (Keys Count):

(Output & Warm-up)

5

(Execution time - best of 10)

0.46 μs


==================================================

Total exec time: 117.11 ms


Building...
=== ES failed ===

Building...
Reading Spago workspace configuration...

✓ Selecting package to build: ps-scheme-test

Downloading dependencies...
Cloning https://github.com/purescm/purescript-core.git
Building...
[  1 of 203] Compiling Type.Proxy
[  3 of 203] Compiling Unsafe.Coerce
[  2 of 203] Compiling Type.Equality
[  4 of 203] Compiling Type.Data.RowList
[  5 of 203] Compiling Test.Implicit
[  6 of 203] Compiling Type.Data.Row
[  7 of 203] Compiling Partial
[  8 of 203] Compiling Data.Void
[  9 of 203] Compiling Spago.Generated.BuildInfo
[ 11 of 203] Compiling Data.Unit
[ 12 of 203] Compiling Record.Unsafe
[ 10 of 203] Compiling Data.Traversable.Accum
[ 13 of 203] Compiling Data.NaturalTransformation
[ 14 of 203] Compiling Data.Boolean
[ 15 of 203] Compiling Control.Semigroupoid
[ 16 of 203] Compiling Data.Exists
[ 17 of 203] Compiling Safe.Coerce
[ 18 of 203] Compiling Data.Symbol
[ 19 of 203] Compiling Data.Function.Uncurried
[ 22 of 203] Compiling Control.Category
[ 20 of 203] Compiling Partial.Unsafe
[ 21 of 203] Compiling Control.Lazy
[ 23 of 203] Compiling Data.Semiring
[ 25 of 203] Compiling Data.HeytingAlgebra
[ 24 of 203] Compiling Data.Semigroup
[ 26 of 203] Compiling Data.Show
[ 27 of 203] Compiling Data.Ring
[ 28 of 203] Compiling Data.Generic.Rep
[ 30 of 203] Compiling Data.BooleanAlgebra
[ 29 of 203] Compiling Data.Eq
[ 31 of 203] Compiling Data.CommutativeRing
[ 33 of 203] Compiling Data.EuclideanRing
[ 32 of 203] Compiling Data.Ordering
[ 34 of 203] Compiling Data.Ord
[ 35 of 203] Compiling Data.DivisionRing
[ 36 of 203] Compiling Data.Field
[ 37 of 203] Compiling Data.Monoid
[ 38 of 203] Compiling Data.Reflectable
[ 39 of 203] Compiling Data.Function
[ 40 of 203] Compiling Data.Bounded
[ 41 of 203] Compiling Data.Functor
[ 43 of 203] Compiling Control.Alt
[ 42 of 203] Compiling Control.Apply
[ 44 of 203] Compiling Control.Extend
[ 45 of 203] Compiling Data.Monoid.Generic
[ 47 of 203] Compiling Control.Plus
[ 46 of 203] Compiling Data.Bounded.Generic
[ 48 of 203] Compiling Control.Comonad
[ 49 of 203] Compiling Control.Applicative
[ 50 of 203] Compiling Control.Alternative
[ 51 of 203] Compiling Control.Bind
[ 52 of 203] Compiling Control.Monad
[ 53 of 203] Compiling Prelude
[ 54 of 203] Compiling Control.MonadPlus
[ 55 of 203] Compiling Data.Monoid.Dual
[ 56 of 203] Compiling Data.Monoid.Endo
[ 57 of 203] Compiling Data.Ring.Generic
[ 58 of 203] Compiling Data.Semigroup.Generic
[ 59 of 203] Compiling Data.Eq.Generic
[ 60 of 203] Compiling Data.Traversable.Accum.Internal
[ 61 of 203] Compiling Data.Monoid.Multiplicative
[ 62 of 203] Compiling Data.Semigroup.Last
[ 64 of 203] Compiling Data.Show.Generic
[ 63 of 203] Compiling Data.Semiring.Generic
[ 65 of 203] Compiling Data.HeytingAlgebra.Generic
[ 66 of 203] Compiling Effect
[ 67 of 203] Compiling Data.Ord.Generic
[ 68 of 203] Compiling Data.Monoid.Additive
[ 69 of 203] Compiling Data.Monoid.Conj
[ 70 of 203] Compiling Data.Semigroup.First
[ 71 of 203] Compiling Data.Monoid.Disj
[ 72 of 203] Compiling Effect.Unsafe
[ 73 of 203] Compiling Test.Main
[ 74 of 203] Compiling Effect.Console
[ 75 of 203] Compiling Effect.Uncurried
[ 76 of 203] Compiling Effect.Ref
[ 77 of 203] Compiling Effect.Class
[ 78 of 203] Compiling Effect.Class.Console
[ 79 of 203] Compiling Bench
[ 80 of 203] Compiling Data.Newtype
[ 81 of 203] Compiling Test.TCOFFI
[ 82 of 203] Compiling Test.PrimesFFI
[ 83 of 203] Compiling Test.AstTree
[ 84 of 203] Compiling Test.RowToListFFICheatcode
[ 85 of 203] Compiling Test.Fib
[ 87 of 203] Compiling Test.TCO
[ 88 of 203] Compiling Test.LazyEvaluation
[ 86 of 203] Compiling Test.ListOpsFFI
[ 90 of 203] Compiling Test.PolymorphismFFICheatcode
[ 89 of 203] Compiling Test.ArrayOpsFFICheatcode
[ 91 of 203] Compiling Test.Records
[ 92 of 203] Compiling Test.ChurchFFI
[ 93 of 203] Compiling Test.AckermannFFICheatcode
[ 94 of 203] Compiling Test.StateMonadFFI
[ 95 of 203] Compiling Test.RBTreeFFICheatcode
[ 96 of 203] Compiling Test.LazyEvaluationFFICheatcode
[ 97 of 203] Compiling Test.AstTreeFFICheatcode
[ 98 of 203] Compiling Test.LazyEvaluationFFI
[100 of 203] Compiling Test.RowToListFFI
[ 99 of 203] Compiling Test.StateMonadFFICheatcode
[101 of 203] Compiling Test.ArrayOpsFFI
[102 of 203] Compiling Test.RBTreeFFI
[103 of 203] Compiling Test.PolymorphismFFI
[105 of 203] Compiling Test.RecordsFFI
[104 of 203] Compiling Test.TCOFFICheatcode
[106 of 203] Compiling Test.Polymorphism
[107 of 203] Compiling Test.StateMonad
[108 of 203] Compiling Test.RecordsFFICheatcode
[109 of 203] Compiling Test.Ackermann
[110 of 203] Compiling Test.PrimesFFICheatcode
[111 of 203] Compiling Test.BenchCheck
[112 of 203] Compiling Test.ListOps
[113 of 203] Compiling Test.RBTree
[114 of 203] Compiling Test.ListOpsFFICheatcode
[115 of 203] Compiling Test.FibFFICheatcode
[117 of 203] Compiling Test.AstTreeFFI
[116 of 203] Compiling Test.Primes
[118 of 203] Compiling Test.RowToList
[119 of 203] Compiling Test.AckermannFFI
[121 of 203] Compiling Test.Church
[123 of 203] Compiling Data.Ord.Min
[124 of 203] Compiling Data.Monoid.Alternate
[122 of 203] Compiling Test.ChurchFFICheatcode
[120 of 203] Compiling Test.FibFFI
[125 of 203] Compiling Data.Ord.Down
[126 of 203] Compiling Data.Profunctor
[127 of 203] Compiling Data.Ord.Max
[128 of 203] Compiling Data.Functor.App
[129 of 203] Compiling AppFFI
[130 of 203] Compiling AppFFICheatcode
[131 of 203] Compiling Data.Profunctor.Closed
[132 of 203] Compiling Data.Functor.Invariant
[133 of 203] Compiling Data.Functor.Compose
[134 of 203] Compiling Data.Const
[135 of 203] Compiling Data.Maybe
[137 of 203] Compiling Data.Profunctor.Join
[136 of 203] Compiling Data.Tuple
[139 of 203] Compiling Data.Identity
[138 of 203] Compiling Data.Profunctor.Split
[140 of 203] Compiling Data.Functor.Contravariant
[141 of 203] Compiling Data.Predicate
[143 of 203] Compiling Data.Op
[142 of 203] Compiling Data.Comparison
[144 of 203] Compiling Data.Equivalence
[145 of 203] Compiling Data.Maybe.First
[147 of 203] Compiling Data.Maybe.Last
[146 of 203] Compiling Data.Either
[148 of 203] Compiling Data.Divide
[149 of 203] Compiling Data.Distributive
[150 of 203] Compiling Data.Profunctor.Strong
[152 of 203] Compiling Data.Profunctor.Costrong
[151 of 203] Compiling Data.Tuple.Nested
[153 of 203] Compiling Data.Divisible
[154 of 203] Compiling Data.Decide
[155 of 203] Compiling Data.Either.Inject
[156 of 203] Compiling Data.Profunctor.Choice
[157 of 203] Compiling Data.Bifunctor
[159 of 203] Compiling Data.Profunctor.Cochoice
[158 of 203] Compiling Data.Either.Nested
[161 of 203] Compiling Data.Functor.Product
[160 of 203] Compiling Control.Monad.Rec.Class
[162 of 203] Compiling Control.Biapply
[163 of 203] Compiling Data.Functor.Costar
[164 of 203] Compiling Data.Functor.Coproduct
[165 of 203] Compiling Data.Profunctor.Star
[166 of 203] Compiling Data.Decidable
[167 of 203] Compiling Control.Biapplicative
[168 of 203] Compiling Data.Functor.Product2
[169 of 203] Compiling Data.Functor.Flip
[170 of 203] Compiling Data.Bifunctor.Join
[171 of 203] Compiling Data.Functor.Joker
[172 of 203] Compiling Data.Functor.Clown
[173 of 203] Compiling Data.Functor.Product.Nested
[174 of 203] Compiling Data.FunctorWithIndex
[175 of 203] Compiling Data.Functor.Coproduct.Inject
[176 of 203] Compiling Data.Functor.Coproduct.Nested
[177 of 203] Compiling Data.Foldable
[178 of 203] Compiling Control.Monad.ST.Internal
[179 of 203] Compiling Control.Monad.ST
[181 of 203] Compiling Control.Monad.ST.Ref
[180 of 203] Compiling Control.Monad.ST.Uncurried
[182 of 203] Compiling Control.Monad.ST.Global
[183 of 203] Compiling Control.Monad.ST.Class
[184 of 203] Compiling Data.Array.ST
[185 of 203] Compiling Data.Array.ST.Partial
[186 of 203] Compiling Data.Array.ST.Iterator
[187 of 203] Compiling Data.FoldableWithIndex
[188 of 203] Compiling Data.Traversable
[190 of 203] Compiling Data.Bifoldable
[189 of 203] Compiling Data.Semigroup.Foldable
[192 of 203] Compiling Data.Semigroup.Traversable
[191 of 203] Compiling Data.Bitraversable
[193 of 203] Compiling Data.Unfoldable1
[194 of 203] Compiling Data.TraversableWithIndex
[195 of 203] Compiling Data.Unfoldable
[197 of 203] Compiling Data.Array.NonEmpty.Internal
[196 of 203] Compiling Data.NonEmpty
[198 of 203] Compiling Data.Array
[199 of 203] Compiling Data.Array.Partial
[200 of 203] Compiling Test.ArrayOps
[201 of 203] Compiling Data.Array.NonEmpty
[202 of 203] Compiling App
[203 of 203] Compiling Main
           Src   Lib   All
Warnings     0     0     0
Errors       0     0     0

✓ Build succeeded.

Created run/bak/scm/output_bin/main
=== Scheme ===
Global warm-up in progress (this may take a moment)...

Global warm-up complete. Starting benchmarks...

--------------------------------------------------

(Test)

AST Evaluation:

(Output & Warm-up)

7

(Execution time - best of 10)

0.0 μs

--------------------------------------------------

(Test)

Fibonacci:

(Output & Warm-up)

55

(Execution time - best of 10)

0.0 μs

--------------------------------------------------

(Test)

List Processing (900 elements):

(Output & Warm-up)

202950

(Execution time - best of 10)

6.0 μs

--------------------------------------------------

(Test)

Tail Call Optimization (100k calls):

(Output & Warm-up)

100000

(Execution time - best of 10)

293.0 μs

--------------------------------------------------

(Test)

Deep Record Updates (10k iterations):

(Output & Warm-up)

20000

(Execution time - best of 10)

182.0 μs

--------------------------------------------------

(Test)

Ackermann (3, 4):

(Output & Warm-up)

125

(Execution time - best of 10)

18.0 μs

--------------------------------------------------

(Test)

Church Numerals (100k Closure Applications):

(Output & Warm-up)

100000

(Execution time - best of 10)

240.0 μs

--------------------------------------------------

(Test)

Prime Sieve (sum primes up to 500):

(Output & Warm-up)

21536

(Execution time - best of 10)

35.0 μs

--------------------------------------------------

(Test)

Red-Black Tree (100k Worst-Case Insertions):

(Output & Warm-up)

22

(Execution time - best of 10)

23346.0 μs

--------------------------------------------------

(Test)

Polymorphism (10M Type Class Dict Lookups):

(Output & Warm-up)

10000000

(Execution time - best of 10)

18506.0 μs

--------------------------------------------------

(Test)

State Monad (1.2k Binds, 60 Stack Depth):

(Output & Warm-up)

1200

(Execution time - best of 10)

2.0 μs

--------------------------------------------------

(Test)

Lazy Evaluation (1M Thunks Forced, 1k Depth):

(Output & Warm-up)

1000000

(Execution time - best of 10)

2946.0 μs

--------------------------------------------------

(Test)

Array Processing (900 elements):

(Output & Warm-up)

202950

(Execution time - best of 10)

7.0 μs

--------------------------------------------------

(Test)

RowToList (Keys Count):

(Output & Warm-up)

5

(Execution time - best of 10)

0.0 μs


==================================================

Total exec time: 45.581 ms


Building...
=== Erlang BEAM ===
Global warm-up in progress (this may take a moment)...

Global warm-up complete. Starting benchmarks...

--------------------------------------------------

(Test)

AST Evaluation:

(Output & Warm-up)

7

(Execution time - best of 10)

0.00 μs

--------------------------------------------------

(Test)

Fibonacci:

(Output & Warm-up)

55

(Execution time - best of 10)

0.00 μs

--------------------------------------------------

(Test)

List Processing (900 elements):

(Output & Warm-up)

202950

(Execution time - best of 10)

38.00 μs

--------------------------------------------------

(Test)

Tail Call Optimization (100k calls):

(Output & Warm-up)

100000

(Execution time - best of 10)

1354.00 μs

--------------------------------------------------

(Test)

Deep Record Updates (10k iterations):

(Output & Warm-up)

20000

(Execution time - best of 10)

380.00 μs

--------------------------------------------------

(Test)

Ackermann (3, 4):

(Output & Warm-up)

125

(Execution time - best of 10)

23.00 μs

--------------------------------------------------

(Test)

Church Numerals (100k Closure Applications):

(Output & Warm-up)

100000

(Execution time - best of 10)

489.00 μs

--------------------------------------------------

(Test)

Prime Sieve (sum primes up to 500):

(Output & Warm-up)

21536

(Execution time - best of 10)

148.00 μs

--------------------------------------------------

(Test)

Red-Black Tree (100k Worst-Case Insertions):

(Output & Warm-up)

22

(Execution time - best of 10)

16978.00 μs

--------------------------------------------------

(Test)

Polymorphism (10M Type Class Dict Lookups):

(Output & Warm-up)

10000000

(Execution time - best of 10)

61280.00 μs

--------------------------------------------------

(Test)

State Monad (1.2k Binds, 60 Stack Depth):

(Output & Warm-up)

1200

(Execution time - best of 10)

19.00 μs

--------------------------------------------------

(Test)

Lazy Evaluation (1M Thunks Forced, 1k Depth):

(Output & Warm-up)

1000000

(Execution time - best of 10)

9385.00 μs

--------------------------------------------------

(Test)

Array Processing (900 elements):

(Output & Warm-up)

202950

(Execution time - best of 10)

29.00 μs

--------------------------------------------------

(Test)

RowToList (Keys Count):

(Output & Warm-up)

5

(Execution time - best of 10)

0.00 μs


==================================================

Total exec time: 90.12 ms


=== Rebuilding phpurs backend ===

> phpurs@0.1.0 build
> spago build && spago bundle --module Main --platform node --outfile bin/phpurs.js --bundle-type app

Reading Spago workspace configuration...

✓ Selecting package to build: phpurs

Downloading dependencies...
Building...
[2 of 5] Compiling PureScript.Backend.Optimizer.Substitute
[1 of 5] Compiling Phpurs.CodeGen
[4 of 5] Compiling TestInfer
[3 of 5] Compiling PureScript.Backend.Optimizer.Monomorphize
[WARNING 1/28 UnusedImport] ../../purescript-backend-optimizer/src/PureScript/Backend/Optimizer/Monomorphize.purs:24:1

  24  import Effect.Unsafe (unsafePerformEffect)
      ^^^^^^^^^^^^^^^^^^^^^^^^^^^^^^^^^^^^^^^^^^

  The import of Effect.Unsafe is redundant

[WARNING 2/28 UnusedImport] ../../purescript-backend-optimizer/src/PureScript/Backend/Optimizer/Monomorphize.purs:25:1

  25  import Effect.Console as Console
      ^^^^^^^^^^^^^^^^^^^^^^^^^^^^^^^^

  The qualified import of Effect.Console as Console is redundant

[WARNING 3/28 UnusedExplicitImport] ../../purescript-backend-optimizer/src/PureScript/Backend/Optimizer/Monomorphize.purs:34:1

  34  import Data.Maybe (Maybe(..), fromMaybe, maybe, isJust)
      ^^^^^^^^^^^^^^^^^^^^^^^^^^^^^^^^^^^^^^^^^^^^^^^^^^^^^^^

  The import of module Data.Maybe contains the following unused references:
    isJust
  It could be replaced with:
    import Data.Maybe (Maybe(..), fromMaybe, maybe)

[WARNING 4/28 UnusedImport] ../../purescript-backend-optimizer/src/PureScript/Backend/Optimizer/Monomorphize.purs:35:1

  35  import Debug (trace)
      ^^^^^^^^^^^^^^^^^^^^

  The import of Debug is redundant

[WARNING 5/28 DuplicateImport] ../../purescript-backend-optimizer/src/PureScript/Backend/Optimizer/Monomorphize.purs:39:1

  39  import Data.String as String
      ^^^^^^^^^^^^^^^^^^^^^^^^^^^^

  Duplicate import of Data.String as String

[WARNING 6/28 UnusedImport] ../../purescript-backend-optimizer/src/PureScript/Backend/Optimizer/Monomorphize.purs:41:1

  41  import Debug (trace)
      ^^^^^^^^^^^^^^^^^^^^

  The import of Debug is redundant

[WARNING 7/28 DuplicateImport] ../../purescript-backend-optimizer/src/PureScript/Backend/Optimizer/Monomorphize.purs:41:1

  41  import Debug (trace)
      ^^^^^^^^^^^^^^^^^^^^

  Duplicate import of Debug (trace)

[WARNING 8/28 UnusedImport] ../../purescript-backend-optimizer/src/PureScript/Backend/Optimizer/Monomorphize.purs:46:1

  46  import Node.Encoding (Encoding(..))
      ^^^^^^^^^^^^^^^^^^^^^^^^^^^^^^^^^^^

  The import of Node.Encoding is redundant

[WARNING 9/28 UnusedImport] ../../purescript-backend-optimizer/src/PureScript/Backend/Optimizer/Monomorphize.purs:47:1

  47  import Effect.Unsafe (unsafePerformEffect)
      ^^^^^^^^^^^^^^^^^^^^^^^^^^^^^^^^^^^^^^^^^^

  The import of Effect.Unsafe is redundant

[WARNING 10/28 DuplicateImport] ../../purescript-backend-optimizer/src/PureScript/Backend/Optimizer/Monomorphize.purs:47:1

  47  import Effect.Unsafe (unsafePerformEffect)
      ^^^^^^^^^^^^^^^^^^^^^^^^^^^^^^^^^^^^^^^^^^

  Duplicate import of Effect.Unsafe (unsafePerformEffect)

[WARNING 11/28 UnusedImport] ../../purescript-backend-optimizer/src/PureScript/Backend/Optimizer/Monomorphize.purs:48:1

  48  import Effect.Console as Console
      ^^^^^^^^^^^^^^^^^^^^^^^^^^^^^^^^

  The qualified import of Effect.Console as Console is redundant

[WARNING 12/28 DuplicateImport] ../../purescript-backend-optimizer/src/PureScript/Backend/Optimizer/Monomorphize.purs:48:1

  48  import Effect.Console as Console
      ^^^^^^^^^^^^^^^^^^^^^^^^^^^^^^^^

  Duplicate import of Effect.Console as Console

[WARNING 13/28 ShadowedName] ../../purescript-backend-optimizer/src/PureScript/Backend/Optimizer/Monomorphize.purs:300:30

  300                  s1 = foldl (\acc (Tuple paramType arg) ->
                                    ^^^

  Name acc was shadowed.
  in value declaration collectLocalExpr

[WARNING 14/28 ShadowedName] ../../purescript-backend-optimizer/src/PureScript/Backend/Optimizer/Monomorphize.purs:300:51

  300                  s1 = foldl (\acc (Tuple paramType arg) ->
                                                         ^^^

  Name arg was shadowed.
  in value declaration collectLocalExpr

[WARNING 15/28 ShadowedName] ../../purescript-backend-optimizer/src/PureScript/Backend/Optimizer/Monomorphize.purs:521:11

  521    goGuard subst (Unconditional e) = Unconditional (substituteVars subst e)
                 ^^^^^

  Name subst was shadowed.
  in value declaration substituteVars

[WARNING 16/28 ShadowedName] ../../purescript-backend-optimizer/src/PureScript/Backend/Optimizer/Monomorphize.purs:522:11

  522    goGuard subst (Guarded guards) = Guarded (map (\(Guard e1 e2) -> Guard (substituteVars subst e1) (substituteVars subst e2)) guards)
                 ^^^^^

  Name subst was shadowed.
  in value declaration substituteVars

[WARNING 17/28 ShadowedName] ../../purescript-backend-optimizer/src/PureScript/Backend/Optimizer/Monomorphize.purs:876:14

  876            go expr = case expr of
                    ^^^^

  Name expr was shadowed.
  in value declaration monomorphizeExpr

[WARNING 18/28 UnusedName] ../../purescript-backend-optimizer/src/PureScript/Backend/Optimizer/Monomorphize.purs:877:28

  877              ExprApp annApp f arg ->
                                  ^

  Name f was introduced but not used.
  in value declaration monomorphizeExpr

[WARNING 19/28 UnusedName] ../../purescript-backend-optimizer/src/PureScript/Backend/Optimizer/Monomorphize.purs:877:30

  877              ExprApp annApp f arg ->
                                    ^^^

  Name arg was introduced but not used.
  in value declaration monomorphizeExpr

[WARNING 20/28 ShadowedName] ../../purescript-backend-optimizer/src/PureScript/Backend/Optimizer/Monomorphize.purs:901:61

  901                            s1 = foldl (\acc (Tuple paramType arg) ->
                                                                   ^^^

  Name arg was shadowed.
  in value declaration monomorphizeExpr

[WARNING 21/28 UnusedImport] ../../purescript-backend-optimizer/src/PureScript/Backend/Optimizer/Substitute.purs:6:1

  6  import Effect.Unsafe (unsafePerformEffect)
     ^^^^^^^^^^^^^^^^^^^^^^^^^^^^^^^^^^^^^^^^^^

  The import of Effect.Unsafe is redundant

[WARNING 22/28 UnusedImport] ../../purescript-backend-optimizer/src/PureScript/Backend/Optimizer/Substitute.purs:7:1

  7  import Effect.Console as Console
     ^^^^^^^^^^^^^^^^^^^^^^^^^^^^^^^^

  The qualified import of Effect.Console as Console is redundant

[WARNING 23/28 UnusedName] ../../purescript-backend-optimizer/src/PureScript/Backend/Optimizer/Substitute.purs:48:18

  48  unify (ADT name1 path1 args1) (ADT name2 path2 args2) acc =
                       ^^^^^

  Name path1 was introduced but not used.
  in value declaration unify

[WARNING 24/28 UnusedName] ../../purescript-backend-optimizer/src/PureScript/Backend/Optimizer/Substitute.purs:48:42

  48  unify (ADT name1 path1 args1) (ADT name2 path2 args2) acc =
                                               ^^^^^

  Name path2 was introduced but not used.
  in value declaration unify

[WARNING 25/28 UnusedImport] ../../purescript-backend-optimizer/src/TestInfer.purs:5:1

  5  import Data.Map as Map
     ^^^^^^^^^^^^^^^^^^^^^^

  The qualified import of Data.Map as Map is redundant

[WARNING 26/28 UnusedImport] ../../purescript-backend-optimizer/src/TestInfer.purs:6:1

  6  import Data.Set as Set
     ^^^^^^^^^^^^^^^^^^^^^^

  The qualified import of Data.Set as Set is redundant

[WARNING 27/28 UnusedImport] ../../purescript-backend-optimizer/src/TestInfer.purs:8:1

  8  import Data.Tuple (Tuple(..))
     ^^^^^^^^^^^^^^^^^^^^^^^^^^^^^

  The import of Data.Tuple is redundant

[WARNING 28/28 UnusedName] src/Phpurs/CodeGen.purs:743:29

  743                              useVarsOuter = Array.nub (map (\mapped -> if Array.elem mapped recVars then "&" <> mapped else mapped) mappedFvs)
                                   ^^^^^^^^^^^^^^^^^^^^^^^^^^^^^^^^^^^^^^^^^^^^^^^^^^^^^^^^^^^^^^^^^^^^^^^^^^^^^^^^^^^^^^^^^^^^^^^^^^^^^^^^^^^^^^^^^

  Name useVarsOuter was introduced but not used.
  in value declaration translate

[ERROR 1/1 NoInstanceFound] src/Phpurs/CodeGen.purs:69:1

  69  translateOperator2 :: BackendOperator2 -> PhpExpr -> PhpExpr -> PhpExpr
      ^^^^^^^^^^^^^^^^^^^^^^^^^^^^^^^^^^^^^^^^^^^^^^^^^^^^^^^^^^^^^^^^^^^^^^^

  A case expression could not be determined to cover all inputs.
  The following additional cases are required to cover all inputs:
    (OpIntNum OpMod)    _ _
    (OpNumberNum OpMod) _ _
  Alternatively, add a Partial constraint to the type of the enclosing value.
  while checking that type Partial => t0
    is at least as general as type PhpExpr
  while checking that expression case $42 $43 $44 of
                                   OpArrayIndex arr ix -> (PhpArrayIndex arr) ix
                                   OpBooleanAnd l r -> ((...) l) r
                                   OpBooleanOr l r -> ((...) l) r
                                   (OpBooleanOrd OpEq) l r -> ((...) l) r
                                   (OpBooleanOrd OpNotEq) l r -> ((...) l) r
                                   (OpBooleanOrd OpGt) l r -> ((...) l) r
                                   (OpBooleanOrd OpGte) l r -> ((...) l) r
                                   (OpBooleanOrd OpLt) l r -> ((...) l) r
                                   (OpBooleanOrd OpLte) l r -> ((...) l) r
                                   (OpCharOrd OpEq) l r -> ((...) l) r
                                   (OpCharOrd OpNotEq) l r -> ((...) l) r
                                   (OpCharOrd OpGt) l r -> ((...) l) r
                                   (OpCharOrd OpGte) l r -> ((...) l) r
                                   (OpCharOrd OpLt) l r -> ((...) l) r
                                   (OpCharOrd OpLte) l r -> ((...) l) r
                                   OpIntBitAnd l r -> ((...) l) r
                                   OpIntBitOr l r -> ((...) l) r
                                   OpIntBitShiftLeft l r -> ((...) l) r
                                   OpIntBitShiftRight l r -> ((...) l) r
                                   OpIntBitXor l r -> ((...) l) r
                                   OpIntBitZeroFillShiftRight l r -> ((...) l) r
                                   (OpIntNum OpAdd) l r -> ((...) l) r
                                   (OpIntNum OpSubtract) l r -> ((...) l) r
                                   (OpIntNum OpMultiply) l r -> ((...) l) r
                                   (OpIntNum OpDivide) l r -> ((...) l) r
                                   (OpIntOrd OpEq) l r -> ((...) l) r
                                   (OpIntOrd OpNotEq) l r -> ((...) l) r
                                   (OpIntOrd OpGt) l r -> ((...) l) r
                                   (OpIntOrd OpGte) l r -> ((...) l) r
                                   (OpIntOrd OpLt) l r -> ((...) l) r
                                   (OpIntOrd OpLte) l r -> ((...) l) r
                                   (OpNumberNum OpAdd) l r -> ((...) l) r
                                   (OpNumberNum OpSubtract) l r -> ((...) l) r
                                   (OpNumberNum OpMultiply) l r -> ((...) l) r
                                   (OpNumberNum OpDivide) l r -> ((...) l) r
                                   (OpNumberOrd OpEq) l r -> ((...) l) r
                                   (OpNumberOrd OpNotEq) l r -> ((...) l) r
                                   (OpNumberOrd OpGt) l r -> ((...) l) r
                                   (OpNumberOrd OpGte) l r -> ((...) l) r
                                   (OpNumberOrd OpLt) l r -> ((...) l) r
                                   (OpNumberOrd OpLte) l r -> ((...) l) r
                                   OpStringAppend l r -> ((...) l) r
                                   (OpStringOrd OpEq) l r -> ((...) l) r
                                   (OpStringOrd OpNotEq) l r -> ((...) l) r
                                   (OpStringOrd OpGt) l r -> ((...) l) r
                                   (OpStringOrd OpGte) l r -> ((...) l) r
                                   (OpStringOrd OpLt) l r -> ((...) l) r
                                   (OpStringOrd OpLte) l r -> ((...) l) r
    has type PhpExpr
  in value declaration translateOperator2
  where t0 is an unknown type

           Src   Lib   All
Warnings     1    27    28
Errors       1     0     1

✘ Failed to build.

=== PHP failed ===

=== Rebuilding gopurs backend ===
Reading Spago workspace configuration...

✓ Selecting package to build: gopurs

Downloading dependencies...
Building...
[1 of 5] Compiling PureScript.Backend.Optimizer.Substitute
[2 of 5] Compiling TestInfer
[3 of 5] Compiling PureScript.Backend.Optimizer.Monomorphize
[4 of 5] Compiling Gopurs.CodeGen
[5 of 5] Compiling Main
[WARNING 1/140 UnusedImport] ../../purescript-backend-optimizer/src/PureScript/Backend/Optimizer/Monomorphize.purs:24:1

  24  import Effect.Unsafe (unsafePerformEffect)
      ^^^^^^^^^^^^^^^^^^^^^^^^^^^^^^^^^^^^^^^^^^

  The import of Effect.Unsafe is redundant

[WARNING 2/140 UnusedImport] ../../purescript-backend-optimizer/src/PureScript/Backend/Optimizer/Monomorphize.purs:25:1

  25  import Effect.Console as Console
      ^^^^^^^^^^^^^^^^^^^^^^^^^^^^^^^^

  The qualified import of Effect.Console as Console is redundant

[WARNING 3/140 UnusedExplicitImport] ../../purescript-backend-optimizer/src/PureScript/Backend/Optimizer/Monomorphize.purs:34:1

  34  import Data.Maybe (Maybe(..), fromMaybe, maybe, isJust)
      ^^^^^^^^^^^^^^^^^^^^^^^^^^^^^^^^^^^^^^^^^^^^^^^^^^^^^^^

  The import of module Data.Maybe contains the following unused references:
    isJust
  It could be replaced with:
    import Data.Maybe (Maybe(..), fromMaybe, maybe)

[WARNING 4/140 UnusedImport] ../../purescript-backend-optimizer/src/PureScript/Backend/Optimizer/Monomorphize.purs:35:1

  35  import Debug (trace)
      ^^^^^^^^^^^^^^^^^^^^

  The import of Debug is redundant

[WARNING 5/140 DuplicateImport] ../../purescript-backend-optimizer/src/PureScript/Backend/Optimizer/Monomorphize.purs:39:1

  39  import Data.String as String
      ^^^^^^^^^^^^^^^^^^^^^^^^^^^^

  Duplicate import of Data.String as String

[WARNING 6/140 UnusedImport] ../../purescript-backend-optimizer/src/PureScript/Backend/Optimizer/Monomorphize.purs:41:1

  41  import Debug (trace)
      ^^^^^^^^^^^^^^^^^^^^

  The import of Debug is redundant

[WARNING 7/140 DuplicateImport] ../../purescript-backend-optimizer/src/PureScript/Backend/Optimizer/Monomorphize.purs:41:1

  41  import Debug (trace)
      ^^^^^^^^^^^^^^^^^^^^

  Duplicate import of Debug (trace)

[WARNING 8/140 UnusedImport] ../../purescript-backend-optimizer/src/PureScript/Backend/Optimizer/Monomorphize.purs:46:1

  46  import Node.Encoding (Encoding(..))
      ^^^^^^^^^^^^^^^^^^^^^^^^^^^^^^^^^^^

  The import of Node.Encoding is redundant

[WARNING 9/140 UnusedImport] ../../purescript-backend-optimizer/src/PureScript/Backend/Optimizer/Monomorphize.purs:47:1

  47  import Effect.Unsafe (unsafePerformEffect)
      ^^^^^^^^^^^^^^^^^^^^^^^^^^^^^^^^^^^^^^^^^^

  The import of Effect.Unsafe is redundant

[WARNING 10/140 DuplicateImport] ../../purescript-backend-optimizer/src/PureScript/Backend/Optimizer/Monomorphize.purs:47:1

  47  import Effect.Unsafe (unsafePerformEffect)
      ^^^^^^^^^^^^^^^^^^^^^^^^^^^^^^^^^^^^^^^^^^

  Duplicate import of Effect.Unsafe (unsafePerformEffect)

[WARNING 11/140 UnusedImport] ../../purescript-backend-optimizer/src/PureScript/Backend/Optimizer/Monomorphize.purs:48:1

  48  import Effect.Console as Console
      ^^^^^^^^^^^^^^^^^^^^^^^^^^^^^^^^

  The qualified import of Effect.Console as Console is redundant

[WARNING 12/140 DuplicateImport] ../../purescript-backend-optimizer/src/PureScript/Backend/Optimizer/Monomorphize.purs:48:1

  48  import Effect.Console as Console
      ^^^^^^^^^^^^^^^^^^^^^^^^^^^^^^^^

  Duplicate import of Effect.Console as Console

[WARNING 13/140 ShadowedName] ../../purescript-backend-optimizer/src/PureScript/Backend/Optimizer/Monomorphize.purs:300:30

  300                  s1 = foldl (\acc (Tuple paramType arg) ->
                                    ^^^

  Name acc was shadowed.
  in value declaration collectLocalExpr

[WARNING 14/140 ShadowedName] ../../purescript-backend-optimizer/src/PureScript/Backend/Optimizer/Monomorphize.purs:300:51

  300                  s1 = foldl (\acc (Tuple paramType arg) ->
                                                         ^^^

  Name arg was shadowed.
  in value declaration collectLocalExpr

[WARNING 15/140 ShadowedName] ../../purescript-backend-optimizer/src/PureScript/Backend/Optimizer/Monomorphize.purs:521:11

  521    goGuard subst (Unconditional e) = Unconditional (substituteVars subst e)
                 ^^^^^

  Name subst was shadowed.
  in value declaration substituteVars

[WARNING 16/140 ShadowedName] ../../purescript-backend-optimizer/src/PureScript/Backend/Optimizer/Monomorphize.purs:522:11

  522    goGuard subst (Guarded guards) = Guarded (map (\(Guard e1 e2) -> Guard (substituteVars subst e1) (substituteVars subst e2)) guards)
                 ^^^^^

  Name subst was shadowed.
  in value declaration substituteVars

[WARNING 17/140 ShadowedName] ../../purescript-backend-optimizer/src/PureScript/Backend/Optimizer/Monomorphize.purs:876:14

  876            go expr = case expr of
                    ^^^^

  Name expr was shadowed.
  in value declaration monomorphizeExpr

[WARNING 18/140 UnusedName] ../../purescript-backend-optimizer/src/PureScript/Backend/Optimizer/Monomorphize.purs:877:28

  877              ExprApp annApp f arg ->
                                  ^

  Name f was introduced but not used.
  in value declaration monomorphizeExpr

[WARNING 19/140 UnusedName] ../../purescript-backend-optimizer/src/PureScript/Backend/Optimizer/Monomorphize.purs:877:30

  877              ExprApp annApp f arg ->
                                    ^^^

  Name arg was introduced but not used.
  in value declaration monomorphizeExpr

[WARNING 20/140 ShadowedName] ../../purescript-backend-optimizer/src/PureScript/Backend/Optimizer/Monomorphize.purs:901:61

  901                            s1 = foldl (\acc (Tuple paramType arg) ->
                                                                   ^^^

  Name arg was shadowed.
  in value declaration monomorphizeExpr

[WARNING 21/140 UnusedImport] ../../purescript-backend-optimizer/src/PureScript/Backend/Optimizer/Substitute.purs:6:1

  6  import Effect.Unsafe (unsafePerformEffect)
     ^^^^^^^^^^^^^^^^^^^^^^^^^^^^^^^^^^^^^^^^^^

  The import of Effect.Unsafe is redundant

[WARNING 22/140 UnusedImport] ../../purescript-backend-optimizer/src/PureScript/Backend/Optimizer/Substitute.purs:7:1

  7  import Effect.Console as Console
     ^^^^^^^^^^^^^^^^^^^^^^^^^^^^^^^^

  The qualified import of Effect.Console as Console is redundant

[WARNING 23/140 UnusedName] ../../purescript-backend-optimizer/src/PureScript/Backend/Optimizer/Substitute.purs:48:18

  48  unify (ADT name1 path1 args1) (ADT name2 path2 args2) acc =
                       ^^^^^

  Name path1 was introduced but not used.
  in value declaration unify

[WARNING 24/140 UnusedName] ../../purescript-backend-optimizer/src/PureScript/Backend/Optimizer/Substitute.purs:48:42

  48  unify (ADT name1 path1 args1) (ADT name2 path2 args2) acc =
                                               ^^^^^

  Name path2 was introduced but not used.
  in value declaration unify

[WARNING 25/140 UnusedImport] ../../purescript-backend-optimizer/src/TestInfer.purs:5:1

  5  import Data.Map as Map
     ^^^^^^^^^^^^^^^^^^^^^^

  The qualified import of Data.Map as Map is redundant

[WARNING 26/140 UnusedImport] ../../purescript-backend-optimizer/src/TestInfer.purs:6:1

  6  import Data.Set as Set
     ^^^^^^^^^^^^^^^^^^^^^^

  The qualified import of Data.Set as Set is redundant

[WARNING 27/140 UnusedImport] ../../purescript-backend-optimizer/src/TestInfer.purs:8:1

  8  import Data.Tuple (Tuple(..))
     ^^^^^^^^^^^^^^^^^^^^^^^^^^^^^

  The import of Data.Tuple is redundant

[WARNING 28/140 UnusedFFIImplementations] src/Gopurs/CodeGen.purs:1:1

        v
     1  module Gopurs.CodeGen where
     2  
     3  import Prelude
        ...
  3191            "var " <> exportName <> " = gopurs_runtime.Func(func(_ gopurs_runtime.Value) gopurs_runtime.Value { panic(\"FFI not implemented: " <> pursName <> "\"); return gopurs_runtime.Value{} })"
  3192          Just d ->
  3193            "var " <> exportName <> " = " <> generateWrapperFunc dataDecls d mbTast
                                                                                        ^

  The following definitions in the foreign module for module Gopurs.CodeGen are unused:
    gopursTrace

[WARNING 29/140 UnusedExplicitImport] src/Gopurs/CodeGen.purs:4:1

  4  import PureScript.Backend.Optimizer.Syntax (BackendSyntax(Var, Local, Lit, App, Abs, UncurriedApp, UncurriedAbs, UncurriedEffectApp, UncurriedEffectAbs, Accessor, Update, CtorSaturated, CtorDef, LetRec, Let, EffectBind, EffectPure, EffectDefer, Branch, PrimOp, PrimEffect, PrimUndefined, Fail, Typed), BackendAccessor(..), Pair(..), Level(..), BackendOperator(..), BackendOperator1(..), BackendOperator2(..), BackendOperatorOrd(..), BackendOperatorNum(..), BackendEffect(..))
     ^^^^^^^^^^^^^^^^^^^^^^^^^^^^^^^^^^^^^^^^^^^^^^^^^^^^^^^^^^^^^^^^^^^^^^^^^^^^^^^^^^^^^^^^^^^^^^^^^^^^^^^^^^^^^^^^^^^^^^^^^^^^^^^^^^^^^^^^^^^^^^^^^^^^^^^^^^^^^^^^^^^^^^^^^^^^^^^^^^^^^^^^^^^^^^^^^^^^^^^^^^^^^^^^^^^^^^^^^^^^^^^^^^^^^^^^^^^^^^^^^^^^^^^^^^^^^^^^^^^^^^^^^^^^^^^^^^^^^^^^^^^^^^^^^^^^^^^^^^^^^^^^^^^^^^^^^^^^^^^^^^^^^^^^^^^^^^^^^^^^^^^^^^^^^^^^^^^^^^^^^^^^^^^^^^^^^^^^^^^^^^^^^^^^^^^^^^^^^^^^^^^^^^^^^^^^^^^^^^^^^^^^^^^^^^^^^^^^^^^^^^^^^^^^^^^^^^^^^^^^^^^^^^^^^^^^^^^

  The import of module PureScript.Backend.Optimizer.Syntax contains the following unused references:
    Level
  It could be replaced with:
    import PureScript.Backend.Optimizer.Syntax (BackendAccessor(..), BackendEffect(..), BackendOperator(..), BackendOperator1(..), BackendOperator2(..), BackendOperatorNum(..), BackendOperatorOrd(..), BackendSyntax(PrimEffect, PrimOp, Fail, Branch, UncurriedAbs, Abs, CtorSaturated, CtorDef, Update, Accessor, LetRec, Let, EffectDefer, EffectPure, EffectBind, UncurriedEffectAbs, UncurriedEffectApp, Var, Local, Typed, UncurriedApp, App, Lit), Pair(..))

[WARNING 30/140 UnusedDctorExplicitImport] src/Gopurs/CodeGen.purs:4:1

  4  import PureScript.Backend.Optimizer.Syntax (BackendSyntax(Var, Local, Lit, App, Abs, UncurriedApp, UncurriedAbs, UncurriedEffectApp, UncurriedEffectAbs, Accessor, Update, CtorSaturated, CtorDef, LetRec, Let, EffectBind, EffectPure, EffectDefer, Branch, PrimOp, PrimEffect, PrimUndefined, Fail, Typed), BackendAccessor(..), Pair(..), Level(..), BackendOperator(..), BackendOperator1(..), BackendOperator2(..), BackendOperatorOrd(..), BackendOperatorNum(..), BackendEffect(..))
     ^^^^^^^^^^^^^^^^^^^^^^^^^^^^^^^^^^^^^^^^^^^^^^^^^^^^^^^^^^^^^^^^^^^^^^^^^^^^^^^^^^^^^^^^^^^^^^^^^^^^^^^^^^^^^^^^^^^^^^^^^^^^^^^^^^^^^^^^^^^^^^^^^^^^^^^^^^^^^^^^^^^^^^^^^^^^^^^^^^^^^^^^^^^^^^^^^^^^^^^^^^^^^^^^^^^^^^^^^^^^^^^^^^^^^^^^^^^^^^^^^^^^^^^^^^^^^^^^^^^^^^^^^^^^^^^^^^^^^^^^^^^^^^^^^^^^^^^^^^^^^^^^^^^^^^^^^^^^^^^^^^^^^^^^^^^^^^^^^^^^^^^^^^^^^^^^^^^^^^^^^^^^^^^^^^^^^^^^^^^^^^^^^^^^^^^^^^^^^^^^^^^^^^^^^^^^^^^^^^^^^^^^^^^^^^^^^^^^^^^^^^^^^^^^^^^^^^^^^^^^^^^^^^^^^^^^^^^

  The import of type BackendSyntax from module PureScript.Backend.Optimizer.Syntax includes the following unused data constructors:
    PrimUndefined
  It could be replaced with:
    import PureScript.Backend.Optimizer.Syntax (BackendAccessor(..), BackendEffect(..), BackendOperator(..), BackendOperator1(..), BackendOperator2(..), BackendOperatorNum(..), BackendOperatorOrd(..), BackendSyntax(PrimEffect, PrimOp, Fail, Branch, UncurriedAbs, Abs, CtorSaturated, CtorDef, Update, Accessor, LetRec, Let, EffectDefer, EffectPure, EffectBind, UncurriedEffectAbs, UncurriedEffectApp, Var, Local, Typed, UncurriedApp, App, Lit), Pair(..))

[WARNING 31/140 UnusedImport] src/Gopurs/CodeGen.purs:6:1

  6  import PureScript.Backend.Optimizer.Semantics (NeutralExpr(..))
     ^^^^^^^^^^^^^^^^^^^^^^^^^^^^^^^^^^^^^^^^^^^^^^^^^^^^^^^^^^^^^^^

  The import of PureScript.Backend.Optimizer.Semantics is redundant

[WARNING 32/140 UnusedExplicitImport] src/Gopurs/CodeGen.purs:7:1

  7  import PureScript.Backend.Optimizer.Convert (BackendModule, BackendBindingGroup)
     ^^^^^^^^^^^^^^^^^^^^^^^^^^^^^^^^^^^^^^^^^^^^^^^^^^^^^^^^^^^^^^^^^^^^^^^^^^^^^^^^

  The import of module PureScript.Backend.Optimizer.Convert contains the following unused references:
    BackendBindingGroup
  It could be replaced with:
    import PureScript.Backend.Optimizer.Convert (BackendModule)

[WARNING 33/140 UnusedExplicitImport] src/Gopurs/CodeGen.purs:10:1

  10  import Data.Maybe (Maybe(..), fromMaybe, isJust)
      ^^^^^^^^^^^^^^^^^^^^^^^^^^^^^^^^^^^^^^^^^^^^^^^^

  The import of module Data.Maybe contains the following unused references:
    isJust
  It could be replaced with:
    import Data.Maybe (Maybe(..), fromMaybe)

[WARNING 34/140 UnusedExplicitImport] src/Gopurs/CodeGen.purs:12:1

  12  import PureScript.Backend.Optimizer.CoreFn (Ann(..), Bind(..), Binder(..), Binding(..), CaseAlternative(..), CaseGuard(..), Comment, ConstructorType(..), DataConstructor, DataDecl, Expr(..), ExprType(..), Guard(..), Ident(..), Import(..), Literal(..), Meta(..), Module(..), ModuleName(..), Prop(..), ProperName(..), Qualified(..), ReExport, exprAnn, findProp, propKey, propValue, qualifiedModuleName, unQualified)
      ^^^^^^^^^^^^^^^^^^^^^^^^^^^^^^^^^^^^^^^^^^^^^^^^^^^^^^^^^^^^^^^^^^^^^^^^^^^^^^^^^^^^^^^^^^^^^^^^^^^^^^^^^^^^^^^^^^^^^^^^^^^^^^^^^^^^^^^^^^^^^^^^^^^^^^^^^^^^^^^^^^^^^^^^^^^^^^^^^^^^^^^^^^^^^^^^^^^^^^^^^^^^^^^^^^^^^^^^^^^^^^^^^^^^^^^^^^^^^^^^^^^^^^^^^^^^^^^^^^^^^^^^^^^^^^^^^^^^^^^^^^^^^^^^^^^^^^^^^^^^^^^^^^^^^^^^^^^^^^^^^^^^^^^^^^^^^^^^^^^^^^^^^^^^^^^^^^^^^^^^^^^^^^^^^^^^^^^^^^^^^^^^^^^^^^^^^^^^^^^^^^^^^^^^^^^^^

  The import of module PureScript.Backend.Optimizer.CoreFn contains the following unused references:
    Ann
    Bind
    Binder
    Binding
    CaseAlternative
    CaseGuard
    Comment
    ConstructorType
    DataConstructor
    Expr
    Guard
    Import
    Meta
    Module
    ProperName
    ReExport
    exprAnn
    findProp
    propKey
    propValue
    qualifiedModuleName
    unQualified
  It could be replaced with:
    import PureScript.Backend.Optimizer.CoreFn (DataDecl, ExprType(..), Ident(..), Literal(..), ModuleName(..), Prop(..), Qualified(..))

[WARNING 35/140 UnusedImport] src/Gopurs/CodeGen.purs:14:1

  14  import Data.Array.NonEmpty as NonEmptyArray
      ^^^^^^^^^^^^^^^^^^^^^^^^^^^^^^^^^^^^^^^^^^^

  The qualified import of Data.Array.NonEmpty as NonEmptyArray is redundant

[WARNING 36/140 UnusedExplicitImport] src/Gopurs/CodeGen.purs:15:1

  15  import Data.Array.NonEmpty (NonEmptyArray, fromArray, toArray)
      ^^^^^^^^^^^^^^^^^^^^^^^^^^^^^^^^^^^^^^^^^^^^^^^^^^^^^^^^^^^^^^

  The import of module Data.Array.NonEmpty contains the following unused references:
    NonEmptyArray
  It could be replaced with:
    import Data.Array.NonEmpty (fromArray, toArray)

[WARNING 37/140 UnusedImport] src/Gopurs/CodeGen.purs:20:1

  20  import Partial.Unsafe (unsafePartial)
      ^^^^^^^^^^^^^^^^^^^^^^^^^^^^^^^^^^^^^

  The import of Partial.Unsafe is redundant

[WARNING 38/140 DuplicateImport] src/Gopurs/CodeGen.purs:29:1

  29  import Data.Set as Set
      ^^^^^^^^^^^^^^^^^^^^^^

  Duplicate import of Data.Set as Set

[WARNING 39/140 UnusedImport] src/Gopurs/CodeGen.purs:36:1

  36  import PureScript.Backend.Optimizer.Substitute (unify, substituteExprType, mapTcoExprTypes, substituteAst)
      ^^^^^^^^^^^^^^^^^^^^^^^^^^^^^^^^^^^^^^^^^^^^^^^^^^^^^^^^^^^^^^^^^^^^^^^^^^^^^^^^^^^^^^^^^^^^^^^^^^^^^^^^^^

  The import of PureScript.Backend.Optimizer.Substitute is redundant

[WARNING 40/140 UnusedExplicitImport] src/Gopurs/CodeGen.purs:37:1

  37  import Gopurs.GoAst (GoFile, GoDecl, GoExpr(..), GoType(..), goTypeToStr, sanitizeName, goRecordStructName)
      ^^^^^^^^^^^^^^^^^^^^^^^^^^^^^^^^^^^^^^^^^^^^^^^^^^^^^^^^^^^^^^^^^^^^^^^^^^^^^^^^^^^^^^^^^^^^^^^^^^^^^^^^^^^

  The import of module Gopurs.GoAst contains the following unused references:
    GoFile
    goRecordStructName
  It could be replaced with:
    import Gopurs.GoAst (GoDecl, GoExpr(..), GoType(..), goTypeToStr, sanitizeName)

[WARNING 41/140 UnusedExplicitImport] src/Gopurs/CodeGen.purs:41:1

  41  import PureScript.Backend.Optimizer.Codegen.Tco (TcoExpr(..), tcoAnalysisOf)
      ^^^^^^^^^^^^^^^^^^^^^^^^^^^^^^^^^^^^^^^^^^^^^^^^^^^^^^^^^^^^^^^^^^^^^^^^^^^^

  The import of module PureScript.Backend.Optimizer.Codegen.Tco contains the following unused references:
    tcoAnalysisOf
  It could be replaced with:
    import PureScript.Backend.Optimizer.Codegen.Tco (TcoExpr(..))

[WARNING 42/140 UnusedExplicitImport] src/Gopurs/CodeGen.purs:42:1

  42  import PureScript.Backend.Optimizer.FreeVars (freeVars, localId, paramTypes)
      ^^^^^^^^^^^^^^^^^^^^^^^^^^^^^^^^^^^^^^^^^^^^^^^^^^^^^^^^^^^^^^^^^^^^^^^^^^^^

  The import of module PureScript.Backend.Optimizer.FreeVars contains the following unused references:
    paramTypes
  It could be replaced with:
    import PureScript.Backend.Optimizer.FreeVars (freeVars, localId)

[WARNING 43/140 UnusedImport] src/Gopurs/CodeGen.purs:43:1

  43  import Node.Path as Path
      ^^^^^^^^^^^^^^^^^^^^^^^^

  The qualified import of Node.Path as Path is redundant

[WARNING 44/140 UnusedImport] src/Gopurs/CodeGen.purs:44:1

  44  import Node.FS.Sync as FS
      ^^^^^^^^^^^^^^^^^^^^^^^^^

  The qualified import of Node.FS.Sync as FS is redundant

[WARNING 45/140 DuplicateSelectiveImport] src/Gopurs/CodeGen.purs:45:1

  45  import Data.Tuple (Tuple(..), fst)
      ^^^^^^^^^^^^^^^^^^^^^^^^^^^^^^^^^^

  There is an existing import of Data.Tuple, consider merging the import lists

[WARNING 46/140 DuplicateSelectiveImport] src/Gopurs/CodeGen.purs:48:1

  48  import Data.Maybe (fromMaybe)
      ^^^^^^^^^^^^^^^^^^^^^^^^^^^^^

  There is an existing import of Data.Maybe, consider merging the import lists

[WARNING 47/140 OverlappingPattern] src/Gopurs/CodeGen.purs:55:1

  55  coerceGoExpr :: String -> GoExpr -> GoType -> GoType -> GoExpr
      ^^^^^^^^^^^^^^^^^^^^^^^^^^^^^^^^^^^^^^^^^^^^^^^^^^^^^^^^^^^^^^

  A case expression contains unreachable cases:
  modNameStr expr srcT@TypeStructPointer b1 f1 s1 a1 destT@TypeStructPointer b2 f2 s2 a2
  in binding group coerceGoExpr

[WARNING 48/140 UserDefinedWarning] src/Gopurs/CodeGen.purs:55:1

  55  coerceGoExpr :: String -> GoExpr -> GoType -> GoType -> GoExpr
      ^^^^^^^^^^^^^^^^^^^^^^^^^^^^^^^^^^^^^^^^^^^^^^^^^^^^^^^^^^^^^^

  A custom warning occurred while solving type class constraints:
    Debug function usage
  in binding group coerceGoExpr

[WARNING 49/140 UnusedName] src/Gopurs/CodeGen.purs:56:14

  56  coerceGoExpr modNameStr expr from to | from == to = expr
                   ^^^^^^^^^^

  Name modNameStr was introduced but not used.
  in value declaration coerceGoExpr

[WARNING 50/140 UnusedName] src/Gopurs/CodeGen.purs:57:14

  57  coerceGoExpr modNameStr expr srcT@(TypeStructPointer b1 f1 s1 a1) destT@(TypeStructPointer b2 f2 s2 a2) | b1 == b2 && s1 == s2 && a1 == a2 = expr
                   ^^^^^^^^^^

  Name modNameStr was introduced but not used.
  in value declaration coerceGoExpr

[WARNING 51/140 UnusedName] src/Gopurs/CodeGen.purs:57:30

  57  coerceGoExpr modNameStr expr srcT@(TypeStructPointer b1 f1 s1 a1) destT@(TypeStructPointer b2 f2 s2 a2) | b1 == b2 && s1 == s2 && a1 == a2 = expr
                                   ^^^^^^^^^^^^^^^^^^^^^^^^^^^^^^^^^^^^

  Name srcT was introduced but not used.
  in value declaration coerceGoExpr

[WARNING 52/140 UnusedName] src/Gopurs/CodeGen.purs:57:57

  57  coerceGoExpr modNameStr expr srcT@(TypeStructPointer b1 f1 s1 a1) destT@(TypeStructPointer b2 f2 s2 a2) | b1 == b2 && s1 == s2 && a1 == a2 = expr
                                                              ^^

  Name f1 was introduced but not used.
  in value declaration coerceGoExpr

[WARNING 53/140 UnusedName] src/Gopurs/CodeGen.purs:57:67

  57  coerceGoExpr modNameStr expr srcT@(TypeStructPointer b1 f1 s1 a1) destT@(TypeStructPointer b2 f2 s2 a2) | b1 == b2 && s1 == s2 && a1 == a2 = expr
                                                                        ^^^^^^^^^^^^^^^^^^^^^^^^^^^^^^^^^^^^^

  Name destT was introduced but not used.
  in value declaration coerceGoExpr

[WARNING 54/140 UnusedName] src/Gopurs/CodeGen.purs:57:95

  57  coerceGoExpr modNameStr expr srcT@(TypeStructPointer b1 f1 s1 a1) destT@(TypeStructPointer b2 f2 s2 a2) | b1 == b2 && s1 == s2 && a1 == a2 = expr
                                                                                                    ^^

  Name f2 was introduced but not used.
  in value declaration coerceGoExpr

[WARNING 55/140 UnusedName] src/Gopurs/CodeGen.purs:59:57

  59  coerceGoExpr modNameStr expr srcT@(TypeStructPointer b1 f1 s1 a1) destT@(TypeStructPointer b2 f2 s2 a2) | b1 == b2 =
                                                              ^^

  Name f1 was introduced but not used.
  in value declaration coerceGoExpr

[WARNING 56/140 UnusedName] src/Gopurs/CodeGen.purs:59:63

  59  coerceGoExpr modNameStr expr srcT@(TypeStructPointer b1 f1 s1 a1) destT@(TypeStructPointer b2 f2 s2 a2) | b1 == b2 =
                                                                    ^^

  Name a1 was introduced but not used.
  in value declaration coerceGoExpr

[WARNING 57/140 UnusedName] src/Gopurs/CodeGen.purs:59:95

  59  coerceGoExpr modNameStr expr srcT@(TypeStructPointer b1 f1 s1 a1) destT@(TypeStructPointer b2 f2 s2 a2) | b1 == b2 =
                                                                                                    ^^

  Name f2 was introduced but not used.
  in value declaration coerceGoExpr

[WARNING 58/140 UnusedName] src/Gopurs/CodeGen.purs:59:101

  59  coerceGoExpr modNameStr expr srcT@(TypeStructPointer b1 f1 s1 a1) destT@(TypeStructPointer b2 f2 s2 a2) | b1 == b2 =
                                                                                                          ^^

  Name a2 was introduced but not used.
  in value declaration coerceGoExpr

[WARNING 59/140 UnusedName] src/Gopurs/CodeGen.purs:69:14

  69  coerceGoExpr modNameStr expr srcT@(TypeStructPointer b1 f1 s1 a1) destT@(TypeStructPointer b2 f2 s2 a2) = Debug.trace ("MISMATCH B1 B2: " <> b1 <> " vs " <> b2 <> " from " <> goTypeToStr srcT <> " to " <> goTypeToStr destT) \_ ->
                   ^^^^^^^^^^

  Name modNameStr was introduced but not used.
  in value declaration coerceGoExpr

[WARNING 60/140 UnusedName] src/Gopurs/CodeGen.purs:69:57

  69  coerceGoExpr modNameStr expr srcT@(TypeStructPointer b1 f1 s1 a1) destT@(TypeStructPointer b2 f2 s2 a2) = Debug.trace ("MISMATCH B1 B2: " <> b1 <> " vs " <> b2 <> " from " <> goTypeToStr srcT <> " to " <> goTypeToStr destT) \_ ->
                                                              ^^

  Name f1 was introduced but not used.
  in value declaration coerceGoExpr

[WARNING 61/140 UnusedName] src/Gopurs/CodeGen.purs:69:60

  69  coerceGoExpr modNameStr expr srcT@(TypeStructPointer b1 f1 s1 a1) destT@(TypeStructPointer b2 f2 s2 a2) = Debug.trace ("MISMATCH B1 B2: " <> b1 <> " vs " <> b2 <> " from " <> goTypeToStr srcT <> " to " <> goTypeToStr destT) \_ ->
                                                                 ^^

  Name s1 was introduced but not used.
  in value declaration coerceGoExpr

[WARNING 62/140 UnusedName] src/Gopurs/CodeGen.purs:69:63

  69  coerceGoExpr modNameStr expr srcT@(TypeStructPointer b1 f1 s1 a1) destT@(TypeStructPointer b2 f2 s2 a2) = Debug.trace ("MISMATCH B1 B2: " <> b1 <> " vs " <> b2 <> " from " <> goTypeToStr srcT <> " to " <> goTypeToStr destT) \_ ->
                                                                    ^^

  Name a1 was introduced but not used.
  in value declaration coerceGoExpr

[WARNING 63/140 UnusedName] src/Gopurs/CodeGen.purs:69:95

  69  coerceGoExpr modNameStr expr srcT@(TypeStructPointer b1 f1 s1 a1) destT@(TypeStructPointer b2 f2 s2 a2) = Debug.trace ("MISMATCH B1 B2: " <> b1 <> " vs " <> b2 <> " from " <> goTypeToStr srcT <> " to " <> goTypeToStr destT) \_ ->
                                                                                                    ^^

  Name f2 was introduced but not used.
  in value declaration coerceGoExpr

[WARNING 64/140 UnusedName] src/Gopurs/CodeGen.purs:69:98

  69  coerceGoExpr modNameStr expr srcT@(TypeStructPointer b1 f1 s1 a1) destT@(TypeStructPointer b2 f2 s2 a2) = Debug.trace ("MISMATCH B1 B2: " <> b1 <> " vs " <> b2 <> " from " <> goTypeToStr srcT <> " to " <> goTypeToStr destT) \_ ->
                                                                                                       ^^

  Name s2 was introduced but not used.
  in value declaration coerceGoExpr

[WARNING 65/140 UnusedName] src/Gopurs/CodeGen.purs:69:101

  69  coerceGoExpr modNameStr expr srcT@(TypeStructPointer b1 f1 s1 a1) destT@(TypeStructPointer b2 f2 s2 a2) = Debug.trace ("MISMATCH B1 B2: " <> b1 <> " vs " <> b2 <> " from " <> goTypeToStr srcT <> " to " <> goTypeToStr destT) \_ ->
                                                                                                          ^^

  Name a2 was introduced but not used.
  in value declaration coerceGoExpr

[WARNING 66/140 UnusedName] src/Gopurs/CodeGen.purs:72:57

  72  coerceGoExpr modNameStr expr srcT@(TypeStructPointer b1 f1 s1 a1) destT@(TypeStructPointer b2 f2 s2 a2) | b1 == b2 =
                                                              ^^

  Name f1 was introduced but not used.
  in value declaration coerceGoExpr

[WARNING 67/140 UnusedName] src/Gopurs/CodeGen.purs:72:63

  72  coerceGoExpr modNameStr expr srcT@(TypeStructPointer b1 f1 s1 a1) destT@(TypeStructPointer b2 f2 s2 a2) | b1 == b2 =
                                                                    ^^

  Name a1 was introduced but not used.
  in value declaration coerceGoExpr

[WARNING 68/140 UnusedName] src/Gopurs/CodeGen.purs:72:95

  72  coerceGoExpr modNameStr expr srcT@(TypeStructPointer b1 f1 s1 a1) destT@(TypeStructPointer b2 f2 s2 a2) | b1 == b2 =
                                                                                                    ^^

  Name f2 was introduced but not used.
  in value declaration coerceGoExpr

[WARNING 69/140 UnusedName] src/Gopurs/CodeGen.purs:72:101

  72  coerceGoExpr modNameStr expr srcT@(TypeStructPointer b1 f1 s1 a1) destT@(TypeStructPointer b2 f2 s2 a2) | b1 == b2 =
                                                                                                          ^^

  Name a2 was introduced but not used.
  in value declaration coerceGoExpr

[WARNING 70/140 UnusedName] src/Gopurs/CodeGen.purs:100:14

  100  coerceGoExpr modNameStr expr from TypeValue = boxGoExpr expr from
                    ^^^^^^^^^^

  Name modNameStr was introduced but not used.
  in value declaration coerceGoExpr

[WARNING 71/140 UnusedName] src/Gopurs/CodeGen.purs:101:14

  101  coerceGoExpr modNameStr expr TypeValue to = unboxGoExpr expr TypeValue to
                    ^^^^^^^^^^

  Name modNameStr was introduced but not used.
  in value declaration coerceGoExpr

[WARNING 72/140 UnusedName] src/Gopurs/CodeGen.purs:102:14

  102  coerceGoExpr modNameStr expr from to = unboxGoExpr (boxGoExpr expr from) TypeValue to
                    ^^^^^^^^^^

  Name modNameStr was introduced but not used.
  in value declaration coerceGoExpr

[WARNING 73/140 UnusedName] src/Gopurs/CodeGen.purs:136:5

  136      cleanType = String.replaceAll (Pattern " ") (Replacement "_") typeStrSafe6
           ^^^^^^^^^^^^^^^^^^^^^^^^^^^^^^^^^^^^^^^^^^^^^^^^^^^^^^^^^^^^^^^^^^^^^^^^^^

  Name cleanType was introduced but not used.
  in value declaration mangleType

[WARNING 74/140 UnusedName] src/Gopurs/CodeGen.purs:148:18

  148  exprTypeToGoType ptrPaths enumAdts elided modNameStr (Record _) = TypeValue
                        ^^^^^^^^

  Name ptrPaths was introduced but not used.
  in value declaration exprTypeToGoType

[WARNING 75/140 UnusedName] src/Gopurs/CodeGen.purs:148:27

  148  exprTypeToGoType ptrPaths enumAdts elided modNameStr (Record _) = TypeValue
                                 ^^^^^^^^

  Name enumAdts was introduced but not used.
  in value declaration exprTypeToGoType

[WARNING 76/140 UnusedName] src/Gopurs/CodeGen.purs:148:36

  148  exprTypeToGoType ptrPaths enumAdts elided modNameStr (Record _) = TypeValue
                                          ^^^^^^

  Name elided was introduced but not used.
  in value declaration exprTypeToGoType

[WARNING 77/140 UnusedName] src/Gopurs/CodeGen.purs:148:43

  148  exprTypeToGoType ptrPaths enumAdts elided modNameStr (Record _) = TypeValue
                                                 ^^^^^^^^^^

  Name modNameStr was introduced but not used.
  in value declaration exprTypeToGoType

[WARNING 78/140 UnusedName] src/Gopurs/CodeGen.purs:184:35

  184  exprTypeToGoType _ _ _ _ (TypeVar v) = TypeValue
                                         ^

  Name v was introduced but not used.
  in value declaration exprTypeToGoType

[WARNING 79/140 UnusedName] src/Gopurs/CodeGen.purs:252:26

  252  instantiateGenericGoType env t = t
                                ^^^

  Name env was introduced but not used.
  in value declaration instantiateGenericGoType

[WARNING 80/140 UserDefinedWarning] src/Gopurs/CodeGen.purs:254:1

  254  unboxGoExpr :: GoExpr -> GoType -> GoType -> GoExpr
       ^^^^^^^^^^^^^^^^^^^^^^^^^^^^^^^^^^^^^^^^^^^^^^^^^^^

  A custom warning occurred while solving type class constraints:
    Debug function usage
  in binding group unboxGoExpr

[WARNING 81/140 UnusedName] src/Gopurs/CodeGen.purs:332:21

  332  extractUncurriedAbs tcoExpr@(TcoExpr _ syntax) = case syntax of
                           ^^^^^^^^^^^^^^^^^^^^^^^^^^

  Name tcoExpr was introduced but not used.
  in value declaration extractUncurriedAbs

[WARNING 82/140 UnusedName] src/Gopurs/CodeGen.purs:409:79

  409  translate enumAdts enumCtors pointerAdtPaths pointerAdtNodes pointerAdtLeaves adtTypes elidedCtors ctorTypes globalTypes rawInstantiations classDeclsMap classDeclsFields importsArray mod =
                                                                                     ^^^^^^^^

  Name adtTypes was introduced but not used.
  in value declaration translate

[WARNING 83/140 UnusedName] src/Gopurs/CodeGen.purs:409:122

  409  translate enumAdts enumCtors pointerAdtPaths pointerAdtNodes pointerAdtLeaves adtTypes elidedCtors ctorTypes globalTypes rawInstantiations classDeclsMap classDeclsFields importsArray mod =
                                                                                                                                ^^^^^^^^^^^^^^^^^

  Name rawInstantiations was introduced but not used.
  in value declaration translate

[WARNING 84/140 UnusedName] src/Gopurs/CodeGen.purs:409:140

  409  translate enumAdts enumCtors pointerAdtPaths pointerAdtNodes pointerAdtLeaves adtTypes elidedCtors ctorTypes globalTypes rawInstantiations classDeclsMap classDeclsFields importsArray mod =
                                                                                                                                                  ^^^^^^^^^^^^^

  Name classDeclsMap was introduced but not used.
  in value declaration translate

[WARNING 85/140 UnusedName] src/Gopurs/CodeGen.purs:418:5

           v
  418      isSafeType t =
  419        let
  420          check m = m == "" || m == modNameStrOrig || Set.member m flatImportsSet || m == "Prim" || String.indexOf (Pattern "Prim.") m == Just 0
       ...
  443          checkSafe _ = true
  444        in
  445          checkSafe t
                         ^

  Name isSafeType was introduced but not used.
  in value declaration translate

[WARNING 86/140 ShadowedName] src/Gopurs/CodeGen.purs:422:26

  422          checkSafe (ADT _ parts args) =
                                ^^^^^

  Name parts was shadowed.
  in value declaration translate

[WARNING 87/140 UnusedName] src/Gopurs/CodeGen.purs:504:21

  504                      nameStr = unwrap id
                           ^^^^^^^^^^^^^^^^^^^

  Name nameStr was introduced but not used.
  in value declaration translate

[WARNING 88/140 ShadowedName] src/Gopurs/CodeGen.purs:516:5

  516      getExprType (TcoExpr _ (Typed ty _)) = ty
           ^^^^^^^^^^^^^^^^^^^^^^^^^^^^^^^^^^^^^^^^^

  Name getExprType was shadowed.
  in value declaration translate

[WARNING 89/140 ShadowedName] src/Gopurs/CodeGen.purs:517:5

  517      getExprType _ = Any -- fallback
           ^^^^^^^^^^^^^^^^^^^

  Name getExprType was shadowed.
  in value declaration translate

[WARNING 90/140 UnusedName] src/Gopurs/CodeGen.purs:520:5

  520      setTcoExprType ty (TcoExpr a (Typed _ inner)) = TcoExpr a (Typed ty inner)
           ^^^^^^^^^^^^^^^^^^^^^^^^^^^^^^^^^^^^^^^^^^^^^^^^^^^^^^^^^^^^^^^^^^^^^^^^^^

  Name setTcoExprType was introduced but not used.
  in value declaration translate

[WARNING 91/140 UnusedName] src/Gopurs/CodeGen.purs:521:5

  521      setTcoExprType _ expr = expr
           ^^^^^^^^^^^^^^^^^^^^^^^^^^^^

  Name setTcoExprType was introduced but not used.
  in value declaration translate

[WARNING 92/140 UnusedName] src/Gopurs/CodeGen.purs:530:28

  530                Just { args, body } ->
                                  ^^^^

  Name body was introduced but not used.
  in value declaration translate

[WARNING 93/140 UnusedName] src/Gopurs/CodeGen.purs:577:43

  577                  processBindingGroup binds isRec =
                                                 ^^^^^

  Name isRec was introduced but not used.
  in value declaration translate

[WARNING 94/140 UnusedName] src/Gopurs/CodeGen.purs:584:27

  584                            loopCtxs = map (\fn -> { ident: fn.ident, params: fn.args, loopParams: map (\p -> p <> "_loop") fn.args, goTypes: [], fRet: TypeValue }) fns
                                 ^^^^^^^^^^^^^^^^^^^^^^^^^^^^^^^^^^^^^^^^^^^^^^^^^^^^^^^^^^^^^^^^^^^^^^^^^^^^^^^^^^^^^^^^^^^^^^^^^^^^^^^^^^^^^^^^^^^^^^^^^^^^^^^^^^^^^^^^^^^^

  Name loopCtxs was introduced but not used.
  in value declaration translate

[WARNING 95/140 UnusedName] src/Gopurs/CodeGen.purs:603:35

  603                                    loopParams = map (\(Tuple idStr _) -> idStr <> "_loop") paramsWithTypes
                                         ^^^^^^^^^^^^^^^^^^^^^^^^^^^^^^^^^^^^^^^^^^^^^^^^^^^^^^^^^^^^^^^^^^^^^^^

  Name loopParams was introduced but not used.
  in value declaration translate

[WARNING 96/140 UnusedName] src/Gopurs/CodeGen.purs:609:44

  609                                      Just { fRet, fArgs } | arity < Array.length fArgs -> TypeValue
                                                  ^^^^

  Name fRet was introduced but not used.
  in value declaration translate

[WARNING 97/140 UnusedName] src/Gopurs/CodeGen.purs:701:42

  701                      TypeStructPointer b1 f1 s1 a1, TypeStructPointer b2 f2 s2 a2 | b1 == b2 ->
                                                ^^

  Name f1 was introduced but not used.
  in value declaration translate

[WARNING 98/140 UnusedName] src/Gopurs/CodeGen.purs:701:73

  701                      TypeStructPointer b1 f1 s1 a1, TypeStructPointer b2 f2 s2 a2 | b1 == b2 ->
                                                                               ^^

  Name f2 was introduced but not used.
  in value declaration translate

[WARNING 99/140 ShadowedName] src/Gopurs/CodeGen.purs:708:29

  708                              parts = String.split (Pattern ".") k
                                   ^^^^^^^^^^^^^^^^^^^^^^^^^^^^^^^^^^^^

  Name parts was shadowed.
  in value declaration translate

[WARNING 100/140 UnusedName] src/Gopurs/CodeGen.purs:709:29

  709                              pkgNameStr = String.replaceAll (Pattern ".") (Replacement "_") (unwrap mod.name)
                                   ^^^^^^^^^^^^^^^^^^^^^^^^^^^^^^^^^^^^^^^^^^^^^^^^^^^^^^^^^^^^^^^^^^^^^^^^^^^^^^^^

  Name pkgNameStr was introduced but not used.
  in value declaration translate

[WARNING 101/140 UnusedName] src/Gopurs/CodeGen.purs:855:7

  855    Let ident lvl val body -> "Let(" <> printTcoExprShape body <> ")"
             ^^^^^

  Name ident was introduced but not used.
  in value declaration printTcoExprShape

[WARNING 102/140 UnusedName] src/Gopurs/CodeGen.purs:855:13

  855    Let ident lvl val body -> "Let(" <> printTcoExprShape body <> ")"
                   ^^^

  Name lvl was introduced but not used.
  in value declaration printTcoExprShape

[WARNING 103/140 UnusedName] src/Gopurs/CodeGen.purs:855:17

  855    Let ident lvl val body -> "Let(" <> printTcoExprShape body <> ")"
                       ^^^

  Name val was introduced but not used.
  in value declaration printTcoExprShape

[WARNING 104/140 UnusedName] src/Gopurs/CodeGen.purs:856:7

  856    Abs ident body -> "Abs(" <> printTcoExprShape body <> ")"
             ^^^^^

  Name ident was introduced but not used.
  in value declaration printTcoExprShape

[WARNING 105/140 UnusedName] src/Gopurs/CodeGen.purs:857:10

  857    App fn arg -> "App(" <> printTcoExprShape fn <> ")"
                ^^^

  Name arg was introduced but not used.
  in value declaration printTcoExprShape

[WARNING 106/140 UnusedName] src/Gopurs/CodeGen.purs:870:19

  870    UncurriedApp fn args -> "UncurriedApp(" <> printTcoExprShape fn <> ")"
                         ^^^^

  Name args was introduced but not used.
  in value declaration printTcoExprShape

[WARNING 107/140 UnusedName] src/Gopurs/CodeGen.purs:871:25

  871    UncurriedEffectApp fn args -> "UncurriedEffectApp(" <> printTcoExprShape fn <> ")"
                               ^^^^

  Name args was introduced but not used.
  in value declaration printTcoExprShape

[WARNING 108/140 UserDefinedWarning] src/Gopurs/CodeGen.purs:953:1

  953  translateExprImpl__ :: Ref { decls :: Array GoDecl, rawDecls :: Array String, elidedCtors :: Set.Set String, ctorTypes :: Map String { vars :: Array String, fields :: Array ExprType }, pointerAdtPaths :: Map String { ctorName :: String, arity :: Int }, pointerAdtNodes :: Set String, pointerAdtLeaves :: Map String { nodeBaseStruct :: String, nodeCtor :: String }, enumAdts :: Set.Set String, enumCtors :: Set.Set String, globalTypes :: Map.Map String ExprType, classDeclsFields :: Map String { vars :: Array String, fields :: Array { name :: String, "type" :: ExprType } }, globalId :: Int } -> Int -> String -> Array String -> Map String { fullName :: String, fArgs :: Array GoType, fRet :: GoType, arity :: Int } -> Map String { name :: String, goType :: GoType } -> Maybe String -> Array { ident :: String, params :: Array String, loopParams :: Array String, goTypes :: Array GoType, fRet :: GoType } -> Boolean -> Boolean -> Maybe ExprType -> Int -> TcoExpr -> { stmts :: StmtTree, expr :: GoExpr, exprType :: GoType, nextId :: Int }
       ^^^^^^^^^^^^^^^^^^^^^^^^^^^^^^^^^^^^^^^^^^^^^^^^^^^^^^^^^^^^^^^^^^^^^^^^^^^^^^^^^^^^^^^^^^^^^^^^^^^^^^^^^^^^^^^^^^^^^^^^^^^^^^^^^^^^^^^^^^^^^^^^^^^^^^^^^^^^^^^^^^^^^^^^^^^^^^^^^^^^^^^^^^^^^^^^^^^^^^^^^^^^^^^^^^^^^^^^^^^^^^^^^^^^^^^^^^^^^^^^^^^^^^^^^^^^^^^^^^^^^^^^^^^^^^^^^^^^^^^^^^^^^^^^^^^^^^^^^^^^^^^^^^^^^^^^^^^^^^^^^^^^^^^^^^^^^^^^^^^^^^^^^^^^^^^^^^^^^^^^^^^^^^^^^^^^^^^^^^^^^^^^^^^^^^^^^^^^^^^^^^^^^^^^^^^^^^^^^^^^^^^^^^^^^^^^^^^^^^^^^^^^^^^^^^^^^^^^^^^^^^^^^^^^^^^^^^^^^^^^^^^^^^^^^^^^^^^^^^^^^^^^^^^^^^^^^^^^^^^^^^^^^^^^^^^^^^^^^^^^^^^^^^^^^^^^^^^^^^^^^^^^^^^^^^^^^^^^^^^^^^^^^^^^^^^^^^^^^^^^^^^^^^^^^^^^^^^^^^^^^^^^^^^^^^^^^^^^^^^^^^^^^^^^^^^^^^^^^^^^^^^^^^^^^^^^^^^^^^^^^^^^^^^^^^^^^^^^^^^^^^^^^^^^^^^^^^^^^^^^^^^^^^^^^^^^^^^^^^^^^^^^^^^^^^^^^^^^^^^^^^^^^^^^^^^^^^^^^^^^^^^^^^^^^^^^^^^^^^^^^^^^^^^^^^^^^^^^^^^^^^^^^^^^^^^^^^^^^^^^^^^^^^^^^^^^^^^^^^^^^^^^^^^^^^^^^^^^^^^^^^^^^^^^^^^^^^^^^^^^^^^^^^^^^^^^^^^^^^^^^^^^^^^^^^^^^^^^^^^^^^^^^^^^^^^^^^^^^^^^^^^^^^^^^^^^^^^^^^^^^^^^^^^^^^^^^^^^^^^^^^^^^^^^^^^^^^^^^^^^^^^^^^^^^^^^^^^^^^

  A custom warning occurred while solving type class constraints:
    Debug function usage
  in binding group translateExprImpl__, translateExprImpl_

[WARNING 109/140 UserDefinedWarning] src/Gopurs/CodeGen.purs:953:1

  953  translateExprImpl__ :: Ref { decls :: Array GoDecl, rawDecls :: Array String, elidedCtors :: Set.Set String, ctorTypes :: Map String { vars :: Array String, fields :: Array ExprType }, pointerAdtPaths :: Map String { ctorName :: String, arity :: Int }, pointerAdtNodes :: Set String, pointerAdtLeaves :: Map String { nodeBaseStruct :: String, nodeCtor :: String }, enumAdts :: Set.Set String, enumCtors :: Set.Set String, globalTypes :: Map.Map String ExprType, classDeclsFields :: Map String { vars :: Array String, fields :: Array { name :: String, "type" :: ExprType } }, globalId :: Int } -> Int -> String -> Array String -> Map String { fullName :: String, fArgs :: Array GoType, fRet :: GoType, arity :: Int } -> Map String { name :: String, goType :: GoType } -> Maybe String -> Array { ident :: String, params :: Array String, loopParams :: Array String, goTypes :: Array GoType, fRet :: GoType } -> Boolean -> Boolean -> Maybe ExprType -> Int -> TcoExpr -> { stmts :: StmtTree, expr :: GoExpr, exprType :: GoType, nextId :: Int }
       ^^^^^^^^^^^^^^^^^^^^^^^^^^^^^^^^^^^^^^^^^^^^^^^^^^^^^^^^^^^^^^^^^^^^^^^^^^^^^^^^^^^^^^^^^^^^^^^^^^^^^^^^^^^^^^^^^^^^^^^^^^^^^^^^^^^^^^^^^^^^^^^^^^^^^^^^^^^^^^^^^^^^^^^^^^^^^^^^^^^^^^^^^^^^^^^^^^^^^^^^^^^^^^^^^^^^^^^^^^^^^^^^^^^^^^^^^^^^^^^^^^^^^^^^^^^^^^^^^^^^^^^^^^^^^^^^^^^^^^^^^^^^^^^^^^^^^^^^^^^^^^^^^^^^^^^^^^^^^^^^^^^^^^^^^^^^^^^^^^^^^^^^^^^^^^^^^^^^^^^^^^^^^^^^^^^^^^^^^^^^^^^^^^^^^^^^^^^^^^^^^^^^^^^^^^^^^^^^^^^^^^^^^^^^^^^^^^^^^^^^^^^^^^^^^^^^^^^^^^^^^^^^^^^^^^^^^^^^^^^^^^^^^^^^^^^^^^^^^^^^^^^^^^^^^^^^^^^^^^^^^^^^^^^^^^^^^^^^^^^^^^^^^^^^^^^^^^^^^^^^^^^^^^^^^^^^^^^^^^^^^^^^^^^^^^^^^^^^^^^^^^^^^^^^^^^^^^^^^^^^^^^^^^^^^^^^^^^^^^^^^^^^^^^^^^^^^^^^^^^^^^^^^^^^^^^^^^^^^^^^^^^^^^^^^^^^^^^^^^^^^^^^^^^^^^^^^^^^^^^^^^^^^^^^^^^^^^^^^^^^^^^^^^^^^^^^^^^^^^^^^^^^^^^^^^^^^^^^^^^^^^^^^^^^^^^^^^^^^^^^^^^^^^^^^^^^^^^^^^^^^^^^^^^^^^^^^^^^^^^^^^^^^^^^^^^^^^^^^^^^^^^^^^^^^^^^^^^^^^^^^^^^^^^^^^^^^^^^^^^^^^^^^^^^^^^^^^^^^^^^^^^^^^^^^^^^^^^^^^^^^^^^^^^^^^^^^^^^^^^^^^^^^^^^^^^^^^^^^^^^^^^^^^^^^^^^^^^^^^^^^^^^^^^^^^^^^^^^^^^^^^^^^^^^^^^^^^^^^^

  A custom warning occurred while solving type class constraints:
    Debug function usage
  in binding group translateExprImpl__, translateExprImpl_

[WARNING 110/140 UnusedName] src/Gopurs/CodeGen.purs:977:91

  977                  Lit (LitRecord props), TypeStructPointer baseStructName fullName fullPath tArgs ->
                                                                                                 ^^^^^

  Name tArgs was introduced but not used.
  in value declaration translateExprImpl__

[WARNING 111/140 ShadowedName] src/Gopurs/CodeGen.purs:983:31

  983                            ADT fullName _ tArgs ->
                                     ^^^^^^^^

  Name fullName was shadowed.
  in value declaration translateExprImpl__

[WARNING 112/140 ShadowedName] src/Gopurs/CodeGen.purs:983:42

  983                            ADT fullName _ tArgs ->
                                                ^^^^^

  Name tArgs was shadowed.
  in value declaration translateExprImpl__

[WARNING 113/140 ShadowedName] src/Gopurs/CodeGen.purs:1111:15

                      v
  1111                expr =
  1112                  if n == 0.0 && 1.0 / n < 0.0 then GoCall (GoSelector (GoVar "gopurs_runtime") "NegativeZero") []
  1113                  else if nStr == "Infinity" then GoCall (GoSelector (GoVar "math") "Inf") [ GoInt 1 ]
  1114                  else if nStr == "-Infinity" then GoCall (GoSelector (GoVar "math") "Inf") [ GoInt (-1) ]
  1115                  else if nStr == "NaN" then GoCall (GoSelector (GoVar "math") "NaN") []
  1116                  else GoRaw nStr
                                      ^

  Name expr was shadowed.
  in value declaration translateExprImpl__

[WARNING 114/140 ShadowedName] src/Gopurs/CodeGen.purs:1159:50

  1159                      boxedExprs = Array.zipWith (\expr ty -> boxGoExpr expr ty) accXs.exprs accXs.exprTypes
                                                         ^^^^

  Name expr was shadowed.
  in value declaration translateExprImpl__

[WARNING 115/140 UnusedName] src/Gopurs/CodeGen.purs:1216:15

  1216                typeArgs = Array.concatMap extractTypeApp flatArgsSpine
                      ^^^^^^^^^^^^^^^^^^^^^^^^^^^^^^^^^^^^^^^^^^^^^^^^^^^^^^^

  Name typeArgs was introduced but not used.
  in value declaration translateExprImpl__

[WARNING 116/140 UnusedName] src/Gopurs/CodeGen.purs:1225:34

  1225                    Var (Qualified mbMod (Ident name)) ->
                                         ^^^^^

  Name mbMod was introduced but not used.
  in value declaration translateExprImpl__

[WARNING 117/140 UnusedName] src/Gopurs/CodeGen.purs:1484:50

  1484                                    TypeFunc fArgs fRet | Array.length fArgs == Array.length flatArgs ->
                                                         ^^^^

  Name fRet was introduced but not used.
  in value declaration translateExprImpl__

[WARNING 118/140 UnusedName] src/Gopurs/CodeGen.purs:1771:40

  1771                          Var (Qualified mbMod (Ident name)) ->
                                               ^^^^^

  Name mbMod was introduced but not used.
  in value declaration translateExprImpl__

[WARNING 119/140 UnusedName] src/Gopurs/CodeGen.purs:2003:55

  2003                      funcExpr = Array.foldr (\(Tuple p goT) acc -> GoCall (GoSelector (GoVar "gopurs_runtime") "Func") [ GoRaw ("func(" <> p <> "_loop_val gopurs_runtime.Value) gopurs_runtime.Value {\nreturn " <> printGoExpr acc <> "\n}") ]) nativeCallExpr paramsWithTypes
                                                              ^^^

  Name goT was introduced but not used.
  in value declaration translateExprImpl__

[WARNING 120/140 UnusedName] src/Gopurs/CodeGen.purs:2072:21

  2072                      combinedLoopCtx = loopCtxs <> loopCtx
                            ^^^^^^^^^^^^^^^^^^^^^^^^^^^^^^^^^^^^^

  Name combinedLoopCtx was introduced but not used.
  in value declaration translateExprImpl__

[WARNING 121/140 UnusedName] src/Gopurs/CodeGen.purs:2080:29

  2080                              goType = boundInfo.goType
                                    ^^^^^^^^^^^^^^^^^^^^^^^^^

  Name goType was introduced but not used.
  in value declaration translateExprImpl__

[WARNING 122/140 UnusedName] src/Gopurs/CodeGen.purs:2090:29

  2090                              loopParams = map (\(Tuple idStr _) -> idStr <> "_loop") paramsWithTypes
                                    ^^^^^^^^^^^^^^^^^^^^^^^^^^^^^^^^^^^^^^^^^^^^^^^^^^^^^^^^^^^^^^^^^^^^^^^

  Name loopParams was introduced but not used.
  in value declaration translateExprImpl__

[WARNING 123/140 UnusedName] src/Gopurs/CodeGen.purs:2099:63

  2099                              funcExpr = Array.foldr (\(Tuple p goT) accExpr -> GoCall (GoSelector (GoVar "gopurs_runtime") "Func") [ GoRaw ("func(" <> p <> "_loop_val gopurs_runtime.Value) gopurs_runtime.Value {\nreturn " <> printGoExpr accExpr <> "\n}") ]) (boxGoExpr nativeCallExpr trueFRet) paramsWithTypes
                                                                      ^^^

  Name goT was introduced but not used.
  in value declaration translateExprImpl__

[WARNING 124/140 UnusedName] src/Gopurs/CodeGen.purs:2117:51

  2117                        ( \acc (Tuple (Tuple (Ident ident) val) alloc) ->
                                                          ^^^^^

  Name ident was introduced but not used.
  in value declaration translateExprImpl__

[WARNING 125/140 ShadowedName] src/Gopurs/CodeGen.purs:2291:21

  2291                  ADT fullName _ tArgs ->
                            ^^^^^^^^

  Name fullName was shadowed.
  in value declaration translateExprImpl__

[WARNING 126/140 UnusedName] src/Gopurs/CodeGen.purs:2299:25

  2299                  TypeApp fn arg ->
                                ^^

  Name fn was introduced but not used.
  in value declaration translateExprImpl__

[WARNING 127/140 UnusedName] src/Gopurs/CodeGen.purs:2299:28

  2299                  TypeApp fn arg ->
                                   ^^^

  Name arg was introduced but not used.
  in value declaration translateExprImpl__

[WARNING 128/140 UnusedName] src/Gopurs/CodeGen.purs:2305:34

  2305                        Tuple (ADT fnName _ tArgs) allArgs ->
                                         ^^^^^^

  Name fnName was introduced but not used.
  in value declaration translateExprImpl__

[WARNING 129/140 UnusedName] src/Gopurs/CodeGen.purs:2317:23

                              v
  2317                        expectedExprType = case Array.index fields' i of
  2318                          Just ty -> ty
  2319                          Nothing -> Any
                                             ^

  Name expectedExprType was introduced but not used.
  in value declaration translateExprImpl__

[WARNING 130/140 ShadowedName] src/Gopurs/CodeGen.purs:2411:21

  2411                  ADT fullName _ tArgs ->
                            ^^^^^^^^

  Name fullName was shadowed.
  in value declaration translateExprImpl__

[WARNING 131/140 ShadowedName] src/Gopurs/CodeGen.purs:2466:21

  2466                  ADT fullName _ tArgs ->
                            ^^^^^^^^

  Name fullName was shadowed.
  in value declaration translateExprImpl__

[WARNING 132/140 ShadowedName] src/Gopurs/CodeGen.purs:2475:24

  2475                    Just ctorInfo -> map (const TypeValue) ctorInfo.vars
                               ^^^^^^^^

  Name ctorInfo was shadowed.
  in value declaration translateExprImpl__

[WARNING 133/140 ShadowedName] src/Gopurs/CodeGen.purs:2483:26

  2483                      Just expr -> { expr: boxGoExpr expr (fromMaybe TypeValue (map (exprTypeToGoType (unsafePerformEffect (Ref.read helpersRef)).pointerAdtPaths (unsafePerformEffect (Ref.read helpersRef)).enumAdts (unsafePerformEffect (Ref.read helpersRef)).elidedCtors modNameStr) (Array.index fields 0))), exprType: TypeValue }
                                 ^^^^

  Name expr was shadowed.
  in value declaration translateExprImpl__

[WARNING 134/140 UnusedName] src/Gopurs/CodeGen.purs:2923:10

  2923        ( \i (Tuple fK fT) ->
                 ^

  Name i was introduced but not used.
  in value declaration wrapReturn

[WARNING 135/140 UnusedName] src/Gopurs/CodeGen.purs:2948:16

  2948              ( \i (Tuple fK fT) ->
                       ^

  Name i was introduced but not used.
  in value declaration wrapReturn

[WARNING 136/140 UnusedName] src/Gopurs/CodeGen.purs:3020:19

  3020    ConstrainedType constraints body -> "(ConstrainedType " <> printExprType body <> ")"
                          ^^^^^^^^^^^

  Name constraints was introduced but not used.
  in value declaration printExprType

[WARNING 137/140 UnusedName] src/Gopurs/CodeGen.purs:3021:7

  3021    ADT fullName path args -> "(ADT " <> show path <> " [" <> String.joinWith ", " (map printExprType args) <> "])"
              ^^^^^^^^

  Name fullName was introduced but not used.
  in value declaration printExprType

[WARNING 138/140 UnusedName] src/Gopurs/CodeGen.purs:3043:14

  3043          Just r -> retStr == "any" || retStr == "interface{}" || retStr == "gopurs_runtime.Value"
                     ^

  Name r was introduced but not used.
  in value declaration isStandardPursFunc

[WARNING 139/140 UnusedName] src/Gopurs/CodeGen.purs:3072:11

                  v
  3072            substituteGeneric t =
  3073              let
  3074                s = printTypeNode t
  3075                res = Array.foldl (\acc tp -> String.replaceAll (Pattern ("\\b" <> tp <> "\\b")) (Replacement "gopurs_runtime.Value") acc) s d.typeParams
  3076              in
  3077                TUnknown res
                                 ^

  Name substituteGeneric was introduced but not used.
  in value declaration generateWrapperFunc

[WARNING 140/140 UnusedName] src/Gopurs/CodeGen.purs:3079:11

  3079            newLines = []
                  ^^^^^^^^^^^^^

  Name newLines was introduced but not used.
  in value declaration generateWrapperFunc

           Src   Lib   All
Warnings   113    27   140
Errors       0     0     0

✓ Build succeeded.

Reading Spago workspace configuration...

✓ Selecting package to build: gopurs

Downloading dependencies...
Building...
           Src   Lib   All
Warnings     0     0     0
Errors       0     0     0

✓ Build succeeded.

Bundling...

  bin/gopurs.js  1.5mb ⚠️

⚡ Done in 46ms

✓ Bundle succeeded.

Building...
Reading Spago workspace configuration...

✓ Selecting package to build: ps-go-test

Downloading dependencies...
Building...
[  1 of 300] Compiling Unsafe.Coerce
[  2 of 300] Compiling Type.Equality
[  3 of 300] Compiling Test.Implicit
[  4 of 300] Compiling Type.Proxy
[  5 of 300] Compiling Spago.Generated.BuildInfo
[  6 of 300] Compiling Partial
[  7 of 300] Compiling Record.Unsafe
[  8 of 300] Compiling Data.Unit
[  9 of 300] Compiling Data.Traversable.Accum
[ 10 of 300] Compiling Data.Void
[ 11 of 300] Compiling Data.NaturalTransformation
[ 12 of 300] Compiling Data.String.Unsafe
[ 13 of 300] Compiling Data.Int.Bits
[ 14 of 300] Compiling Data.Boolean
[ 15 of 300] Compiling Control.Semigroupoid
[ 16 of 300] Compiling Data.Symbol
[ 18 of 300] Compiling Safe.Coerce
[ 17 of 300] Compiling Data.Exists
[ 19 of 300] Compiling Partial.Unsafe
[ 21 of 300] Compiling Control.Lazy
[ 20 of 300] Compiling Data.Function.Uncurried
[ 22 of 300] Compiling Control.Category
[ 23 of 300] Compiling Data.Semiring
[ 24 of 300] Compiling Data.Semigroup
[ 25 of 300] Compiling Data.HeytingAlgebra
[ 26 of 300] Compiling Data.Show
[ 27 of 300] Compiling Data.Ring
[ 28 of 300] Compiling Data.Generic.Rep
[ 29 of 300] Compiling Data.BooleanAlgebra
[ 30 of 300] Compiling Data.Eq
[ 31 of 300] Compiling Data.CommutativeRing
[ 32 of 300] Compiling Data.Ordering
[ 33 of 300] Compiling Data.EuclideanRing
[ 34 of 300] Compiling Data.Ord
[ 35 of 300] Compiling Data.DivisionRing
[ 36 of 300] Compiling Data.Field
[ 38 of 300] Compiling Data.Bounded
[ 37 of 300] Compiling Data.Reflectable
[ 39 of 300] Compiling Data.Monoid
[ 40 of 300] Compiling Data.Function
[ 41 of 300] Compiling Data.Functor
[ 42 of 300] Compiling Control.Alt
[ 44 of 300] Compiling Control.Extend
[ 43 of 300] Compiling Control.Apply
[ 45 of 300] Compiling Data.Monoid.Generic
[ 46 of 300] Compiling Data.Bounded.Generic
[ 47 of 300] Compiling Control.Plus
[ 48 of 300] Compiling Control.Comonad
[ 49 of 300] Compiling Control.Applicative
[ 50 of 300] Compiling Control.Alternative
[ 51 of 300] Compiling Control.Bind
[ 52 of 300] Compiling Control.Monad
[ 53 of 300] Compiling Prelude
[ 54 of 300] Compiling Control.MonadPlus
[ 55 of 300] Compiling Data.Show.Generic
[ 56 of 300] Compiling Data.Ord.Generic
[ 57 of 300] Compiling Data.Semigroup.Last
[ 58 of 300] Compiling Control.Monad.Gen.Class
[ 59 of 300] Compiling Data.Semiring.Generic
[ 60 of 300] Compiling Data.Traversable.Accum.Internal
[ 61 of 300] Compiling Data.Ring.Generic
[ 63 of 300] Compiling Data.Semigroup.Generic
[ 62 of 300] Compiling Data.HeytingAlgebra.Generic
[ 64 of 300] Compiling Data.Monoid.Additive
[ 65 of 300] Compiling Control.Monad.Trans.Class
[ 66 of 300] Compiling Control.Monad.Cont.Class
[ 67 of 300] Compiling Data.Monoid.Endo
[ 68 of 300] Compiling Data.Monoid.Disj
[ 69 of 300] Compiling Data.Number.Format
[ 70 of 300] Compiling Data.Semigroup.First
[ 71 of 300] Compiling Data.Monoid.Dual
[ 72 of 300] Compiling Data.Monoid.Conj
[ 73 of 300] Compiling Effect
[ 74 of 300] Compiling Data.Monoid.Multiplicative
[ 75 of 300] Compiling Control.Monad.Reader.Class
[ 76 of 300] Compiling Data.Eq.Generic
[ 77 of 300] Compiling Effect.Class
[ 79 of 300] Compiling Effect.Ref
[ 78 of 300] Compiling Effect.Uncurried
[ 80 of 300] Compiling Effect.Unsafe
[ 81 of 300] Compiling Effect.Console
[ 82 of 300] Compiling Test.Main
[ 83 of 300] Compiling Data.Newtype
[ 84 of 300] Compiling Bench
[ 85 of 300] Compiling Effect.Class.Console
[ 86 of 300] Compiling Data.Functor.App
[ 87 of 300] Compiling Data.Profunctor
[ 88 of 300] Compiling Data.Monoid.Alternate
[ 89 of 300] Compiling Data.Time.Duration
[ 90 of 300] Compiling Data.Ord.Max
[ 91 of 300] Compiling Data.String.Pattern
[ 92 of 300] Compiling Data.Ord.Min
[ 93 of 300] Compiling Data.Ord.Down
[ 94 of 300] Compiling Test.ChurchFFI
[ 96 of 300] Compiling Test.AstTree
[ 95 of 300] Compiling Test.TCO
[ 97 of 300] Compiling Test.RowToListFFI
[ 98 of 300] Compiling Test.TCOFFICheatcode
[ 99 of 300] Compiling Test.ArrayOpsFFI
[100 of 300] Compiling Test.PolymorphismFFI
[101 of 300] Compiling Test.ListOps
[102 of 300] Compiling Test.StateMonadFFI
[104 of 300] Compiling Test.ChurchFFICheatcode
[103 of 300] Compiling Test.AckermannFFICheatcode
[105 of 300] Compiling Test.LazyEvaluationFFICheatcode
[106 of 300] Compiling Test.TCOFFI
[108 of 300] Compiling Test.StateMonadFFICheatcode
[107 of 300] Compiling Test.Primes
[109 of 300] Compiling Test.Church
[110 of 300] Compiling Test.RowToListFFICheatcode
[112 of 300] Compiling Test.Ackermann
[114 of 300] Compiling Test.RecordsFFI
[115 of 300] Compiling Test.PolymorphismFFICheatcode
[116 of 300] Compiling Test.RBTreeFFICheatcode
[111 of 300] Compiling Test.StateMonad
[113 of 300] Compiling Test.FibFFICheatcode
[117 of 300] Compiling Test.ListOpsFFICheatcode
[118 of 300] Compiling Test.ListOpsFFI
[120 of 300] Compiling Test.PrimesFFICheatcode
[119 of 300] Compiling Test.Records
[121 of 300] Compiling Test.RowToList
[122 of 300] Compiling Test.BenchCheck
[123 of 300] Compiling Test.PrimesFFI
[124 of 300] Compiling Test.FibFFI
[125 of 300] Compiling Test.LazyEvaluation
[127 of 300] Compiling Test.ArrayOpsFFICheatcode
[128 of 300] Compiling Test.Fib
[129 of 300] Compiling Test.AstTreeFFI
[126 of 300] Compiling Test.AstTreeFFICheatcode
[130 of 300] Compiling Test.RBTree
[131 of 300] Compiling Test.RecordsFFICheatcode
[132 of 300] Compiling Test.Polymorphism
[134 of 300] Compiling Test.RBTreeFFI
[133 of 300] Compiling Test.LazyEvaluationFFI
[135 of 300] Compiling Test.AckermannFFI
[136 of 300] Compiling Data.String.Common
[138 of 300] Compiling Data.Profunctor.Closed
[139 of 300] Compiling Data.Functor.Compose
[140 of 300] Compiling AppFFICheatcode
[137 of 300] Compiling Data.Functor.Invariant
[141 of 300] Compiling AppFFI
[143 of 300] Compiling Data.Const
[142 of 300] Compiling Data.Profunctor.Split
[144 of 300] Compiling Data.Profunctor.Join
[145 of 300] Compiling Data.Maybe
[146 of 300] Compiling Data.Tuple
[147 of 300] Compiling Data.Identity
[148 of 300] Compiling Data.Functor.Contravariant
[149 of 300] Compiling Data.Op
[150 of 300] Compiling Data.Predicate
[151 of 300] Compiling Data.Comparison
[152 of 300] Compiling Data.Equivalence
[153 of 300] Compiling Data.Maybe.Last
[154 of 300] Compiling Data.Number
[157 of 300] Compiling Data.Maybe.First
[156 of 300] Compiling Data.Either
[155 of 300] Compiling Data.String.CodeUnits
[158 of 300] Compiling Data.Int
[159 of 300] Compiling Data.Number.Approximate
[160 of 300] Compiling Data.Divide
[161 of 300] Compiling Control.Monad.Writer.Class
[162 of 300] Compiling Data.Profunctor.Costrong
[164 of 300] Compiling Control.Monad.State.Class
[163 of 300] Compiling Data.Tuple.Nested
[165 of 300] Compiling Data.Profunctor.Strong
[166 of 300] Compiling Data.Distributive
[167 of 300] Compiling Data.Divisible
[168 of 300] Compiling Data.Decide
[169 of 300] Compiling Data.Bifunctor
[171 of 300] Compiling Effect.Exception
[172 of 300] Compiling Data.Profunctor.Choice
[173 of 300] Compiling Data.Profunctor.Cochoice
[174 of 300] Compiling Data.Either.Inject
[170 of 300] Compiling Data.Either.Nested
[175 of 300] Compiling Effect.Exception.Unsafe
[176 of 300] Compiling Control.Monad.Error.Class
[177 of 300] Compiling Data.Profunctor.Star
[178 of 300] Compiling Control.Biapply
[179 of 300] Compiling Data.Functor.Coproduct
[180 of 300] Compiling Data.Functor.Product
[181 of 300] Compiling Data.Functor.Costar
[182 of 300] Compiling Control.Monad.Rec.Class
[183 of 300] Compiling Data.Decidable
[184 of 300] Compiling Control.Biapplicative
[185 of 300] Compiling Data.Bifunctor.Join
[186 of 300] Compiling Data.Functor.Flip
[187 of 300] Compiling Data.Functor.Clown
[188 of 300] Compiling Data.Functor.Joker
[189 of 300] Compiling Data.Functor.Product2
[191 of 300] Compiling Data.Functor.Coproduct.Inject
[190 of 300] Compiling Data.Functor.Coproduct.Nested
[192 of 300] Compiling Data.Foldable
[193 of 300] Compiling Data.Functor.Product.Nested
[194 of 300] Compiling Data.FunctorWithIndex
[195 of 300] Compiling Control.Monad.ST.Internal
[196 of 300] Compiling Control.Monad.ST.Ref
[198 of 300] Compiling Control.Monad.ST
[197 of 300] Compiling Control.Monad.ST.Uncurried
[199 of 300] Compiling Control.Monad.ST.Global
[200 of 300] Compiling Control.Monad.ST.Class
[201 of 300] Compiling Control.Monad.Cont.Trans
[202 of 300] Compiling Control.Monad.Writer.Trans
[203 of 300] Compiling Control.Monad.RWS.Trans
[205 of 300] Compiling Control.Monad.Maybe.Trans
[204 of 300] Compiling Control.Monad.Except.Trans
[206 of 300] Compiling Control.Monad.Reader.Trans
[207 of 300] Compiling Control.Monad.State.Trans
[208 of 300] Compiling Data.Array.ST
[210 of 300] Compiling Data.Array.ST.Partial
[209 of 300] Compiling Data.Array.ST.Iterator
[211 of 300] Compiling Control.Monad.Cont
[212 of 300] Compiling Control.Monad.Reader
[213 of 300] Compiling Control.Monad.State
[214 of 300] Compiling Control.Monad.Except
[215 of 300] Compiling Control.Parallel.Class
[216 of 300] Compiling Control.Monad.Writer
[217 of 300] Compiling Control.Monad.RWS
[218 of 300] Compiling Data.Bifoldable
[219 of 300] Compiling Data.Semigroup.Foldable
[221 of 300] Compiling Data.Traversable
[220 of 300] Compiling Data.FoldableWithIndex
[222 of 300] Compiling Data.Bitraversable
[223 of 300] Compiling Control.Monad.Identity.Trans
[225 of 300] Compiling Data.Semigroup.Traversable
[224 of 300] Compiling Control.Parallel
[226 of 300] Compiling Effect.Aff
[227 of 300] Compiling Data.Unfoldable1
[228 of 300] Compiling Control.Comonad.Trans.Class
[229 of 300] Compiling Data.TraversableWithIndex
[230 of 300] Compiling Control.Comonad.Traced.Trans
[231 of 300] Compiling Control.Comonad.Store.Trans
[232 of 300] Compiling Data.Unfoldable
[233 of 300] Compiling Control.Monad.Gen
[234 of 300] Compiling Data.Enum
[235 of 300] Compiling Data.Time.Duration.Gen
[236 of 300] Compiling Data.Array.NonEmpty.Internal
[237 of 300] Compiling Data.NonEmpty
[238 of 300] Compiling Data.Lazy
[239 of 300] Compiling Control.Comonad.Env.Trans
[240 of 300] Compiling Effect.Aff.Compat
[241 of 300] Compiling Data.Array
[242 of 300] Compiling Data.Char
[243 of 300] Compiling Data.Date.Component
[244 of 300] Compiling Data.Time.Component
[245 of 300] Compiling Data.Enum.Generic
[246 of 300] Compiling Control.Comonad.Store.Class
[247 of 300] Compiling Control.Monad.List.Trans
[248 of 300] Compiling Control.Monad.Gen.Common
[249 of 300] Compiling Data.List.Types
[250 of 300] Compiling Data.Char.Gen
[251 of 300] Compiling Data.List.Lazy.Types
[252 of 300] Compiling Data.Enum.Gen
[253 of 300] Compiling Control.Comonad.Store
[254 of 300] Compiling Control.Comonad.Env.Class
[255 of 300] Compiling Data.String.Gen
[256 of 300] Compiling Data.Time
[257 of 300] Compiling Data.Time.Component.Gen
[258 of 300] Compiling Control.Comonad.Env
[259 of 300] Compiling Data.Date.Component.Gen
[260 of 300] Compiling Data.Date
[261 of 300] Compiling Control.Comonad.Traced.Class
[262 of 300] Compiling Data.Time.Gen
[263 of 300] Compiling Control.Comonad.Traced
[264 of 300] Compiling Data.Date.Gen
[265 of 300] Compiling Data.DateTime
[268 of 300] Compiling Test.ArrayOps
[267 of 300] Compiling Data.String.CodePoints
[269 of 300] Compiling Data.Array.Partial
[266 of 300] Compiling Data.Array.NonEmpty
[270 of 300] Compiling App
[271 of 300] Compiling Data.DateTime.Gen
[272 of 300] Compiling Data.DateTime.Instant
[273 of 300] Compiling Data.List.Internal
[274 of 300] Compiling Main
[275 of 300] Compiling Effect.Aff.Class
[276 of 300] Compiling Effect.Now
[277 of 300] Compiling Data.String
[278 of 300] Compiling Data.String.CaseInsensitive
[280 of 300] Compiling Data.String.Regex.Flags
[279 of 300] Compiling Data.String.NonEmpty.Internal
[282 of 300] Compiling Data.List.Lazy
[281 of 300] Compiling Data.List
[283 of 300] Compiling Data.String.NonEmpty.CodePoints
[284 of 300] Compiling Data.String.Regex
[285 of 300] Compiling Data.String.NonEmpty.CodeUnits
[286 of 300] Compiling Data.String.Regex.Unsafe
[287 of 300] Compiling Data.String.NonEmpty
[288 of 300] Compiling Data.String.NonEmpty.CaseInsensitive
[289 of 300] Compiling Data.List.ZipList
[290 of 300] Compiling Data.List.Lazy.NonEmpty
[293 of 300] Compiling Data.List.Partial
[292 of 300] Compiling Data.List.NonEmpty
[291 of 300] Compiling Data.Map.Internal
[294 of 300] Compiling Data.Set
[295 of 300] Compiling Data.Map
[296 of 300] Compiling Data.Set.NonEmpty
[297 of 300] Compiling Data.Map.Gen
[298 of 300] Compiling Data.Interval.Duration
[299 of 300] Compiling Data.Interval
[300 of 300] Compiling Data.Interval.Duration.Iso
           Src   Lib   All
Warnings     0     0     0
Errors       0     0     0

✓ Build succeeded.

file:///Users/0x1/Documents/htdocs/gopurs/gopurs/bin/gopurs.js:9512
                  throw util2.fromLeft(step2);
                  ^

Error: localSubst keys for unsafeThrowException: []
    at _crashWith (file:///Users/0x1/Documents/htdocs/gopurs/gopurs/bin/gopurs.js:6172:9)
    at file:///Users/0x1/Documents/htdocs/gopurs/gopurs/bin/gopurs.js:6185:12
    at _unsafePartial (file:///Users/0x1/Documents/htdocs/gopurs/gopurs/bin/gopurs.js:6167:10)
    at unsafeCrashWith (file:///Users/0x1/Documents/htdocs/gopurs/gopurs/bin/gopurs.js:6184:10)
    at file:///Users/0x1/Documents/htdocs/gopurs/gopurs/bin/gopurs.js:20011:28
    at file:///Users/0x1/Documents/htdocs/gopurs/gopurs/bin/gopurs.js:4256:19
    at Array.flatMap (<anonymous>)
    at file:///Users/0x1/Documents/htdocs/gopurs/gopurs/bin/gopurs.js:248:16
    at file:///Users/0x1/Documents/htdocs/gopurs/gopurs/bin/gopurs.js:69:18
    at file:///Users/0x1/Documents/htdocs/gopurs/gopurs/bin/gopurs.js:20070:17

Node.js v24.8.0
GOPURS FAILED
=== Go ===
=== Go (gopurs) failed ===

=== Rebuilding purust backend ===
Reading Spago workspace configuration...

✓ Selecting package to build: purust

Downloading dependencies...
Building...
[1 of 3] Compiling PureScript.Backend.Optimizer.Substitute
[3 of 3] Compiling TestInfer
[2 of 3] Compiling PureScript.Backend.Optimizer.Monomorphize
[WARNING 1/27 UnusedImport] ../../purescript-backend-optimizer/src/PureScript/Backend/Optimizer/Monomorphize.purs:24:1

  24  import Effect.Unsafe (unsafePerformEffect)
      ^^^^^^^^^^^^^^^^^^^^^^^^^^^^^^^^^^^^^^^^^^

  The import of Effect.Unsafe is redundant

[WARNING 2/27 UnusedImport] ../../purescript-backend-optimizer/src/PureScript/Backend/Optimizer/Monomorphize.purs:25:1

  25  import Effect.Console as Console
      ^^^^^^^^^^^^^^^^^^^^^^^^^^^^^^^^

  The qualified import of Effect.Console as Console is redundant

[WARNING 3/27 UnusedExplicitImport] ../../purescript-backend-optimizer/src/PureScript/Backend/Optimizer/Monomorphize.purs:34:1

  34  import Data.Maybe (Maybe(..), fromMaybe, maybe, isJust)
      ^^^^^^^^^^^^^^^^^^^^^^^^^^^^^^^^^^^^^^^^^^^^^^^^^^^^^^^

  The import of module Data.Maybe contains the following unused references:
    isJust
  It could be replaced with:
    import Data.Maybe (Maybe(..), fromMaybe, maybe)

[WARNING 4/27 UnusedImport] ../../purescript-backend-optimizer/src/PureScript/Backend/Optimizer/Monomorphize.purs:35:1

  35  import Debug (trace)
      ^^^^^^^^^^^^^^^^^^^^

  The import of Debug is redundant

[WARNING 5/27 DuplicateImport] ../../purescript-backend-optimizer/src/PureScript/Backend/Optimizer/Monomorphize.purs:39:1

  39  import Data.String as String
      ^^^^^^^^^^^^^^^^^^^^^^^^^^^^

  Duplicate import of Data.String as String

[WARNING 6/27 UnusedImport] ../../purescript-backend-optimizer/src/PureScript/Backend/Optimizer/Monomorphize.purs:41:1

  41  import Debug (trace)
      ^^^^^^^^^^^^^^^^^^^^

  The import of Debug is redundant

[WARNING 7/27 DuplicateImport] ../../purescript-backend-optimizer/src/PureScript/Backend/Optimizer/Monomorphize.purs:41:1

  41  import Debug (trace)
      ^^^^^^^^^^^^^^^^^^^^

  Duplicate import of Debug (trace)

[WARNING 8/27 UnusedImport] ../../purescript-backend-optimizer/src/PureScript/Backend/Optimizer/Monomorphize.purs:46:1

  46  import Node.Encoding (Encoding(..))
      ^^^^^^^^^^^^^^^^^^^^^^^^^^^^^^^^^^^

  The import of Node.Encoding is redundant

[WARNING 9/27 UnusedImport] ../../purescript-backend-optimizer/src/PureScript/Backend/Optimizer/Monomorphize.purs:47:1

  47  import Effect.Unsafe (unsafePerformEffect)
      ^^^^^^^^^^^^^^^^^^^^^^^^^^^^^^^^^^^^^^^^^^

  The import of Effect.Unsafe is redundant

[WARNING 10/27 DuplicateImport] ../../purescript-backend-optimizer/src/PureScript/Backend/Optimizer/Monomorphize.purs:47:1

  47  import Effect.Unsafe (unsafePerformEffect)
      ^^^^^^^^^^^^^^^^^^^^^^^^^^^^^^^^^^^^^^^^^^

  Duplicate import of Effect.Unsafe (unsafePerformEffect)

[WARNING 11/27 UnusedImport] ../../purescript-backend-optimizer/src/PureScript/Backend/Optimizer/Monomorphize.purs:48:1

  48  import Effect.Console as Console
      ^^^^^^^^^^^^^^^^^^^^^^^^^^^^^^^^

  The qualified import of Effect.Console as Console is redundant

[WARNING 12/27 DuplicateImport] ../../purescript-backend-optimizer/src/PureScript/Backend/Optimizer/Monomorphize.purs:48:1

  48  import Effect.Console as Console
      ^^^^^^^^^^^^^^^^^^^^^^^^^^^^^^^^

  Duplicate import of Effect.Console as Console

[WARNING 13/27 ShadowedName] ../../purescript-backend-optimizer/src/PureScript/Backend/Optimizer/Monomorphize.purs:300:30

  300                  s1 = foldl (\acc (Tuple paramType arg) ->
                                    ^^^

  Name acc was shadowed.
  in value declaration collectLocalExpr

[WARNING 14/27 ShadowedName] ../../purescript-backend-optimizer/src/PureScript/Backend/Optimizer/Monomorphize.purs:300:51

  300                  s1 = foldl (\acc (Tuple paramType arg) ->
                                                         ^^^

  Name arg was shadowed.
  in value declaration collectLocalExpr

[WARNING 15/27 ShadowedName] ../../purescript-backend-optimizer/src/PureScript/Backend/Optimizer/Monomorphize.purs:521:11

  521    goGuard subst (Unconditional e) = Unconditional (substituteVars subst e)
                 ^^^^^

  Name subst was shadowed.
  in value declaration substituteVars

[WARNING 16/27 ShadowedName] ../../purescript-backend-optimizer/src/PureScript/Backend/Optimizer/Monomorphize.purs:522:11

  522    goGuard subst (Guarded guards) = Guarded (map (\(Guard e1 e2) -> Guard (substituteVars subst e1) (substituteVars subst e2)) guards)
                 ^^^^^

  Name subst was shadowed.
  in value declaration substituteVars

[WARNING 17/27 ShadowedName] ../../purescript-backend-optimizer/src/PureScript/Backend/Optimizer/Monomorphize.purs:876:14

  876            go expr = case expr of
                    ^^^^

  Name expr was shadowed.
  in value declaration monomorphizeExpr

[WARNING 18/27 UnusedName] ../../purescript-backend-optimizer/src/PureScript/Backend/Optimizer/Monomorphize.purs:877:28

  877              ExprApp annApp f arg ->
                                  ^

  Name f was introduced but not used.
  in value declaration monomorphizeExpr

[WARNING 19/27 UnusedName] ../../purescript-backend-optimizer/src/PureScript/Backend/Optimizer/Monomorphize.purs:877:30

  877              ExprApp annApp f arg ->
                                    ^^^

  Name arg was introduced but not used.
  in value declaration monomorphizeExpr

[WARNING 20/27 ShadowedName] ../../purescript-backend-optimizer/src/PureScript/Backend/Optimizer/Monomorphize.purs:901:61

  901                            s1 = foldl (\acc (Tuple paramType arg) ->
                                                                   ^^^

  Name arg was shadowed.
  in value declaration monomorphizeExpr

[WARNING 21/27 UnusedImport] ../../purescript-backend-optimizer/src/PureScript/Backend/Optimizer/Substitute.purs:6:1

  6  import Effect.Unsafe (unsafePerformEffect)
     ^^^^^^^^^^^^^^^^^^^^^^^^^^^^^^^^^^^^^^^^^^

  The import of Effect.Unsafe is redundant

[WARNING 22/27 UnusedImport] ../../purescript-backend-optimizer/src/PureScript/Backend/Optimizer/Substitute.purs:7:1

  7  import Effect.Console as Console
     ^^^^^^^^^^^^^^^^^^^^^^^^^^^^^^^^

  The qualified import of Effect.Console as Console is redundant

[WARNING 23/27 UnusedName] ../../purescript-backend-optimizer/src/PureScript/Backend/Optimizer/Substitute.purs:48:18

  48  unify (ADT name1 path1 args1) (ADT name2 path2 args2) acc =
                       ^^^^^

  Name path1 was introduced but not used.
  in value declaration unify

[WARNING 24/27 UnusedName] ../../purescript-backend-optimizer/src/PureScript/Backend/Optimizer/Substitute.purs:48:42

  48  unify (ADT name1 path1 args1) (ADT name2 path2 args2) acc =
                                               ^^^^^

  Name path2 was introduced but not used.
  in value declaration unify

[WARNING 25/27 UnusedImport] ../../purescript-backend-optimizer/src/TestInfer.purs:5:1

  5  import Data.Map as Map
     ^^^^^^^^^^^^^^^^^^^^^^

  The qualified import of Data.Map as Map is redundant

[WARNING 26/27 UnusedImport] ../../purescript-backend-optimizer/src/TestInfer.purs:6:1

  6  import Data.Set as Set
     ^^^^^^^^^^^^^^^^^^^^^^

  The qualified import of Data.Set as Set is redundant

[WARNING 27/27 UnusedImport] ../../purescript-backend-optimizer/src/TestInfer.purs:8:1

  8  import Data.Tuple (Tuple(..))
     ^^^^^^^^^^^^^^^^^^^^^^^^^^^^^

  The import of Data.Tuple is redundant

           Src   Lib   All
Warnings     0    27    27
Errors       0     0     0

✓ Build succeeded.

Reading Spago workspace configuration...

✓ Selecting package to build: purust

Downloading dependencies...
Building...
           Src   Lib   All
Warnings     0     0     0
Errors       0     0     0

✓ Build succeeded.

Bundling...

  bin/purust.js  1.1mb ⚠️

⚡ Done in 37ms

✓ Bundle succeeded.

Building...
Reading Spago workspace configuration...

✓ Selecting package to build: ps-rust-test

Downloading dependencies...
Building...
[  3 of 300] Compiling Type.Equality
[  1 of 300] Compiling Unsafe.Coerce
[  4 of 300] Compiling Test.Implicit
[  2 of 300] Compiling Type.Proxy
[  5 of 300] Compiling Spago.Generated.BuildInfo
[  6 of 300] Compiling Record.Unsafe
[  7 of 300] Compiling Partial
[  9 of 300] Compiling Data.Unit
[  8 of 300] Compiling Data.Void
[ 10 of 300] Compiling Data.Traversable.Accum
[ 11 of 300] Compiling Data.String.Unsafe
[ 12 of 300] Compiling Data.NaturalTransformation
[ 13 of 300] Compiling Data.Int.Bits
[ 14 of 300] Compiling Data.Boolean
[ 15 of 300] Compiling Control.Semigroupoid
[ 16 of 300] Compiling Control.Lazy
[ 17 of 300] Compiling Data.Function.Uncurried
[ 18 of 300] Compiling Safe.Coerce
[ 19 of 300] Compiling Data.Symbol
[ 20 of 300] Compiling Partial.Unsafe
[ 21 of 300] Compiling Data.Exists
[ 22 of 300] Compiling Control.Category
[ 23 of 300] Compiling Data.Semigroup
[ 24 of 300] Compiling Data.Semiring
[ 25 of 300] Compiling Data.HeytingAlgebra
[ 26 of 300] Compiling Data.Show
[ 27 of 300] Compiling Data.Ring
[ 28 of 300] Compiling Data.Generic.Rep
[ 30 of 300] Compiling Data.BooleanAlgebra
[ 29 of 300] Compiling Data.Eq
[ 31 of 300] Compiling Data.CommutativeRing
[ 32 of 300] Compiling Data.EuclideanRing
[ 33 of 300] Compiling Data.Ordering
[ 34 of 300] Compiling Data.Ord
[ 35 of 300] Compiling Data.DivisionRing
[ 36 of 300] Compiling Data.Field
[ 37 of 300] Compiling Data.Monoid
[ 38 of 300] Compiling Data.Function
[ 40 of 300] Compiling Data.Bounded
[ 39 of 300] Compiling Data.Reflectable
[ 41 of 300] Compiling Data.Functor
[ 43 of 300] Compiling Control.Alt
[ 42 of 300] Compiling Control.Extend
[ 44 of 300] Compiling Control.Apply
[ 45 of 300] Compiling Data.Bounded.Generic
[ 46 of 300] Compiling Data.Monoid.Generic
[ 47 of 300] Compiling Control.Plus
[ 48 of 300] Compiling Control.Comonad
[ 49 of 300] Compiling Control.Applicative
[ 50 of 300] Compiling Control.Alternative
[ 51 of 300] Compiling Control.Bind
[ 52 of 300] Compiling Control.Monad
[ 53 of 300] Compiling Control.MonadPlus
[ 54 of 300] Compiling Prelude
[ 55 of 300] Compiling Effect
[ 56 of 300] Compiling Data.Monoid.Conj
[ 57 of 300] Compiling Data.Ord.Generic
[ 58 of 300] Compiling Control.Monad.Gen.Class
[ 59 of 300] Compiling Data.Monoid.Dual
[ 60 of 300] Compiling Data.Traversable.Accum.Internal
[ 61 of 300] Compiling Data.Show.Generic
[ 63 of 300] Compiling Data.Semigroup.First
[ 64 of 300] Compiling Data.Eq.Generic
[ 62 of 300] Compiling Data.Semiring.Generic
[ 65 of 300] Compiling Data.HeytingAlgebra.Generic
[ 66 of 300] Compiling Control.Monad.Reader.Class
[ 67 of 300] Compiling Data.Ring.Generic
[ 68 of 300] Compiling Data.Monoid.Disj
[ 69 of 300] Compiling Data.Number.Format
[ 70 of 300] Compiling Data.Semigroup.Generic
[ 71 of 300] Compiling Data.Monoid.Endo
[ 72 of 300] Compiling Control.Monad.Cont.Class
[ 74 of 300] Compiling Data.Monoid.Additive
[ 73 of 300] Compiling Data.Monoid.Multiplicative
[ 75 of 300] Compiling Data.Semigroup.Last
[ 77 of 300] Compiling Effect.Unsafe
[ 78 of 300] Compiling Effect.Uncurried
[ 76 of 300] Compiling Control.Monad.Trans.Class
[ 82 of 300] Compiling Effect.Class
[ 80 of 300] Compiling Effect.Console
[ 81 of 300] Compiling Test.Main
[ 79 of 300] Compiling Effect.Ref
[ 83 of 300] Compiling Data.Newtype
[ 84 of 300] Compiling Effect.Class.Console
[ 85 of 300] Compiling Bench
[ 86 of 300] Compiling Data.Ord.Down
[ 87 of 300] Compiling Data.Ord.Max
[ 88 of 300] Compiling Data.Ord.Min
[ 89 of 300] Compiling Data.Functor.App
[ 90 of 300] Compiling Data.Profunctor
[ 92 of 300] Compiling Data.String.Pattern
[ 91 of 300] Compiling Data.Monoid.Alternate
[ 93 of 300] Compiling Data.Time.Duration
[ 94 of 300] Compiling Test.AstTreeFFI
[ 95 of 300] Compiling Test.StateMonadFFICheatcode
[ 96 of 300] Compiling Test.PolymorphismFFI
[ 97 of 300] Compiling Test.RowToListFFI
[ 98 of 300] Compiling Test.PrimesFFI
[ 99 of 300] Compiling Test.PrimesFFICheatcode
[101 of 300] Compiling Test.RecordsFFI
[102 of 300] Compiling Test.FibFFI
[104 of 300] Compiling Test.RBTreeFFICheatcode
[100 of 300] Compiling Test.AstTree
[103 of 300] Compiling Test.AckermannFFI
[105 of 300] Compiling Test.Primes
[106 of 300] Compiling Test.AckermannFFICheatcode
[107 of 300] Compiling Test.LazyEvaluationFFI
[108 of 300] Compiling Test.RBTreeFFI
[109 of 300] Compiling Test.Polymorphism
[110 of 300] Compiling Test.Fib
[111 of 300] Compiling Test.FibFFICheatcode
[112 of 300] Compiling Test.ListOpsFFI
[114 of 300] Compiling Test.StateMonadFFI
[115 of 300] Compiling Test.TCOFFICheatcode
[113 of 300] Compiling Test.ArrayOpsFFICheatcode
[116 of 300] Compiling Test.RowToList
[117 of 300] Compiling Test.ArrayOpsFFI
[118 of 300] Compiling Test.StateMonad
[120 of 300] Compiling Test.TCO
[119 of 300] Compiling Test.Church
[121 of 300] Compiling Test.Ackermann
[122 of 300] Compiling Test.AstTreeFFICheatcode
[124 of 300] Compiling Test.RBTree
[123 of 300] Compiling Test.ListOpsFFICheatcode
[126 of 300] Compiling Test.ChurchFFI
[125 of 300] Compiling Test.LazyEvaluation
[127 of 300] Compiling Test.LazyEvaluationFFICheatcode
[128 of 300] Compiling Test.ChurchFFICheatcode
[129 of 300] Compiling Test.RecordsFFICheatcode
[130 of 300] Compiling Test.ListOps
[131 of 300] Compiling Test.RowToListFFICheatcode
[132 of 300] Compiling Data.String.Common
[133 of 300] Compiling Test.Records
[134 of 300] Compiling Test.PolymorphismFFICheatcode
[135 of 300] Compiling Test.BenchCheck
[137 of 300] Compiling Data.Profunctor.Closed
[138 of 300] Compiling Data.Functor.Invariant
[139 of 300] Compiling Data.Functor.Compose
[136 of 300] Compiling Test.TCOFFI
[140 of 300] Compiling AppFFI
[141 of 300] Compiling AppFFICheatcode
[142 of 300] Compiling Data.Identity
[143 of 300] Compiling Data.Const
[146 of 300] Compiling Data.Profunctor.Join
[145 of 300] Compiling Data.Profunctor.Split
[144 of 300] Compiling Data.Maybe
[147 of 300] Compiling Data.Tuple
[148 of 300] Compiling Data.Functor.Contravariant
[149 of 300] Compiling Data.Predicate
[150 of 300] Compiling Data.Op
[151 of 300] Compiling Data.Comparison
[152 of 300] Compiling Data.Equivalence
[153 of 300] Compiling Data.String.CodeUnits
[154 of 300] Compiling Data.Either
[155 of 300] Compiling Data.Number
[156 of 300] Compiling Data.Maybe.Last
[157 of 300] Compiling Data.Maybe.First
[158 of 300] Compiling Data.Number.Approximate
[159 of 300] Compiling Data.Int
[160 of 300] Compiling Data.Profunctor.Strong
[161 of 300] Compiling Data.Divide
[163 of 300] Compiling Data.Profunctor.Costrong
[162 of 300] Compiling Data.Distributive
[164 of 300] Compiling Control.Monad.Writer.Class
[166 of 300] Compiling Control.Monad.State.Class
[165 of 300] Compiling Data.Tuple.Nested
[167 of 300] Compiling Data.Divisible
[168 of 300] Compiling Data.Decide
[169 of 300] Compiling Data.Bifunctor
[170 of 300] Compiling Data.Either.Inject
[171 of 300] Compiling Data.Profunctor.Cochoice
[172 of 300] Compiling Effect.Exception
[174 of 300] Compiling Data.Profunctor.Choice
[173 of 300] Compiling Data.Either.Nested
[175 of 300] Compiling Effect.Exception.Unsafe
[176 of 300] Compiling Control.Monad.Error.Class
[177 of 300] Compiling Data.Functor.Coproduct
[178 of 300] Compiling Control.Monad.Rec.Class
[179 of 300] Compiling Control.Biapply
[180 of 300] Compiling Data.Functor.Product
[181 of 300] Compiling Data.Functor.Costar
[182 of 300] Compiling Data.Profunctor.Star
[183 of 300] Compiling Data.Decidable
[184 of 300] Compiling Control.Biapplicative
[186 of 300] Compiling Data.Functor.Flip
[185 of 300] Compiling Data.Functor.Joker
[187 of 300] Compiling Data.Functor.Product2
[188 of 300] Compiling Data.Bifunctor.Join
[189 of 300] Compiling Data.Functor.Clown
[190 of 300] Compiling Data.Functor.Coproduct.Inject
[191 of 300] Compiling Data.Functor.Product.Nested
[192 of 300] Compiling Data.Functor.Coproduct.Nested
[193 of 300] Compiling Data.FunctorWithIndex
[194 of 300] Compiling Data.Foldable
[195 of 300] Compiling Control.Monad.ST.Internal
[196 of 300] Compiling Control.Monad.ST.Ref
[197 of 300] Compiling Control.Monad.ST.Uncurried
[198 of 300] Compiling Control.Monad.ST
[199 of 300] Compiling Control.Monad.ST.Global
[200 of 300] Compiling Control.Monad.ST.Class
[201 of 300] Compiling Control.Monad.Reader.Trans
[202 of 300] Compiling Control.Monad.Except.Trans
[203 of 300] Compiling Control.Monad.RWS.Trans
[205 of 300] Compiling Control.Monad.Cont.Trans
[204 of 300] Compiling Control.Monad.Maybe.Trans
[206 of 300] Compiling Control.Monad.State.Trans
[207 of 300] Compiling Data.Array.ST
[208 of 300] Compiling Control.Monad.Writer.Trans
[209 of 300] Compiling Data.Array.ST.Partial
[210 of 300] Compiling Data.Array.ST.Iterator
[211 of 300] Compiling Control.Monad.Cont
[212 of 300] Compiling Control.Monad.Reader
[213 of 300] Compiling Control.Monad.Writer
[214 of 300] Compiling Control.Monad.Except
[216 of 300] Compiling Control.Parallel.Class
[215 of 300] Compiling Control.Monad.State
[217 of 300] Compiling Control.Monad.RWS
[218 of 300] Compiling Data.Bifoldable
[219 of 300] Compiling Data.Semigroup.Foldable
[221 of 300] Compiling Data.Traversable
[220 of 300] Compiling Data.FoldableWithIndex
[222 of 300] Compiling Data.Bitraversable
[223 of 300] Compiling Control.Monad.Identity.Trans
[225 of 300] Compiling Data.Semigroup.Traversable
[224 of 300] Compiling Control.Parallel
[226 of 300] Compiling Effect.Aff
[227 of 300] Compiling Data.Unfoldable1
[228 of 300] Compiling Data.TraversableWithIndex
[229 of 300] Compiling Control.Comonad.Trans.Class
[230 of 300] Compiling Control.Comonad.Traced.Trans
[231 of 300] Compiling Control.Comonad.Store.Trans
[232 of 300] Compiling Data.Unfoldable
[233 of 300] Compiling Data.Enum
[234 of 300] Compiling Control.Monad.Gen
[235 of 300] Compiling Data.NonEmpty
[236 of 300] Compiling Data.Array.NonEmpty.Internal
[237 of 300] Compiling Control.Comonad.Env.Trans
[238 of 300] Compiling Data.Lazy
[239 of 300] Compiling Data.Time.Duration.Gen
[240 of 300] Compiling Effect.Aff.Compat
[241 of 300] Compiling Data.Array
[242 of 300] Compiling Control.Comonad.Store.Class
[243 of 300] Compiling Data.Char
[244 of 300] Compiling Data.Time.Component
[245 of 300] Compiling Data.Date.Component
[246 of 300] Compiling Data.Enum.Generic
[247 of 300] Compiling Control.Monad.List.Trans
[248 of 300] Compiling Data.Enum.Gen
[249 of 300] Compiling Data.List.Lazy.Types
[250 of 300] Compiling Data.Char.Gen
[251 of 300] Compiling Data.List.Types
[252 of 300] Compiling Control.Monad.Gen.Common
[253 of 300] Compiling Control.Comonad.Store
[254 of 300] Compiling Control.Comonad.Env.Class
[255 of 300] Compiling Data.String.Gen
[256 of 300] Compiling Data.Time.Component.Gen
[257 of 300] Compiling Data.Time
[258 of 300] Compiling Control.Comonad.Env
[259 of 300] Compiling Control.Comonad.Traced.Class
[260 of 300] Compiling Data.Date.Component.Gen
[261 of 300] Compiling Data.Date
[262 of 300] Compiling Control.Comonad.Traced
[263 of 300] Compiling Data.Time.Gen
[265 of 300] Compiling Data.Array.Partial
[267 of 300] Compiling Test.ArrayOps
[266 of 300] Compiling Data.String.CodePoints
[264 of 300] Compiling Data.Array.NonEmpty
[268 of 300] Compiling Data.DateTime
[269 of 300] Compiling Data.Date.Gen
[270 of 300] Compiling App
[271 of 300] Compiling Data.List.Internal
[272 of 300] Compiling Effect.Aff.Class
[273 of 300] Compiling Main
[274 of 300] Compiling Data.DateTime.Gen
[275 of 300] Compiling Data.DateTime.Instant
[276 of 300] Compiling Effect.Now
[277 of 300] Compiling Data.List.Lazy
[278 of 300] Compiling Data.List
[279 of 300] Compiling Data.String
[280 of 300] Compiling Data.String.Regex.Flags
[282 of 300] Compiling Data.String.CaseInsensitive
[281 of 300] Compiling Data.String.NonEmpty.Internal
[283 of 300] Compiling Data.String.Regex
[284 of 300] Compiling Data.String.NonEmpty.CodePoints
[285 of 300] Compiling Data.String.NonEmpty.CodeUnits
[286 of 300] Compiling Data.String.Regex.Unsafe
[287 of 300] Compiling Data.String.NonEmpty
[288 of 300] Compiling Data.String.NonEmpty.CaseInsensitive
[289 of 300] Compiling Data.List.ZipList
[290 of 300] Compiling Data.List.Lazy.NonEmpty
[293 of 300] Compiling Data.List.Partial
[291 of 300] Compiling Data.List.NonEmpty
[292 of 300] Compiling Data.Map.Internal
[294 of 300] Compiling Data.Set
[295 of 300] Compiling Data.Map
[296 of 300] Compiling Data.Set.NonEmpty
[297 of 300] Compiling Data.Map.Gen
[298 of 300] Compiling Data.Interval.Duration
[299 of 300] Compiling Data.Interval
[300 of 300] Compiling Data.Interval.Duration.Iso
           Src   Lib   All
Warnings     0     0     0
Errors       0     0     0

✓ Build succeeded.

=== Rust ===
error[E0618]: expected function, found `purust_core::Value`
  --> Purs_Control_Semigroupoid/src/lib.rs:35:428
   |
35 | ...et _f = (/* Typed crate::UnknownType <- crate::UnknownType : App(Accessor(Local(...))) */((dictSemigroupoid).compose.clone())(/* Typed crate::UnknownType <- crate::UnknownType : Local(...) */g, /* Typed crate::UnknownType <- crate::UnknownType : Local(...) */f)).clone(); move |mut _a0: crate::UnknownType, mut _a1: crate::UnknownType| -> crate::UnknownType { _f(_a0, _a1) } ...
   |       --                                                                                                                                                                                                                                                                                                                                                                   ^^----------
   |       |                                                                                                                                                                                                                                                                                                                                                                    |
   |       `_f` has type `purust_core::Value`                                                                                                                                                                                                                                                                                                                                   call expression requires function

For more information about this error, try `rustc --explain E0618`.
error: could not compile `Purs_Control_Semigroupoid` (lib) due to 1 previous error
error[E0599]: no method named `unwrap_class` found for struct `Rc<Purs_Type_Proxy::Proxy>` in the current scope
   --> Purs_Data_HeytingAlgebra/src/lib.rs:138:163
    |
138 | ...(Purs_Type_Proxy::Proxy::Proxy)).unwrap_class::<std::rc::Rc<Purs_Type_Proxy::Proxy>>().clone()
    |                                     ^^^^^^^^^^^^ method not found in `Rc<Purs_Type_Proxy::Proxy>`

error[E0599]: no method named `unwrap_class` found for struct `Rc<Purs_Type_Proxy::Proxy>` in the current scope
   --> Purs_Data_HeytingAlgebra/src/lib.rs:142:163
    |
142 | ...(Purs_Type_Proxy::Proxy::Proxy)).unwrap_class::<std::rc::Rc<Purs_Type_Proxy::Proxy>>().clone()
    |                                     ^^^^^^^^^^^^ method not found in `Rc<Purs_Type_Proxy::Proxy>`

error[E0599]: no method named `unwrap_class` found for struct `Rc<Purs_Type_Proxy::Proxy>` in the current scope
   --> Purs_Data_HeytingAlgebra/src/lib.rs:146:163
    |
146 | ...(Purs_Type_Proxy::Proxy::Proxy)).unwrap_class::<std::rc::Rc<Purs_Type_Proxy::Proxy>>().clone()
    |                                     ^^^^^^^^^^^^ method not found in `Rc<Purs_Type_Proxy::Proxy>`

error[E0599]: no method named `unwrap_class` found for struct `Rc<Purs_Type_Proxy::Proxy>` in the current scope
   --> Purs_Data_HeytingAlgebra/src/lib.rs:147:607
    |
147 | ...(Purs_Type_Proxy::Proxy::Proxy)).unwrap_class::<std::rc::Rc<Purs_Type_Proxy::Proxy>>().clone())), not: purust_core::Func1::Share...
    |                                     ^^^^^^^^^^^^ method not found in `Rc<Purs_Type_Proxy::Proxy>`

error[E0599]: no method named `unwrap_class` found for struct `Rc<Purs_Type_Proxy::Proxy>` in the current scope
   --> Purs_Data_HeytingAlgebra/src/lib.rs:149:163
    |
149 | ...(Purs_Type_Proxy::Proxy::Proxy)).unwrap_class::<std::rc::Rc<Purs_Type_Proxy::Proxy>>().clone()
    |                                     ^^^^^^^^^^^^ method not found in `Rc<Purs_Type_Proxy::Proxy>`

error[E0599]: no method named `unwrap_class` found for struct `Rc<Purs_Type_Proxy::Proxy>` in the current scope
   --> Purs_Data_HeytingAlgebra/src/lib.rs:150:472
    |
150 | ...(Purs_Type_Proxy::Proxy::Proxy)).unwrap_class::<std::rc::Rc<Purs_Type_Proxy::Proxy>>().clone())) })
    |                                     ^^^^^^^^^^^^ method not found in `Rc<Purs_Type_Proxy::Proxy>`

For more information about this error, try `rustc --explain E0599`.
error: could not compile `Purs_Data_HeytingAlgebra` (lib) due to 6 previous errors
=== Rust (purust) failed ===

=== Rebuilding sharpurs backend ===
Reading Spago workspace configuration...

✓ Selecting package to build: sharpurs

Downloading dependencies...
Building...
[1 of 3] Compiling PureScript.Backend.Optimizer.Substitute
[2 of 3] Compiling TestInfer
[3 of 3] Compiling PureScript.Backend.Optimizer.Monomorphize
[WARNING 1/27 UnusedImport] ../../purescript-backend-optimizer/src/PureScript/Backend/Optimizer/Monomorphize.purs:24:1

  24  import Effect.Unsafe (unsafePerformEffect)
      ^^^^^^^^^^^^^^^^^^^^^^^^^^^^^^^^^^^^^^^^^^

  The import of Effect.Unsafe is redundant

[WARNING 2/27 UnusedImport] ../../purescript-backend-optimizer/src/PureScript/Backend/Optimizer/Monomorphize.purs:25:1

  25  import Effect.Console as Console
      ^^^^^^^^^^^^^^^^^^^^^^^^^^^^^^^^

  The qualified import of Effect.Console as Console is redundant

[WARNING 3/27 UnusedExplicitImport] ../../purescript-backend-optimizer/src/PureScript/Backend/Optimizer/Monomorphize.purs:34:1

  34  import Data.Maybe (Maybe(..), fromMaybe, maybe, isJust)
      ^^^^^^^^^^^^^^^^^^^^^^^^^^^^^^^^^^^^^^^^^^^^^^^^^^^^^^^

  The import of module Data.Maybe contains the following unused references:
    isJust
  It could be replaced with:
    import Data.Maybe (Maybe(..), fromMaybe, maybe)

[WARNING 4/27 UnusedImport] ../../purescript-backend-optimizer/src/PureScript/Backend/Optimizer/Monomorphize.purs:35:1

  35  import Debug (trace)
      ^^^^^^^^^^^^^^^^^^^^

  The import of Debug is redundant

[WARNING 5/27 DuplicateImport] ../../purescript-backend-optimizer/src/PureScript/Backend/Optimizer/Monomorphize.purs:39:1

  39  import Data.String as String
      ^^^^^^^^^^^^^^^^^^^^^^^^^^^^

  Duplicate import of Data.String as String

[WARNING 6/27 UnusedImport] ../../purescript-backend-optimizer/src/PureScript/Backend/Optimizer/Monomorphize.purs:41:1

  41  import Debug (trace)
      ^^^^^^^^^^^^^^^^^^^^

  The import of Debug is redundant

[WARNING 7/27 DuplicateImport] ../../purescript-backend-optimizer/src/PureScript/Backend/Optimizer/Monomorphize.purs:41:1

  41  import Debug (trace)
      ^^^^^^^^^^^^^^^^^^^^

  Duplicate import of Debug (trace)

[WARNING 8/27 UnusedImport] ../../purescript-backend-optimizer/src/PureScript/Backend/Optimizer/Monomorphize.purs:46:1

  46  import Node.Encoding (Encoding(..))
      ^^^^^^^^^^^^^^^^^^^^^^^^^^^^^^^^^^^

  The import of Node.Encoding is redundant

[WARNING 9/27 UnusedImport] ../../purescript-backend-optimizer/src/PureScript/Backend/Optimizer/Monomorphize.purs:47:1

  47  import Effect.Unsafe (unsafePerformEffect)
      ^^^^^^^^^^^^^^^^^^^^^^^^^^^^^^^^^^^^^^^^^^

  The import of Effect.Unsafe is redundant

[WARNING 10/27 DuplicateImport] ../../purescript-backend-optimizer/src/PureScript/Backend/Optimizer/Monomorphize.purs:47:1

  47  import Effect.Unsafe (unsafePerformEffect)
      ^^^^^^^^^^^^^^^^^^^^^^^^^^^^^^^^^^^^^^^^^^

  Duplicate import of Effect.Unsafe (unsafePerformEffect)

[WARNING 11/27 UnusedImport] ../../purescript-backend-optimizer/src/PureScript/Backend/Optimizer/Monomorphize.purs:48:1

  48  import Effect.Console as Console
      ^^^^^^^^^^^^^^^^^^^^^^^^^^^^^^^^

  The qualified import of Effect.Console as Console is redundant

[WARNING 12/27 DuplicateImport] ../../purescript-backend-optimizer/src/PureScript/Backend/Optimizer/Monomorphize.purs:48:1

  48  import Effect.Console as Console
      ^^^^^^^^^^^^^^^^^^^^^^^^^^^^^^^^

  Duplicate import of Effect.Console as Console

[WARNING 13/27 ShadowedName] ../../purescript-backend-optimizer/src/PureScript/Backend/Optimizer/Monomorphize.purs:300:30

  300                  s1 = foldl (\acc (Tuple paramType arg) ->
                                    ^^^

  Name acc was shadowed.
  in value declaration collectLocalExpr

[WARNING 14/27 ShadowedName] ../../purescript-backend-optimizer/src/PureScript/Backend/Optimizer/Monomorphize.purs:300:51

  300                  s1 = foldl (\acc (Tuple paramType arg) ->
                                                         ^^^

  Name arg was shadowed.
  in value declaration collectLocalExpr

[WARNING 15/27 ShadowedName] ../../purescript-backend-optimizer/src/PureScript/Backend/Optimizer/Monomorphize.purs:521:11

  521    goGuard subst (Unconditional e) = Unconditional (substituteVars subst e)
                 ^^^^^

  Name subst was shadowed.
  in value declaration substituteVars

[WARNING 16/27 ShadowedName] ../../purescript-backend-optimizer/src/PureScript/Backend/Optimizer/Monomorphize.purs:522:11

  522    goGuard subst (Guarded guards) = Guarded (map (\(Guard e1 e2) -> Guard (substituteVars subst e1) (substituteVars subst e2)) guards)
                 ^^^^^

  Name subst was shadowed.
  in value declaration substituteVars

[WARNING 17/27 ShadowedName] ../../purescript-backend-optimizer/src/PureScript/Backend/Optimizer/Monomorphize.purs:876:14

  876            go expr = case expr of
                    ^^^^

  Name expr was shadowed.
  in value declaration monomorphizeExpr

[WARNING 18/27 UnusedName] ../../purescript-backend-optimizer/src/PureScript/Backend/Optimizer/Monomorphize.purs:877:28

  877              ExprApp annApp f arg ->
                                  ^

  Name f was introduced but not used.
  in value declaration monomorphizeExpr

[WARNING 19/27 UnusedName] ../../purescript-backend-optimizer/src/PureScript/Backend/Optimizer/Monomorphize.purs:877:30

  877              ExprApp annApp f arg ->
                                    ^^^

  Name arg was introduced but not used.
  in value declaration monomorphizeExpr

[WARNING 20/27 ShadowedName] ../../purescript-backend-optimizer/src/PureScript/Backend/Optimizer/Monomorphize.purs:901:61

  901                            s1 = foldl (\acc (Tuple paramType arg) ->
                                                                   ^^^

  Name arg was shadowed.
  in value declaration monomorphizeExpr

[WARNING 21/27 UnusedImport] ../../purescript-backend-optimizer/src/PureScript/Backend/Optimizer/Substitute.purs:6:1

  6  import Effect.Unsafe (unsafePerformEffect)
     ^^^^^^^^^^^^^^^^^^^^^^^^^^^^^^^^^^^^^^^^^^

  The import of Effect.Unsafe is redundant

[WARNING 22/27 UnusedImport] ../../purescript-backend-optimizer/src/PureScript/Backend/Optimizer/Substitute.purs:7:1

  7  import Effect.Console as Console
     ^^^^^^^^^^^^^^^^^^^^^^^^^^^^^^^^

  The qualified import of Effect.Console as Console is redundant

[WARNING 23/27 UnusedName] ../../purescript-backend-optimizer/src/PureScript/Backend/Optimizer/Substitute.purs:48:18

  48  unify (ADT name1 path1 args1) (ADT name2 path2 args2) acc =
                       ^^^^^

  Name path1 was introduced but not used.
  in value declaration unify

[WARNING 24/27 UnusedName] ../../purescript-backend-optimizer/src/PureScript/Backend/Optimizer/Substitute.purs:48:42

  48  unify (ADT name1 path1 args1) (ADT name2 path2 args2) acc =
                                               ^^^^^

  Name path2 was introduced but not used.
  in value declaration unify

[WARNING 25/27 UnusedImport] ../../purescript-backend-optimizer/src/TestInfer.purs:5:1

  5  import Data.Map as Map
     ^^^^^^^^^^^^^^^^^^^^^^

  The qualified import of Data.Map as Map is redundant

[WARNING 26/27 UnusedImport] ../../purescript-backend-optimizer/src/TestInfer.purs:6:1

  6  import Data.Set as Set
     ^^^^^^^^^^^^^^^^^^^^^^

  The qualified import of Data.Set as Set is redundant

[WARNING 27/27 UnusedImport] ../../purescript-backend-optimizer/src/TestInfer.purs:8:1

  8  import Data.Tuple (Tuple(..))
     ^^^^^^^^^^^^^^^^^^^^^^^^^^^^^

  The import of Data.Tuple is redundant

           Src   Lib   All
Warnings     0    27    27
Errors       0     0     0

✓ Build succeeded.

Reading Spago workspace configuration...

✓ Selecting package to build: sharpurs

Downloading dependencies...
Building...
           Src   Lib   All
Warnings     0     0     0
Errors       0     0     0

✓ Build succeeded.

Bundling...

  bin/sharpurs.js  942.8kb

⚡ Done in 32ms

✓ Bundle succeeded.

Building...
Reading Spago workspace configuration...

✓ Selecting package to build: ps-cs-test

Downloading dependencies...
Building...
[  1 of 300] Compiling Unsafe.Coerce
[  2 of 300] Compiling Type.Proxy
[  3 of 300] Compiling Type.Equality
[  4 of 300] Compiling Test.Implicit
[  5 of 300] Compiling Spago.Generated.BuildInfo
[  6 of 300] Compiling Record.Unsafe
[  7 of 300] Compiling Data.Void
[  8 of 300] Compiling Partial
[  9 of 300] Compiling Data.Unit
[ 10 of 300] Compiling Data.Traversable.Accum
[ 11 of 300] Compiling Data.NaturalTransformation
[ 12 of 300] Compiling Data.String.Unsafe
[ 13 of 300] Compiling Data.Int.Bits
[ 14 of 300] Compiling Data.Boolean
[ 15 of 300] Compiling Control.Semigroupoid
[ 16 of 300] Compiling Control.Lazy
[ 19 of 300] Compiling Data.Exists
[ 18 of 300] Compiling Data.Symbol
[ 17 of 300] Compiling Data.Function.Uncurried
[ 20 of 300] Compiling Partial.Unsafe
[ 21 of 300] Compiling Safe.Coerce
[ 22 of 300] Compiling Control.Category
[ 23 of 300] Compiling Data.Semiring
[ 24 of 300] Compiling Data.Semigroup
[ 25 of 300] Compiling Data.HeytingAlgebra
[ 26 of 300] Compiling Data.Show
[ 27 of 300] Compiling Data.Ring
[ 29 of 300] Compiling Data.BooleanAlgebra
[ 28 of 300] Compiling Data.Generic.Rep
[ 30 of 300] Compiling Data.Eq
[ 31 of 300] Compiling Data.CommutativeRing
[ 32 of 300] Compiling Data.Ordering
[ 33 of 300] Compiling Data.EuclideanRing
[ 34 of 300] Compiling Data.Ord
[ 35 of 300] Compiling Data.DivisionRing
[ 36 of 300] Compiling Data.Field
[ 37 of 300] Compiling Data.Reflectable
[ 38 of 300] Compiling Data.Bounded
[ 39 of 300] Compiling Data.Monoid
[ 40 of 300] Compiling Data.Function
[ 41 of 300] Compiling Data.Functor
[ 43 of 300] Compiling Control.Apply
[ 42 of 300] Compiling Control.Extend
[ 44 of 300] Compiling Control.Alt
[ 45 of 300] Compiling Data.Monoid.Generic
[ 46 of 300] Compiling Data.Bounded.Generic
[ 47 of 300] Compiling Control.Plus
[ 48 of 300] Compiling Control.Comonad
[ 49 of 300] Compiling Control.Applicative
[ 50 of 300] Compiling Control.Alternative
[ 51 of 300] Compiling Control.Bind
[ 52 of 300] Compiling Control.Monad
[ 53 of 300] Compiling Prelude
[ 54 of 300] Compiling Control.MonadPlus
[ 55 of 300] Compiling Data.Monoid.Endo
[ 56 of 300] Compiling Data.Show.Generic
[ 57 of 300] Compiling Data.Monoid.Multiplicative
[ 59 of 300] Compiling Data.Eq.Generic
[ 60 of 300] Compiling Data.Ord.Generic
[ 58 of 300] Compiling Data.Number.Format
[ 62 of 300] Compiling Data.Semigroup.Last
[ 61 of 300] Compiling Data.Semiring.Generic
[ 63 of 300] Compiling Data.Monoid.Additive
[ 64 of 300] Compiling Control.Monad.Reader.Class
[ 65 of 300] Compiling Control.Monad.Trans.Class
[ 66 of 300] Compiling Data.Semigroup.First
[ 67 of 300] Compiling Data.Traversable.Accum.Internal
[ 68 of 300] Compiling Effect
[ 69 of 300] Compiling Data.Monoid.Dual
[ 70 of 300] Compiling Data.Monoid.Disj
[ 72 of 300] Compiling Data.Semigroup.Generic
[ 71 of 300] Compiling Data.Ring.Generic
[ 74 of 300] Compiling Data.Monoid.Conj
[ 75 of 300] Compiling Control.Monad.Gen.Class
[ 76 of 300] Compiling Control.Monad.Cont.Class
[ 73 of 300] Compiling Data.HeytingAlgebra.Generic
[ 77 of 300] Compiling Effect.Class
[ 78 of 300] Compiling Effect.Ref
[ 79 of 300] Compiling Effect.Uncurried
[ 80 of 300] Compiling Effect.Console
[ 82 of 300] Compiling Effect.Unsafe
[ 81 of 300] Compiling Test.Main
[ 83 of 300] Compiling Effect.Class.Console
[ 84 of 300] Compiling Bench
[ 85 of 300] Compiling Data.Newtype
[ 86 of 300] Compiling Test.ArrayOpsFFI
[ 87 of 300] Compiling Test.AstTreeFFI
[ 88 of 300] Compiling Test.ArrayOpsFFICheatcode
[ 90 of 300] Compiling Test.RecordsFFI
[ 89 of 300] Compiling Test.LazyEvaluation
[ 91 of 300] Compiling Test.ChurchFFICheatcode
[ 92 of 300] Compiling Test.PolymorphismFFI
[ 94 of 300] Compiling Test.Polymorphism
[ 93 of 300] Compiling Test.Records
[ 95 of 300] Compiling Test.StateMonadFFI
[ 96 of 300] Compiling Test.RowToList
[ 97 of 300] Compiling Test.FibFFICheatcode
[ 98 of 300] Compiling Test.RBTreeFFICheatcode
[ 99 of 300] Compiling Test.ListOps
[100 of 300] Compiling Test.RBTreeFFI
[101 of 300] Compiling Test.FibFFI
[102 of 300] Compiling Test.AstTree
[103 of 300] Compiling Test.PrimesFFI
[104 of 300] Compiling Test.Primes
[105 of 300] Compiling Test.ListOpsFFI
[108 of 300] Compiling Test.TCOFFICheatcode
[106 of 300] Compiling Test.TCOFFI
[109 of 300] Compiling Test.BenchCheck
[107 of 300] Compiling Test.AckermannFFICheatcode
[110 of 300] Compiling Test.RowToListFFI
[111 of 300] Compiling Test.TCO
[112 of 300] Compiling Test.Ackermann
[113 of 300] Compiling Test.LazyEvaluationFFICheatcode
[114 of 300] Compiling Test.ChurchFFI
[115 of 300] Compiling Test.PolymorphismFFICheatcode
[117 of 300] Compiling Test.AckermannFFI
[116 of 300] Compiling Test.Church
[118 of 300] Compiling Test.AstTreeFFICheatcode
[119 of 300] Compiling Test.LazyEvaluationFFI
[123 of 300] Compiling Test.RowToListFFICheatcode
[121 of 300] Compiling Test.RBTree
[120 of 300] Compiling Test.StateMonadFFICheatcode
[122 of 300] Compiling Test.StateMonad
[124 of 300] Compiling Data.Profunctor
[126 of 300] Compiling Data.Ord.Down
[127 of 300] Compiling Test.PrimesFFICheatcode
[125 of 300] Compiling Test.ListOpsFFICheatcode
[128 of 300] Compiling Data.Functor.App
[129 of 300] Compiling Data.Ord.Min
[131 of 300] Compiling Data.Time.Duration
[133 of 300] Compiling Test.Fib
[132 of 300] Compiling Data.Ord.Max
[134 of 300] Compiling Data.Monoid.Alternate
[135 of 300] Compiling Test.RecordsFFICheatcode
[130 of 300] Compiling Data.String.Pattern
[137 of 300] Compiling AppFFI
[136 of 300] Compiling AppFFICheatcode
[138 of 300] Compiling Data.Profunctor.Closed
[139 of 300] Compiling Data.String.Common
[140 of 300] Compiling Data.Functor.Invariant
[141 of 300] Compiling Data.Functor.Compose
[142 of 300] Compiling Data.Identity
[143 of 300] Compiling Data.Maybe
[144 of 300] Compiling Data.Const
[146 of 300] Compiling Data.Profunctor.Join
[145 of 300] Compiling Data.Profunctor.Split
[147 of 300] Compiling Data.Tuple
[148 of 300] Compiling Data.Functor.Contravariant
[149 of 300] Compiling Data.Comparison
[150 of 300] Compiling Data.Op
[151 of 300] Compiling Data.Predicate
[153 of 300] Compiling Data.Maybe.First
[152 of 300] Compiling Data.String.CodeUnits
[154 of 300] Compiling Data.Either
[155 of 300] Compiling Data.Number
[156 of 300] Compiling Data.Maybe.Last
[157 of 300] Compiling Data.Equivalence
[159 of 300] Compiling Data.Number.Approximate
[158 of 300] Compiling Data.Int
[160 of 300] Compiling Data.Divide
[161 of 300] Compiling Data.Distributive
[162 of 300] Compiling Data.Profunctor.Costrong
[163 of 300] Compiling Data.Profunctor.Strong
[164 of 300] Compiling Control.Monad.Writer.Class
[165 of 300] Compiling Control.Monad.State.Class
[166 of 300] Compiling Data.Tuple.Nested
[167 of 300] Compiling Data.Divisible
[168 of 300] Compiling Data.Bifunctor
[169 of 300] Compiling Data.Profunctor.Cochoice
[171 of 300] Compiling Data.Either.Inject
[172 of 300] Compiling Data.Decide
[173 of 300] Compiling Data.Profunctor.Choice
[170 of 300] Compiling Data.Either.Nested
[174 of 300] Compiling Effect.Exception
[175 of 300] Compiling Effect.Exception.Unsafe
[176 of 300] Compiling Control.Monad.Error.Class
[177 of 300] Compiling Data.Functor.Coproduct
[178 of 300] Compiling Control.Biapply
[179 of 300] Compiling Control.Monad.Rec.Class
[180 of 300] Compiling Data.Functor.Product
[181 of 300] Compiling Data.Functor.Costar
[182 of 300] Compiling Data.Profunctor.Star
[183 of 300] Compiling Data.Decidable
[184 of 300] Compiling Control.Biapplicative
[185 of 300] Compiling Data.Bifunctor.Join
[186 of 300] Compiling Data.Functor.Flip
[187 of 300] Compiling Data.Functor.Clown
[188 of 300] Compiling Data.Functor.Product2
[189 of 300] Compiling Data.Functor.Joker
[191 of 300] Compiling Data.Functor.Coproduct.Inject
[190 of 300] Compiling Data.Functor.Coproduct.Nested
[192 of 300] Compiling Data.Foldable
[193 of 300] Compiling Data.Functor.Product.Nested
[194 of 300] Compiling Data.FunctorWithIndex
[195 of 300] Compiling Control.Monad.ST.Internal
[196 of 300] Compiling Control.Monad.ST
[198 of 300] Compiling Control.Monad.ST.Ref
[197 of 300] Compiling Control.Monad.ST.Uncurried
[199 of 300] Compiling Control.Monad.ST.Global
[200 of 300] Compiling Control.Monad.ST.Class
[201 of 300] Compiling Control.Monad.Reader.Trans
[202 of 300] Compiling Control.Monad.Except.Trans
[203 of 300] Compiling Control.Monad.Writer.Trans
[205 of 300] Compiling Control.Monad.State.Trans
[206 of 300] Compiling Control.Monad.Maybe.Trans
[204 of 300] Compiling Control.Monad.RWS.Trans
[207 of 300] Compiling Control.Monad.Cont.Trans
[208 of 300] Compiling Data.Array.ST
[209 of 300] Compiling Data.Array.ST.Partial
[210 of 300] Compiling Data.Array.ST.Iterator
[211 of 300] Compiling Control.Monad.Cont
[212 of 300] Compiling Control.Monad.Reader
[213 of 300] Compiling Control.Monad.Writer
[214 of 300] Compiling Control.Parallel.Class
[215 of 300] Compiling Control.Monad.Except
[216 of 300] Compiling Control.Monad.State
[217 of 300] Compiling Data.Traversable
[218 of 300] Compiling Data.Bifoldable
[219 of 300] Compiling Data.FoldableWithIndex
[220 of 300] Compiling Data.Semigroup.Foldable
[221 of 300] Compiling Control.Monad.RWS
[222 of 300] Compiling Data.Semigroup.Traversable
[223 of 300] Compiling Data.Bitraversable
[224 of 300] Compiling Control.Monad.Identity.Trans
[225 of 300] Compiling Control.Parallel
[226 of 300] Compiling Effect.Aff
[227 of 300] Compiling Data.Unfoldable1
[228 of 300] Compiling Data.TraversableWithIndex
[229 of 300] Compiling Control.Comonad.Trans.Class
[230 of 300] Compiling Control.Comonad.Store.Trans
[231 of 300] Compiling Control.Comonad.Traced.Trans
[232 of 300] Compiling Data.Unfoldable
[233 of 300] Compiling Control.Monad.Gen
[234 of 300] Compiling Data.Enum
[235 of 300] Compiling Data.Time.Duration.Gen
[236 of 300] Compiling Control.Comonad.Env.Trans
[237 of 300] Compiling Data.Array.NonEmpty.Internal
[238 of 300] Compiling Data.NonEmpty
[239 of 300] Compiling Data.Lazy
[240 of 300] Compiling Effect.Aff.Compat
[241 of 300] Compiling Data.Array
[242 of 300] Compiling Data.Char
[243 of 300] Compiling Data.Time.Component
[244 of 300] Compiling Data.Enum.Generic
[245 of 300] Compiling Data.Date.Component
[246 of 300] Compiling Control.Comonad.Store.Class
[247 of 300] Compiling Control.Monad.List.Trans
[249 of 300] Compiling Data.Char.Gen
[248 of 300] Compiling Control.Monad.Gen.Common
[250 of 300] Compiling Data.List.Types
[251 of 300] Compiling Data.List.Lazy.Types
[252 of 300] Compiling Data.Enum.Gen
[253 of 300] Compiling Control.Comonad.Store
[254 of 300] Compiling Data.String.Gen
[255 of 300] Compiling Control.Comonad.Env.Class
[256 of 300] Compiling Data.Time
[257 of 300] Compiling Data.Time.Component.Gen
[259 of 300] Compiling Data.Date.Component.Gen
[258 of 300] Compiling Data.Date
[260 of 300] Compiling Control.Comonad.Env
[261 of 300] Compiling Control.Comonad.Traced.Class
[262 of 300] Compiling Data.Time.Gen
[263 of 300] Compiling Control.Comonad.Traced
[265 of 300] Compiling Data.Date.Gen
[264 of 300] Compiling Data.DateTime
[267 of 300] Compiling Test.ArrayOps
[266 of 300] Compiling Data.String.CodePoints
[269 of 300] Compiling Data.Array.Partial
[268 of 300] Compiling Data.Array.NonEmpty
[270 of 300] Compiling Data.DateTime.Instant
[271 of 300] Compiling App
[272 of 300] Compiling Data.DateTime.Gen
[273 of 300] Compiling Data.List.Internal
[274 of 300] Compiling Effect.Now
[275 of 300] Compiling Effect.Aff.Class
[276 of 300] Compiling Main
[277 of 300] Compiling Data.List.Lazy
[278 of 300] Compiling Data.List
[279 of 300] Compiling Data.String
[280 of 300] Compiling Data.String.NonEmpty.Internal
[282 of 300] Compiling Data.String.CaseInsensitive
[281 of 300] Compiling Data.String.Regex.Flags
[283 of 300] Compiling Data.String.NonEmpty.CodeUnits
[284 of 300] Compiling Data.String.Regex
[285 of 300] Compiling Data.String.NonEmpty.CodePoints
[286 of 300] Compiling Data.String.Regex.Unsafe
[287 of 300] Compiling Data.String.NonEmpty
[288 of 300] Compiling Data.String.NonEmpty.CaseInsensitive
[291 of 300] Compiling Data.List.Partial
[289 of 300] Compiling Data.List.NonEmpty
[290 of 300] Compiling Data.Map.Internal
[292 of 300] Compiling Data.List.ZipList
[293 of 300] Compiling Data.List.Lazy.NonEmpty
[294 of 300] Compiling Data.Set
[295 of 300] Compiling Data.Map
[296 of 300] Compiling Data.Set.NonEmpty
[297 of 300] Compiling Data.Map.Gen
[298 of 300] Compiling Data.Interval.Duration
[299 of 300] Compiling Data.Interval
[300 of 300] Compiling Data.Interval.Duration.Iso
           Src   Lib   All
Warnings     0     0     0
Errors       0     0     0

✓ Build succeeded.

Compiling with backend "../sharpurs/sharpurs/bin/sharpurs"

✓ Backend build succeeded.

=== F#/C# ===
Global warm-up in progress (this may take a moment)...

Global warm-up complete. Starting benchmarks...

--------------------------------------------------

(Test)

AST Evaluation:

(Output & Warm-up)

7

(Execution time - best of 10)

100.38 μs

--------------------------------------------------

(Test)

Fibonacci:

(Output & Warm-up)

55

(Execution time - best of 10)

85.96 μs

--------------------------------------------------

(Test)

List Processing (900 elements):

(Output & Warm-up)

202950

(Execution time - best of 10)

2070.79 μs

--------------------------------------------------

(Test)

Tail Call Optimization (100k calls):

(Output & Warm-up)

100000

(Execution time - best of 10)

93323.96 μs

--------------------------------------------------

(Test)

Deep Record Updates (10k iterations):

(Output & Warm-up)

20000

(Execution time - best of 10)

20717.17 μs

--------------------------------------------------

(Test)

Ackermann (3, 4):

(Output & Warm-up)

125

(Execution time - best of 10)

4736.13 μs

--------------------------------------------------

(Test)

Church Numerals (100k Closure Applications):

(Output & Warm-up)

100000

(Execution time - best of 10)

72491.54 μs

--------------------------------------------------

(Test)

Prime Sieve (sum primes up to 500):

(Output & Warm-up)

21536

(Execution time - best of 10)

10789.46 μs

--------------------------------------------------

(Test)

Red-Black Tree (100k Worst-Case Insertions):

(Output & Warm-up)

22

(Execution time - best of 10)

2564300.46 μs

--------------------------------------------------

(Test)

Polymorphism (10M Type Class Dict Lookups):

(Output & Warm-up)

10000000

(Execution time - best of 10)

9995733.88 μs

--------------------------------------------------

(Test)

State Monad (1.2k Binds, 60 Stack Depth):

(Output & Warm-up)

1200

(Execution time - best of 10)

2965.46 μs

--------------------------------------------------

(Test)

Lazy Evaluation (1M Thunks Forced, 1k Depth):

(Output & Warm-up)

1000000

(Execution time - best of 10)

1261988.75 μs

--------------------------------------------------

(Test)

Array Processing (900 elements):

(Output & Warm-up)

202950

(Execution time - best of 10)

784.29 μs

--------------------------------------------------

(Test)

RowToList (Keys Count):

(Output & Warm-up)

5

(Execution time - best of 10)

7.75 μs


==================================================

Total exec time: 14030.10 ms

