================================
    Running pure backends...    
================================

Building...
=== JS V8 ===
Global warm-up in progress (this may take a moment)...

Global warm-up complete. Starting benchmarks...

--------------------------------------------------

(Test)

AST Evaluation:

(Output & Warm-up)

7

(Execution time - best of 10)

2.33 μs

--------------------------------------------------

(Test)

Fibonacci:

(Output & Warm-up)

55

(Execution time - best of 10)

1.87 μs

--------------------------------------------------

(Test)

List Processing (900 elements):

(Output & Warm-up)

202950

(Execution time - best of 10)

46.12 μs

--------------------------------------------------

(Test)

Tail Call Optimization (100k calls):

(Output & Warm-up)

100000

(Execution time - best of 10)

198.88 μs

--------------------------------------------------

(Test)

Deep Record Updates (10k iterations):

(Output & Warm-up)

20000

(Execution time - best of 10)

76.46 μs

--------------------------------------------------

(Test)

Ackermann (3, 4):

(Output & Warm-up)

125

(Execution time - best of 10)

70.21 μs

--------------------------------------------------

(Test)

Church Numerals (100k Closure Applications):

(Output & Warm-up)

100000

(Execution time - best of 10)

1486.75 μs

--------------------------------------------------

(Test)

Prime Sieve (sum primes up to 500):

(Output & Warm-up)

21536

(Execution time - best of 10)

119.71 μs

--------------------------------------------------

(Test)

Red-Black Tree (100k Worst-Case Insertions):

(Output & Warm-up)

22

(Execution time - best of 10)

91304.21 μs

--------------------------------------------------

(Test)

Polymorphism (10M Type Class Dict Lookups):

(Output & Warm-up)

10000000

(Execution time - best of 10)

11927.50 μs

--------------------------------------------------

(Test)

State Monad (1.2k Binds, 60 Stack Depth):

(Output & Warm-up)

1200

(Execution time - best of 10)

70.00 μs

--------------------------------------------------

(Test)

Lazy Evaluation (1M Thunks Forced, 1k Depth):

(Output & Warm-up)

1000000

(Execution time - best of 10)

14879.46 μs

--------------------------------------------------

(Test)

Array Processing (900 elements):

(Output & Warm-up)

202950

(Execution time - best of 10)

18.29 μs

--------------------------------------------------

(Test)

RowToList (Keys Count):

(Output & Warm-up)

5

(Execution time - best of 10)

0.50 μs


==================================================

Total exec time: 120.20 ms


Building...
=== ES failed ===

Building...
Reading Spago workspace configuration...

✓ Selecting package to build: ps-scheme-test

Downloading dependencies...
Cloning https://github.com/purescm/purescript-core.git
Building...
[  4 of 203] Compiling Unsafe.Coerce
[  1 of 203] Compiling Type.Proxy
[  3 of 203] Compiling Type.Data.RowList
[  5 of 203] Compiling Type.Data.Row
[  2 of 203] Compiling Type.Equality
[  6 of 203] Compiling Test.Implicit
[  7 of 203] Compiling Spago.Generated.BuildInfo
[  8 of 203] Compiling Data.Void
[  9 of 203] Compiling Partial
[ 11 of 203] Compiling Data.Traversable.Accum
[ 10 of 203] Compiling Record.Unsafe
[ 12 of 203] Compiling Data.Unit
[ 13 of 203] Compiling Data.NaturalTransformation
[ 14 of 203] Compiling Data.Boolean
[ 15 of 203] Compiling Control.Semigroupoid
[ 16 of 203] Compiling Control.Lazy
[ 17 of 203] Compiling Data.Function.Uncurried
[ 18 of 203] Compiling Data.Symbol
[ 19 of 203] Compiling Partial.Unsafe
[ 20 of 203] Compiling Safe.Coerce
[ 21 of 203] Compiling Data.Exists
[ 22 of 203] Compiling Data.HeytingAlgebra
[ 23 of 203] Compiling Data.Semiring
[ 24 of 203] Compiling Control.Category
[ 25 of 203] Compiling Data.Semigroup
[ 26 of 203] Compiling Data.Show
[ 27 of 203] Compiling Data.Ring
[ 28 of 203] Compiling Data.Generic.Rep
[ 30 of 203] Compiling Data.BooleanAlgebra
[ 29 of 203] Compiling Data.Eq
[ 31 of 203] Compiling Data.CommutativeRing
[ 32 of 203] Compiling Data.Ordering
[ 33 of 203] Compiling Data.EuclideanRing
[ 34 of 203] Compiling Data.Ord
[ 35 of 203] Compiling Data.DivisionRing
[ 36 of 203] Compiling Data.Field
[ 37 of 203] Compiling Data.Bounded
[ 38 of 203] Compiling Data.Monoid
[ 39 of 203] Compiling Data.Reflectable
[ 40 of 203] Compiling Data.Function
[ 41 of 203] Compiling Data.Functor
[ 44 of 203] Compiling Control.Alt
[ 43 of 203] Compiling Control.Apply
[ 42 of 203] Compiling Control.Extend
[ 45 of 203] Compiling Data.Monoid.Generic
[ 46 of 203] Compiling Data.Bounded.Generic
[ 47 of 203] Compiling Control.Plus
[ 48 of 203] Compiling Control.Comonad
[ 49 of 203] Compiling Control.Applicative
[ 50 of 203] Compiling Control.Bind
[ 51 of 203] Compiling Control.Alternative
[ 52 of 203] Compiling Control.Monad
[ 53 of 203] Compiling Prelude
[ 54 of 203] Compiling Control.MonadPlus
[ 55 of 203] Compiling Data.Traversable.Accum.Internal
[ 56 of 203] Compiling Data.HeytingAlgebra.Generic
[ 57 of 203] Compiling Data.Semigroup.Last
[ 58 of 203] Compiling Data.Semiring.Generic
[ 60 of 203] Compiling Data.Monoid.Conj
[ 61 of 203] Compiling Effect
[ 59 of 203] Compiling Data.Ord.Generic
[ 62 of 203] Compiling Data.Monoid.Endo
[ 63 of 203] Compiling Data.Semigroup.First
[ 64 of 203] Compiling Data.Show.Generic
[ 65 of 203] Compiling Data.Monoid.Disj
[ 66 of 203] Compiling Data.Ring.Generic
[ 68 of 203] Compiling Data.Monoid.Additive
[ 67 of 203] Compiling Data.Semigroup.Generic
[ 70 of 203] Compiling Data.Monoid.Multiplicative
[ 71 of 203] Compiling Data.Eq.Generic
[ 69 of 203] Compiling Data.Monoid.Dual
[ 72 of 203] Compiling Effect.Console
[ 75 of 203] Compiling Effect.Ref
[ 74 of 203] Compiling Effect.Uncurried
[ 73 of 203] Compiling Effect.Unsafe
[ 76 of 203] Compiling Test.Main
[ 78 of 203] Compiling Bench
[ 77 of 203] Compiling Effect.Class
[ 79 of 203] Compiling Effect.Class.Console
[ 80 of 203] Compiling Data.Newtype
[ 81 of 203] Compiling Test.ChurchFFICheatcode
[ 82 of 203] Compiling Test.Ackermann
[ 83 of 203] Compiling Test.TCOFFI
[ 84 of 203] Compiling Test.BenchCheck
[ 85 of 203] Compiling Test.AstTree
[ 86 of 203] Compiling Test.Primes
[ 87 of 203] Compiling Test.RBTree
[ 88 of 203] Compiling Test.RowToListFFICheatcode
[ 89 of 203] Compiling Test.RowToListFFI
[ 90 of 203] Compiling Test.ArrayOpsFFI
[ 91 of 203] Compiling Test.Fib
[ 92 of 203] Compiling Test.Records
[ 93 of 203] Compiling Test.RBTreeFFI
[ 94 of 203] Compiling Test.TCOFFICheatcode
[ 96 of 203] Compiling Test.LazyEvaluationFFI
[ 95 of 203] Compiling Test.ChurchFFI
[ 97 of 203] Compiling Test.ListOpsFFI
[ 98 of 203] Compiling Test.StateMonad
[ 99 of 203] Compiling Test.TCO
[100 of 203] Compiling Test.RecordsFFICheatcode
[101 of 203] Compiling Test.RBTreeFFICheatcode
[102 of 203] Compiling Test.AckermannFFI
[103 of 203] Compiling Test.Polymorphism
[104 of 203] Compiling Test.ListOpsFFICheatcode
[105 of 203] Compiling Test.AstTreeFFICheatcode
[106 of 203] Compiling Test.AckermannFFICheatcode
[107 of 203] Compiling Test.PolymorphismFFICheatcode
[108 of 203] Compiling Test.ArrayOpsFFICheatcode
[109 of 203] Compiling Test.RowToList
[110 of 203] Compiling Test.ListOps
[112 of 203] Compiling Test.LazyEvaluationFFICheatcode
[111 of 203] Compiling Test.StateMonadFFICheatcode
[113 of 203] Compiling Test.PolymorphismFFI
[114 of 203] Compiling Test.FibFFI
[115 of 203] Compiling Test.LazyEvaluation
[116 of 203] Compiling Test.RecordsFFI
[117 of 203] Compiling Test.Church
[118 of 203] Compiling Test.PrimesFFI
[119 of 203] Compiling Test.StateMonadFFI
[120 of 203] Compiling Test.FibFFICheatcode
[121 of 203] Compiling Test.PrimesFFICheatcode
[122 of 203] Compiling Test.AstTreeFFI
[123 of 203] Compiling Data.Functor.App
[125 of 203] Compiling Data.Monoid.Alternate
[126 of 203] Compiling Data.Ord.Down
[124 of 203] Compiling Data.Ord.Max
[127 of 203] Compiling Data.Profunctor
[128 of 203] Compiling Data.Ord.Min
[129 of 203] Compiling AppFFICheatcode
[130 of 203] Compiling AppFFI
[131 of 203] Compiling Data.Profunctor.Closed
[132 of 203] Compiling Data.Functor.Invariant
[133 of 203] Compiling Data.Functor.Compose
[134 of 203] Compiling Data.Maybe
[136 of 203] Compiling Data.Profunctor.Split
[138 of 203] Compiling Data.Identity
[135 of 203] Compiling Data.Const
[137 of 203] Compiling Data.Tuple
[139 of 203] Compiling Data.Profunctor.Join
[140 of 203] Compiling Data.Functor.Contravariant
[141 of 203] Compiling Data.Predicate
[142 of 203] Compiling Data.Op
[143 of 203] Compiling Data.Comparison
[144 of 203] Compiling Data.Equivalence
[145 of 203] Compiling Data.Maybe.Last
[147 of 203] Compiling Data.Maybe.First
[146 of 203] Compiling Data.Either
[148 of 203] Compiling Data.Divide
[149 of 203] Compiling Data.Profunctor.Strong
[150 of 203] Compiling Data.Distributive
[152 of 203] Compiling Data.Profunctor.Costrong
[151 of 203] Compiling Data.Tuple.Nested
[153 of 203] Compiling Data.Divisible
[154 of 203] Compiling Data.Decide
[156 of 203] Compiling Data.Profunctor.Choice
[157 of 203] Compiling Data.Profunctor.Cochoice
[158 of 203] Compiling Data.Either.Inject
[159 of 203] Compiling Data.Bifunctor
[155 of 203] Compiling Data.Either.Nested
[160 of 203] Compiling Data.Functor.Product
[161 of 203] Compiling Control.Monad.Rec.Class
[162 of 203] Compiling Data.Functor.Coproduct
[163 of 203] Compiling Data.Functor.Costar
[164 of 203] Compiling Data.Profunctor.Star
[165 of 203] Compiling Control.Biapply
[166 of 203] Compiling Data.Decidable
[167 of 203] Compiling Control.Biapplicative
[168 of 203] Compiling Data.Bifunctor.Join
[169 of 203] Compiling Data.Functor.Joker
[170 of 203] Compiling Data.Functor.Clown
[171 of 203] Compiling Data.Functor.Flip
[172 of 203] Compiling Data.Functor.Product2
[173 of 203] Compiling Data.Functor.Product.Nested
[174 of 203] Compiling Data.Functor.Coproduct.Nested
[175 of 203] Compiling Data.Functor.Coproduct.Inject
[176 of 203] Compiling Data.FunctorWithIndex
[177 of 203] Compiling Data.Foldable
[178 of 203] Compiling Control.Monad.ST.Internal
[179 of 203] Compiling Control.Monad.ST
[181 of 203] Compiling Control.Monad.ST.Ref
[180 of 203] Compiling Control.Monad.ST.Uncurried
[182 of 203] Compiling Control.Monad.ST.Global
[183 of 203] Compiling Control.Monad.ST.Class
[184 of 203] Compiling Data.Array.ST
[185 of 203] Compiling Data.Array.ST.Partial
[186 of 203] Compiling Data.Array.ST.Iterator
[187 of 203] Compiling Data.FoldableWithIndex
[188 of 203] Compiling Data.Semigroup.Foldable
[189 of 203] Compiling Data.Bifoldable
[190 of 203] Compiling Data.Traversable
[192 of 203] Compiling Data.Semigroup.Traversable
[191 of 203] Compiling Data.Bitraversable
[193 of 203] Compiling Data.Unfoldable1
[194 of 203] Compiling Data.TraversableWithIndex
[195 of 203] Compiling Data.Unfoldable
[196 of 203] Compiling Data.Array.NonEmpty.Internal
[197 of 203] Compiling Data.NonEmpty
[198 of 203] Compiling Data.Array
[199 of 203] Compiling Data.Array.Partial
[200 of 203] Compiling Test.ArrayOps
[201 of 203] Compiling Data.Array.NonEmpty
[202 of 203] Compiling App
[203 of 203] Compiling Main
           Src   Lib   All
Warnings     0     0     0
Errors       0     0     0

✓ Build succeeded.

Created run/bak/scm/output_bin/main
=== Scheme ===
Global warm-up in progress (this may take a moment)...

Global warm-up complete. Starting benchmarks...

--------------------------------------------------

(Test)

AST Evaluation:

(Output & Warm-up)

7

(Execution time - best of 10)

0.0 μs

--------------------------------------------------

(Test)

Fibonacci:

(Output & Warm-up)

55

(Execution time - best of 10)

0.0 μs

--------------------------------------------------

(Test)

List Processing (900 elements):

(Output & Warm-up)

202950

(Execution time - best of 10)

7.0 μs

--------------------------------------------------

(Test)

Tail Call Optimization (100k calls):

(Output & Warm-up)

100000

(Execution time - best of 10)

288.0 μs

--------------------------------------------------

(Test)

Deep Record Updates (10k iterations):

(Output & Warm-up)

20000

(Execution time - best of 10)

181.0 μs

--------------------------------------------------

(Test)

Ackermann (3, 4):

(Output & Warm-up)

125

(Execution time - best of 10)

17.0 μs

--------------------------------------------------

(Test)

Church Numerals (100k Closure Applications):

(Output & Warm-up)

100000

(Execution time - best of 10)

233.0 μs

--------------------------------------------------

(Test)

Prime Sieve (sum primes up to 500):

(Output & Warm-up)

21536

(Execution time - best of 10)

34.0 μs

--------------------------------------------------

(Test)

Red-Black Tree (100k Worst-Case Insertions):

(Output & Warm-up)

22

(Execution time - best of 10)

23914.0 μs

--------------------------------------------------

(Test)

Polymorphism (10M Type Class Dict Lookups):

(Output & Warm-up)

10000000

(Execution time - best of 10)

18289.0 μs

--------------------------------------------------

(Test)

State Monad (1.2k Binds, 60 Stack Depth):

(Output & Warm-up)

1200

(Execution time - best of 10)

2.0 μs

--------------------------------------------------

(Test)

Lazy Evaluation (1M Thunks Forced, 1k Depth):

(Output & Warm-up)

1000000

(Execution time - best of 10)

3117.0 μs

--------------------------------------------------

(Test)

Array Processing (900 elements):

(Output & Warm-up)

202950

(Execution time - best of 10)

9.0 μs

--------------------------------------------------

(Test)

RowToList (Keys Count):

(Output & Warm-up)

5

(Execution time - best of 10)

0.0 μs


==================================================

Total exec time: 46.09100000000001 ms


Building...
=== Erlang BEAM ===
Global warm-up in progress (this may take a moment)...

Global warm-up complete. Starting benchmarks...

--------------------------------------------------

(Test)

AST Evaluation:

(Output & Warm-up)

7

(Execution time - best of 10)

0.00 μs

--------------------------------------------------

(Test)

Fibonacci:

(Output & Warm-up)

55

(Execution time - best of 10)

0.00 μs

--------------------------------------------------

(Test)

List Processing (900 elements):

(Output & Warm-up)

202950

(Execution time - best of 10)

35.00 μs

--------------------------------------------------

(Test)

Tail Call Optimization (100k calls):

(Output & Warm-up)

100000

(Execution time - best of 10)

1285.00 μs

--------------------------------------------------

(Test)

Deep Record Updates (10k iterations):

(Output & Warm-up)

20000

(Execution time - best of 10)

425.00 μs

--------------------------------------------------

(Test)

Ackermann (3, 4):

(Output & Warm-up)

125

(Execution time - best of 10)

21.00 μs

--------------------------------------------------

(Test)

Church Numerals (100k Closure Applications):

(Output & Warm-up)

100000

(Execution time - best of 10)

614.00 μs

--------------------------------------------------

(Test)

Prime Sieve (sum primes up to 500):

(Output & Warm-up)

21536

(Execution time - best of 10)

142.00 μs

--------------------------------------------------

(Test)

Red-Black Tree (100k Worst-Case Insertions):

(Output & Warm-up)

22

(Execution time - best of 10)

17226.00 μs

--------------------------------------------------

(Test)

Polymorphism (10M Type Class Dict Lookups):

(Output & Warm-up)

10000000

(Execution time - best of 10)

60693.00 μs

--------------------------------------------------

(Test)

State Monad (1.2k Binds, 60 Stack Depth):

(Output & Warm-up)

1200

(Execution time - best of 10)

21.00 μs

--------------------------------------------------

(Test)

Lazy Evaluation (1M Thunks Forced, 1k Depth):

(Output & Warm-up)

1000000

(Execution time - best of 10)

9382.00 μs

--------------------------------------------------

(Test)

Array Processing (900 elements):

(Output & Warm-up)

202950

(Execution time - best of 10)

32.00 μs

--------------------------------------------------

(Test)

RowToList (Keys Count):

(Output & Warm-up)

5

(Execution time - best of 10)

0.00 μs


==================================================

Total exec time: 89.88 ms


=== Rebuilding phpurs backend ===

> phpurs@0.1.0 build
> spago build && spago bundle --module Main --platform node --outfile bin/phpurs.js --bundle-type app

Reading Spago workspace configuration...

✓ Selecting package to build: phpurs

Downloading dependencies...
Building...
[1 of 2] Compiling Phpurs.CodeGen
[WARNING 1/1 UnusedName] src/Phpurs/CodeGen.purs:743:29

  743                              useVarsOuter = Array.nub (map (\mapped -> if Array.elem mapped recVars then "&" <> mapped else mapped) mappedFvs)
                                   ^^^^^^^^^^^^^^^^^^^^^^^^^^^^^^^^^^^^^^^^^^^^^^^^^^^^^^^^^^^^^^^^^^^^^^^^^^^^^^^^^^^^^^^^^^^^^^^^^^^^^^^^^^^^^^^^^

  Name useVarsOuter was introduced but not used.
  in value declaration translate

[ERROR 1/1 NoInstanceFound] src/Phpurs/CodeGen.purs:69:1

  69  translateOperator2 :: BackendOperator2 -> PhpExpr -> PhpExpr -> PhpExpr
      ^^^^^^^^^^^^^^^^^^^^^^^^^^^^^^^^^^^^^^^^^^^^^^^^^^^^^^^^^^^^^^^^^^^^^^^

  A case expression could not be determined to cover all inputs.
  The following additional cases are required to cover all inputs:
    (OpIntNum OpMod)    _ _
    (OpNumberNum OpMod) _ _
  Alternatively, add a Partial constraint to the type of the enclosing value.
  while checking that type Partial => t0
    is at least as general as type PhpExpr
  while checking that expression case $42 $43 $44 of
                                   OpArrayIndex arr ix -> (PhpArrayIndex arr) ix
                                   OpBooleanAnd l r -> ((...) l) r
                                   OpBooleanOr l r -> ((...) l) r
                                   (OpBooleanOrd OpEq) l r -> ((...) l) r
                                   (OpBooleanOrd OpNotEq) l r -> ((...) l) r
                                   (OpBooleanOrd OpGt) l r -> ((...) l) r
                                   (OpBooleanOrd OpGte) l r -> ((...) l) r
                                   (OpBooleanOrd OpLt) l r -> ((...) l) r
                                   (OpBooleanOrd OpLte) l r -> ((...) l) r
                                   (OpCharOrd OpEq) l r -> ((...) l) r
                                   (OpCharOrd OpNotEq) l r -> ((...) l) r
                                   (OpCharOrd OpGt) l r -> ((...) l) r
                                   (OpCharOrd OpGte) l r -> ((...) l) r
                                   (OpCharOrd OpLt) l r -> ((...) l) r
                                   (OpCharOrd OpLte) l r -> ((...) l) r
                                   OpIntBitAnd l r -> ((...) l) r
                                   OpIntBitOr l r -> ((...) l) r
                                   OpIntBitShiftLeft l r -> ((...) l) r
                                   OpIntBitShiftRight l r -> ((...) l) r
                                   OpIntBitXor l r -> ((...) l) r
                                   OpIntBitZeroFillShiftRight l r -> ((...) l) r
                                   (OpIntNum OpAdd) l r -> ((...) l) r
                                   (OpIntNum OpSubtract) l r -> ((...) l) r
                                   (OpIntNum OpMultiply) l r -> ((...) l) r
                                   (OpIntNum OpDivide) l r -> ((...) l) r
                                   (OpIntOrd OpEq) l r -> ((...) l) r
                                   (OpIntOrd OpNotEq) l r -> ((...) l) r
                                   (OpIntOrd OpGt) l r -> ((...) l) r
                                   (OpIntOrd OpGte) l r -> ((...) l) r
                                   (OpIntOrd OpLt) l r -> ((...) l) r
                                   (OpIntOrd OpLte) l r -> ((...) l) r
                                   (OpNumberNum OpAdd) l r -> ((...) l) r
                                   (OpNumberNum OpSubtract) l r -> ((...) l) r
                                   (OpNumberNum OpMultiply) l r -> ((...) l) r
                                   (OpNumberNum OpDivide) l r -> ((...) l) r
                                   (OpNumberOrd OpEq) l r -> ((...) l) r
                                   (OpNumberOrd OpNotEq) l r -> ((...) l) r
                                   (OpNumberOrd OpGt) l r -> ((...) l) r
                                   (OpNumberOrd OpGte) l r -> ((...) l) r
                                   (OpNumberOrd OpLt) l r -> ((...) l) r
                                   (OpNumberOrd OpLte) l r -> ((...) l) r
                                   OpStringAppend l r -> ((...) l) r
                                   (OpStringOrd OpEq) l r -> ((...) l) r
                                   (OpStringOrd OpNotEq) l r -> ((...) l) r
                                   (OpStringOrd OpGt) l r -> ((...) l) r
                                   (OpStringOrd OpGte) l r -> ((...) l) r
                                   (OpStringOrd OpLt) l r -> ((...) l) r
                                   (OpStringOrd OpLte) l r -> ((...) l) r
    has type PhpExpr
  in value declaration translateOperator2
  where t0 is an unknown type

           Src   Lib   All
Warnings     1     0     1
Errors       1     0     1

✘ Failed to build.

=== PHP failed ===

=== Rebuilding gopurs backend ===
Reading Spago workspace configuration...

✓ Selecting package to build: gopurs

Downloading dependencies...
Building...
[1 of 1] Compiling Main
           Src   Lib   All
Warnings     0     0     0
Errors       0     0     0

✓ Build succeeded.

Reading Spago workspace configuration...

✓ Selecting package to build: gopurs

Downloading dependencies...
Building...
           Src   Lib   All
Warnings     0     0     0
Errors       0     0     0

✓ Build succeeded.

Bundling...

  bin/gopurs.js  1.5mb ⚠️

⚡ Done in 52ms

✓ Bundle succeeded.

Building...
Reading Spago workspace configuration...

✓ Selecting package to build: ps-go-test

Downloading dependencies...
Building...
[  2 of 300] Compiling Type.Proxy
[  3 of 300] Compiling Data.Unit
[  4 of 300] Compiling Unsafe.Coerce
[  1 of 300] Compiling Spago.Generated.BuildInfo
[  5 of 300] Compiling Record.Unsafe
[  6 of 300] Compiling Test.Implicit
[  7 of 300] Compiling Data.Traversable.Accum
[  8 of 300] Compiling Type.Equality
[  9 of 300] Compiling Data.Void
[ 10 of 300] Compiling Partial
[ 11 of 300] Compiling Data.String.Unsafe
[ 12 of 300] Compiling Data.NaturalTransformation
[ 13 of 300] Compiling Data.Int.Bits
[ 14 of 300] Compiling Data.Boolean
[ 15 of 300] Compiling Control.Semigroupoid
[ 16 of 300] Compiling Data.Symbol
[ 17 of 300] Compiling Safe.Coerce
[ 19 of 300] Compiling Control.Lazy
[ 18 of 300] Compiling Data.Function.Uncurried
[ 20 of 300] Compiling Data.Exists
[ 21 of 300] Compiling Partial.Unsafe
[ 22 of 300] Compiling Control.Category
[ 23 of 300] Compiling Data.HeytingAlgebra
[ 24 of 300] Compiling Data.Semiring
[ 25 of 300] Compiling Data.Semigroup
[ 26 of 300] Compiling Data.Show
[ 27 of 300] Compiling Data.Ring
[ 28 of 300] Compiling Data.Generic.Rep
[ 29 of 300] Compiling Data.BooleanAlgebra
[ 30 of 300] Compiling Data.Eq
[ 31 of 300] Compiling Data.CommutativeRing
[ 32 of 300] Compiling Data.Ordering
[ 33 of 300] Compiling Data.EuclideanRing
[ 34 of 300] Compiling Data.Ord
[ 35 of 300] Compiling Data.DivisionRing
[ 36 of 300] Compiling Data.Field
[ 37 of 300] Compiling Data.Bounded
[ 38 of 300] Compiling Data.Reflectable
[ 39 of 300] Compiling Data.Monoid
[ 40 of 300] Compiling Data.Function
[ 41 of 300] Compiling Data.Functor
[ 42 of 300] Compiling Control.Alt
[ 43 of 300] Compiling Control.Apply
[ 44 of 300] Compiling Control.Extend
[ 45 of 300] Compiling Data.Monoid.Generic
[ 46 of 300] Compiling Data.Bounded.Generic
[ 47 of 300] Compiling Control.Plus
[ 48 of 300] Compiling Control.Comonad
[ 49 of 300] Compiling Control.Applicative
[ 50 of 300] Compiling Control.Alternative
[ 51 of 300] Compiling Control.Bind
[ 52 of 300] Compiling Control.Monad
[ 53 of 300] Compiling Prelude
[ 54 of 300] Compiling Control.MonadPlus
[ 55 of 300] Compiling Data.Monoid.Conj
[ 56 of 300] Compiling Data.Ord.Generic
[ 57 of 300] Compiling Data.Semigroup.Generic
[ 58 of 300] Compiling Data.Monoid.Endo
[ 59 of 300] Compiling Data.HeytingAlgebra.Generic
[ 60 of 300] Compiling Data.Ring.Generic
[ 61 of 300] Compiling Data.Number.Format
[ 62 of 300] Compiling Data.Traversable.Accum.Internal
[ 63 of 300] Compiling Data.Semiring.Generic
[ 64 of 300] Compiling Control.Monad.Cont.Class
[ 65 of 300] Compiling Control.Monad.Trans.Class
[ 66 of 300] Compiling Data.Eq.Generic
[ 67 of 300] Compiling Data.Semigroup.First
[ 68 of 300] Compiling Data.Semigroup.Last
[ 69 of 300] Compiling Effect
[ 70 of 300] Compiling Data.Show.Generic
[ 71 of 300] Compiling Control.Monad.Gen.Class
[ 72 of 300] Compiling Data.Monoid.Additive
[ 75 of 300] Compiling Data.Monoid.Disj
[ 73 of 300] Compiling Control.Monad.Reader.Class
[ 76 of 300] Compiling Data.Monoid.Multiplicative
[ 74 of 300] Compiling Data.Monoid.Dual
[ 77 of 300] Compiling Effect.Class
[ 78 of 300] Compiling Test.Main
[ 79 of 300] Compiling Effect.Uncurried
[ 80 of 300] Compiling Effect.Ref
[ 82 of 300] Compiling Effect.Unsafe
[ 81 of 300] Compiling Effect.Console
[ 83 of 300] Compiling Bench
[ 84 of 300] Compiling Effect.Class.Console
[ 85 of 300] Compiling Data.Newtype
[ 86 of 300] Compiling Test.RowToListFFICheatcode
[ 87 of 300] Compiling Test.FibFFI
[ 88 of 300] Compiling Test.PrimesFFI
[ 89 of 300] Compiling Test.LazyEvaluationFFI
[ 90 of 300] Compiling Test.AckermannFFI
[ 91 of 300] Compiling Test.BenchCheck
[ 92 of 300] Compiling Test.AstTreeFFI
[ 93 of 300] Compiling Test.TCOFFI
[ 94 of 300] Compiling Test.AckermannFFICheatcode
[ 96 of 300] Compiling Test.RBTreeFFI
[ 95 of 300] Compiling Test.Fib
[ 97 of 300] Compiling Test.RowToList
[ 98 of 300] Compiling Test.ChurchFFI
[100 of 300] Compiling Test.ListOpsFFICheatcode
[ 99 of 300] Compiling Test.ChurchFFICheatcode
[101 of 300] Compiling Test.RowToListFFI
[102 of 300] Compiling Test.RBTreeFFICheatcode
[103 of 300] Compiling Test.AstTree
[104 of 300] Compiling Test.RecordsFFI
[105 of 300] Compiling Test.LazyEvaluationFFICheatcode
[106 of 300] Compiling Test.RecordsFFICheatcode
[107 of 300] Compiling Test.FibFFICheatcode
[108 of 300] Compiling Test.StateMonadFFI
[110 of 300] Compiling Test.RBTree
[109 of 300] Compiling Test.PrimesFFICheatcode
[111 of 300] Compiling Test.Primes
[113 of 300] Compiling Test.PolymorphismFFI
[114 of 300] Compiling Test.TCOFFICheatcode
[115 of 300] Compiling Test.PolymorphismFFICheatcode
[116 of 300] Compiling Test.Polymorphism
[118 of 300] Compiling Test.StateMonadFFICheatcode
[112 of 300] Compiling Test.ArrayOpsFFICheatcode
[117 of 300] Compiling Test.ListOpsFFI
[120 of 300] Compiling Test.TCO
[119 of 300] Compiling Test.Church
[121 of 300] Compiling Test.AstTreeFFICheatcode
[122 of 300] Compiling Test.Records
[123 of 300] Compiling Test.Ackermann
[124 of 300] Compiling Test.StateMonad
[125 of 300] Compiling Test.LazyEvaluation
[126 of 300] Compiling Test.ListOps
[127 of 300] Compiling Test.ArrayOpsFFI
[128 of 300] Compiling Data.Time.Duration
[130 of 300] Compiling Data.Ord.Max
[131 of 300] Compiling Data.Monoid.Alternate
[132 of 300] Compiling Data.String.Pattern
[129 of 300] Compiling Data.Functor.App
[133 of 300] Compiling Data.Ord.Down
[134 of 300] Compiling Data.Ord.Min
[135 of 300] Compiling Data.Profunctor
[136 of 300] Compiling AppFFICheatcode
[137 of 300] Compiling AppFFI
[138 of 300] Compiling Data.Functor.Invariant
[139 of 300] Compiling Data.String.Common
[140 of 300] Compiling Data.Profunctor.Closed
[141 of 300] Compiling Data.Profunctor.Join
[142 of 300] Compiling Data.Profunctor.Split
[143 of 300] Compiling Data.Const
[145 of 300] Compiling Data.Tuple
[144 of 300] Compiling Data.Maybe
[146 of 300] Compiling Data.Functor.Compose
[147 of 300] Compiling Data.Identity
[148 of 300] Compiling Data.Functor.Contravariant
[149 of 300] Compiling Data.Comparison
[150 of 300] Compiling Data.Predicate
[151 of 300] Compiling Data.Op
[152 of 300] Compiling Data.Equivalence
[153 of 300] Compiling Data.Number
[155 of 300] Compiling Data.Maybe.First
[154 of 300] Compiling Data.Either
[156 of 300] Compiling Data.String.CodeUnits
[157 of 300] Compiling Data.Maybe.Last
[158 of 300] Compiling Data.Number.Approximate
[159 of 300] Compiling Data.Int
[160 of 300] Compiling Data.Divide
[162 of 300] Compiling Data.Profunctor.Costrong
[161 of 300] Compiling Data.Tuple.Nested
[164 of 300] Compiling Control.Monad.Writer.Class
[165 of 300] Compiling Control.Monad.State.Class
[163 of 300] Compiling Data.Profunctor.Strong
[166 of 300] Compiling Data.Distributive
[167 of 300] Compiling Data.Divisible
[168 of 300] Compiling Data.Decide
[169 of 300] Compiling Data.Bifunctor
[171 of 300] Compiling Data.Profunctor.Cochoice
[170 of 300] Compiling Effect.Exception
[173 of 300] Compiling Data.Either.Inject
[172 of 300] Compiling Data.Either.Nested
[174 of 300] Compiling Data.Profunctor.Choice
[175 of 300] Compiling Effect.Exception.Unsafe
[176 of 300] Compiling Control.Monad.Error.Class
[177 of 300] Compiling Data.Functor.Product
[178 of 300] Compiling Data.Functor.Coproduct
[179 of 300] Compiling Data.Functor.Costar
[180 of 300] Compiling Data.Profunctor.Star
[181 of 300] Compiling Control.Monad.Rec.Class
[182 of 300] Compiling Control.Biapply
[183 of 300] Compiling Data.Decidable
[184 of 300] Compiling Control.Biapplicative
[185 of 300] Compiling Data.Functor.Clown
[186 of 300] Compiling Data.Functor.Flip
[187 of 300] Compiling Data.Functor.Joker
[188 of 300] Compiling Data.Bifunctor.Join
[189 of 300] Compiling Data.Functor.Product2
[190 of 300] Compiling Data.Functor.Coproduct.Nested
[191 of 300] Compiling Data.FunctorWithIndex
[192 of 300] Compiling Data.Functor.Coproduct.Inject
[193 of 300] Compiling Data.Foldable
[194 of 300] Compiling Data.Functor.Product.Nested
[195 of 300] Compiling Control.Monad.ST.Internal
[196 of 300] Compiling Control.Monad.ST
[197 of 300] Compiling Control.Monad.ST.Ref
[198 of 300] Compiling Control.Monad.ST.Uncurried
[199 of 300] Compiling Control.Monad.ST.Global
[200 of 300] Compiling Control.Monad.ST.Class
[201 of 300] Compiling Control.Monad.Maybe.Trans
[202 of 300] Compiling Control.Monad.Except.Trans
[203 of 300] Compiling Control.Monad.Cont.Trans
[205 of 300] Compiling Control.Monad.RWS.Trans
[206 of 300] Compiling Control.Monad.Writer.Trans
[204 of 300] Compiling Control.Monad.Reader.Trans
[207 of 300] Compiling Control.Monad.State.Trans
[208 of 300] Compiling Data.Array.ST
[209 of 300] Compiling Control.Monad.Cont
[210 of 300] Compiling Data.Array.ST.Iterator
[211 of 300] Compiling Data.Array.ST.Partial
[212 of 300] Compiling Control.Monad.Reader
[213 of 300] Compiling Control.Monad.Writer
[214 of 300] Compiling Control.Parallel.Class
[215 of 300] Compiling Control.Monad.Except
[216 of 300] Compiling Control.Monad.State
[217 of 300] Compiling Control.Monad.RWS
[218 of 300] Compiling Data.Semigroup.Foldable
[219 of 300] Compiling Data.Traversable
[221 of 300] Compiling Data.Bifoldable
[220 of 300] Compiling Data.FoldableWithIndex
[222 of 300] Compiling Data.Bitraversable
[223 of 300] Compiling Control.Parallel
[224 of 300] Compiling Data.Semigroup.Traversable
[225 of 300] Compiling Control.Monad.Identity.Trans
[226 of 300] Compiling Effect.Aff
[227 of 300] Compiling Data.Unfoldable1
[228 of 300] Compiling Data.TraversableWithIndex
[229 of 300] Compiling Control.Comonad.Trans.Class
[230 of 300] Compiling Control.Comonad.Store.Trans
[231 of 300] Compiling Control.Comonad.Traced.Trans
[232 of 300] Compiling Data.Unfoldable
[233 of 300] Compiling Control.Monad.Gen
[234 of 300] Compiling Data.Enum
[235 of 300] Compiling Data.Lazy
[236 of 300] Compiling Data.NonEmpty
[237 of 300] Compiling Data.Array.NonEmpty.Internal
[238 of 300] Compiling Control.Comonad.Env.Trans
[239 of 300] Compiling Data.Time.Duration.Gen
[240 of 300] Compiling Effect.Aff.Compat
[241 of 300] Compiling Data.Array
[242 of 300] Compiling Control.Comonad.Store.Class
[243 of 300] Compiling Data.Char
[244 of 300] Compiling Data.Date.Component
[246 of 300] Compiling Data.Time.Component
[245 of 300] Compiling Data.Enum.Generic
[247 of 300] Compiling Control.Monad.List.Trans
[249 of 300] Compiling Data.Enum.Gen
[250 of 300] Compiling Data.Char.Gen
[248 of 300] Compiling Data.List.Lazy.Types
[251 of 300] Compiling Data.List.Types
[252 of 300] Compiling Control.Monad.Gen.Common
[253 of 300] Compiling Control.Comonad.Store
[254 of 300] Compiling Data.String.Gen
[255 of 300] Compiling Control.Comonad.Env.Class
[256 of 300] Compiling Data.Time
[257 of 300] Compiling Data.Time.Component.Gen
[258 of 300] Compiling Control.Comonad.Env
[259 of 300] Compiling Control.Comonad.Traced.Class
[260 of 300] Compiling Data.Date
[261 of 300] Compiling Data.Date.Component.Gen
[262 of 300] Compiling Data.Time.Gen
[263 of 300] Compiling Control.Comonad.Traced
[264 of 300] Compiling Data.Array.Partial
[267 of 300] Compiling Test.ArrayOps
[266 of 300] Compiling Data.String.CodePoints
[265 of 300] Compiling Data.Array.NonEmpty
[268 of 300] Compiling App
[269 of 300] Compiling Data.Date.Gen
[270 of 300] Compiling Data.DateTime
[271 of 300] Compiling Effect.Aff.Class
[272 of 300] Compiling Main
[273 of 300] Compiling Data.List.Internal
[275 of 300] Compiling Data.DateTime.Gen
[274 of 300] Compiling Data.DateTime.Instant
[276 of 300] Compiling Data.String
[277 of 300] Compiling Data.String.Regex.Flags
[279 of 300] Compiling Data.String.CaseInsensitive
[278 of 300] Compiling Data.String.NonEmpty.Internal
[280 of 300] Compiling Effect.Now
[282 of 300] Compiling Data.List
[281 of 300] Compiling Data.List.Lazy
[283 of 300] Compiling Data.String.Regex
[284 of 300] Compiling Data.String.NonEmpty.CodePoints
[285 of 300] Compiling Data.String.NonEmpty.CodeUnits
[286 of 300] Compiling Data.String.Regex.Unsafe
[287 of 300] Compiling Data.String.NonEmpty
[288 of 300] Compiling Data.String.NonEmpty.CaseInsensitive
[289 of 300] Compiling Data.List.NonEmpty
[292 of 300] Compiling Data.List.Partial
[291 of 300] Compiling Data.List.ZipList
[293 of 300] Compiling Data.List.Lazy.NonEmpty
[290 of 300] Compiling Data.Map.Internal
[294 of 300] Compiling Data.Set
[296 of 300] Compiling Data.Map
[295 of 300] Compiling Data.Set.NonEmpty
[297 of 300] Compiling Data.Interval.Duration
[298 of 300] Compiling Data.Map.Gen
[300 of 300] Compiling Data.Interval.Duration.Iso
[299 of 300] Compiling Data.Interval
           Src   Lib   All
Warnings     0     0     0
Errors       0     0     0

✓ Build succeeded.

{
  msg: 'LetRec val type for spin',
  valType: Func2 { value0: [ [ADT2] ], value1: TypeVar2 { value0: 'a' } }
}
{
  msg: 'LetRec val type for spin',
  valType: Func2 { value0: [ [ADT2] ], value1: TypeVar2 { value0: 'a' } }
}
{
  msg: 'LetRec val type for spin',
  valType: Func2 { value0: [ [ADT2] ], value1: TypeVar2 { value0: 'a' } }
}
{
  msg: 'LetRec val type for go',
  valType: Func2 {
    value0: [ Int2 {}, [TypeVar2] ],
    value1: TypeVar2 { value0: 'a' }
  }
}
{
  msg: 'LetRec val type for go',
  valType: Func2 { value0: [ Int2 {} ], value1: TypeVar2 { value0: 'm' } }
}
{ msg: 'LetRec val type for go', valType: TypeVar2 { value0: 'l' } }
{
  msg: 'LetRec val type for go',
  valType: Func2 { value0: [ [ADT2] ], value1: TypeVar2 { value0: 'b' } }
}
{
  msg: 'LetRec val type for go',
  valType: Func2 { value0: [ [ADT2] ], value1: TypeVar2 { value0: 'b' } }
}
{
  msg: 'LetRec val type for go',
  valType: Func2 { value0: [ [ADT2] ], value1: TypeVar2 { value0: 'b' } }
}
{
  msg: 'LetRec val type for go',
  valType: Func2 { value0: [ [ADT2] ], value1: TypeVar2 { value0: 'b' } }
}
{
  msg: 'LetRec val type for go',
  valType: Func2 { value0: [ [ADT2] ], value1: TypeVar2 { value0: 'b' } }
}
{
  msg: 'LetRec val type for go',
  valType: Func2 { value0: [ [ADT2] ], value1: TypeVar2 { value0: 'b' } }
}
{
  msg: 'LetRec val type for go',
  valType: Func2 { value0: [ [ADT2] ], value1: TypeVar2 { value0: 'b' } }
}
{
  msg: 'LetRec val type for go',
  valType: Func2 {
    value0: [ [TypeVar2], [ADT2], [ADT2] ],
    value1: TypeVar2 { value0: 'b' }
  }
}
{
  msg: 'LetRec val type for go',
  valType: Func2 {
    value0: [ [TypeVar2], [ADT2], [ADT2] ],
    value1: TypeVar2 { value0: 'b' }
  }
}
{
  msg: 'LetRec val type for go',
  valType: Func2 {
    value0: [ [TypeVar2], [ADT2] ],
    value1: TypeVar2 { value0: 'b' }
  }
}
{
  msg: 'LetRec val type for go',
  valType: Func2 {
    value0: [ Int2 {}, [$$Array2] ],
    value1: $$Array2 { value0: [$$Array2] }
  }
}
{
  msg: 'LetRec val type for go',
  valType: Func2 {
    value0: [ Int2 {}, [ADT2] ],
    value1: ADT2 {
      value0: 'Test.ListOps.List',
      value1: [Array],
      value2: [Array]
    }
  }
}
{
  msg: 'LetRec val type for go',
  valType: Func2 {
    value0: [ [ADT2], [ADT2] ],
    value1: ADT2 {
      value0: 'Test.ListOps.List',
      value1: [Array],
      value2: [Array]
    }
  }
}
{
  msg: 'LetRec val type for go',
  valType: Func2 {
    value0: [ Int2 {}, [ADT2] ],
    value1: ADT2 {
      value0: 'Test.ListOps.List',
      value1: [Array],
      value2: [Array]
    }
  }
}
{
  msg: 'LetRec val type for go',
  valType: Func2 {
    value0: [ [ADT2], [ADT2] ],
    value1: ADT2 {
      value0: 'Test.ListOps.List',
      value1: [Array],
      value2: [Array]
    }
  }
}
{
  msg: 'LetRec val type for go',
  valType: Func2 {
    value0: [ Int2 {}, [TypeVar2] ],
    value1: TypeVar2 { value0: 'a' }
  }
}
{
  msg: 'LetRec val type for go',
  valType: Func2 {
    value0: [ Int2 {}, [TypeVar2] ],
    value1: TypeVar2 { value0: 'a' }
  }
}
{
  msg: 'LetRec val type for go',
  valType: Func2 { value0: [ [ADT2], Int2 {} ], value1: Int2 {} }
}
{
  msg: 'LetRec val type for go',
  valType: Func2 {
    value0: [ [ADT2], [ADT2] ],
    value1: ADT2 {
      value0: 'Test.Primes.List',
      value1: [Array],
      value2: [Array]
    }
  }
}
{
  msg: 'LetRec val type for go',
  valType: Func2 {
    value0: [ Int2 {}, [ADT2] ],
    value1: ADT2 {
      value0: 'Test.Primes.List',
      value1: [Array],
      value2: [Array]
    }
  }
}
{
  msg: 'LetRec val type for go',
  valType: Func2 {
    value0: [ [ADT2], [ADT2] ],
    value1: ADT2 {
      value0: 'Test.Primes.List',
      value1: [Array],
      value2: [Array]
    }
  }
}
{
  msg: 'LetRec val type for go',
  valType: Func2 {
    value0: [ [ADT2], [ADT2] ],
    value1: ADT2 {
      value0: 'Test.Primes.List',
      value1: [Array],
      value2: [Array]
    }
  }
}
{
  msg: 'LetRec val type for go',
  valType: Func2 {
    value0: [ [ADT2], [ADT2] ],
    value1: ADT2 {
      value0: 'Test.Primes.List',
      value1: [Array],
      value2: [Array]
    }
  }
}
{
  msg: 'LetRec val type for go',
  valType: Func2 {
    value0: [ [ADT2], [ADT2] ],
    value1: ADT2 {
      value0: 'Test.Primes.List',
      value1: [Array],
      value2: [Array]
    }
  }
}
{
  msg: 'LetRec val type for go',
  valType: Func2 { value0: [ [ADT2], Int2 {} ], value1: Int2 {} }
}
{
  msg: 'LetRec val type for go',
  valType: Func2 {
    value0: [ Int2 {}, [ADT2] ],
    value1: ADT2 {
      value0: 'Test.Primes.List',
      value1: [Array],
      value2: [Array]
    }
  }
}
{
  msg: 'LetRec val type for go',
  valType: Func2 {
    value0: [ Int2 {}, [ADT2] ],
    value1: TypeVar2 { value0: 'a' }
  }
}
{
  msg: 'LetRec val type for loop',
  valType: Func2 {
    value0: [ [TypeVar2], [TypeApp3] ],
    value1: TypeApp3 { value0: [TypeVar2], value1: [Array] }
  }
}
{
  msg: 'LetRec val type for loop',
  valType: Func2 {
    value0: [ [TypeVar2], [TypeApp3] ],
    value1: TypeApp3 { value0: [TypeVar2], value1: [Array] }
  }
}
{
  msg: 'LetRec val type for go',
  valType: Func2 {
    value0: [ [ADT2] ],
    value1: TypeApp3 { value0: [TypeVar2], value1: [Array] }
  }
}
{
  msg: 'LetRec val type for go',
  valType: Func2 {
    value0: [ [ADT2] ],
    value1: TypeApp3 { value0: [TypeVar2], value1: [Array] }
  }
}
{
  msg: 'LetRec val type for go',
  valType: Func2 {
    value0: [ Int2 {}, [TypeVar2] ],
    value1: ADT2 {
      value0: 'Data.Maybe.Maybe',
      value1: [Array],
      value2: [Array]
    }
  }
}
{
  msg: 'LetRec val type for go',
  valType: Func2 { value0: [ Int2 {}, [TypeVar2] ], value1: Int2 {} }
}
{
  msg: 'LetRec val type for go',
  valType: Func2 { value0: [ Int2 {}, [TypeVar2] ], value1: Int2 {} }
}
{
  msg: 'LetRec val type for adj',
  valType: Func2 {
    value0: [ Int2 {}, [ADT2] ],
    value1: ADT2 {
      value0: 'Data.Maybe.Maybe',
      value1: [Array],
      value2: [Array]
    }
  }
}
{
  msg: 'LetRec val type for spin',
  valType: Func2 { value0: [ [ADT2] ], value1: TypeVar2 { value0: 'a' } }
}
{
  msg: 'LetRec val type for spin',
  valType: Func2 { value0: [ [ADT2] ], value1: TypeVar2 { value0: 'a' } }
}
{
  msg: 'LetRec val type for spin',
  valType: Func2 { value0: [ [ADT2] ], value1: TypeVar2 { value0: 'a' } }
}
{
  msg: 'LetRec val type for spin',
  valType: Func2 { value0: [ [ADT2] ], value1: TypeVar2 { value0: 'a' } }
}
{
  msg: 'LetRec val type for spin',
  valType: Func2 { value0: [ [ADT2] ], value1: TypeVar2 { value0: 'a' } }
}
{
  msg: 'LetRec val type for spin',
  valType: Func2 { value0: [ [ADT2] ], value1: TypeVar2 { value0: 'a' } }
}
{
  msg: 'LetRec val type for spin',
  valType: Func2 { value0: [ [ADT2] ], value1: TypeVar2 { value0: 'a' } }
}
{
  msg: 'LetRec val type for spin',
  valType: Func2 { value0: [ [ADT2] ], value1: TypeVar2 { value0: 'a' } }
}
{
  msg: 'LetRec val type for spin',
  valType: Func2 { value0: [ [ADT2] ], value1: TypeVar2 { value0: 'a' } }
}
{
  msg: 'LetRec val type for spin',
  valType: Func2 { value0: [ [ADT2] ], value1: TypeVar2 { value0: 'a' } }
}
{
  msg: 'LetRec val type for spin',
  valType: Func2 { value0: [ [ADT2] ], value1: TypeVar2 { value0: 'a' } }
}
{
  msg: 'LetRec val type for spin',
  valType: Func2 { value0: [ [ADT2] ], value1: TypeVar2 { value0: 'a' } }
}
{
  msg: 'LetRec val type for spin',
  valType: Func2 { value0: [ [ADT2] ], value1: TypeVar2 { value0: 'a' } }
}
{
  msg: 'LetRec val type for spin',
  valType: Func2 { value0: [ [ADT2] ], value1: TypeVar2 { value0: 'a' } }
}
{
  msg: 'LetRec val type for spin',
  valType: Func2 { value0: [ [ADT2] ], value1: TypeVar2 { value0: 'a' } }
}
{
  msg: 'LetRec val type for spin',
  valType: Func2 { value0: [ [ADT2] ], value1: TypeVar2 { value0: 'a' } }
}
{
  msg: 'LetRec val type for spin',
  valType: Func2 { value0: [ [ADT2] ], value1: TypeVar2 { value0: 'a' } }
}
{
  msg: 'LetRec val type for spin',
  valType: Func2 { value0: [ [ADT2] ], value1: TypeVar2 { value0: 'a' } }
}
{
  msg: 'LetRec val type for spin',
  valType: Func2 { value0: [ [ADT2] ], value1: TypeVar2 { value0: 'a' } }
}
{
  msg: 'LetRec val type for spin',
  valType: Func2 { value0: [ [ADT2] ], value1: TypeVar2 { value0: 'a' } }
}
{
  msg: 'LetRec val type for spin',
  valType: Func2 { value0: [ [ADT2] ], value1: TypeVar2 { value0: 'a' } }
}
{
  msg: 'LetRec val type for spin',
  valType: Func2 { value0: [ [ADT2] ], value1: TypeVar2 { value0: 'a' } }
}
{
  msg: 'LetRec val type for spin',
  valType: Func2 { value0: [ [ADT2] ], value1: TypeVar2 { value0: 'a' } }
}
{
  msg: 'LetRec val type for spin',
  valType: Func2 { value0: [ [ADT2] ], value1: TypeVar2 { value0: 'a' } }
}
{
  msg: 'LetRec val type for chunkedRevMap',
  valType: Func2 {
    value0: [ [ADT2], [ADT2] ],
    value1: ADT2 {
      value0: 'Data.List.Types.List',
      value1: [Array],
      value2: [Array]
    }
  }
}
{
  msg: 'LetRec val type for reverseUnrolledMap',
  valType: Func2 {
    value0: [ [ADT2], [ADT2] ],
    value1: ADT2 {
      value0: 'Data.List.Types.List',
      value1: [Array],
      value2: [Array]
    }
  }
}
{
  msg: 'LetRec val type for go',
  valType: Func2 {
    value0: [ [TypeVar2], [ADT2] ],
    value1: TypeVar2 { value0: 'b' }
  }
}
{
  msg: 'LetRec val type for go',
  valType: Func2 {
    value0: [ [TypeVar2], [ADT2] ],
    value1: TypeVar2 { value0: 'b' }
  }
}
{
  msg: 'LetRec val type for go',
  valType: Func2 {
    value0: [ [TypeVar2], [ADT2] ],
    value1: TypeVar2 { value0: 'b' }
  }
}
{
  msg: 'LetRec val type for go',
  valType: Func2 {
    value0: [ [ADT2], [ADT2] ],
    value1: ADT2 {
      value0: 'Data.List.Types.List',
      value1: [Array],
      value2: [Array]
    }
  }
}
{
  msg: 'LetRec val type for go',
  valType: Func2 {
    value0: [ [TypeVar2], [ADT2] ],
    value1: TypeVar2 { value0: 'b' }
  }
}
{
  msg: 'LetRec val type for go',
  valType: Func2 {
    value0: [ [TypeVar2], [ADT2] ],
    value1: TypeVar2 { value0: 'b' }
  }
}
{
  msg: 'LetRec val type for go',
  valType: Func2 {
    value0: [ [TypeVar2], [ADT2] ],
    value1: TypeVar2 { value0: 'b' }
  }
}
{
  msg: 'LetRec val type for go',
  valType: Func2 {
    value0: [ [ADT2], [ADT2] ],
    value1: ADT2 {
      value0: 'Data.List.Types.List',
      value1: [Array],
      value2: [Array]
    }
  }
}
{
  msg: 'LetRec val type for go',
  valType: Func2 {
    value0: [ [TypeVar2], [ADT2] ],
    value1: TypeVar2 { value0: 'b' }
  }
}
{
  msg: 'LetRec val type for go',
  valType: Func2 {
    value0: [ [TypeVar2], [ADT2] ],
    value1: TypeVar2 { value0: 'b' }
  }
}
{
  msg: 'LetRec val type for go',
  valType: Func2 {
    value0: [ [TypeVar2], [ADT2] ],
    value1: TypeVar2 { value0: 'b' }
  }
}
{
  msg: 'LetRec val type for go',
  valType: Func2 {
    value0: [ [TypeVar2], [ADT2] ],
    value1: TypeVar2 { value0: 'b' }
  }
}
{
  msg: 'LetRec val type for go',
  valType: Func2 {
    value0: [ [TypeVar2], [ADT2] ],
    value1: TypeVar2 { value0: 'b' }
  }
}
{
  msg: 'LetRec val type for go',
  valType: Func2 {
    value0: [ [ADT2], [ADT2] ],
    value1: ADT2 {
      value0: 'Data.List.Types.List',
      value1: [Array],
      value2: [Array]
    }
  }
}
{
  msg: 'LetRec val type for go',
  valType: Func2 {
    value0: [ [TypeVar2], [ADT2] ],
    value1: TypeVar2 { value0: 'b' }
  }
}
{
  msg: 'LetRec val type for go',
  valType: Func2 {
    value0: [ [ADT2], [ADT2] ],
    value1: ADT2 {
      value0: 'Data.List.Types.List',
      value1: [Array],
      value2: [Array]
    }
  }
}
{
  msg: 'LetRec val type for go',
  valType: Func2 {
    value0: [ [TypeVar2], [ADT2] ],
    value1: TypeVar2 { value0: 'b' }
  }
}
{
  msg: 'LetRec val type for go',
  valType: Func2 {
    value0: [ [TypeVar2], [ADT2] ],
    value1: TypeVar2 { value0: 'b' }
  }
}
{
  msg: 'LetRec val type for go',
  valType: Func2 {
    value0: [ [TypeVar2], [ADT2] ],
    value1: TypeVar2 { value0: 'b' }
  }
}
{
  msg: 'LetRec val type for go',
  valType: Func2 {
    value0: [ [TypeVar2], [ADT2] ],
    value1: TypeVar2 { value0: 'b' }
  }
}
{
  msg: 'LetRec val type for go',
  valType: Func2 {
    value0: [ [TypeVar2], [ADT2] ],
    value1: TypeVar2 { value0: 'b' }
  }
}
{
  msg: 'LetRec val type for go',
  valType: Func2 {
    value0: [ [TypeVar2], [ADT2] ],
    value1: ADT2 {
      value0: 'Data.List.Types.List',
      value1: [Array],
      value2: [Array]
    }
  }
}
{
  msg: 'LetRec val type for go',
  valType: Func2 {
    value0: [ [TypeVar2], [ADT2] ],
    value1: TypeVar2 { value0: 'b' }
  }
}
{
  msg: 'LetRec val type for go',
  valType: Func2 {
    value0: [ [TypeVar2], [ADT2] ],
    value1: ADT2 {
      value0: 'Data.List.Types.List',
      value1: [Array],
      value2: [Array]
    }
  }
}
{
  msg: 'LetRec val type for go',
  valType: Func2 {
    value0: [ [TypeVar2], [ADT2] ],
    value1: TypeVar2 { value0: 'b' }
  }
}
{
  msg: 'LetRec val type for go',
  valType: Func2 {
    value0: [ [TypeVar2], [ADT2] ],
    value1: ADT2 {
      value0: 'Data.List.Types.List',
      value1: [Array],
      value2: [Array]
    }
  }
}
{
  msg: 'LetRec val type for go',
  valType: Func2 {
    value0: [ [TypeVar2], [ADT2] ],
    value1: TypeVar2 { value0: 'b' }
  }
}
{
  msg: 'LetRec val type for go',
  valType: Func2 {
    value0: [ [TypeVar2], [ADT2] ],
    value1: TypeVar2 { value0: 'b' }
  }
}
{
  msg: 'LetRec val type for go',
  valType: Func2 {
    value0: [ [ADT2], [ADT2] ],
    value1: ADT2 {
      value0: 'Data.List.Types.List',
      value1: [Array],
      value2: [Array]
    }
  }
}
{
  msg: 'LetRec val type for go',
  valType: Func2 {
    value0: [ [TypeVar2], [ADT2] ],
    value1: TypeVar2 { value0: 'b' }
  }
}
{
  msg: 'LetRec val type for go',
  valType: Func2 {
    value0: [ [ADT2], [ADT2] ],
    value1: ADT2 {
      value0: 'Data.List.Types.List',
      value1: [Array],
      value2: [Array]
    }
  }
}
{
  msg: 'LetRec val type for go',
  valType: Func2 {
    value0: [ [ADT2], [ADT2], $$Boolean2 {} ],
    value1: $$Boolean2 {}
  }
}
{
  msg: 'LetRec val type for go',
  valType: Func2 {
    value0: [ [ADT2], [ADT2], $$Boolean2 {} ],
    value1: $$Boolean2 {}
  }
}
{
  msg: 'LetRec val type for go',
  valType: Func2 {
    value0: [ [ADT2], [ADT2], $$Boolean2 {} ],
    value1: $$Boolean2 {}
  }
}
{
  msg: 'LetRec val type for go',
  valType: Func2 {
    value0: [ [ADT2], [ADT2], $$Boolean2 {} ],
    value1: $$Boolean2 {}
  }
}
{
  msg: 'LetRec val type for go',
  valType: Func2 {
    value0: [ [ADT2], [ADT2], $$Boolean2 {} ],
    value1: $$Boolean2 {}
  }
}
{
  msg: 'LetRec val type for go',
  valType: Func2 {
    value0: [ [ADT2], [ADT2] ],
    value1: ADT2 {
      value0: 'Data.Ordering.Ordering',
      value1: [Array],
      value2: []
    }
  }
}
{
  msg: 'LetRec val type for go',
  valType: Func2 {
    value0: [ [ADT2], [ADT2], $$Boolean2 {} ],
    value1: $$Boolean2 {}
  }
}
{
  msg: 'LetRec val type for go',
  valType: Func2 {
    value0: [ [ADT2], [ADT2] ],
    value1: ADT2 {
      value0: 'Data.Ordering.Ordering',
      value1: [Array],
      value2: []
    }
  }
}
{
  msg: 'LetRec val type for go',
  valType: Func2 {
    value0: [ [TypeVar2], [ADT2] ],
    value1: TypeVar2 { value0: 'b' }
  }
}
{
  msg: 'LetRec val type for go',
  valType: Func2 {
    value0: [ [ADT2], [ADT2] ],
    value1: ADT2 {
      value0: 'Data.List.Types.List',
      value1: [Array],
      value2: [Array]
    }
  }
}
{
  msg: 'LetRec val type for go',
  valType: Func2 {
    value0: [ [TypeVar2], [ADT2] ],
    value1: TypeVar2 { value0: 'b' }
  }
}
{
  msg: 'LetRec val type for go',
  valType: Func2 {
    value0: [ [ADT2], [ADT2] ],
    value1: ADT2 {
      value0: 'Data.List.Types.List',
      value1: [Array],
      value2: [Array]
    }
  }
}
{
  msg: 'LetRec val type for go',
  valType: Func2 {
    value0: [ [TypeVar2], [ADT2] ],
    value1: TypeVar2 { value0: 'b' }
  }
}
{
  msg: 'LetRec val type for go',
  valType: Func2 {
    value0: [ [ADT2], [ADT2] ],
    value1: ADT2 {
      value0: 'Data.List.Types.List',
      value1: [Array],
      value2: [Array]
    }
  }
}
{
  msg: 'LetRec val type for go',
  valType: Func2 {
    value0: [ [TypeVar2], [ADT2] ],
    value1: TypeVar2 { value0: 'b' }
  }
}
{
  msg: 'LetRec val type for go',
  valType: Func2 {
    value0: [ [ADT2], [ADT2] ],
    value1: ADT2 {
      value0: 'Data.List.Types.List',
      value1: [Array],
      value2: [Array]
    }
  }
}
{
  msg: 'LetRec val type for go',
  valType: Func2 {
    value0: [ [TypeVar2], [ADT2] ],
    value1: TypeVar2 { value0: 'b' }
  }
}
{
  msg: 'LetRec val type for go',
  valType: Func2 {
    value0: [ [TypeVar2], [ADT2] ],
    value1: TypeVar2 { value0: 'b' }
  }
}
{
  msg: 'LetRec val type for up',
  valType: Func2 {
    value0: [ [ADT2], [ADT2] ],
    value1: ADT2 {
      value0: 'Data.List.Internal.Set',
      value1: [Array],
      value2: [Array]
    }
  }
}
{
  msg: 'LetRec val type for down',
  valType: Func2 {
    value0: [ [ADT2], [ADT2] ],
    value1: Record2 { value0: [Row2] }
  }
}
{
  msg: 'LetRec val type for go',
  valType: Func2 {
    value0: [ [TypeVar2], [ADT2] ],
    value1: TypeVar2 { value0: 'b' }
  }
}
{
  msg: 'LetRec val type for go',
  valType: Func2 {
    value0: [ [ADT2], [ADT2] ],
    value1: ADT2 {
      value0: 'Data.List.Types.List',
      value1: [Array],
      value2: [Array]
    }
  }
}
{
  msg: 'LetRec val type for go',
  valType: Func2 { value0: [ [ADT2] ], value1: TypeVar2 { value0: 'b' } }
}
{
  msg: 'LetRec val type for go',
  valType: Func2 {
    value0: [ [TypeVar2], [ADT2] ],
    value1: TypeVar2 { value0: 'b' }
  }
}
{
  msg: 'LetRec val type for go',
  valType: Func2 {
    value0: [ [ADT2], [ADT2] ],
    value1: ADT2 {
      value0: 'Data.List.Types.List',
      value1: [Array],
      value2: [Array]
    }
  }
}
{
  msg: 'LetRec val type for merge',
  valType: Func2 {
    value0: [ [ADT2], [ADT2] ],
    value1: ADT2 {
      value0: 'Data.List.Types.List',
      value1: [Array],
      value2: [Array]
    }
  }
}
{
  msg: 'LetRec val type for mergePairs',
  valType: Func2 {
    value0: [ [ADT2] ],
    value1: ADT2 {
      value0: 'Data.List.Types.List',
      value1: [Array],
      value2: [Array]
    }
  }
}
{
  msg: 'LetRec val type for mergeAll',
  valType: Func2 {
    value0: [ [ADT2] ],
    value1: ADT2 {
      value0: 'Data.List.Types.List',
      value1: [Array],
      value2: [Array]
    }
  }
}
{
  msg: 'LetRec val type for sequences',
  valType: Func2 {
    value0: [ [ADT2] ],
    value1: ADT2 {
      value0: 'Data.List.Types.List',
      value1: [Array],
      value2: [Array]
    }
  }
}
{
  msg: 'LetRec val type for descending',
  valType: Func2 {
    value0: [ [TypeVar2], [ADT2], [ADT2] ],
    value1: ADT2 {
      value0: 'Data.List.Types.List',
      value1: [Array],
      value2: [Array]
    }
  }
}
{
  msg: 'LetRec val type for ascending',
  valType: Func2 {
    value0: [ [TypeVar2], [Func2], [ADT2] ],
    value1: ADT2 {
      value0: 'Data.List.Types.List',
      value1: [Array],
      value2: [Array]
    }
  }
}
{
  msg: 'LetRec val type for go',
  valType: Func2 {
    value0: [ [ADT2], [ADT2] ],
    value1: ADT2 {
      value0: 'Data.List.Types.List',
      value1: [Array],
      value2: [Array]
    }
  }
}
{
  msg: 'LetRec val type for go',
  valType: Func2 {
    value0: [ [ADT2], Int2 {}, [ADT2] ],
    value1: ADT2 {
      value0: 'Data.List.Types.List',
      value1: [Array],
      value2: [Array]
    }
  }
}
{
  msg: 'LetRec val type for go',
  valType: Func2 {
    value0: [ [ADT2], [ADT2] ],
    value1: ADT2 {
      value0: 'Data.List.Types.List',
      value1: [Array],
      value2: [Array]
    }
  }
}
{
  msg: 'LetRec val type for go',
  valType: Func2 {
    value0: [ [ADT2], [ADT2] ],
    value1: ADT2 {
      value0: 'Data.List.Types.List',
      value1: [Array],
      value2: [Array]
    }
  }
}
{
  msg: 'LetRec val type for go',
  valType: Func2 {
    value0: [ [ADT2], [ADT2] ],
    value1: ADT2 {
      value0: 'Data.List.Types.List',
      value1: [Array],
      value2: [Array]
    }
  }
}
{
  msg: 'LetRec val type for go',
  valType: Func2 {
    value0: [ [ADT2], [ADT2] ],
    value1: ADT2 {
      value0: 'Data.List.Types.List',
      value1: [Array],
      value2: [Array]
    }
  }
}
{
  msg: 'LetRec val type for go',
  valType: Func2 {
    value0: [ [ADT2], [ADT2] ],
    value1: ADT2 {
      value0: 'Data.Maybe.Maybe',
      value1: [Array],
      value2: [Array]
    }
  }
}
{
  msg: 'LetRec val type for go',
  valType: Func2 {
    value0: [ [ADT2], [ADT2] ],
    value1: ADT2 {
      value0: 'Data.List.Types.List',
      value1: [Array],
      value2: [Array]
    }
  }
}
{
  msg: 'LetRec val type for go',
  valType: Func2 {
    value0: [ [ADT2], [ADT2], [ADT2] ],
    value1: ADT2 {
      value0: 'Data.List.Types.List',
      value1: [Array],
      value2: [Array]
    }
  }
}
{
  msg: 'LetRec val type for go',
  valType: Func2 {
    value0: [ [ADT2], [ADT2] ],
    value1: ADT2 {
      value0: 'Data.List.Types.List',
      value1: [Array],
      value2: [Array]
    }
  }
}
{
  msg: 'LetRec val type for go',
  valType: Func2 {
    value0: [ [ADT2], [ADT2], [ADT2] ],
    value1: ADT2 {
      value0: 'Data.List.Types.List',
      value1: [Array],
      value2: [Array]
    }
  }
}
{
  msg: 'LetRec val type for go',
  valType: Func2 {
    value0: [ [ADT2], [ADT2] ],
    value1: ADT2 {
      value0: 'Data.List.Types.List',
      value1: [Array],
      value2: [Array]
    }
  }
}
{
  msg: 'LetRec val type for go',
  valType: Func2 {
    value0: [ [ADT2], [ADT2], [ADT2] ],
    value1: ADT2 {
      value0: 'Data.List.Types.List',
      value1: [Array],
      value2: [Array]
    }
  }
}
{
  msg: 'LetRec val type for go',
  valType: Func2 {
    value0: [ [ADT2], [ADT2] ],
    value1: ADT2 {
      value0: 'Data.List.Types.List',
      value1: [Array],
      value2: [Array]
    }
  }
}
{
  msg: 'LetRec val type for go',
  valType: Func2 {
    value0: [ Int2 {}, Int2 {}, Int2 {}, [ADT2] ],
    value1: ADT2 {
      value0: 'Data.List.Types.List',
      value1: [Array],
      value2: [Array]
    }
  }
}
{
  msg: 'LetRec val type for go',
  valType: Func2 {
    value0: [ [TypeVar2], [ADT2] ],
    value1: TypeVar2 { value0: 'b' }
  }
}
{
  msg: 'LetRec val type for go',
  valType: Func2 {
    value0: [ [ADT2], [ADT2] ],
    value1: ADT2 {
      value0: 'Data.List.Types.List',
      value1: [Array],
      value2: [Array]
    }
  }
}
{
  msg: 'LetRec val type for go',
  valType: Func2 {
    value0: [ [ADT2], [ADT2], [ADT2] ],
    value1: ADT2 {
      value0: 'Data.List.Types.List',
      value1: [Array],
      value2: [Array]
    }
  }
}
{
  msg: 'LetRec val type for go',
  valType: Func2 {
    value0: [ [ADT2], [ADT2] ],
    value1: ADT2 {
      value0: 'Data.List.Types.List',
      value1: [Array],
      value2: [Array]
    }
  }
}
{
  msg: 'LetRec val type for go',
  valType: Func2 {
    value0: [ [ADT2], [ADT2] ],
    value1: ADT2 {
      value0: 'Data.List.Types.List',
      value1: [Array],
      value2: [Array]
    }
  }
}
{
  msg: 'LetRec val type for go',
  valType: Func2 {
    value0: [ [ADT2], [ADT2] ],
    value1: ADT2 {
      value0: 'Data.List.Types.List',
      value1: [Array],
      value2: [Array]
    }
  }
}
{
  msg: 'LetRec val type for go',
  valType: Func2 {
    value0: [ [ADT2], [ADT2] ],
    value1: ADT2 {
      value0: 'Data.List.Types.List',
      value1: [Array],
      value2: [Array]
    }
  }
}
{
  msg: 'LetRec val type for go',
  valType: Func2 {
    value0: [ [TypeVar2], [ADT2] ],
    value1: TypeVar2 { value0: 'b' }
  }
}
{
  msg: 'LetRec val type for go',
  valType: Func2 {
    value0: [ [ADT2], [ADT2] ],
    value1: ADT2 {
      value0: 'Data.List.Types.List',
      value1: [Array],
      value2: [Array]
    }
  }
}
{
  msg: 'LetRec val type for go',
  valType: Func2 {
    value0: [ [ADT2], [ADT2] ],
    value1: ADT2 {
      value0: 'Data.List.Types.List',
      value1: [Array],
      value2: [Array]
    }
  }
}
{
  msg: 'LetRec val type for go',
  valType: Func2 {
    value0: [ [ADT2], [ADT2] ],
    value1: ADT2 {
      value0: 'Data.List.Types.List',
      value1: [Array],
      value2: [Array]
    }
  }
}
{
  msg: 'LetRec val type for go',
  valType: Func2 {
    value0: [ [ADT2], [ADT2] ],
    value1: ADT2 {
      value0: 'Data.List.Types.List',
      value1: [Array],
      value2: [Array]
    }
  }
}
{
  msg: 'LetRec val type for go',
  valType: Func2 {
    value0: [ Int2 {}, [ADT2] ],
    value1: ADT2 {
      value0: 'Data.Maybe.Maybe',
      value1: [Array],
      value2: [Array]
    }
  }
}
{
  msg: 'LetRec val type for go',
  valType: Func2 {
    value0: [ Int2 {}, [ADT2] ],
    value1: ADT2 {
      value0: 'Data.Maybe.Maybe',
      value1: [Array],
      value2: [Array]
    }
  }
}
{
  msg: 'LetRec val type for go',
  valType: Func2 {
    value0: [ [ADT2], [ADT2] ],
    value1: ADT2 {
      value0: 'Data.List.Types.List',
      value1: [Array],
      value2: [Array]
    }
  }
}
{
  msg: 'LetRec val type for go',
  valType: Func2 {
    value0: [ [TypeVar2], [ADT2] ],
    value1: TypeVar2 { value0: 'b' }
  }
}
{
  msg: 'LetRec val type for go',
  valType: Func2 {
    value0: [ [ADT2], [ADT2] ],
    value1: ADT2 {
      value0: 'Data.List.Types.List',
      value1: [Array],
      value2: [Array]
    }
  }
}
{
  msg: 'LetRec val type for go',
  valType: Func2 {
    value0: [ [ADT2], [ADT2] ],
    value1: ADT2 {
      value0: 'Data.List.Types.List',
      value1: [Array],
      value2: [Array]
    }
  }
}
{
  msg: 'LetRec val type for go',
  valType: Func2 {
    value0: [ [ADT2], [ADT2] ],
    value1: ADT2 {
      value0: 'Data.List.Types.List',
      value1: [Array],
      value2: [Array]
    }
  }
}
{
  msg: 'LetRec val type for go',
  valType: Func2 {
    value0: [ [ADT2], [ADT2] ],
    value1: ADT2 {
      value0: 'Data.List.Types.List',
      value1: [Array],
      value2: [Array]
    }
  }
}
{
  msg: 'LetRec val type for go',
  valType: Func2 {
    value0: [ [TypeVar2], [ADT2] ],
    value1: TypeVar2 { value0: 'b' }
  }
}
{
  msg: 'LetRec val type for go',
  valType: Func2 {
    value0: [ [ADT2], [ADT2] ],
    value1: ADT2 {
      value0: 'Data.List.Types.List',
      value1: [Array],
      value2: [Array]
    }
  }
}
{
  msg: 'LetRec val type for go',
  valType: Func2 {
    value0: [ [ADT2], [ADT2] ],
    value1: ADT2 {
      value0: 'Data.List.Types.List',
      value1: [Array],
      value2: [Array]
    }
  }
}
{
  msg: 'LetRec val type for go',
  valType: Func2 {
    value0: [ [ADT2], [ADT2], $$Boolean2 {} ],
    value1: $$Boolean2 {}
  }
}
{
  msg: 'LetRec val type for go',
  valType: Func2 {
    value0: [ [ADT2], [ADT2], $$Boolean2 {} ],
    value1: $$Boolean2 {}
  }
}
{
  msg: 'LetRec val type for go',
  valType: Func2 {
    value0: [ Int2 {}, [ADT2] ],
    value1: ADT2 {
      value0: 'Data.Maybe.Maybe',
      value1: [Array],
      value2: [Array]
    }
  }
}
{
  msg: 'LetRec val type for go',
  valType: Func2 {
    value0: [ [ADT2] ],
    value1: ADT2 {
      value0: 'Data.List.Types.List',
      value1: [Array],
      value2: [Array]
    }
  }
}
{
  msg: 'LetRec val type for go',
  valType: Func2 {
    value0: [ [TypeVar2], [ADT2] ],
    value1: TypeVar2 { value0: 'b' }
  }
}
{
  msg: 'LetRec val type for go',
  valType: Func2 {
    value0: [ [TypeVar2], [ADT2] ],
    value1: TypeVar2 { value0: 'b' }
  }
}
{
  msg: 'LetRec val type for go',
  valType: Func2 {
    value0: [ [TypeVar2], [ADT2] ],
    value1: TypeVar2 { value0: 'b' }
  }
}
{
  msg: 'LetRec val type for go',
  valType: Func2 {
    value0: [ [ADT2], [ADT2] ],
    value1: ADT2 {
      value0: 'Data.List.Types.List',
      value1: [Array],
      value2: [Array]
    }
  }
}
{
  msg: 'LetRec val type for go',
  valType: Func2 {
    value0: [ [TypeVar2], [ADT2] ],
    value1: TypeVar2 { value0: 'b' }
  }
}
{
  msg: 'LetRec val type for go',
  valType: Func2 {
    value0: [ [TypeVar2], [ADT2] ],
    value1: TypeVar2 { value0: 'b' }
  }
}
{
  msg: 'LetRec val type for go',
  valType: Func2 {
    value0: [ [ADT2], [ADT2] ],
    value1: ADT2 {
      value0: 'Data.List.Types.List',
      value1: [Array],
      value2: [Array]
    }
  }
}
{
  msg: 'LetRec val type for go',
  valType: Func2 {
    value0: [ [ADT2], [ADT2] ],
    value1: ADT2 {
      value0: 'Data.List.Types.List',
      value1: [Array],
      value2: [Array]
    }
  }
}
{
  msg: 'LetRec val type for go',
  valType: Func2 { value0: [ [ADT2] ], value1: TypeVar2 { value0: 'r' } }
}
{
  msg: 'LetRec val type for go',
  valType: Func2 {
    value0: [ [ADT2] ],
    value1: ADT2 {
      value0: 'Data.Map.Internal.Map',
      value1: [Array],
      value2: [Array]
    }
  }
}
{
  msg: 'LetRec val type for go',
  valType: Func2 { value0: [ $$String2 {}, [ADT2] ], value1: $$String2 {} }
}
{
  msg: 'LetRec val type for go',
  valType: Func2 { value0: [ [ADT2] ], value1: $$Boolean2 {} }
}
{
  msg: 'LetRec val type for go',
  valType: Func2 {
    value0: [ [ADT2] ],
    value1: ADT2 {
      value0: 'Data.Map.Internal.Map',
      value1: [Array],
      value2: [Array]
    }
  }
}
{
  msg: 'LetRec val type for go',
  valType: Func2 {
    value0: [ [ADT2] ],
    value1: ADT2 {
      value0: 'Data.Maybe.Maybe',
      value1: [Array],
      value2: [Array]
    }
  }
}
{
  msg: 'LetRec val type for go',
  valType: Func2 {
    value0: [ [ADT2] ],
    value1: ADT2 {
      value0: 'Data.Maybe.Maybe',
      value1: [Array],
      value2: [Array]
    }
  }
}
{
  msg: 'LetRec val type for go',
  valType: Func2 {
    value0: [ [ADT2] ],
    value1: ADT2 {
      value0: 'Data.Maybe.Maybe',
      value1: [Array],
      value2: [Array]
    }
  }
}
{
  msg: 'LetRec val type for go',
  valType: Func2 {
    value0: [ [ADT2], [ADT2] ],
    value1: ADT2 {
      value0: 'Data.Map.Internal.MapIter',
      value1: [Array],
      value2: [Array]
    }
  }
}
{
  msg: 'LetRec val type for go',
  valType: Func2 {
    value0: [ [ADT2], [ADT2] ],
    value1: ADT2 {
      value0: 'Data.Map.Internal.MapIter',
      value1: [Array],
      value2: [Array]
    }
  }
}
{
  msg: 'LetRec val type for go',
  valType: Func2 { value0: [ [ADT2], [ADT2] ], value1: $$Boolean2 {} }
}
{
  msg: 'LetRec val type for go',
  valType: Func2 {
    value0: [ [ADT2], [ADT2] ],
    value1: ADT2 {
      value0: 'Data.Ordering.Ordering',
      value1: [Array],
      value2: []
    }
  }
}
{
  msg: 'LetRec val type for go',
  valType: Func2 { value0: [ [ADT2], [ADT2] ], value1: $$Boolean2 {} }
}
{
  msg: 'LetRec val type for go',
  valType: Func2 {
    value0: [ [ADT2] ],
    value1: ADT2 {
      value0: 'Data.Maybe.Maybe',
      value1: [Array],
      value2: [Array]
    }
  }
}
{
  msg: 'LetRec val type for go',
  valType: Func2 {
    value0: [ [ADT2] ],
    value1: ADT2 {
      value0: 'Data.Map.Internal.Map',
      value1: [Array],
      value2: [Array]
    }
  }
}
{
  msg: 'LetRec val type for go',
  valType: Func2 {
    value0: [ [ADT2] ],
    value1: ADT2 {
      value0: 'Data.Map.Internal.Map',
      value1: [Array],
      value2: [Array]
    }
  }
}
{
  msg: 'LetRec val type for go',
  valType: Func2 {
    value0: [ [ADT2] ],
    value1: ADT2 {
      value0: 'Data.Map.Internal.Map',
      value1: [Array],
      value2: [Array]
    }
  }
}
{
  msg: 'LetRec val type for go',
  valType: Func2 {
    value0: [ [ADT2] ],
    value1: ADT2 {
      value0: 'Data.Map.Internal.Map',
      value1: [Array],
      value2: [Array]
    }
  }
}
{
  msg: 'LetRec val type for go',
  valType: Func2 { value0: [ [ADT2] ], value1: TypeVar2 { value0: 'm' } }
}
{
  msg: 'LetRec val type for go',
  valType: ADT2 {
    value0: 'Data.Function.Uncurried.Fn2',
    value1: [ 'Data', 'Function', 'Uncurried', 'Fn2' ],
    value2: [ [TypeVar2], [ADT2], [TypeVar2] ]
  }
}
{
  msg: 'LetRec val type for go',
  valType: ADT2 {
    value0: 'Data.Function.Uncurried.Fn2',
    value1: [ 'Data', 'Function', 'Uncurried', 'Fn2' ],
    value2: [ [ADT2], [TypeVar2], [TypeVar2] ]
  }
}
{
  msg: 'LetRec val type for go',
  valType: Func2 { value0: [ [ADT2] ], value1: TypeVar2 { value0: 'm' } }
}
{
  msg: 'LetRec val type for go',
  valType: ADT2 {
    value0: 'Data.Function.Uncurried.Fn2',
    value1: [ 'Data', 'Function', 'Uncurried', 'Fn2' ],
    value2: [ [TypeVar2], [ADT2], [TypeVar2] ]
  }
}
{
  msg: 'LetRec val type for go',
  valType: ADT2 {
    value0: 'Data.Function.Uncurried.Fn2',
    value1: [ 'Data', 'Function', 'Uncurried', 'Fn2' ],
    value2: [ [ADT2], [TypeVar2], [TypeVar2] ]
  }
}
{
  msg: 'LetRec val type for go',
  valType: ADT2 {
    value0: 'Data.Function.Uncurried.Fn2',
    value1: [ 'Data', 'Function', 'Uncurried', 'Fn2' ],
    value2: [ [ADT2], [TypeVar2], [TypeVar2] ]
  }
}
{
  msg: 'LetRec val type for go',
  valType: Func2 {
    value0: [ [ADT2] ],
    value1: TypeApp3 { value0: [TypeVar2], value1: [Array] }
  }
}
{
  msg: 'LetRec val type for go',
  valType: Func2 {
    value0: [ [ADT2] ],
    value1: TypeApp3 { value0: [TypeVar2], value1: [Array] }
  }
}
{
  msg: 'LetRec val type for go',
  valType: ADT2 {
    value0: 'Data.Function.Uncurried.Fn2',
    value1: [ 'Data', 'Function', 'Uncurried', 'Fn2' ],
    value2: [ [ADT2], [TypeVar2], [TypeVar2] ]
  }
}
{
  msg: 'LetRec val type for go',
  valType: Func2 { value0: [ [ADT2] ], value1: TypeVar2 { value0: 'm' } }
}
{
  msg: 'LetRec val type for go',
  valType: Func2 {
    value0: [ [ADT2] ],
    value1: ADT2 {
      value0: 'Data.Maybe.Maybe',
      value1: [Array],
      value2: [Array]
    }
  }
}
{
  msg: 'LetRec val type for go',
  valType: Func2 {
    value0: [ [ADT2] ],
    value1: ADT2 {
      value0: 'Data.Maybe.Maybe',
      value1: [Array],
      value2: [Array]
    }
  }
}
{
  msg: 'LetRec val type for go',
  valType: Func2 {
    value0: [ [ADT2] ],
    value1: ADT2 {
      value0: 'Data.Map.Internal.Map',
      value1: [Array],
      value2: [Array]
    }
  }
}
{
  msg: 'LetRec val type for go',
  valType: Func2 {
    value0: [ [ADT2] ],
    value1: ADT2 {
      value0: 'Data.Map.Internal.Map',
      value1: [Array],
      value2: [Array]
    }
  }
}
{
  msg: 'LetRec val type for go',
  valType: Func2 {
    value0: [ [ADT2] ],
    value1: ADT2 {
      value0: 'Data.Map.Internal.Map',
      value1: [Array],
      value2: [Array]
    }
  }
}
{
  msg: 'LetRec val type for go',
  valType: Func2 { value0: [ [ADT2] ], value1: $$Boolean2 {} }
}
{
  msg: 'LetRec val type for go',
  valType: Func2 {
    value0: [ [ADT2] ],
    value1: ADT2 {
      value0: 'Data.Maybe.Maybe',
      value1: [Array],
      value2: [Array]
    }
  }
}
{
  msg: 'LetRec val type for go',
  valType: Func2 { value0: [ [ADT2] ], value1: $$Boolean2 {} }
}
{
  msg: 'LetRec val type for go',
  valType: Func2 { value0: [ [ADT2] ], value1: $$Boolean2 {} }
}
{
  msg: 'LetRec val type for go',
  valType: ADT2 {
    value0: 'Data.Function.Uncurried.Fn2',
    value1: [ 'Data', 'Function', 'Uncurried', 'Fn2' ],
    value2: [ [ADT2], [TypeVar2], [TypeVar2] ]
  }
}
{
  msg: 'LetRec val type for go',
  valType: ADT2 {
    value0: 'Data.Function.Uncurried.Fn2',
    value1: [ 'Data', 'Function', 'Uncurried', 'Fn2' ],
    value2: [ [ADT2], [TypeVar2], [TypeVar2] ]
  }
}
{
  msg: 'LetRec val type for go',
  valType: ADT2 {
    value0: 'Data.Function.Uncurried.Fn2',
    value1: [ 'Data', 'Function', 'Uncurried', 'Fn2' ],
    value2: [ [ADT2], [TypeVar2], [TypeVar2] ]
  }
}
{
  msg: 'LetRec val type for go',
  valType: Func2 { value0: [ [ADT2] ], value1: $$Boolean2 {} }
}
{
  msg: 'LetRec val type for go',
  valType: Func2 {
    value0: [ [TypeVar2], [ADT2] ],
    value1: TypeVar2 { value0: 'b' }
  }
}
{
  msg: 'LetRec val type for go',
  valType: ADT2 {
    value0: 'Data.Function.Uncurried.Fn2',
    value1: [ 'Data', 'Function', 'Uncurried', 'Fn2' ],
    value2: [ [ADT2], [TypeVar2], [TypeVar2] ]
  }
}
{
  msg: 'LetRec val type for go',
  valType: Func2 {
    value0: [ [TypeVar2], [ADT2] ],
    value1: TypeVar2 { value0: 'b' }
  }
}
{
  msg: 'LetRec val type for go',
  valType: ADT2 {
    value0: 'Data.Function.Uncurried.Fn2',
    value1: [ 'Data', 'Function', 'Uncurried', 'Fn2' ],
    value2: [ [ADT2], [TypeVar2], [TypeVar2] ]
  }
}
{
  msg: 'LetRec val type for go',
  valType: Func2 {
    value0: [ [TypeVar2], [ADT2] ],
    value1: TypeVar2 { value0: 'b' }
  }
}
{
  msg: 'LetRec val type for go',
  valType: Func2 {
    value0: [ [ADT2], [ADT2] ],
    value1: ADT2 {
      value0: 'Data.List.Types.List',
      value1: [Array],
      value2: [Array]
    }
  }
}
{
  msg: 'LetRec val type for go',
  valType: ADT2 {
    value0: 'Data.Function.Uncurried.Fn2',
    value1: [ 'Data', 'Function', 'Uncurried', 'Fn2' ],
    value2: [ [ADT2], [TypeVar2], [TypeVar2] ]
  }
}
{
  msg: 'LetRec val type for go',
  valType: ADT2 {
    value0: 'Data.Function.Uncurried.Fn2',
    value1: [ 'Data', 'Function', 'Uncurried', 'Fn2' ],
    value2: [ [ADT2], [TypeVar2], [TypeVar2] ]
  }
}
{
  msg: 'LetRec val type for go',
  valType: ADT2 {
    value0: 'Data.Function.Uncurried.Fn2',
    value1: [ 'Data', 'Function', 'Uncurried', 'Fn2' ],
    value2: [ [ADT2], [TypeVar2], [TypeVar2] ]
  }
}
{
  msg: 'LetRec val type for go',
  valType: Func2 {
    value0: [ [TypeVar2], [ADT2] ],
    value1: TypeVar2 { value0: 'b' }
  }
}
{
  msg: 'LetRec val type for go',
  valType: ADT2 {
    value0: 'Data.Function.Uncurried.Fn2',
    value1: [ 'Data', 'Function', 'Uncurried', 'Fn2' ],
    value2: [ [ADT2], [TypeVar2], [TypeVar2] ]
  }
}
{
  msg: 'LetRec val type for go',
  valType: Func2 {
    value0: [ [ADT2] ],
    value1: ADT2 {
      value0: 'Data.Map.Internal.Map',
      value1: [Array],
      value2: [Array]
    }
  }
}
{
  msg: 'LetRec val type for go',
  valType: Func2 {
    value0: [ [ADT2], [ADT2], [ADT2] ],
    value1: ADT2 {
      value0: 'Data.List.Types.List',
      value1: [Array],
      value2: [Array]
    }
  }
}
{
  msg: 'LetRec val type for go',
  valType: Func2 {
    value0: [ [ADT2], [ADT2] ],
    value1: ADT2 {
      value0: 'Data.List.Types.List',
      value1: [Array],
      value2: [Array]
    }
  }
}
{
  msg: 'LetRec val type for go',
  valType: Func2 {
    value0: [ [TypeVar2], [ADT2] ],
    value1: TypeVar2 { value0: 'b' }
  }
}
{
  msg: 'LetRec val type for go',
  valType: Func2 {
    value0: [ [ADT2], [ADT2] ],
    value1: ADT2 {
      value0: 'Data.List.Types.List',
      value1: [Array],
      value2: [Array]
    }
  }
}
{
  msg: 'LetRec val type for go',
  valType: Func2 {
    value0: [ [TypeVar2], [ADT2] ],
    value1: TypeVar2 { value0: 'b' }
  }
}
{
  msg: 'LetRec val type for go',
  valType: Func2 {
    value0: [ [ADT2], [ADT2] ],
    value1: ADT2 {
      value0: 'Data.List.Types.List',
      value1: [Array],
      value2: [Array]
    }
  }
}
{
  msg: 'LetRec val type for go',
  valType: Func2 {
    value0: [ [ADT2], [ADT2] ],
    value1: ADT2 {
      value0: 'Data.List.Types.List',
      value1: [Array],
      value2: [Array]
    }
  }
}
{
  msg: 'LetRec val type for go',
  valType: Func2 {
    value0: [ [ADT2], [ADT2] ],
    value1: ADT2 {
      value0: 'Data.List.Types.List',
      value1: [Array],
      value2: [Array]
    }
  }
}
{
  msg: 'LetRec val type for go',
  valType: Func2 {
    value0: [ [ADT2], [ADT2] ],
    value1: ADT2 {
      value0: 'Data.List.Types.List',
      value1: [Array],
      value2: [Array]
    }
  }
}
{
  msg: 'LetRec val type for go',
  valType: Func2 {
    value0: [ [ADT2], [ADT2] ],
    value1: ADT2 {
      value0: 'Data.List.Types.List',
      value1: [Array],
      value2: [Array]
    }
  }
}
{
  msg: 'LetRec val type for go',
  valType: Func2 {
    value0: [ [TypeVar2], [ADT2] ],
    value1: TypeVar2 { value0: 'b' }
  }
}
{
  msg: 'LetRec val type for go',
  valType: Func2 {
    value0: [ Int2 {}, [ADT2] ],
    value1: ADT2 {
      value0: 'Data.Maybe.Maybe',
      value1: [Array],
      value2: [Array]
    }
  }
}
{
  msg: 'LetRec val type for go',
  valType: Func2 {
    value0: [ [ADT2], [ADT2] ],
    value1: ADT2 {
      value0: 'Data.List.Types.List',
      value1: [Array],
      value2: [Array]
    }
  }
}
{
  msg: 'LetRec val type for go',
  valType: Func2 {
    value0: [ [ADT2], [ADT2] ],
    value1: ADT2 {
      value0: 'Data.List.Types.List',
      value1: [Array],
      value2: [Array]
    }
  }
}
{
  msg: 'LetRec val type for go',
  valType: Func2 {
    value0: [ Int2 {}, [ADT2] ],
    value1: ADT2 {
      value0: 'Data.Maybe.Maybe',
      value1: [Array],
      value2: [Array]
    }
  }
}
{
  msg: 'LetRec val type for go',
  valType: Func2 {
    value0: [ [ADT2] ],
    value1: ADT2 {
      value0: 'Data.List.Types.List',
      value1: [Array],
      value2: [Array]
    }
  }
}
{
  msg: 'LetRec val type for go',
  valType: Func2 {
    value0: [ [ADT2], [ADT2] ],
    value1: ADT2 {
      value0: 'Data.List.Types.List',
      value1: [Array],
      value2: [Array]
    }
  }
}
{
  msg: 'LetRec val type for go',
  valType: Func2 {
    value0: [ [ADT2], [ADT2] ],
    value1: ADT2 {
      value0: 'Data.List.Types.List',
      value1: [Array],
      value2: [Array]
    }
  }
}
{
  msg: 'LetRec val type for go',
  valType: Func2 {
    value0: [ [TypeVar2], [ADT2] ],
    value1: TypeVar2 { value0: 'b' }
  }
}
{
  msg: 'LetRec val type for go',
  valType: Func2 {
    value0: [ [ADT2], [ADT2] ],
    value1: ADT2 {
      value0: 'Data.List.Types.List',
      value1: [Array],
      value2: [Array]
    }
  }
}
{
  msg: 'LetRec val type for go',
  valType: Func2 {
    value0: [ [TypeVar2], [ADT2] ],
    value1: TypeVar2 { value0: 'b' }
  }
}
{
  msg: 'LetRec val type for go',
  valType: Func2 {
    value0: [ [TypeVar2], [ADT2] ],
    value1: TypeVar2 { value0: 'b' }
  }
}
{
  msg: 'LetRec val type for go',
  valType: Func2 {
    value0: [ [ADT2], [ADT2] ],
    value1: ADT2 {
      value0: 'Data.List.Types.List',
      value1: [Array],
      value2: [Array]
    }
  }
}
{
  msg: 'LetRec val type for go',
  valType: Func2 {
    value0: [ [TypeVar2], [ADT2] ],
    value1: TypeVar2 { value0: 'b' }
  }
}
{
  msg: 'LetRec val type for go',
  valType: Func2 {
    value0: [ [ADT2], [ADT2] ],
    value1: ADT2 {
      value0: 'Data.List.Types.List',
      value1: [Array],
      value2: [Array]
    }
  }
}
{
  msg: 'LetRec val type for go',
  valType: Func2 {
    value0: [ [ADT2] ],
    value1: ADT2 {
      value0: 'Data.Maybe.Maybe',
      value1: [Array],
      value2: [Array]
    }
  }
}
{
  msg: 'LetRec val type for go',
  valType: Func2 {
    value0: [ [TypeVar2], [ADT2] ],
    value1: TypeVar2 { value0: 'b' }
  }
}
{
  msg: 'LetRec val type for go',
  valType: Func2 {
    value0: [ [TypeVar2], [ADT2] ],
    value1: TypeVar2 { value0: 'b' }
  }
}
{
  msg: 'LetRec val type for go',
  valType: Func2 {
    value0: [ [ADT2], [ADT2] ],
    value1: ADT2 {
      value0: 'Data.List.Types.List',
      value1: [Array],
      value2: [Array]
    }
  }
}
{
  msg: 'LetRec val type for go',
  valType: Func2 {
    value0: [ [TypeVar2], [ADT2] ],
    value1: TypeVar2 { value0: 'b' }
  }
}
{
  msg: 'LetRec val type for go',
  valType: Func2 {
    value0: [ [ADT2], [ADT2] ],
    value1: ADT2 {
      value0: 'Data.List.Types.List',
      value1: [Array],
      value2: [Array]
    }
  }
}
{
  msg: 'LetRec val type for go',
  valType: Func2 {
    value0: [ [ADT2], [ADT2] ],
    value1: ADT2 {
      value0: 'Data.List.Types.List',
      value1: [Array],
      value2: [Array]
    }
  }
}
{
  msg: 'LetRec val type for go',
  valType: Func2 {
    value0: [ [TypeVar2], [ADT2] ],
    value1: ADT2 {
      value0: 'Data.List.Types.List',
      value1: [Array],
      value2: [Array]
    }
  }
}
{
  msg: 'LetRec val type for go',
  valType: Func2 {
    value0: [ [TypeVar2], [ADT2] ],
    value1: TypeVar2 { value0: 'b' }
  }
}
{
  msg: 'LetRec val type for go',
  valType: Func2 { value0: [ [ADT2], [ADT2] ], value1: $$Boolean2 {} }
}
{
  msg: 'LetRec val type for go',
  valType: Func2 {
    value0: [ [ADT2], [ADT2] ],
    value1: ADT2 {
      value0: 'Data.Ordering.Ordering',
      value1: [Array],
      value2: []
    }
  }
}
{
  msg: 'LetRec val type for go',
  valType: Func2 {
    value0: [ [TypeVar2], [ADT2] ],
    value1: TypeVar2 { value0: 'b' }
  }
}
{
  msg: 'LetRec val type for go',
  valType: Func2 {
    value0: [ [Func2], [TypeVar2] ],
    value1: ADT2 { value0: 'Data.Lazy.Lazy', value1: [Array], value2: [Array] }
  }
}
{
  msg: 'LetRec val type for go',
  valType: Func2 {
    value0: [ [Func2], [TypeVar2] ],
    value1: ADT2 { value0: 'Data.Lazy.Lazy', value1: [Array], value2: [Array] }
  }
}
{
  msg: 'LetRec val type for go',
  valType: Func2 { value0: [ [ADT2] ], value1: TypeVar2 { value0: 'b' } }
}
{ msg: 'LetRec val type for go', valType: TypeVar2 { value0: 'l' } }
{
  msg: 'LetRec val type for goStep',
  valType: Func2 {
    value0: [ [ADT2], [ADT2] ],
    value1: ADT2 {
      value0: 'Data.List.Lazy.Types.Step',
      value1: [Array],
      value2: [Array]
    }
  }
}
{
  msg: 'LetRec val type for go',
  valType: Func2 {
    value0: [ [ADT2], [ADT2] ],
    value1: ADT2 { value0: 'Data.Lazy.Lazy', value1: [Array], value2: [Array] }
  }
}
{
  msg: 'LetRec val type for go',
  valType: Func2 {
    value0: [ [ADT2] ],
    value1: ADT2 {
      value0: 'Data.List.Lazy.Types.Step',
      value1: [Array],
      value2: [Array]
    }
  }
}
{
  msg: 'LetRec val type for go',
  valType: Func2 {
    value0: [ [ADT2] ],
    value1: ADT2 {
      value0: 'Data.Maybe.Maybe',
      value1: [Array],
      value2: [Array]
    }
  }
}
{ msg: 'LetRec val type for go', valType: TypeVar2 { value0: 'l' } }
{
  msg: 'LetRec val type for go',
  valType: Func2 {
    value0: [ [ADT2] ],
    value1: ADT2 {
      value0: 'Data.Maybe.Maybe',
      value1: [Array],
      value2: [Array]
    }
  }
}
{
  msg: 'LetRec val type for go',
  valType: Func2 {
    value0: [ [ADT2], Int2 {} ],
    value1: ADT2 {
      value0: 'Data.Maybe.Maybe',
      value1: [Array],
      value2: [Array]
    }
  }
}
{
  msg: 'LetRec val type for go',
  valType: Func2 { value0: [ [ADT2] ], value1: TypeVar2 { value0: 'b' } }
}
{
  msg: 'LetRec val type for go',
  valType: Func2 {
    value0: [ Int2 {}, [ADT2] ],
    value1: ADT2 {
      value0: 'Data.Maybe.Maybe',
      value1: [Array],
      value2: [Array]
    }
  }
}
{
  msg: 'LetRec val type for go',
  valType: Func2 {
    value0: [ [ADT2] ],
    value1: ADT2 {
      value0: 'Data.List.Lazy.Types.Step',
      value1: [Array],
      value2: [Array]
    }
  }
}
{
  msg: 'LetRec val type for go',
  valType: Func2 {
    value0: [ [ADT2] ],
    value1: ADT2 { value0: 'Data.Lazy.Lazy', value1: [Array], value2: [Array] }
  }
}
{
  msg: 'LetRec val type for go',
  valType: Func2 {
    value0: [ Int2 {}, [ADT2] ],
    value1: ADT2 {
      value0: 'Data.List.Lazy.Types.Step',
      value1: [Array],
      value2: [Array]
    }
  }
}
{ msg: 'LetRec val type for go', valType: TypeVar2 { value0: 'l' } }
{
  msg: 'LetRec val type for go',
  valType: ADT2 {
    value0: 'Data.Function.Uncurried.Fn2',
    value1: [ 'Data', 'Function', 'Uncurried', 'Fn2' ],
    value2: [ [ADT2], [TypeVar2], [TypeVar2] ]
  }
}
{
  msg: 'LetRec val type for go',
  valType: Func2 { value0: [ [ADT2] ], value1: $$Boolean2 {} }
}
{
  msg: 'LetRec val type for go',
  valType: Func2 {
    value0: [ [TypeVar2] ],
    value1: ADT2 { value0: 'Effect.Aff.Aff', value1: [Array], value2: [Array] }
  }
}
=== Go ===
Global warm-up in progress (this may take a moment)...

Global warm-up complete. Starting benchmarks...

--------------------------------------------------

(Test)

AST Evaluation:

(Output & Warm-up)

7

(Execution time - best of 10)

0.00 μs

--------------------------------------------------

(Test)

Fibonacci:

(Output & Warm-up)

55

(Execution time - best of 10)

0.00 μs

--------------------------------------------------

(Test)

List Processing (900 elements):

(Output & Warm-up)

202950

(Execution time - best of 10)

18.00 μs

--------------------------------------------------

(Test)

Tail Call Optimization (100k calls):

(Output & Warm-up)

100000

(Execution time - best of 10)

41.75 μs

--------------------------------------------------

(Test)

Deep Record Updates (10k iterations):

(Output & Warm-up)

20000

(Execution time - best of 10)

742.00 μs

--------------------------------------------------

(Test)

Ackermann (3, 4):

(Output & Warm-up)

125

(Execution time - best of 10)

19.00 μs

--------------------------------------------------

(Test)

Church Numerals (100k Closure Applications):

(Output & Warm-up)

100000

(Execution time - best of 10)

1914.00 μs

--------------------------------------------------

(Test)

Prime Sieve (sum primes up to 500):

(Output & Warm-up)

21536

(Execution time - best of 10)

172.00 μs

--------------------------------------------------

(Test)

Red-Black Tree (100k Worst-Case Insertions):

(Output & Warm-up)

22

(Execution time - best of 10)

24916.00 μs

--------------------------------------------------

(Test)

Polymorphism (10M Type Class Dict Lookups):

(Output & Warm-up)

10000000

(Execution time - best of 10)

2548.00 μs

--------------------------------------------------

(Test)

State Monad (1.2k Binds, 60 Stack Depth):

(Output & Warm-up)

1200

(Execution time - best of 10)

51.00 μs

--------------------------------------------------

(Test)

Lazy Evaluation (1M Thunks Forced, 1k Depth):

(Output & Warm-up)

1000000

(Execution time - best of 10)

19489.00 μs

--------------------------------------------------

(Test)

Array Processing (900 elements):

(Output & Warm-up)

202950

(Execution time - best of 10)

16.00 μs

--------------------------------------------------

(Test)

RowToList (Keys Count):

(Output & Warm-up)

5

(Execution time - best of 10)

0.00 μs


==================================================

Total exec time: 49.93 ms


=== Rebuilding purust backend ===
Reading Spago workspace configuration...

✓ Selecting package to build: purust

Downloading dependencies...
Building...
           Src   Lib   All
Warnings     0     0     0
Errors       0     0     0

✓ Build succeeded.

Reading Spago workspace configuration...

✓ Selecting package to build: purust

Downloading dependencies...
Building...
           Src   Lib   All
Warnings     0     0     0
Errors       0     0     0

✓ Build succeeded.

Bundling...

  bin/purust.js  1.1mb ⚠️

⚡ Done in 38ms

✓ Bundle succeeded.

Building...
Reading Spago workspace configuration...

✓ Selecting package to build: ps-rust-test

Downloading dependencies...
Building...
[  2 of 300] Compiling Type.Equality
[  3 of 300] Compiling Type.Proxy
[  1 of 300] Compiling Unsafe.Coerce
[  4 of 300] Compiling Test.Implicit
[  5 of 300] Compiling Spago.Generated.BuildInfo
[  6 of 300] Compiling Partial
[  7 of 300] Compiling Record.Unsafe
[  8 of 300] Compiling Data.Void
[  9 of 300] Compiling Data.Unit
[ 10 of 300] Compiling Data.Traversable.Accum
[ 11 of 300] Compiling Data.NaturalTransformation
[ 12 of 300] Compiling Data.String.Unsafe
[ 13 of 300] Compiling Data.Int.Bits
[ 14 of 300] Compiling Data.Boolean
[ 15 of 300] Compiling Control.Semigroupoid
[ 16 of 300] Compiling Data.Function.Uncurried
[ 17 of 300] Compiling Safe.Coerce
[ 18 of 300] Compiling Data.Symbol
[ 19 of 300] Compiling Partial.Unsafe
[ 20 of 300] Compiling Control.Lazy
[ 21 of 300] Compiling Data.Exists
[ 22 of 300] Compiling Control.Category
[ 23 of 300] Compiling Data.Semiring
[ 24 of 300] Compiling Data.Semigroup
[ 25 of 300] Compiling Data.HeytingAlgebra
[ 26 of 300] Compiling Data.Show
[ 27 of 300] Compiling Data.Ring
[ 28 of 300] Compiling Data.Generic.Rep
[ 30 of 300] Compiling Data.BooleanAlgebra
[ 29 of 300] Compiling Data.Eq
[ 31 of 300] Compiling Data.CommutativeRing
[ 32 of 300] Compiling Data.Ordering
[ 33 of 300] Compiling Data.EuclideanRing
[ 34 of 300] Compiling Data.Ord
[ 35 of 300] Compiling Data.DivisionRing
[ 36 of 300] Compiling Data.Field
[ 37 of 300] Compiling Data.Monoid
[ 40 of 300] Compiling Data.Bounded
[ 38 of 300] Compiling Data.Reflectable
[ 39 of 300] Compiling Data.Function
[ 41 of 300] Compiling Data.Functor
[ 42 of 300] Compiling Data.Monoid.Generic
[ 43 of 300] Compiling Control.Extend
[ 44 of 300] Compiling Control.Alt
[ 45 of 300] Compiling Control.Apply
[ 46 of 300] Compiling Data.Bounded.Generic
[ 47 of 300] Compiling Control.Plus
[ 48 of 300] Compiling Control.Comonad
[ 49 of 300] Compiling Control.Applicative
[ 51 of 300] Compiling Control.Alternative
[ 50 of 300] Compiling Control.Bind
[ 52 of 300] Compiling Control.Monad
[ 54 of 300] Compiling Control.MonadPlus
[ 53 of 300] Compiling Prelude
[ 55 of 300] Compiling Control.Monad.Gen.Class
[ 57 of 300] Compiling Data.Semigroup.Generic
[ 58 of 300] Compiling Data.Show.Generic
[ 56 of 300] Compiling Data.Eq.Generic
[ 59 of 300] Compiling Effect
[ 61 of 300] Compiling Data.Ord.Generic
[ 60 of 300] Compiling Data.Traversable.Accum.Internal
[ 62 of 300] Compiling Control.Monad.Cont.Class
[ 63 of 300] Compiling Data.Monoid.Disj
[ 64 of 300] Compiling Data.Monoid.Dual
[ 65 of 300] Compiling Data.Monoid.Multiplicative
[ 66 of 300] Compiling Data.Semigroup.Last
[ 68 of 300] Compiling Data.Monoid.Conj
[ 67 of 300] Compiling Control.Monad.Reader.Class
[ 69 of 300] Compiling Data.Ring.Generic
[ 70 of 300] Compiling Data.Number.Format
[ 71 of 300] Compiling Data.Semigroup.First
[ 74 of 300] Compiling Control.Monad.Trans.Class
[ 76 of 300] Compiling Data.Semiring.Generic
[ 77 of 300] Compiling Effect.Uncurried
[ 79 of 300] Compiling Effect.Console
[ 78 of 300] Compiling Effect.Unsafe
[ 73 of 300] Compiling Data.HeytingAlgebra.Generic
[ 80 of 300] Compiling Test.Main
[ 81 of 300] Compiling Effect.Ref
[ 72 of 300] Compiling Data.Monoid.Additive
[ 75 of 300] Compiling Data.Monoid.Endo
[ 82 of 300] Compiling Effect.Class
[ 83 of 300] Compiling Bench
[ 84 of 300] Compiling Effect.Class.Console
[ 85 of 300] Compiling Data.Newtype
[ 86 of 300] Compiling Test.AstTree
[ 87 of 300] Compiling Test.ListOpsFFICheatcode
[ 88 of 300] Compiling Test.LazyEvaluation
[ 89 of 300] Compiling Test.PrimesFFI
[ 91 of 300] Compiling Test.RBTreeFFICheatcode
[ 90 of 300] Compiling Test.RowToListFFICheatcode
[ 92 of 300] Compiling Test.ListOpsFFI
[ 93 of 300] Compiling Test.PrimesFFICheatcode
[ 94 of 300] Compiling Test.AstTreeFFI
[ 95 of 300] Compiling Test.LazyEvaluationFFI
[ 96 of 300] Compiling Test.RBTreeFFI
[ 97 of 300] Compiling Test.RecordsFFICheatcode
[ 98 of 300] Compiling Test.Primes
[100 of 300] Compiling Test.ChurchFFI
[101 of 300] Compiling Test.ListOps
[102 of 300] Compiling Test.FibFFICheatcode
[103 of 300] Compiling Test.Polymorphism
[104 of 300] Compiling Test.TCO
[105 of 300] Compiling Test.RowToListFFI
[106 of 300] Compiling Test.PolymorphismFFI
[ 99 of 300] Compiling Test.Church
[107 of 300] Compiling Test.Records
[108 of 300] Compiling Test.ArrayOpsFFICheatcode
[109 of 300] Compiling Test.FibFFI
[110 of 300] Compiling Test.TCOFFICheatcode
[111 of 300] Compiling Test.RowToList
[112 of 300] Compiling Test.ChurchFFICheatcode
[113 of 300] Compiling Test.RecordsFFI
[114 of 300] Compiling Test.Ackermann
[116 of 300] Compiling Test.AstTreeFFICheatcode
[115 of 300] Compiling Test.AckermannFFI
[117 of 300] Compiling Test.ArrayOpsFFI
[119 of 300] Compiling Test.Fib
[118 of 300] Compiling Test.StateMonad
[120 of 300] Compiling Test.TCOFFI
[121 of 300] Compiling Test.RBTree
[122 of 300] Compiling Test.PolymorphismFFICheatcode
[123 of 300] Compiling Test.StateMonadFFICheatcode
[124 of 300] Compiling Test.LazyEvaluationFFICheatcode
[126 of 300] Compiling Test.StateMonadFFI
[128 of 300] Compiling Data.Monoid.Alternate
[129 of 300] Compiling Data.Ord.Min
[125 of 300] Compiling Test.BenchCheck
[130 of 300] Compiling Data.Functor.App
[127 of 300] Compiling Test.AckermannFFICheatcode
[131 of 300] Compiling Data.Profunctor
[132 of 300] Compiling Data.Time.Duration
[133 of 300] Compiling Data.Ord.Max
[134 of 300] Compiling Data.Ord.Down
[136 of 300] Compiling AppFFICheatcode
[135 of 300] Compiling Data.String.Pattern
[137 of 300] Compiling AppFFI
[138 of 300] Compiling Data.Profunctor.Closed
[139 of 300] Compiling Data.Functor.Invariant
[140 of 300] Compiling Data.Functor.Compose
[141 of 300] Compiling Data.String.Common
[142 of 300] Compiling Data.Identity
[144 of 300] Compiling Data.Profunctor.Join
[143 of 300] Compiling Data.Maybe
[145 of 300] Compiling Data.Tuple
[146 of 300] Compiling Data.Profunctor.Split
[147 of 300] Compiling Data.Const
[148 of 300] Compiling Data.Functor.Contravariant
[149 of 300] Compiling Data.Op
[150 of 300] Compiling Data.Comparison
[151 of 300] Compiling Data.Predicate
[152 of 300] Compiling Data.Equivalence
[153 of 300] Compiling Data.String.CodeUnits
[155 of 300] Compiling Data.Maybe.First
[154 of 300] Compiling Data.Number
[156 of 300] Compiling Data.Maybe.Last
[157 of 300] Compiling Data.Either
[158 of 300] Compiling Data.Int
[159 of 300] Compiling Data.Number.Approximate
[160 of 300] Compiling Data.Divide
[161 of 300] Compiling Data.Distributive
[162 of 300] Compiling Control.Monad.State.Class
[163 of 300] Compiling Data.Profunctor.Costrong
[165 of 300] Compiling Control.Monad.Writer.Class
[164 of 300] Compiling Data.Tuple.Nested
[166 of 300] Compiling Data.Profunctor.Strong
[167 of 300] Compiling Data.Divisible
[168 of 300] Compiling Data.Decide
[170 of 300] Compiling Data.Profunctor.Cochoice
[171 of 300] Compiling Data.Either.Inject
[169 of 300] Compiling Data.Either.Nested
[172 of 300] Compiling Data.Bifunctor
[173 of 300] Compiling Effect.Exception
[174 of 300] Compiling Data.Profunctor.Choice
[176 of 300] Compiling Effect.Exception.Unsafe
[175 of 300] Compiling Control.Monad.Error.Class
[177 of 300] Compiling Data.Functor.Costar
[178 of 300] Compiling Control.Biapply
[179 of 300] Compiling Control.Monad.Rec.Class
[180 of 300] Compiling Data.Functor.Coproduct
[181 of 300] Compiling Data.Functor.Product
[182 of 300] Compiling Data.Profunctor.Star
[183 of 300] Compiling Data.Decidable
[184 of 300] Compiling Control.Biapplicative
[185 of 300] Compiling Data.Bifunctor.Join
[186 of 300] Compiling Data.Functor.Joker
[187 of 300] Compiling Data.Functor.Product2
[188 of 300] Compiling Data.Functor.Clown
[189 of 300] Compiling Data.Functor.Flip
[191 of 300] Compiling Data.Functor.Product.Nested
[190 of 300] Compiling Data.Functor.Coproduct.Nested
[193 of 300] Compiling Data.FunctorWithIndex
[192 of 300] Compiling Data.Foldable
[194 of 300] Compiling Data.Functor.Coproduct.Inject
[195 of 300] Compiling Control.Monad.ST.Internal
[196 of 300] Compiling Control.Monad.ST.Uncurried
[197 of 300] Compiling Control.Monad.ST
[198 of 300] Compiling Control.Monad.ST.Ref
[199 of 300] Compiling Control.Monad.ST.Global
[200 of 300] Compiling Control.Monad.ST.Class
[201 of 300] Compiling Control.Monad.Writer.Trans
[204 of 300] Compiling Control.Monad.Maybe.Trans
[202 of 300] Compiling Control.Monad.State.Trans
[203 of 300] Compiling Control.Monad.RWS.Trans
[205 of 300] Compiling Control.Monad.Except.Trans
[206 of 300] Compiling Control.Monad.Cont.Trans
[207 of 300] Compiling Control.Monad.Reader.Trans
[208 of 300] Compiling Data.Array.ST
[209 of 300] Compiling Control.Monad.Cont
[210 of 300] Compiling Control.Monad.Reader
[211 of 300] Compiling Control.Monad.Writer
[212 of 300] Compiling Control.Monad.State
[213 of 300] Compiling Control.Monad.Except
[214 of 300] Compiling Control.Parallel.Class
[215 of 300] Compiling Data.Array.ST.Partial
[216 of 300] Compiling Data.Array.ST.Iterator
[217 of 300] Compiling Control.Monad.RWS
[218 of 300] Compiling Data.Bifoldable
[220 of 300] Compiling Data.Traversable
[219 of 300] Compiling Data.Semigroup.Foldable
[221 of 300] Compiling Data.FoldableWithIndex
[222 of 300] Compiling Data.Semigroup.Traversable
[223 of 300] Compiling Data.Bitraversable
[225 of 300] Compiling Control.Monad.Identity.Trans
[224 of 300] Compiling Control.Parallel
[226 of 300] Compiling Effect.Aff
[227 of 300] Compiling Data.Unfoldable1
[228 of 300] Compiling Control.Comonad.Trans.Class
[229 of 300] Compiling Control.Comonad.Traced.Trans
[230 of 300] Compiling Control.Comonad.Store.Trans
[231 of 300] Compiling Data.TraversableWithIndex
[232 of 300] Compiling Data.Unfoldable
[234 of 300] Compiling Control.Monad.Gen
[233 of 300] Compiling Data.Enum
[235 of 300] Compiling Data.Time.Duration.Gen
[236 of 300] Compiling Effect.Aff.Compat
[237 of 300] Compiling Data.Lazy
[238 of 300] Compiling Control.Comonad.Env.Trans
[239 of 300] Compiling Data.NonEmpty
[240 of 300] Compiling Data.Array.NonEmpty.Internal
[241 of 300] Compiling Data.Array
[242 of 300] Compiling Data.Enum.Generic
[243 of 300] Compiling Data.Date.Component
[244 of 300] Compiling Data.Time.Component
[245 of 300] Compiling Data.Char
[246 of 300] Compiling Control.Comonad.Store.Class
[247 of 300] Compiling Control.Monad.List.Trans
[249 of 300] Compiling Data.Enum.Gen
[248 of 300] Compiling Data.Char.Gen
[250 of 300] Compiling Control.Monad.Gen.Common
[251 of 300] Compiling Data.List.Lazy.Types
[252 of 300] Compiling Data.List.Types
[253 of 300] Compiling Control.Comonad.Store
[254 of 300] Compiling Control.Comonad.Env.Class
[255 of 300] Compiling Data.Time.Component.Gen
[256 of 300] Compiling Data.Time
[257 of 300] Compiling Data.String.Gen
[259 of 300] Compiling Data.Date.Component.Gen
[258 of 300] Compiling Data.Date
[260 of 300] Compiling Control.Comonad.Env
[261 of 300] Compiling Control.Comonad.Traced.Class
[262 of 300] Compiling Data.Time.Gen
[263 of 300] Compiling Control.Comonad.Traced
[264 of 300] Compiling Data.Date.Gen
[265 of 300] Compiling Data.DateTime
[267 of 300] Compiling Test.ArrayOps
[268 of 300] Compiling Data.Array.Partial
[266 of 300] Compiling Data.String.CodePoints
[269 of 300] Compiling Data.Array.NonEmpty
[270 of 300] Compiling App
[271 of 300] Compiling Data.DateTime.Instant
[272 of 300] Compiling Data.DateTime.Gen
[273 of 300] Compiling Effect.Aff.Class
[274 of 300] Compiling Data.List.Internal
[275 of 300] Compiling Main
[276 of 300] Compiling Effect.Now
[277 of 300] Compiling Data.String
[280 of 300] Compiling Data.String.CaseInsensitive
[279 of 300] Compiling Data.String.Regex.Flags
[278 of 300] Compiling Data.String.NonEmpty.Internal
[281 of 300] Compiling Data.List
[282 of 300] Compiling Data.List.Lazy
[283 of 300] Compiling Data.String.Regex
[285 of 300] Compiling Data.String.NonEmpty.CodeUnits
[284 of 300] Compiling Data.String.NonEmpty.CodePoints
[286 of 300] Compiling Data.String.Regex.Unsafe
[287 of 300] Compiling Data.String.NonEmpty
[288 of 300] Compiling Data.String.NonEmpty.CaseInsensitive
[290 of 300] Compiling Data.List.ZipList
[289 of 300] Compiling Data.List.Lazy.NonEmpty
[293 of 300] Compiling Data.List.Partial
[292 of 300] Compiling Data.List.NonEmpty
[291 of 300] Compiling Data.Map.Internal
[294 of 300] Compiling Data.Set
[296 of 300] Compiling Data.Map
[295 of 300] Compiling Data.Set.NonEmpty
[297 of 300] Compiling Data.Map.Gen
[298 of 300] Compiling Data.Interval.Duration
[299 of 300] Compiling Data.Interval
[300 of 300] Compiling Data.Interval.Duration.Iso
           Src   Lib   All
Warnings     0     0     0
Errors       0     0     0

✓ Build succeeded.

=== Rust ===
error[E0618]: expected function, found `purust_core::Value`
  --> Purs_Control_Semigroupoid/src/lib.rs:35:428
   |
35 | ...et _f = (/* Typed crate::UnknownType <- crate::UnknownType : App(Accessor(Local(...))) */((dictSemigroupoid).compose.clone())(/* Typed crate::UnknownType <- crate::UnknownType : Local(...) */g, /* Typed crate::UnknownType <- crate::UnknownType : Local(...) */f)).clone(); move |mut _a0: crate::UnknownType, mut _a1: crate::UnknownType| -> crate::UnknownType { _f(_a0, _a1) } ...
   |       --                                                                                                                                                                                                                                                                                                                                                                   ^^----------
   |       |                                                                                                                                                                                                                                                                                                                                                                    |
   |       `_f` has type `purust_core::Value`                                                                                                                                                                                                                                                                                                                                   call expression requires function

For more information about this error, try `rustc --explain E0618`.
error: could not compile `Purs_Control_Semigroupoid` (lib) due to 1 previous error
=== Rust (purust) failed ===

=== Rebuilding sharpurs backend ===
Reading Spago workspace configuration...

✓ Selecting package to build: sharpurs

Downloading dependencies...
Building...
           Src   Lib   All
Warnings     0     0     0
Errors       0     0     0

✓ Build succeeded.

Reading Spago workspace configuration...

✓ Selecting package to build: sharpurs

Downloading dependencies...
Building...
           Src   Lib   All
Warnings     0     0     0
Errors       0     0     0

✓ Build succeeded.

Bundling...

  bin/sharpurs.js  942.8kb

⚡ Done in 34ms

✓ Bundle succeeded.

Building...
Reading Spago workspace configuration...

✓ Selecting package to build: ps-cs-test

Downloading dependencies...
Building...
[  3 of 300] Compiling Type.Proxy
[  2 of 300] Compiling Type.Equality
[  4 of 300] Compiling Spago.Generated.BuildInfo
[  1 of 300] Compiling Unsafe.Coerce
[  5 of 300] Compiling Test.Implicit
[  6 of 300] Compiling Data.Void
[  7 of 300] Compiling Partial
[  8 of 300] Compiling Data.Traversable.Accum
[  9 of 300] Compiling Record.Unsafe
[ 10 of 300] Compiling Data.Int.Bits
[ 11 of 300] Compiling Data.String.Unsafe
[ 12 of 300] Compiling Data.Unit
[ 13 of 300] Compiling Data.NaturalTransformation
[ 14 of 300] Compiling Data.Boolean
[ 15 of 300] Compiling Control.Semigroupoid
[ 16 of 300] Compiling Control.Lazy
[ 17 of 300] Compiling Data.Function.Uncurried
[ 18 of 300] Compiling Data.Exists
[ 19 of 300] Compiling Safe.Coerce
[ 20 of 300] Compiling Partial.Unsafe
[ 21 of 300] Compiling Data.Symbol
[ 22 of 300] Compiling Control.Category
[ 23 of 300] Compiling Data.Semigroup
[ 24 of 300] Compiling Data.Semiring
[ 25 of 300] Compiling Data.HeytingAlgebra
[ 26 of 300] Compiling Data.Show
[ 27 of 300] Compiling Data.Ring
[ 28 of 300] Compiling Data.BooleanAlgebra
[ 29 of 300] Compiling Data.Generic.Rep
[ 30 of 300] Compiling Data.Eq
[ 31 of 300] Compiling Data.CommutativeRing
[ 32 of 300] Compiling Data.Ordering
[ 33 of 300] Compiling Data.EuclideanRing
[ 34 of 300] Compiling Data.Ord
[ 35 of 300] Compiling Data.DivisionRing
[ 36 of 300] Compiling Data.Field
[ 39 of 300] Compiling Data.Reflectable
[ 38 of 300] Compiling Data.Monoid
[ 40 of 300] Compiling Data.Bounded
[ 37 of 300] Compiling Data.Function
[ 41 of 300] Compiling Data.Functor
[ 43 of 300] Compiling Control.Alt
[ 42 of 300] Compiling Control.Apply
[ 44 of 300] Compiling Control.Extend
[ 45 of 300] Compiling Data.Monoid.Generic
[ 46 of 300] Compiling Data.Bounded.Generic
[ 47 of 300] Compiling Control.Plus
[ 48 of 300] Compiling Control.Comonad
[ 49 of 300] Compiling Control.Applicative
[ 50 of 300] Compiling Control.Alternative
[ 51 of 300] Compiling Control.Bind
[ 52 of 300] Compiling Control.Monad
[ 53 of 300] Compiling Control.MonadPlus
[ 54 of 300] Compiling Prelude
[ 55 of 300] Compiling Data.Semigroup.Generic
[ 56 of 300] Compiling Data.Monoid.Multiplicative
[ 57 of 300] Compiling Data.Number.Format
[ 58 of 300] Compiling Data.Show.Generic
[ 59 of 300] Compiling Data.Monoid.Dual
[ 60 of 300] Compiling Control.Monad.Gen.Class
[ 61 of 300] Compiling Data.Monoid.Conj
[ 62 of 300] Compiling Data.Semigroup.First
[ 63 of 300] Compiling Data.Eq.Generic
[ 64 of 300] Compiling Data.Ring.Generic
[ 65 of 300] Compiling Data.Monoid.Disj
[ 66 of 300] Compiling Data.Traversable.Accum.Internal
[ 67 of 300] Compiling Control.Monad.Reader.Class
[ 68 of 300] Compiling Data.Ord.Generic
[ 69 of 300] Compiling Control.Monad.Trans.Class
[ 70 of 300] Compiling Data.Monoid.Additive
[ 71 of 300] Compiling Control.Monad.Cont.Class
[ 72 of 300] Compiling Data.Semiring.Generic
[ 73 of 300] Compiling Data.Monoid.Endo
[ 74 of 300] Compiling Effect
[ 75 of 300] Compiling Data.HeytingAlgebra.Generic
[ 76 of 300] Compiling Data.Semigroup.Last
[ 77 of 300] Compiling Test.Main
[ 78 of 300] Compiling Effect.Unsafe
[ 79 of 300] Compiling Effect.Ref
[ 80 of 300] Compiling Effect.Class
[ 81 of 300] Compiling Effect.Uncurried
[ 82 of 300] Compiling Effect.Console
[ 83 of 300] Compiling Data.Newtype
[ 84 of 300] Compiling Bench
[ 85 of 300] Compiling Effect.Class.Console
[ 86 of 300] Compiling Test.AckermannFFI
[ 87 of 300] Compiling Test.AstTree
[ 88 of 300] Compiling Test.PolymorphismFFICheatcode
[ 89 of 300] Compiling Test.RecordsFFICheatcode
[ 91 of 300] Compiling Test.Records
[ 90 of 300] Compiling Test.ListOps
[ 92 of 300] Compiling Test.TCOFFI
[ 93 of 300] Compiling Test.RBTreeFFI
[ 94 of 300] Compiling Test.FibFFICheatcode
[ 95 of 300] Compiling Test.TCOFFICheatcode
[ 96 of 300] Compiling Test.AckermannFFICheatcode
[ 97 of 300] Compiling Test.StateMonadFFI
[ 98 of 300] Compiling Test.LazyEvaluationFFICheatcode
[100 of 300] Compiling Test.ArrayOpsFFICheatcode
[ 99 of 300] Compiling Test.Polymorphism
[102 of 300] Compiling Test.StateMonad
[101 of 300] Compiling Test.PolymorphismFFI
[103 of 300] Compiling Test.ArrayOpsFFI
[104 of 300] Compiling Test.RowToListFFI
[105 of 300] Compiling Test.Primes
[106 of 300] Compiling Test.PrimesFFICheatcode
[107 of 300] Compiling Test.RowToListFFICheatcode
[108 of 300] Compiling Test.RowToList
[109 of 300] Compiling Test.RBTree
[110 of 300] Compiling Test.AstTreeFFI
[111 of 300] Compiling Test.LazyEvaluation
[112 of 300] Compiling Test.Fib
[114 of 300] Compiling Test.ListOpsFFI
[113 of 300] Compiling Test.Church
[115 of 300] Compiling Test.Ackermann
[116 of 300] Compiling Test.BenchCheck
[117 of 300] Compiling Test.ChurchFFICheatcode
[118 of 300] Compiling Test.RecordsFFI
[119 of 300] Compiling Test.StateMonadFFICheatcode
[121 of 300] Compiling Test.ListOpsFFICheatcode
[120 of 300] Compiling Test.TCO
[122 of 300] Compiling Test.FibFFI
[124 of 300] Compiling Test.ChurchFFI
[125 of 300] Compiling Test.LazyEvaluationFFI
[126 of 300] Compiling Test.AstTreeFFICheatcode
[123 of 300] Compiling Test.PrimesFFI
[127 of 300] Compiling Test.RBTreeFFICheatcode
[128 of 300] Compiling Data.String.Pattern
[129 of 300] Compiling Data.Functor.App
[130 of 300] Compiling Data.Time.Duration
[131 of 300] Compiling Data.Ord.Min
[134 of 300] Compiling Data.Ord.Max
[132 of 300] Compiling Data.Ord.Down
[133 of 300] Compiling Data.Profunctor
[135 of 300] Compiling Data.Monoid.Alternate
[136 of 300] Compiling AppFFICheatcode
[137 of 300] Compiling AppFFI
[138 of 300] Compiling Data.String.Common
[139 of 300] Compiling Data.Profunctor.Closed
[140 of 300] Compiling Data.Functor.Invariant
[141 of 300] Compiling Data.Functor.Compose
[142 of 300] Compiling Data.Identity
[143 of 300] Compiling Data.Const
[144 of 300] Compiling Data.Profunctor.Split
[145 of 300] Compiling Data.Profunctor.Join
[146 of 300] Compiling Data.Tuple
[147 of 300] Compiling Data.Maybe
[148 of 300] Compiling Data.Functor.Contravariant
[149 of 300] Compiling Data.Predicate
[150 of 300] Compiling Data.Comparison
[152 of 300] Compiling Data.Maybe.First
[151 of 300] Compiling Data.String.CodeUnits
[153 of 300] Compiling Data.Maybe.Last
[154 of 300] Compiling Data.Number
[155 of 300] Compiling Data.Either
[156 of 300] Compiling Data.Op
[157 of 300] Compiling Data.Equivalence
[158 of 300] Compiling Data.Number.Approximate
[159 of 300] Compiling Data.Int
[160 of 300] Compiling Control.Monad.State.Class
[161 of 300] Compiling Data.Profunctor.Strong
[162 of 300] Compiling Data.Profunctor.Costrong
[163 of 300] Compiling Data.Tuple.Nested
[164 of 300] Compiling Data.Distributive
[165 of 300] Compiling Control.Monad.Writer.Class
[166 of 300] Compiling Data.Divide
[167 of 300] Compiling Data.Divisible
[168 of 300] Compiling Data.Bifunctor
[169 of 300] Compiling Data.Either.Inject
[170 of 300] Compiling Data.Profunctor.Choice
[172 of 300] Compiling Data.Profunctor.Cochoice
[173 of 300] Compiling Data.Decide
[174 of 300] Compiling Effect.Exception
[171 of 300] Compiling Data.Either.Nested
[175 of 300] Compiling Control.Monad.Rec.Class
[176 of 300] Compiling Control.Biapply
[177 of 300] Compiling Data.Functor.Coproduct
[178 of 300] Compiling Data.Functor.Product
[179 of 300] Compiling Data.Functor.Costar
[180 of 300] Compiling Data.Profunctor.Star
[181 of 300] Compiling Control.Monad.Error.Class
[182 of 300] Compiling Effect.Exception.Unsafe
[183 of 300] Compiling Data.Decidable
[184 of 300] Compiling Control.Biapplicative
[185 of 300] Compiling Data.Bifunctor.Join
[186 of 300] Compiling Data.Functor.Clown
[187 of 300] Compiling Data.Functor.Flip
[188 of 300] Compiling Data.Functor.Joker
[190 of 300] Compiling Data.Functor.Product.Nested
[189 of 300] Compiling Data.Functor.Coproduct.Nested
[191 of 300] Compiling Control.Monad.ST.Internal
[192 of 300] Compiling Data.Functor.Coproduct.Inject
[193 of 300] Compiling Data.FunctorWithIndex
[194 of 300] Compiling Data.Foldable
[195 of 300] Compiling Data.Functor.Product2
[196 of 300] Compiling Control.Monad.ST
[197 of 300] Compiling Control.Monad.ST.Ref
[198 of 300] Compiling Control.Monad.ST.Uncurried
[199 of 300] Compiling Control.Monad.ST.Global
[200 of 300] Compiling Control.Monad.ST.Class
[201 of 300] Compiling Control.Monad.Maybe.Trans
[202 of 300] Compiling Control.Monad.Except.Trans
[203 of 300] Compiling Control.Monad.Cont.Trans
[204 of 300] Compiling Control.Monad.Writer.Trans
[205 of 300] Compiling Control.Monad.RWS.Trans
[206 of 300] Compiling Control.Monad.Reader.Trans
[207 of 300] Compiling Control.Monad.State.Trans
[208 of 300] Compiling Data.Array.ST
[209 of 300] Compiling Control.Monad.Cont
[210 of 300] Compiling Data.Array.ST.Iterator
[211 of 300] Compiling Data.Array.ST.Partial
[212 of 300] Compiling Control.Monad.Reader
[213 of 300] Compiling Control.Monad.Except
[214 of 300] Compiling Control.Parallel.Class
[215 of 300] Compiling Control.Monad.Writer
[216 of 300] Compiling Control.Monad.RWS
[217 of 300] Compiling Control.Monad.State
[218 of 300] Compiling Data.Bifoldable
[219 of 300] Compiling Data.Semigroup.Foldable
[220 of 300] Compiling Data.Traversable
[221 of 300] Compiling Data.FoldableWithIndex
[222 of 300] Compiling Data.Bitraversable
[223 of 300] Compiling Data.Semigroup.Traversable
[224 of 300] Compiling Control.Monad.Identity.Trans
[225 of 300] Compiling Control.Parallel
[226 of 300] Compiling Effect.Aff
[227 of 300] Compiling Data.Unfoldable1
[228 of 300] Compiling Data.TraversableWithIndex
[229 of 300] Compiling Control.Comonad.Trans.Class
[230 of 300] Compiling Control.Comonad.Store.Trans
[231 of 300] Compiling Control.Comonad.Traced.Trans
[232 of 300] Compiling Data.Unfoldable
[233 of 300] Compiling Data.Enum
[234 of 300] Compiling Control.Monad.Gen
[235 of 300] Compiling Data.Time.Duration.Gen
[236 of 300] Compiling Data.Lazy
[238 of 300] Compiling Data.Array.NonEmpty.Internal
[237 of 300] Compiling Data.NonEmpty
[239 of 300] Compiling Control.Comonad.Env.Trans
[240 of 300] Compiling Effect.Aff.Compat
[241 of 300] Compiling Data.Array
[242 of 300] Compiling Data.Time.Component
[244 of 300] Compiling Data.Date.Component
[243 of 300] Compiling Data.Enum.Generic
[245 of 300] Compiling Data.Char
[246 of 300] Compiling Control.Comonad.Store.Class
[247 of 300] Compiling Control.Monad.List.Trans
[248 of 300] Compiling Data.List.Lazy.Types
[250 of 300] Compiling Data.Enum.Gen
[249 of 300] Compiling Control.Monad.Gen.Common
[252 of 300] Compiling Data.Char.Gen
[251 of 300] Compiling Data.List.Types
[253 of 300] Compiling Control.Comonad.Store
[254 of 300] Compiling Data.Time
[255 of 300] Compiling Control.Comonad.Env.Class
[256 of 300] Compiling Data.Time.Component.Gen
[257 of 300] Compiling Data.String.Gen
[258 of 300] Compiling Data.Date
[259 of 300] Compiling Data.Date.Component.Gen
[260 of 300] Compiling Control.Comonad.Env
[261 of 300] Compiling Control.Comonad.Traced.Class
[262 of 300] Compiling Data.Time.Gen
[263 of 300] Compiling Control.Comonad.Traced
[265 of 300] Compiling Data.Date.Gen
[264 of 300] Compiling Data.DateTime
[266 of 300] Compiling Data.String.CodePoints
[268 of 300] Compiling Data.Array.Partial
[269 of 300] Compiling Test.ArrayOps
[267 of 300] Compiling Data.Array.NonEmpty
[270 of 300] Compiling App
[271 of 300] Compiling Data.DateTime.Gen
[272 of 300] Compiling Data.DateTime.Instant
[273 of 300] Compiling Effect.Aff.Class
[274 of 300] Compiling Data.List.Internal
[275 of 300] Compiling Main
[276 of 300] Compiling Effect.Now
[277 of 300] Compiling Data.String
[278 of 300] Compiling Data.String.Regex.Flags
[280 of 300] Compiling Data.String.CaseInsensitive
[279 of 300] Compiling Data.String.NonEmpty.Internal
[282 of 300] Compiling Data.List.Lazy
[281 of 300] Compiling Data.List
[283 of 300] Compiling Data.String.NonEmpty.CodePoints
[284 of 300] Compiling Data.String.Regex
[285 of 300] Compiling Data.String.NonEmpty.CodeUnits
[286 of 300] Compiling Data.String.Regex.Unsafe
[287 of 300] Compiling Data.String.NonEmpty
[288 of 300] Compiling Data.String.NonEmpty.CaseInsensitive
[291 of 300] Compiling Data.List.Partial
[289 of 300] Compiling Data.List.NonEmpty
[290 of 300] Compiling Data.Map.Internal
[293 of 300] Compiling Data.List.ZipList
[292 of 300] Compiling Data.List.Lazy.NonEmpty
[294 of 300] Compiling Data.Set
[296 of 300] Compiling Data.Map
[295 of 300] Compiling Data.Set.NonEmpty
[297 of 300] Compiling Data.Map.Gen
[298 of 300] Compiling Data.Interval.Duration
[299 of 300] Compiling Data.Interval
[300 of 300] Compiling Data.Interval.Duration.Iso
           Src   Lib   All
Warnings     0     0     0
Errors       0     0     0

✓ Build succeeded.

Compiling with backend "../sharpurs/sharpurs/bin/sharpurs"

✓ Backend build succeeded.

=== F#/C# ===
Global warm-up in progress (this may take a moment)...

Global warm-up complete. Starting benchmarks...

--------------------------------------------------

(Test)

AST Evaluation:

(Output & Warm-up)

7

(Execution time - best of 10)

100.83 μs

--------------------------------------------------

(Test)

Fibonacci:

(Output & Warm-up)

55

(Execution time - best of 10)

87.92 μs

--------------------------------------------------

(Test)

List Processing (900 elements):

(Output & Warm-up)

202950

(Execution time - best of 10)

2136.71 μs

--------------------------------------------------

(Test)

Tail Call Optimization (100k calls):

(Output & Warm-up)

100000

(Execution time - best of 10)

93477.54 μs

--------------------------------------------------

(Test)

Deep Record Updates (10k iterations):

(Output & Warm-up)

20000

(Execution time - best of 10)

21214.21 μs

--------------------------------------------------

(Test)

Ackermann (3, 4):

(Output & Warm-up)

125

(Execution time - best of 10)

4895.00 μs

--------------------------------------------------

(Test)

Church Numerals (100k Closure Applications):

(Output & Warm-up)

100000

(Execution time - best of 10)

72712.75 μs

--------------------------------------------------

(Test)

Prime Sieve (sum primes up to 500):

(Output & Warm-up)

21536

(Execution time - best of 10)

10776.21 μs

--------------------------------------------------

(Test)

Red-Black Tree (100k Worst-Case Insertions):

(Output & Warm-up)

22

(Execution time - best of 10)

2578350.88 μs

--------------------------------------------------

(Test)

Polymorphism (10M Type Class Dict Lookups):

(Output & Warm-up)

10000000

(Execution time - best of 10)

10062892.92 μs

--------------------------------------------------

(Test)

State Monad (1.2k Binds, 60 Stack Depth):

(Output & Warm-up)

1200

(Execution time - best of 10)

3006.21 μs

--------------------------------------------------

(Test)

Lazy Evaluation (1M Thunks Forced, 1k Depth):

(Output & Warm-up)

1000000

(Execution time - best of 10)

1272708.08 μs

--------------------------------------------------

(Test)

Array Processing (900 elements):

(Output & Warm-up)

202950

(Execution time - best of 10)

805.88 μs

--------------------------------------------------

(Test)

RowToList (Keys Count):

(Output & Warm-up)

5

(Execution time - best of 10)

7.25 μs


==================================================

Total exec time: 14123.17 ms

